miss_pattern,count,ratio
H→D,42,0.22580645161290322
H→A,37,0.1989247311827957
A→D,35,0.1881720430107527
A→H,31,0.16666666666666666
D→H,23,0.12365591397849462
D→A,18,0.0967741935483871
