max_prob_band,matches,hit_argmax,hit_rate_argmax,avg_prob_home_win,avg_prob_draw,avg_prob_away_win
<0.45,231,93,0.4025974025974026,0.345533891373297,0.32877043344162893,0.3256956751850741
0.45以上0.50未満,57,32,0.5614035087719298,0.3845224737600567,0.26175214111841594,0.35372538512152746
0.50以上,92,69,0.75,0.3955460798418292,0.20199755685151288,0.4024563633066579
