miss_pattern,count,ratio
D→H,37,0.3425925925925926
A→H,26,0.24074074074074073
D→A,23,0.21296296296296297
A→D,22,0.2037037037037037
