max_prob_band,matches,hit_argmax,hit_rate_argmax,avg_prob_home_win,avg_prob_draw,avg_prob_away_win
<0.45,144,45,0.3125,0.2956005900806258,0.3586199340342813,0.34577947588509295
0.45以上0.50未満,8,3,0.375,0.24700088065074788,0.2866031355932866,0.46639598375596547
0.50以上,7,3,0.42857142857142855,0.20743204520851505,0.23005348505413864,0.5625144697373463
