miss_pattern,count,ratio
H→A,20,0.45454545454545453
A→H,11,0.25
A→D,6,0.13636363636363635
D→H,4,0.09090909090909091
H→D,2,0.045454545454545456
D→A,1,0.022727272727272728
