league,match_type,matches,hits,hit_rate,pred_H,pred_D,pred_A,act_H,act_D,act_A,elo_diff_mean,xg_diff_mean,rank_gap_mean
J1,away_strong,45,19,0.4222222222222222,0,7,38,9,16,20,-46.20995555555555,-5.346666666666667,3.422222222222222
J1,home_strong,45,16,0.35555555555555557,1,28,16,26,11,8,46.21708444444444,5.16,-4.155555555555556
J1,neutral,40,15,0.375,0,35,5,16,12,12,0.8921199999999999,0.9550000000000001,0.225
J1,signal_conflict,25,4,0.16,0,19,6,13,5,7,-7.355780000000001,0.003999999999999844,-0.36
J1,close_match,4,3,0.75,0,4,0,0,3,1,4.080525000000001,0.3999999999999999,-0.25
