league,match_type,matches,hits,hit_rate,pred_H,pred_D,pred_A,act_H,act_D,act_A,elo_diff_mean,xg_diff_mean,rank_gap_mean
J2,home_strong,23,8,0.34782608695652173,16,4,3,12,4,7,35.37479130434782,6.069565217391303,-3.3043478260869565
J2,away_strong,21,10,0.47619047619047616,5,3,13,6,3,12,-21.592733333333335,-6.3619047619047615,3.380952380952381
J2,neutral,18,7,0.3888888888888889,8,3,7,7,4,7,2.4713777777777772,1.1222222222222222,-0.5
J2,signal_conflict,10,4,0.4,5,2,3,2,1,7,18.80022,-1.9200000000000004,0.4
J2,close_match,2,0,0.0,0,0,2,1,1,0,-13.77135,0.0,0.0
