league,match_type,matches,hits,hit_rate,pred_H,pred_D,pred_A,act_H,act_D,act_A,elo_diff_mean,xg_diff_mean,rank_gap_mean
J2,away_strong,124,64,0.5161290322580645,0,25,99,29,29,66,-37.2962620967742,-9.99274193548387,9.0
J2,home_strong,123,64,0.5203252032520326,102,15,6,70,35,18,42.65332195121951,10.056097560975608,-8.788617886178862
J2,neutral,83,23,0.27710843373493976,40,22,21,25,26,32,4.333563855421687,0.31445783132530114,-0.18072289156626506
J2,signal_conflict,50,17,0.34,0,18,32,19,18,13,2.783368,-0.4779999999999997,-0.4
