節,match_id,datetime,stadium,home_team,away_team,home_score,away_score,home_fatigue_score,away_fatigue_score,home_rest_fatigue,away_rest_fatigue,home_recent_load_carry,away_recent_load_carry,home_travel_fatigue,away_travel_fatigue,home_away_condition_penalty,away_away_condition_penalty,away_travel_distance_km,travel_lookup_status,fatigue_measurement_version,external_schedule_coverage,travel_distance_basis,home_last_match_at,away_last_match_at,home_rest_hours,away_rest_hours,home_matches_last7d,away_matches_last7d,home_matches_last14d,away_matches_last14d,home_external_matches_last14d,away_external_matches_last14d,home_external_load_unknown,away_external_load_unknown,home_external_events_json,away_external_events_json,home_acl_fatigue,away_acl_fatigue,home_acl_last_date,away_acl_last_date,home_acl_days_since,away_acl_days_since,home_acl_travel_type,away_acl_travel_type,home_total_fatigue_score,away_total_fatigue_score,datetime_weather,stadium_weather,is_rain,is_heavy_rain,is_strong_wind,temperature,wind_speed,wind_speed_unit,last_updated_at,weather_fetch_ok,weather_quality_status,weather_data_kind,weather_window_hours,precip_kickoff,precip_max_match,precip_sum_match,wind_max_match,adverse_weather_during_match,__weather_asof,__weather_source,weather_missing,weather_age_hours,weather_freshness_status,weather_adjustment_status,stats_1試合平均シュート数_home,stats_1試合平均枠内シュート数_home,stats_シュート決定率_home,stats_1試合平均得点数_home,stats_1試合平均パス数_home,stats_パス成功率_home,stats_1試合平均ドリブル数_home,stats_ドリブル成功率_home,stats_1試合平均スルーパス数_home,stats_スルーパス成功率_home,stats_1試合平均クロス数_home,stats_1試合平均空中戦勝利数_home,stats_空中戦勝率_home,stats_平均ボール支配率_home,stats_1試合平均チャンスクリエイト数_home,stats_1試合平均1vs1勝利数_home,stats_1試合平均こぼれ球奪取数_home,stats_ゴール期待値_home,stats_1試合平均走行距離_home,stats_1試合平均スプリント回数_home,stats_1試合平均Atスプリント回数_home,stats_1試合平均Mtスプリント回数_home,stats_1試合平均Dtスプリント回数_home,stats_1試合平均ポゼッション時の走行距離_home,stats_1試合平均ポゼッション時のスプリント回数_home,stats_1試合平均被シュート数_home,stats_1試合平均被枠内シュート数_home,stats_1試合平均失点数_home,stats_1試合平均クリア数_home,stats_1試合平均タックル数_home,stats_タックル成功率_home,stats_1試合平均ブロック数_home,stats_1試合平均インターセプト数_home,stats_被ゴール期待値_home,stats_1試合平均被ゴール期待値_home,stats_被ゴール期待値 ※PKを除く_home,stats_クリーンシート総数_home,stats_stats_missing_ratio_home,stats_1試合平均シュート数_away,stats_1試合平均枠内シュート数_away,stats_シュート決定率_away,stats_1試合平均得点数_away,stats_1試合平均パス数_away,stats_パス成功率_away,stats_1試合平均ドリブル数_away,stats_ドリブル成功率_away,stats_1試合平均スルーパス数_away,stats_スルーパス成功率_away,stats_1試合平均クロス数_away,stats_1試合平均空中戦勝利数_away,stats_空中戦勝率_away,stats_平均ボール支配率_away,stats_1試合平均チャンスクリエイト数_away,stats_1試合平均1vs1勝利数_away,stats_1試合平均こぼれ球奪取数_away,stats_ゴール期待値_away,stats_1試合平均走行距離_away,stats_1試合平均スプリント回数_away,stats_1試合平均Atスプリント回数_away,stats_1試合平均Mtスプリント回数_away,stats_1試合平均Dtスプリント回数_away,stats_1試合平均ポゼッション時の走行距離_away,stats_1試合平均ポゼッション時のスプリント回数_away,stats_1試合平均被シュート数_away,stats_1試合平均被枠内シュート数_away,stats_1試合平均失点数_away,stats_1試合平均クリア数_away,stats_1試合平均タックル数_away,stats_タックル成功率_away,stats_1試合平均ブロック数_away,stats_1試合平均インターセプト数_away,stats_被ゴール期待値_away,stats_1試合平均被ゴール期待値_away,stats_被ゴール期待値 ※PKを除く_away,stats_クリーンシート総数_away,stats_stats_missing_ratio_away,management_manager_name_home,management_recent_injuries_suspensions_count_home,management_weather_influence_score_home,management_motivation_score_home,management_manager_name_away,management_recent_injuries_suspensions_count_away,management_weather_influence_score_away,management_motivation_score_away,rankmot_rank_latest_home,rankmot_points_latest_home,rankmot_rank_change_3w_home,rankmot_points_change_3w_home,rankmot_motivation_score_3w_home,rankmot_rank_change_5w_home,rankmot_points_change_5w_home,rankmot_motivation_score_5w_home,rankmot_season_home,rankmot_fetched_date_home,rankmot_rank_latest_away,rankmot_points_latest_away,rankmot_rank_change_3w_away,rankmot_points_change_3w_away,rankmot_motivation_score_3w_away,rankmot_rank_change_5w_away,rankmot_points_change_5w_away,rankmot_motivation_score_5w_away,rankmot_season_away,rankmot_fetched_date_away,_round_no,_match_date,_season,_merge_home_team,_merge_away_team,absence_impact_total_home,absence_impact_attack_home,absence_impact_defense_home,absence_players_count_home,season,_merge_team_name,round_no,match_date,absence_impact_total_away,absence_impact_attack_away,absence_impact_defense_away,absence_players_count_away,_merge_absence_future_away
第８節第２日,j1_2026_09201700_町田_柏,2026-09-20 17:00:00,Ｇスタ,町田,柏,,,2.08,6.75,0.3958,0.0,1.6797,2.4557,0.0,0.2965,0.0,4.0,59.3,hit,conditions_v2,partial,home_base_to_opponent_base_proxy,2026-09-17 12:00:00,2026-09-16 12:00:00,77.0,101.0,1,1,3,3,1,1,False,False,"[{""datetime"": ""2026-09-17T12:00:00"", ""competition"": ""acl_event"", ""minutes_played"": null, ""core_usage"": null, ""source"": ""nan"", ""event_load"": 0.0, ""participation_status"": ""scheduled"", ""minutes_status"": ""unknown"", ""rotation_status"": ""unknown"", ""extra_time_minutes"": null, ""extra_time_status"": ""unknown""}]","[{""datetime"": ""2026-09-16T12:00:00"", ""competition"": ""acl_event"", ""minutes_played"": null, ""core_usage"": null, ""source"": ""nan"", ""event_load"": 0.0, ""participation_status"": ""scheduled"", ""minutes_status"": ""unknown"", ""rotation_status"": ""unknown"", ""extra_time_minutes"": null, ""extra_time_status"": ""unknown""}]",3.625,6.96,2026-09-17,2026-09-16,3,4,none,medium,5.705,13.71,2026-09-20 17:00:00,Ｇスタ,True,False,False,22.2,6.5,km/h,2026-09-19T04:33:41.335698+00:00,1.0,complete,forecast,3.0,3.0,3.0,6.6,7.3,False,20260919,weather_features_j1_2026_asof_20260919.csv,False,0.0008069980555555556,fresh,available_flags,13.1,4.8,20.7,2.7,462.4,79.3,11.1,51.3,10.0,55.7,18.0,16.7,59.4,50.7,9.7,17.1,34.0,11.8,115.0,108.0,37.0,36.0,33.0,30.0,52.0,11.6,2.6,0.9,21.3,15.7,72.7,17.1,1.1,7.4,1.0,7.4,1.0,0.0,14.1,5.3,13.1,1.9,628.4,85.1,14.8,39.4,18.9,54.5,16.4,9.6,47.2,58.2,16.9,16.7,31.3,10.8,118.0,108.0,50.0,30.0,27.0,40.0,62.0,11.1,3.6,1.4,18.4,16.0,67.9,16.1,1.1,8.3,1.1,6.7,1.0,0.0,,0,0,0,,0,0,0,1,17,0,1,0.1,2,7,2.7,2026,20260919,3,15,0,0,0.0,-2,3,-1.7,2026,20260919,8,2026-09-20,2026,町田,柏,,,,,,,,,,,,,left_only
第９節第２日,j1_2026_10101500_FC東京_浦和,2026-10-10 15:00:00,味スタ,FC東京,浦和,,,0.0,4.13,0.0,0.0,0.0,0.0,0.0,0.1265,0.0,4.0,25.3,hit,conditions_v2,partial,home_base_to_opponent_base_proxy,2026-09-19 19:00:00,2026-09-19 18:30:00,500.0,500.5,0,0,0,0,0,0,False,False,[],[],0.0,0.0,,,,,,,0.0,4.13,,,False,False,False,22.2,6.5,,,,,,,,,,,,,,True,,acquisition_unknown,unknown_no_adjustment,15.7,5.3,11.8,1.9,487.0,80.1,11.6,56.8,19.0,45.9,14.7,13.0,46.4,53.2,13.8,19.0,36.7,12.8,113.0,138.0,70.0,44.0,23.0,33.0,81.0,9.4,2.9,1.1,28.3,18.9,65.9,15.4,2.3,7.5,1.0,7.5,4.0,0.0,14.4,4.3,12.9,1.9,428.6,76.1,12.1,51.8,11.7,54.9,12.4,19.9,51.1,52.3,11.7,16.6,36.0,10.0,114.0,124.0,46.0,41.0,35.0,30.0,58.0,14.1,6.1,2.4,26.3,15.0,68.6,19.0,1.4,10.5,1.5,10.5,1.0,0.0,,0,0,0,,0,0,0,5,14,1,3,1.3,0,7,0.7000000000000001,2026,20260919,12,9,0,0,0.0,5,6,5.6,2026,20260919,9,2026-10-10,2026,FC東京,浦和,0.033684,0.0,0.042105,3.0,,,,,,,,,left_only
第９節第２日,j1_2026_10101900_京都_町田,2026-10-10 19:00:00,サンガＳ,京都,町田,,,0.0,5.71,0.0,0.0,0.0,0.0,0.0,1.7065,0.0,4.0,341.3,hit,conditions_v2,partial,home_base_to_opponent_base_proxy,2026-09-19 19:00:00,2026-09-20 17:00:00,504.0,482.0,0,0,0,0,0,0,False,False,[],[],0.0,0.0,,,,,,,0.0,5.71,,,False,False,False,22.2,6.5,,,,,,,,,,,,,,True,,acquisition_unknown,unknown_no_adjustment,11.6,4.0,11.1,1.3,395.7,73.7,6.4,66.7,11.8,48.2,13.0,13.7,50.8,45.5,9.4,17.3,33.1,7.6,115.0,125.0,45.0,36.0,43.0,28.0,54.0,17.9,5.7,2.0,28.7,19.1,67.9,22.4,2.4,13.5,1.9,12.7,,0.027,13.1,4.8,20.7,2.7,462.4,79.3,11.1,51.3,10.0,55.7,18.0,16.7,59.4,50.7,9.7,17.1,34.0,11.8,115.0,108.0,37.0,36.0,33.0,30.0,52.0,11.6,2.6,0.9,21.3,15.7,72.7,17.1,1.1,7.4,1.0,7.4,1.0,0.0,,0,0,0,,0,0,0,17,5,-2,0,-2.0,-3,1,-2.9,2026,20260919,1,17,0,1,0.1,2,7,2.7,2026,20260919,9,2026-10-10,2026,京都,町田,0.05,0.0,0.0625,1.0,,,,,,,,,left_only
第１０節第１日,j1_2026_10171600_水戸_浦和,2026-10-17 16:00:00,水戸信ス,水戸,浦和,,,0.0,5.84,0.0,0.0,0.0,1.4443,0.0,0.397,0.0,4.0,79.4,hit,conditions_v2,partial,home_base_to_opponent_base_proxy,2026-10-11 15:00:00,2026-10-10 15:00:00,145.0,169.0,1,0,1,1,0,0,False,False,[],[],0.0,0.0,,,,,,,0.0,5.84,,,False,False,False,22.2,6.5,,,,,,,,,,,,,,True,,acquisition_unknown,unknown_no_adjustment,12.0,3.9,13.1,1.6,424.0,79.1,7.6,60.4,7.6,47.2,10.3,14.0,49.7,44.7,9.0,13.8,31.7,9.8,118.0,100.0,37.0,29.0,34.0,29.0,46.0,15.4,5.6,1.3,31.3,13.6,68.4,22.0,1.6,11.7,1.6,11.7,,0.027,14.4,4.3,12.9,1.9,428.6,76.1,12.1,51.8,11.7,54.9,12.4,19.9,51.1,52.3,11.7,16.6,36.0,10.0,114.0,124.0,46.0,41.0,35.0,30.0,58.0,14.1,6.1,2.4,26.3,15.0,68.6,19.0,1.4,10.5,1.5,10.5,1.0,0.0,,0,0,0,,0,0,0,11,9,0,0,0.0,0,4,0.4,2026,20260919,12,9,0,0,0.0,5,6,5.6,2026,20260919,10,2026-10-17,2026,水戸,浦和,0.0,0.0,0.0,1.0,,,,,,,,,left_only
第１１節第１日,j1_2026_10211900_FC東京_柏,2026-10-21 19:00:00,味スタ,FC東京,柏,,,1.4,4.35,0.0,0.0,1.4,0.124,0.0,0.2285,0.0,4.0,45.7,hit,conditions_v2,partial,home_base_to_opponent_base_proxy,2026-10-17 14:00:00,2026-10-17 19:00:00,101.0,96.0,1,1,2,3,0,1,False,False,[],"[{""datetime"": ""2026-10-14T12:00:00"", ""competition"": ""acl_event"", ""minutes_played"": null, ""core_usage"": null, ""source"": ""nan"", ""event_load"": 0.0, ""participation_status"": ""scheduled"", ""minutes_status"": ""unknown"", ""rotation_status"": ""unknown"", ""extra_time_minutes"": null, ""extra_time_status"": ""unknown""}]",0.0,2.465,,2026-10-14,,7,,none,1.4,6.8149999999999995,,,False,False,False,22.2,6.5,,,,,,,,,,,,,,True,,acquisition_unknown,unknown_no_adjustment,15.7,5.3,11.8,1.9,487.0,80.1,11.6,56.8,19.0,45.9,14.7,13.0,46.4,53.2,13.8,19.0,36.7,12.8,113.0,138.0,70.0,44.0,23.0,33.0,81.0,9.4,2.9,1.1,28.3,18.9,65.9,15.4,2.3,7.5,1.0,7.5,4.0,0.0,14.1,5.3,13.1,1.9,628.4,85.1,14.8,39.4,18.9,54.5,16.4,9.6,47.2,58.2,16.9,16.7,31.3,10.8,118.0,108.0,50.0,30.0,27.0,40.0,62.0,11.1,3.6,1.4,18.4,16.0,67.9,16.1,1.1,8.3,1.1,6.7,1.0,0.0,,0,0,0,,0,0,0,5,14,1,3,1.3,0,7,0.7000000000000001,2026,20260919,3,15,0,0,0.0,-2,3,-1.7,2026,20260919,11,2026-10-21,2026,FC東京,柏,0.033684,0.0,0.042105,2.0,,,,,,,,,left_only
第１１節第１日,j1_2026_10211900_清水_町田,2026-10-21 19:00:00,アイスタ,清水,町田,,,1.66,6.13,0.0,0.4375,1.6623,1.1159,0.0,0.574,0.0,4.0,114.8,hit,conditions_v2,partial,home_base_to_opponent_base_proxy,2026-10-17 13:00:00,2026-10-18 16:00:00,102.0,75.0,1,2,2,3,0,1,False,False,[],"[{""datetime"": ""2026-10-15T12:00:00"", ""competition"": ""acl_event"", ""minutes_played"": null, ""core_usage"": null, ""source"": ""nan"", ""event_load"": 0.0, ""participation_status"": ""scheduled"", ""minutes_status"": ""unknown"", ""rotation_status"": ""unknown"", ""extra_time_minutes"": null, ""extra_time_status"": ""unknown""}]",0.0,10.353,,2026-10-15,,6,,long_haul,1.66,16.483,,,False,False,False,22.2,6.5,,,,,,,,,,,,,,True,,acquisition_unknown,unknown_no_adjustment,10.4,3.1,5.5,0.6,351.9,72.9,11.8,60.2,10.1,47.9,15.7,20.7,55.1,43.0,8.7,16.1,31.9,10.1,108.0,115.0,43.0,31.0,39.0,24.0,45.0,14.4,4.7,1.0,25.9,14.3,63.0,19.6,0.7,10.0,1.4,10.0,2.0,0.0,13.1,4.8,20.7,2.7,462.4,79.3,11.1,51.3,10.0,55.7,18.0,16.7,59.4,50.7,9.7,17.1,34.0,11.8,115.0,108.0,37.0,36.0,33.0,30.0,52.0,11.6,2.6,0.9,21.3,15.7,72.7,17.1,1.1,7.4,1.0,7.4,1.0,0.0,,0,0,0,,0,0,0,13,7,4,3,4.3,3,4,3.4,2026,20260919,1,17,0,1,0.1,2,7,2.7,2026,20260919,11,2026-10-21,2026,清水,町田,0.0,0.0,0.0,1.0,,,,,,,,,left_only
第１１節第１日,j1_2026_10211900_岡山_水戸,2026-10-21 19:00:00,ＪＦＥス,岡山,水戸,,,2.25,7.08,0.3941,0.0,1.8553,0.0,0.0,3.0805,0.0,4.0,616.1,hit,conditions_v2,partial,home_base_to_opponent_base_proxy,2026-10-18 13:55:00,2026-10-17 16:00:00,77.08333333333333,99.0,1,1,2,2,0,0,False,False,[],[],0.0,0.0,,,,,,,2.25,7.08,,,False,False,False,22.2,6.5,,,,,,,,,,,,,,True,,acquisition_unknown,unknown_no_adjustment,15.6,3.6,9.2,1.4,375.7,71.9,10.1,54.9,13.8,45.4,19.6,17.6,49.0,44.4,13.3,16.0,34.4,9.7,114.0,123.0,49.0,41.0,32.0,25.0,58.0,8.6,2.4,1.1,25.4,15.7,66.4,18.1,2.6,6.8,0.9,6.0,2.0,0.0,12.0,3.9,13.1,1.6,424.0,79.1,7.6,60.4,7.6,47.2,10.3,14.0,49.7,44.7,9.0,13.8,31.7,9.8,118.0,100.0,37.0,29.0,34.0,29.0,46.0,15.4,5.6,1.3,31.3,13.6,68.4,22.0,1.6,11.7,1.6,11.7,,0.027,,0,0,0,,0,0,0,6,13,2,3,2.3,7,9,7.9,2026,20260919,11,9,0,0,0.0,0,4,0.4,2026,20260919,11,2026-10-21,2026,岡山,水戸,0.0,0.0,0.0,1.0,,,,,,,,,left_only
第１２節第１日,j1_2026_10241500_鹿島_柏,2026-10-24 15:00:00,メルスタ,鹿島,柏,,,2.78,6.49,0.5833,0.5833,2.1992,1.5942,0.0,0.3105,0.0,4.0,62.1,hit,conditions_v2,partial,home_base_to_opponent_base_proxy,2026-10-21 19:00:00,2026-10-21 19:00:00,68.0,68.0,2,2,3,3,1,1,False,False,"[{""datetime"": ""2026-10-13T12:00:00"", ""competition"": ""acl_event"", ""minutes_played"": null, ""core_usage"": null, ""source"": ""nan"", ""event_load"": 0.0, ""participation_status"": ""scheduled"", ""minutes_status"": ""unknown"", ""rotation_status"": ""unknown"", ""extra_time_minutes"": null, ""extra_time_status"": ""unknown""}]","[{""datetime"": ""2026-10-14T12:00:00"", ""competition"": ""acl_event"", ""minutes_played"": null, ""core_usage"": null, ""source"": ""nan"", ""event_load"": 0.0, ""participation_status"": ""scheduled"", ""minutes_status"": ""unknown"", ""rotation_status"": ""unknown"", ""extra_time_minutes"": null, ""extra_time_status"": ""unknown""}]",7.395,2.465,2026-10-13,2026-10-14,11,10,long,none,10.174999999999999,8.955,,,False,False,False,22.2,6.5,,,,,,,,,,,,,,True,,acquisition_unknown,unknown_no_adjustment,16.3,4.7,12.3,2.0,593.0,81.0,10.6,48.6,16.4,53.9,18.0,18.4,51.8,56.4,16.1,14.6,37.3,13.1,113.0,123.0,55.0,36.0,31.0,34.0,68.0,10.4,3.6,1.9,24.0,14.4,65.3,16.0,1.4,7.8,1.1,6.1,1.0,0.0,14.1,5.3,13.1,1.9,628.4,85.1,14.8,39.4,18.9,54.5,16.4,9.6,47.2,58.2,16.9,16.7,31.3,10.8,118.0,108.0,50.0,30.0,27.0,40.0,62.0,11.1,3.6,1.4,18.4,16.0,67.9,16.1,1.1,8.3,1.1,6.7,1.0,0.0,,0,0,0,,0,0,0,8,12,-4,0,-4.0,-6,0,-6.0,2026,20260919,3,15,0,0,0.0,-2,3,-1.7,2026,20260919,12,2026-10-24,2026,鹿島,柏,0.0,0.0,0.0,1.0,,,,,,,,,left_only
第１２節第１日,j1_2026_10241500_神戸_町田,2026-10-24 15:00:00,ノエスタ,神戸,町田,,,4.95,9.03,0.5833,0.5833,4.3658,2.4562,0.0,1.994,0.0,4.0,398.8,hit,conditions_v2,partial,home_base_to_opponent_base_proxy,2026-10-21 19:00:00,2026-10-21 19:00:00,68.0,68.0,2,2,3,4,1,1,False,False,"[{""datetime"": ""2026-10-14T12:00:00"", ""competition"": ""acl_event"", ""minutes_played"": null, ""core_usage"": null, ""source"": ""nan"", ""event_load"": 0.0, ""participation_status"": ""scheduled"", ""minutes_status"": ""unknown"", ""rotation_status"": ""unknown"", ""extra_time_minutes"": null, ""extra_time_status"": ""unknown""}]","[{""datetime"": ""2026-10-15T12:00:00"", ""competition"": ""acl_event"", ""minutes_played"": null, ""core_usage"": null, ""source"": ""nan"", ""event_load"": 0.0, ""participation_status"": ""scheduled"", ""minutes_status"": ""unknown"", ""rotation_status"": ""unknown"", ""extra_time_minutes"": null, ""extra_time_status"": ""unknown""}]",2.465,10.353,2026-10-14,2026-10-15,10,9,none,long_haul,7.415,19.383,,,False,False,False,22.2,6.5,,,,,,,,,,,,,,True,,acquisition_unknown,unknown_no_adjustment,11.0,4.3,14.3,1.6,439.0,74.0,9.3,49.2,12.1,41.2,18.0,23.4,52.9,51.3,8.0,16.6,39.6,11.1,114.0,133.0,48.0,33.0,51.0,29.0,52.0,10.8,2.1,0.7,22.4,17.6,68.3,17.6,1.7,7.6,1.0,7.6,3.0,0.0,13.1,4.8,20.7,2.7,462.4,79.3,11.1,51.3,10.0,55.7,18.0,16.7,59.4,50.7,9.7,17.1,34.0,11.8,115.0,108.0,37.0,36.0,33.0,30.0,52.0,11.6,2.6,0.9,21.3,15.7,72.7,17.1,1.1,7.4,1.0,7.4,1.0,0.0,,0,0,0,,0,0,0,2,16,0,0,0.0,4,9,4.9,2026,20260919,1,17,0,1,0.1,2,7,2.7,2026,20260919,12,2026-10-24,2026,神戸,町田,0.005079428571428571,0.0,0.006349142857142856,1.0,,,,,,,,,left_only
第１２節第２日,j1_2026_10251400_名古屋_横浜FM,2026-10-25 14:00:00,豊田ス,名古屋,横浜FM,,,3.35,8.39,0.1042,0.1042,3.2444,3.0429,0.0,1.245,0.0,4.0,249.0,hit,conditions_v2,partial,home_base_to_opponent_base_proxy,2026-10-21 19:00:00,2026-10-21 19:00:00,91.0,91.0,1,1,3,2,0,0,False,False,[],[],0.0,0.0,,,,,,,3.35,8.39,,,False,False,False,22.2,6.5,,,,,,,,,,,,,,True,,acquisition_unknown,unknown_no_adjustment,12.4,3.9,8.0,1.0,545.4,81.0,9.6,50.7,10.1,45.1,18.9,10.7,46.6,56.7,10.3,14.8,37.6,10.0,111.0,113.0,46.0,36.0,31.0,31.0,52.0,14.1,4.8,1.9,20.7,15.6,64.2,17.3,0.9,11.5,1.6,10.7,,0.027,10.6,3.3,14.9,1.6,389.9,72.6,8.7,47.5,10.4,39.7,13.8,16.7,47.0,47.7,8.6,17.6,33.7,8.3,114.0,114.0,37.0,34.0,42.0,28.0,47.0,13.0,3.7,1.3,28.0,21.4,62.7,20.6,1.9,11.4,1.6,10.6,3.0,0.0,,0,0,0,,0,0,0,16,6,-2,0,-2.0,-8,0,-8.0,2026,20260919,9,11,-2,1,-1.9,0,5,0.5,2026,20260919,12,2026-10-25,2026,名古屋,横浜FM,0.117021,0.5,0.021277,1.0,,,,,,,,,left_only
第１２節第２日,j1_2026_10251600_FC東京_水戸,2026-10-25 16:00:00,味スタ,FC東京,水戸,,,1.35,7.09,0.0625,0.0625,1.29,2.4782,0.0,0.5495,0.0,4.0,109.9,hit,conditions_v2,partial,home_base_to_opponent_base_proxy,2026-10-21 19:00:00,2026-10-21 19:00:00,93.0,93.0,1,1,2,2,0,0,False,False,[],[],0.0,0.0,,,,,,,1.35,7.09,,,False,False,False,22.2,6.5,,,,,,,,,,,,,,True,,acquisition_unknown,unknown_no_adjustment,15.7,5.3,11.8,1.9,487.0,80.1,11.6,56.8,19.0,45.9,14.7,13.0,46.4,53.2,13.8,19.0,36.7,12.8,113.0,138.0,70.0,44.0,23.0,33.0,81.0,9.4,2.9,1.1,28.3,18.9,65.9,15.4,2.3,7.5,1.0,7.5,4.0,0.0,12.0,3.9,13.1,1.6,424.0,79.1,7.6,60.4,7.6,47.2,10.3,14.0,49.7,44.7,9.0,13.8,31.7,9.8,118.0,100.0,37.0,29.0,34.0,29.0,46.0,15.4,5.6,1.3,31.3,13.6,68.4,22.0,1.6,11.7,1.6,11.7,,0.027,,0,0,0,,0,0,0,5,14,1,3,1.3,0,7,0.7000000000000001,2026,20260919,11,9,0,0,0.0,0,4,0.4,2026,20260919,12,2026-10-25,2026,FC東京,水戸,0.033684,0.0,0.042105,2.0,,,,,,,,,left_only
第１３節第１日,j1_2026_10311600_柏_浦和,2026-10-31 16:00:00,三協Ｆ柏,柏,浦和,,,1.73,6.24,0.0,0.0,1.7329,2.0957,0.0,0.1425,0.0,4.0,28.5,hit,conditions_v2,partial,home_base_to_opponent_base_proxy,2026-10-27 12:00:00,2026-10-25 15:00:00,100.0,145.0,1,1,4,3,1,0,False,False,"[{""datetime"": ""2026-10-27T12:00:00"", ""competition"": ""acl_event"", ""minutes_played"": null, ""core_usage"": null, ""source"": ""nan"", ""event_load"": 0.0, ""participation_status"": ""scheduled"", ""minutes_status"": ""unknown"", ""rotation_status"": ""unknown"", ""extra_time_minutes"": null, ""extra_time_status"": ""unknown""}]",[],8.7,0.0,2026-10-27,,4,,long,,10.43,6.24,,,False,False,False,22.2,6.5,,,,,,,,,,,,,,True,,acquisition_unknown,unknown_no_adjustment,14.1,5.3,13.1,1.9,628.4,85.1,14.8,39.4,18.9,54.5,16.4,9.6,47.2,58.2,16.9,16.7,31.3,10.8,118.0,108.0,50.0,30.0,27.0,40.0,62.0,11.1,3.6,1.4,18.4,16.0,67.9,16.1,1.1,8.3,1.1,6.7,1.0,0.0,14.4,4.3,12.9,1.9,428.6,76.1,12.1,51.8,11.7,54.9,12.4,19.9,51.1,52.3,11.7,16.6,36.0,10.0,114.0,124.0,46.0,41.0,35.0,30.0,58.0,14.1,6.1,2.4,26.3,15.0,68.6,19.0,1.4,10.5,1.5,10.5,1.0,0.0,,0,0,0,,0,0,0,3,15,0,0,0.0,-2,3,-1.7,2026,20260919,12,9,0,0,0.0,5,6,5.6,2026,20260919,13,2026-10-31,2026,柏,浦和,,,,,,,,,,,,,left_only
第１４節第２日,j1_2026_11081400_神戸_浦和,2026-11-08 14:00:00,MUFG国立,神戸,浦和,,,0.38,9.14,0.0,0.0,0.3808,3.0062,0.0,2.132,0.0,4.0,426.4,hit,conditions_v2,partial,home_base_to_opponent_base_proxy,2026-11-03 12:00:00,2026-10-31 16:00:00,122.0,190.0,1,0,3,2,2,0,False,False,"[{""datetime"": ""2026-10-27T12:00:00"", ""competition"": ""acl_event"", ""minutes_played"": null, ""core_usage"": null, ""source"": ""nan"", ""event_load"": 0.0, ""participation_status"": ""scheduled"", ""minutes_status"": ""unknown"", ""rotation_status"": ""unknown"", ""extra_time_minutes"": null, ""extra_time_status"": ""unknown""}, {""datetime"": ""2026-11-03T12:00:00"", ""competition"": ""acl_event"", ""minutes_played"": null, ""core_usage"": null, ""source"": ""nan"", ""event_load"": 0.0, ""participation_status"": ""scheduled"", ""minutes_status"": ""unknown"", ""rotation_status"": ""unknown"", ""extra_time_minutes"": null, ""extra_time_status"": ""unknown""}]",[],2.9,0.0,2026-11-03,,5,,none,,3.28,9.14,,,False,False,False,22.2,6.5,,,,,,,,,,,,,,True,,acquisition_unknown,unknown_no_adjustment,11.0,4.3,14.3,1.6,439.0,74.0,9.3,49.2,12.1,41.2,18.0,23.4,52.9,51.3,8.0,16.6,39.6,11.1,114.0,133.0,48.0,33.0,51.0,29.0,52.0,10.8,2.1,0.7,22.4,17.6,68.3,17.6,1.7,7.6,1.0,7.6,3.0,0.0,14.4,4.3,12.9,1.9,428.6,76.1,12.1,51.8,11.7,54.9,12.4,19.9,51.1,52.3,11.7,16.6,36.0,10.0,114.0,124.0,46.0,41.0,35.0,30.0,58.0,14.1,6.1,2.4,26.3,15.0,68.6,19.0,1.4,10.5,1.5,10.5,1.0,0.0,,0,0,0,,0,0,0,2,16,0,0,0.0,4,9,4.9,2026,20260919,12,9,0,0,0.0,5,6,5.6,2026,20260919,14,2026-11-08,2026,神戸,浦和,,,,,,,,,,,,,left_only
第１４節第２日,j1_2026_11081700_千葉_水戸,2026-11-08 17:00:00,フクアリ,千葉,水戸,,,3.22,7.94,0.0,0.0,3.222,3.4903,0.0,0.4465,0.0,4.0,89.3,hit,conditions_v2,partial,home_base_to_opponent_base_proxy,2026-11-01 14:00:00,2026-10-31 14:00:00,171.0,195.0,0,0,1,1,0,0,False,False,[],[],0.0,0.0,,,,,,,3.22,7.94,,,False,False,False,22.2,6.5,,,,,,,,,,,,,,True,,acquisition_unknown,unknown_no_adjustment,9.7,3.4,8.8,0.9,406.9,75.2,11.1,50.0,10.8,43.4,9.8,13.7,43.2,47.0,7.6,16.4,32.4,5.8,113.0,113.0,30.0,39.0,43.0,28.0,43.0,18.4,5.0,2.3,27.3,16.6,65.5,21.1,1.1,12.8,1.8,12.8,1.0,0.0,12.0,3.9,13.1,1.6,424.0,79.1,7.6,60.4,7.6,47.2,10.3,14.0,49.7,44.7,9.0,13.8,31.7,9.8,118.0,100.0,37.0,29.0,34.0,29.0,46.0,15.4,5.6,1.3,31.3,13.6,68.4,22.0,1.6,11.7,1.6,11.7,,0.027,,0,0,0,,0,0,0,20,4,0,1,0.1,0,4,0.4,2026,20260919,11,9,0,0,0.0,0,4,0.4,2026,20260919,14,2026-11-08,2026,千葉,水戸,0.029762035714285717,0.0,0.03720225,2.0,,,,,,,,,left_only
第１５節第１日,j1_2026_11201900_神戸_水戸,2026-11-20 19:00:00,ノエスタ,神戸,水戸,,,0.32,10.82,0.0,0.0,0.3237,4.2664,0.0,2.5515,0.0,4.0,510.3,hit,conditions_v2,partial,home_base_to_opponent_base_proxy,2026-11-08 14:00:00,2026-11-08 17:00:00,293.0,290.0,0,0,1,1,0,0,False,False,[],[],0.0,0.0,,,,,,,0.32,10.82,,,False,False,False,22.2,6.5,,,,,,,,,,,,,,True,,acquisition_unknown,unknown_no_adjustment,11.0,4.3,14.3,1.6,439.0,74.0,9.3,49.2,12.1,41.2,18.0,23.4,52.9,51.3,8.0,16.6,39.6,11.1,114.0,133.0,48.0,33.0,51.0,29.0,52.0,10.8,2.1,0.7,22.4,17.6,68.3,17.6,1.7,7.6,1.0,7.6,3.0,0.0,12.0,3.9,13.1,1.6,424.0,79.1,7.6,60.4,7.6,47.2,10.3,14.0,49.7,44.7,9.0,13.8,31.7,9.8,118.0,100.0,37.0,29.0,34.0,29.0,46.0,15.4,5.6,1.3,31.3,13.6,68.4,22.0,1.6,11.7,1.6,11.7,,0.027,,0,0,0,,0,0,0,2,16,0,0,0.0,4,9,4.9,2026,20260919,11,9,0,0,0.0,0,4,0.4,2026,20260919,15,2026-11-20,2026,神戸,水戸,,,,,,,,,,,,,left_only
第１５節第２日,j1_2026_11211400_京都_浦和,2026-11-21 14:00:00,サンガＳ,京都,浦和,,,1.84,10.55,0.0,0.0,1.8401,4.7139,0.0,1.8355,0.0,4.0,367.1,hit,conditions_v2,partial,home_base_to_opponent_base_proxy,2026-11-07 14:00:00,2026-11-08 14:00:00,336.0,312.0,0,0,1,1,0,0,False,False,[],[],0.0,0.0,,,,,,,1.84,10.55,,,False,False,False,22.2,6.5,,,,,,,,,,,,,,True,,acquisition_unknown,unknown_no_adjustment,11.6,4.0,11.1,1.3,395.7,73.7,6.4,66.7,11.8,48.2,13.0,13.7,50.8,45.5,9.4,17.3,33.1,7.6,115.0,125.0,45.0,36.0,43.0,28.0,54.0,17.9,5.7,2.0,28.7,19.1,67.9,22.4,2.4,13.5,1.9,12.7,,0.027,14.4,4.3,12.9,1.9,428.6,76.1,12.1,51.8,11.7,54.9,12.4,19.9,51.1,52.3,11.7,16.6,36.0,10.0,114.0,124.0,46.0,41.0,35.0,30.0,58.0,14.1,6.1,2.4,26.3,15.0,68.6,19.0,1.4,10.5,1.5,10.5,1.0,0.0,,0,0,0,,0,0,0,17,5,-2,0,-2.0,-3,1,-2.9,2026,20260919,12,9,0,0,0.0,5,6,5.6,2026,20260919,15,2026-11-21,2026,京都,浦和,0.05,0.0,0.0625,1.0,,,,,,,,,left_only
第１５節第２日,j1_2026_11211400_広島_横浜FM,2026-11-21 14:00:00,Ｅピース,広島,横浜FM,,,7.21,10.24,0.0,0.0,7.2087,2.9152,0.0,3.3245,0.0,4.0,664.9,hit,conditions_v2,partial,home_base_to_opponent_base_proxy,2026-11-08 14:00:00,2026-11-07 14:00:00,312.0,336.0,0,0,1,1,0,0,False,False,[],[],0.0,0.0,,,,,,,7.21,10.24,,,False,False,False,22.2,6.5,,,,,,,,,,,,,,True,,acquisition_unknown,unknown_no_adjustment,18.6,6.8,14.6,2.7,544.7,81.5,9.6,58.2,16.3,52.6,21.6,11.4,47.9,53.5,16.4,15.4,39.1,16.1,110.0,101.0,43.0,30.0,27.0,31.0,52.0,8.8,3.3,0.9,18.1,14.6,67.6,16.6,3.1,5.4,0.7,5.4,3.0,0.0,10.6,3.3,14.9,1.6,389.9,72.6,8.7,47.5,10.4,39.7,13.8,16.7,47.0,47.7,8.6,17.6,33.7,8.3,114.0,114.0,37.0,34.0,42.0,28.0,47.0,13.0,3.7,1.3,28.0,21.4,62.7,20.6,1.9,11.4,1.6,10.6,3.0,0.0,,0,0,0,,0,0,0,4,14,1,3,1.3,0,6,0.6000000000000001,2026,20260919,9,11,-2,1,-1.9,0,5,0.5,2026,20260919,15,2026-11-21,2026,広島,横浜FM,0.025806,0.0,0.032258,1.0,,,,,,,,,left_only
第１６節第１日,j1_2026_11251900_福岡_横浜FM,2026-11-25 19:00:00,ベススタ,福岡,横浜FM,,,8.23,13.08,0.0,0.0,8.226,4.7095,0.0,4.3735,0.0,4.0,874.7,hit,conditions_v2,partial,home_base_to_opponent_base_proxy,2026-11-21 15:00:00,2026-11-21 14:00:00,100.0,101.0,1,1,1,1,0,0,False,False,[],[],0.0,0.0,,,,,,,8.23,13.08,,,False,False,False,22.2,6.5,,,,,,,,,,,,,,True,,acquisition_unknown,unknown_no_adjustment,13.7,5.1,9.4,1.3,372.0,73.2,12.4,50.6,7.6,47.2,13.8,23.9,53.7,45.0,10.8,15.3,33.4,9.1,116.0,103.0,37.0,36.0,29.0,27.0,44.0,11.1,4.0,1.6,19.9,13.8,64.9,16.0,1.1,7.6,1.0,7.6,1.0,0.0,10.6,3.3,14.9,1.6,389.9,72.6,8.7,47.5,10.4,39.7,13.8,16.7,47.0,47.7,8.6,17.6,33.7,8.3,114.0,114.0,37.0,34.0,42.0,28.0,47.0,13.0,3.7,1.3,28.0,21.4,62.7,20.6,1.9,11.4,1.6,10.6,3.0,0.0,,0,0,0,,0,0,0,18,4,-2,0,-2.0,-3,1,-2.9,2026,20260919,9,11,-2,1,-1.9,0,5,0.5,2026,20260919,16,2026-11-25,2026,福岡,横浜FM,0.0,0.0,0.0,1.0,,,,,,,,,left_only
第１７節第１日,j1_2026_11281400_清水_浦和,2026-11-28 14:00:00,アイスタ,清水,浦和,,,6.96,10.55,0.6042,0.6146,6.3565,5.174,0.0,0.7585,0.0,4.0,151.7,hit,conditions_v2,partial,home_base_to_opponent_base_proxy,2026-11-25 19:00:00,2026-11-25 19:30:00,67.0,66.5,1,2,2,2,0,0,False,False,[],[],0.0,0.0,,,,,,,6.96,10.55,,,False,False,False,22.2,6.5,,,,,,,,,,,,,,True,,acquisition_unknown,unknown_no_adjustment,10.4,3.1,5.5,0.6,351.9,72.9,11.8,60.2,10.1,47.9,15.7,20.7,55.1,43.0,8.7,16.1,31.9,10.1,108.0,115.0,43.0,31.0,39.0,24.0,45.0,14.4,4.7,1.0,25.9,14.3,63.0,19.6,0.7,10.0,1.4,10.0,2.0,0.0,14.4,4.3,12.9,1.9,428.6,76.1,12.1,51.8,11.7,54.9,12.4,19.9,51.1,52.3,11.7,16.6,36.0,10.0,114.0,124.0,46.0,41.0,35.0,30.0,58.0,14.1,6.1,2.4,26.3,15.0,68.6,19.0,1.4,10.5,1.5,10.5,1.0,0.0,,0,0,0,,0,0,0,13,7,4,3,4.3,3,4,3.4,2026,20260919,12,9,0,0,0.0,5,6,5.6,2026,20260919,17,2026-11-28,2026,清水,浦和,0.0,0.0,0.0,1.0,,,,,,,,,left_only
第１７節第１日,j1_2026_11281500_神戸_千葉,2026-11-28 15:00:00,ノエスタ,神戸,千葉,,,0.1,9.75,0.0,0.5833,0.1028,2.8589,0.0,2.31,0.0,4.0,462.0,hit,conditions_v2,partial,home_base_to_opponent_base_proxy,2026-11-24 12:00:00,2026-11-25 19:00:00,99.0,68.0,1,1,2,2,1,0,False,False,"[{""datetime"": ""2026-11-24T12:00:00"", ""competition"": ""acl_event"", ""minutes_played"": null, ""core_usage"": null, ""source"": ""nan"", ""event_load"": 0.0, ""participation_status"": ""scheduled"", ""minutes_status"": ""unknown"", ""rotation_status"": ""unknown"", ""extra_time_minutes"": null, ""extra_time_status"": ""unknown""}]",[],8.7,0.0,2026-11-24,,4,,long,,8.799999999999999,9.75,,,False,False,False,22.2,6.5,,,,,,,,,,,,,,True,,acquisition_unknown,unknown_no_adjustment,11.0,4.3,14.3,1.6,439.0,74.0,9.3,49.2,12.1,41.2,18.0,23.4,52.9,51.3,8.0,16.6,39.6,11.1,114.0,133.0,48.0,33.0,51.0,29.0,52.0,10.8,2.1,0.7,22.4,17.6,68.3,17.6,1.7,7.6,1.0,7.6,3.0,0.0,9.7,3.4,8.8,0.9,406.9,75.2,11.1,50.0,10.8,43.4,9.8,13.7,43.2,47.0,7.6,16.4,32.4,5.8,113.0,113.0,30.0,39.0,43.0,28.0,43.0,18.4,5.0,2.3,27.3,16.6,65.5,21.1,1.1,12.8,1.8,12.8,1.0,0.0,,0,0,0,,0,0,0,2,16,0,0,0.0,4,9,4.9,2026,20260919,20,4,0,1,0.1,0,4,0.4,2026,20260919,17,2026-11-28,2026,神戸,千葉,,,,,,,,,,,,,left_only
第１７節第２日,j1_2026_11291400_横浜FM_FC東京,2026-11-29 14:00:00,日産ス,横浜FM,FC東京,,,7.08,7.8,0.1042,0.1042,6.9774,3.6076,0.0,0.093,0.0,4.0,18.6,hit,conditions_v2,partial,home_base_to_opponent_base_proxy,2026-11-25 19:00:00,2026-11-25 19:00:00,91.0,91.0,1,1,2,2,0,0,False,False,[],[],0.0,0.0,,,,,,,7.08,7.8,,,False,False,False,22.2,6.5,,,,,,,,,,,,,,True,,acquisition_unknown,unknown_no_adjustment,10.6,3.3,14.9,1.6,389.9,72.6,8.7,47.5,10.4,39.7,13.8,16.7,47.0,47.7,8.6,17.6,33.7,8.3,114.0,114.0,37.0,34.0,42.0,28.0,47.0,13.0,3.7,1.3,28.0,21.4,62.7,20.6,1.9,11.4,1.6,10.6,3.0,0.0,15.7,5.3,11.8,1.9,487.0,80.1,11.6,56.8,19.0,45.9,14.7,13.0,46.4,53.2,13.8,19.0,36.7,12.8,113.0,138.0,70.0,44.0,23.0,33.0,81.0,9.4,2.9,1.1,28.3,18.9,65.9,15.4,2.3,7.5,1.0,7.5,4.0,0.0,,0,0,0,,0,0,0,9,11,-2,1,-1.9,0,5,0.5,2026,20260919,5,14,1,3,1.3,0,7,0.7000000000000001,2026,20260919,17,2026-11-29,2026,横浜FM,FC東京,,,,,,,,,,,,,left_only
第１８節第２日,j1_2026_12051500_C大阪_水戸,2026-12-05 15:00:00,ハナサカ,Ｃ大阪,水戸,,,5.92,10.43,0.0,0.0,5.9215,4.012,0.0,2.416,0.0,4.0,483.2,hit,conditions_v2,partial,home_base_to_opponent_base_proxy,2026-11-28 14:00:00,2026-11-29 14:00:00,169.0,145.0,0,1,3,2,0,0,False,False,[],[],0.0,0.0,,,,,,,5.92,10.43,,,False,False,False,22.2,6.5,,,,,,,,,,,,,,True,,acquisition_unknown,unknown_no_adjustment,11.4,3.6,7.5,0.9,512.7,77.8,10.4,52.1,12.8,41.1,16.6,15.3,49.3,54.9,11.3,15.1,36.7,6.8,114.0,110.0,42.0,32.0,35.0,33.0,57.0,12.6,5.0,1.6,28.3,15.7,61.8,21.6,1.7,13.6,1.9,11.1,3.0,0.0,12.0,3.9,13.1,1.6,424.0,79.1,7.6,60.4,7.6,47.2,10.3,14.0,49.7,44.7,9.0,13.8,31.7,9.8,118.0,100.0,37.0,29.0,34.0,29.0,46.0,15.4,5.6,1.3,31.3,13.6,68.4,22.0,1.6,11.7,1.6,11.7,,0.027,,0,0,0,,0,0,0,10,10,-1,0,-1.0,0,4,0.4,2026,20260919,11,9,0,0,0.0,0,4,0.4,2026,20260919,18,2026-12-05,2026,C大阪,水戸,0.025,0.0,0.03125,1.0,,,,,,,,,left_only
第１８節第３日,j1_2026_12061400_広島_神戸,2026-12-06 14:00:00,Ｅピース,広島,神戸,,,8.87,5.29,0.0,0.0,8.8669,0.0206,0.0,1.269,0.0,4.0,253.8,hit,conditions_v2,partial,home_base_to_opponent_base_proxy,2026-11-28 16:00:00,2026-12-01 12:00:00,190.0,122.0,0,1,2,3,0,2,False,False,[],"[{""datetime"": ""2026-11-24T12:00:00"", ""competition"": ""acl_event"", ""minutes_played"": null, ""core_usage"": null, ""source"": ""nan"", ""event_load"": 0.0, ""participation_status"": ""scheduled"", ""minutes_status"": ""unknown"", ""rotation_status"": ""unknown"", ""extra_time_minutes"": null, ""extra_time_status"": ""unknown""}, {""datetime"": ""2026-12-01T12:00:00"", ""competition"": ""acl_event"", ""minutes_played"": null, ""core_usage"": null, ""source"": ""nan"", ""event_load"": 0.0, ""participation_status"": ""scheduled"", ""minutes_status"": ""unknown"", ""rotation_status"": ""unknown"", ""extra_time_minutes"": null, ""extra_time_status"": ""unknown""}]",0.0,2.9,,2026-12-01,,5,,none,8.87,8.19,,,False,False,False,22.2,6.5,,,,,,,,,,,,,,True,,acquisition_unknown,unknown_no_adjustment,18.6,6.8,14.6,2.7,544.7,81.5,9.6,58.2,16.3,52.6,21.6,11.4,47.9,53.5,16.4,15.4,39.1,16.1,110.0,101.0,43.0,30.0,27.0,31.0,52.0,8.8,3.3,0.9,18.1,14.6,67.6,16.6,3.1,5.4,0.7,5.4,3.0,0.0,11.0,4.3,14.3,1.6,439.0,74.0,9.3,49.2,12.1,41.2,18.0,23.4,52.9,51.3,8.0,16.6,39.6,11.1,114.0,133.0,48.0,33.0,51.0,29.0,52.0,10.8,2.1,0.7,22.4,17.6,68.3,17.6,1.7,7.6,1.0,7.6,3.0,0.0,,0,0,0,,0,0,0,4,14,1,3,1.3,0,6,0.6000000000000001,2026,20260919,2,16,0,0,0.0,4,9,4.9,2026,20260919,18,2026-12-06,2026,広島,神戸,0.025806,0.0,0.032258,1.0,,,,,,,,,left_only
第１８節第３日,j1_2026_12061500_G大阪_横浜FM,2026-12-06 15:00:00,パナスタ,Ｇ大阪,横浜FM,,,1.27,12.01,0.0,0.0,1.2662,6.1191,0.0,1.8925,0.0,4.0,378.5,hit,conditions_v2,partial,home_base_to_opponent_base_proxy,2026-12-02 12:00:00,2026-11-29 14:00:00,99.0,169.0,2,0,3,2,2,0,False,False,"[{""datetime"": ""2026-11-25T12:00:00"", ""competition"": ""acl_event"", ""minutes_played"": null, ""core_usage"": null, ""source"": ""nan"", ""event_load"": 0.0, ""participation_status"": ""scheduled"", ""minutes_status"": ""unknown"", ""rotation_status"": ""unknown"", ""extra_time_minutes"": null, ""extra_time_status"": ""unknown""}, {""datetime"": ""2026-12-02T12:00:00"", ""competition"": ""acl_event"", ""minutes_played"": null, ""core_usage"": null, ""source"": ""nan"", ""event_load"": 0.0, ""participation_status"": ""scheduled"", ""minutes_status"": ""unknown"", ""rotation_status"": ""unknown"", ""extra_time_minutes"": null, ""extra_time_status"": ""unknown""}]",[],5.22,0.0,2026-12-02,,4,,short,,6.49,12.01,,,False,False,False,22.2,6.5,,,,,,,,,,,,,,True,,acquisition_unknown,unknown_no_adjustment,13.4,4.0,8.5,1.1,502.1,81.1,13.3,51.6,12.4,41.4,13.3,10.1,45.5,55.4,10.3,18.7,37.9,8.5,111.0,92.0,30.0,28.0,34.0,31.0,39.0,16.4,6.6,1.9,24.7,17.7,66.9,16.4,1.4,13.0,1.8,13.0,1.0,0.0,10.6,3.3,14.9,1.6,389.9,72.6,8.7,47.5,10.4,39.7,13.8,16.7,47.0,47.7,8.6,17.6,33.7,8.3,114.0,114.0,37.0,34.0,42.0,28.0,47.0,13.0,3.7,1.3,28.0,21.4,62.7,20.6,1.9,11.4,1.6,10.6,3.0,0.0,,0,0,0,,0,0,0,15,6,-2,0,-2.0,-3,1,-2.9,2026,20260919,9,11,-2,1,-1.9,0,5,0.5,2026,20260919,18,2026-12-06,2026,G大阪,横浜FM,0.0,0.0,0.0,2.0,,,,,,,,,left_only
第１９節第１日,j1_2026_12121400_清水_神戸,2026-12-12 14:00:00,アイスタ,清水,神戸,,,7.35,7.33,0.0,0.0,7.3526,1.8616,0.0,1.468,0.0,4.0,293.6,hit,conditions_v2,partial,home_base_to_opponent_base_proxy,2026-12-05 15:00:00,2026-12-06 14:00:00,167.0,144.0,1,1,2,3,0,1,False,False,[],"[{""datetime"": ""2026-12-01T12:00:00"", ""competition"": ""acl_event"", ""minutes_played"": null, ""core_usage"": null, ""source"": ""nan"", ""event_load"": 0.0, ""participation_status"": ""scheduled"", ""minutes_status"": ""unknown"", ""rotation_status"": ""unknown"", ""extra_time_minutes"": null, ""extra_time_status"": ""unknown""}]",0.0,2.465,,2026-12-01,,11,,none,7.35,9.795,,,False,False,False,22.2,6.5,,,,,,,,,,,,,,True,,acquisition_unknown,unknown_no_adjustment,10.4,3.1,5.5,0.6,351.9,72.9,11.8,60.2,10.1,47.9,15.7,20.7,55.1,43.0,8.7,16.1,31.9,10.1,108.0,115.0,43.0,31.0,39.0,24.0,45.0,14.4,4.7,1.0,25.9,14.3,63.0,19.6,0.7,10.0,1.4,10.0,2.0,0.0,11.0,4.3,14.3,1.6,439.0,74.0,9.3,49.2,12.1,41.2,18.0,23.4,52.9,51.3,8.0,16.6,39.6,11.1,114.0,133.0,48.0,33.0,51.0,29.0,52.0,10.8,2.1,0.7,22.4,17.6,68.3,17.6,1.7,7.6,1.0,7.6,3.0,0.0,,0,0,0,,0,0,0,13,7,4,3,4.3,3,4,3.4,2026,20260919,2,16,0,0,0.0,4,9,4.9,2026,20260919,19,2026-12-12,2026,清水,神戸,0.0,0.0,0.0,1.0,,,,,,,,,left_only
第１９節第１日,j1_2026_12121400_C大阪_町田,2026-12-12 14:00:00,ハナサカ,Ｃ大阪,町田,,,5.06,6.12,0.0,0.0,5.0595,0.2559,0.0,1.8605,0.0,4.0,372.1,hit,conditions_v2,partial,home_base_to_opponent_base_proxy,2026-12-05 15:00:00,2026-12-06 16:00:00,167.0,142.0,1,1,2,3,0,1,False,False,[],"[{""datetime"": ""2026-12-03T12:00:00"", ""competition"": ""acl_event"", ""minutes_played"": null, ""core_usage"": null, ""source"": ""nan"", ""event_load"": 0.0, ""participation_status"": ""scheduled"", ""minutes_status"": ""unknown"", ""rotation_status"": ""unknown"", ""extra_time_minutes"": null, ""extra_time_status"": ""unknown""}]",0.0,2.465,,2026-12-03,,9,,none,5.06,8.585,,,False,False,False,22.2,6.5,,,,,,,,,,,,,,True,,acquisition_unknown,unknown_no_adjustment,11.4,3.6,7.5,0.9,512.7,77.8,10.4,52.1,12.8,41.1,16.6,15.3,49.3,54.9,11.3,15.1,36.7,6.8,114.0,110.0,42.0,32.0,35.0,33.0,57.0,12.6,5.0,1.6,28.3,15.7,61.8,21.6,1.7,13.6,1.9,11.1,3.0,0.0,13.1,4.8,20.7,2.7,462.4,79.3,11.1,51.3,10.0,55.7,18.0,16.7,59.4,50.7,9.7,17.1,34.0,11.8,115.0,108.0,37.0,36.0,33.0,30.0,52.0,11.6,2.6,0.9,21.3,15.7,72.7,17.1,1.1,7.4,1.0,7.4,1.0,0.0,,0,0,0,,0,0,0,10,10,-1,0,-1.0,0,4,0.4,2026,20260919,1,17,0,1,0.1,2,7,2.7,2026,20260919,19,2026-12-12,2026,C大阪,町田,0.025,0.0,0.03125,1.0,,,,,,,,,left_only
第１９節第２日,j1_2026_12131400_京都_千葉,2026-12-13 14:00:00,サンガＳ,京都,千葉,,,2.16,10.04,0.0,0.0,2.1586,3.9559,0.0,2.0825,0.0,4.0,416.5,hit,conditions_v2,partial,home_base_to_opponent_base_proxy,2026-12-05 14:00:00,2026-12-05 13:00:00,192.0,193.0,0,0,2,1,1,0,False,False,"[{""datetime"": ""2026-12-01T12:00:00"", ""competition"": ""acl_event"", ""minutes_played"": null, ""core_usage"": null, ""source"": ""nan"", ""event_load"": 0.0, ""participation_status"": ""scheduled"", ""minutes_status"": ""unknown"", ""rotation_status"": ""unknown"", ""extra_time_minutes"": null, ""extra_time_status"": ""unknown""}]",[],7.395,0.0,2026-12-01,,12,,long,,9.555,10.04,,,False,False,False,22.2,6.5,,,,,,,,,,,,,,True,,acquisition_unknown,unknown_no_adjustment,11.6,4.0,11.1,1.3,395.7,73.7,6.4,66.7,11.8,48.2,13.0,13.7,50.8,45.5,9.4,17.3,33.1,7.6,115.0,125.0,45.0,36.0,43.0,28.0,54.0,17.9,5.7,2.0,28.7,19.1,67.9,22.4,2.4,13.5,1.9,12.7,,0.027,9.7,3.4,8.8,0.9,406.9,75.2,11.1,50.0,10.8,43.4,9.8,13.7,43.2,47.0,7.6,16.4,32.4,5.8,113.0,113.0,30.0,39.0,43.0,28.0,43.0,18.4,5.0,2.3,27.3,16.6,65.5,21.1,1.1,12.8,1.8,12.8,1.0,0.0,,0,0,0,,0,0,0,17,5,-2,0,-2.0,-3,1,-2.9,2026,20260919,20,4,0,1,0.1,0,4,0.4,2026,20260919,19,2026-12-13,2026,京都,千葉,0.05,0.0,0.0625,1.0,,,,,,,,,left_only
第１９節第２日,j1_2026_12131400_岡山_柏,2026-12-13 14:00:00,ＪＦＥス,岡山,柏,,,5.73,6.84,0.0,0.0,5.7262,0.0159,0.0,2.826,0.0,4.0,565.2,hit,conditions_v2,partial,home_base_to_opponent_base_proxy,2026-12-06 16:00:00,2026-12-06 16:00:00,166.0,166.0,1,1,1,2,0,1,False,False,[],"[{""datetime"": ""2026-12-01T12:00:00"", ""competition"": ""acl_event"", ""minutes_played"": null, ""core_usage"": null, ""source"": ""nan"", ""event_load"": 0.0, ""participation_status"": ""scheduled"", ""minutes_status"": ""unknown"", ""rotation_status"": ""unknown"", ""extra_time_minutes"": null, ""extra_time_status"": ""unknown""}]",0.0,2.465,,2026-12-01,,12,,none,5.73,9.305,,,False,False,False,22.2,6.5,,,,,,,,,,,,,,True,,acquisition_unknown,unknown_no_adjustment,15.6,3.6,9.2,1.4,375.7,71.9,10.1,54.9,13.8,45.4,19.6,17.6,49.0,44.4,13.3,16.0,34.4,9.7,114.0,123.0,49.0,41.0,32.0,25.0,58.0,8.6,2.4,1.1,25.4,15.7,66.4,18.1,2.6,6.8,0.9,6.0,2.0,0.0,14.1,5.3,13.1,1.9,628.4,85.1,14.8,39.4,18.9,54.5,16.4,9.6,47.2,58.2,16.9,16.7,31.3,10.8,118.0,108.0,50.0,30.0,27.0,40.0,62.0,11.1,3.6,1.4,18.4,16.0,67.9,16.1,1.1,8.3,1.1,6.7,1.0,0.0,,0,0,0,,0,0,0,6,13,2,3,2.3,7,9,7.9,2026,20260919,3,15,0,0,0.0,-2,3,-1.7,2026,20260919,19,2026-12-13,2026,岡山,柏,0.0,0.0,0.0,1.0,,,,,,,,,left_only
第１９節第２日,j1_2026_12131500_名古屋_水戸,2026-12-13 15:00:00,豊田ス,名古屋,水戸,,,5.59,10.86,0.0,0.0,5.5885,5.2419,0.0,1.6225,0.0,4.0,324.5,hit,conditions_v2,partial,home_base_to_opponent_base_proxy,2026-12-05 14:00:00,2026-12-05 15:00:00,193.0,192.0,0,0,2,1,0,0,False,False,[],[],0.0,0.0,,,,,,,5.59,10.86,,,False,False,False,22.2,6.5,,,,,,,,,,,,,,True,,acquisition_unknown,unknown_no_adjustment,12.4,3.9,8.0,1.0,545.4,81.0,9.6,50.7,10.1,45.1,18.9,10.7,46.6,56.7,10.3,14.8,37.6,10.0,111.0,113.0,46.0,36.0,31.0,31.0,52.0,14.1,4.8,1.9,20.7,15.6,64.2,17.3,0.9,11.5,1.6,10.7,,0.027,12.0,3.9,13.1,1.6,424.0,79.1,7.6,60.4,7.6,47.2,10.3,14.0,49.7,44.7,9.0,13.8,31.7,9.8,118.0,100.0,37.0,29.0,34.0,29.0,46.0,15.4,5.6,1.3,31.3,13.6,68.4,22.0,1.6,11.7,1.6,11.7,,0.027,,0,0,0,,0,0,0,16,6,-2,0,-2.0,-8,0,-8.0,2026,20260919,11,9,0,0,0.0,0,4,0.4,2026,20260919,19,2026-12-13,2026,名古屋,水戸,0.117021,0.5,0.021277,1.0,,,,,,,,,left_only
第１９節第２日,j1_2026_12131500_福岡_FC東京,2026-12-13 15:00:00,ベススタ,福岡,FC東京,,,9.4,11.93,0.0,0.0,9.4028,3.577,0.0,4.356,0.0,4.0,871.2,hit,conditions_v2,partial,home_base_to_opponent_base_proxy,2026-12-06 16:00:00,2026-12-04 18:30:00,167.0,212.5,1,0,2,1,0,0,False,False,[],[],0.0,0.0,,,,,,,9.4,11.93,,,False,False,False,22.2,6.5,,,,,,,,,,,,,,True,,acquisition_unknown,unknown_no_adjustment,13.7,5.1,9.4,1.3,372.0,73.2,12.4,50.6,7.6,47.2,13.8,23.9,53.7,45.0,10.8,15.3,33.4,9.1,116.0,103.0,37.0,36.0,29.0,27.0,44.0,11.1,4.0,1.6,19.9,13.8,64.9,16.0,1.1,7.6,1.0,7.6,1.0,0.0,15.7,5.3,11.8,1.9,487.0,80.1,11.6,56.8,19.0,45.9,14.7,13.0,46.4,53.2,13.8,19.0,36.7,12.8,113.0,138.0,70.0,44.0,23.0,33.0,81.0,9.4,2.9,1.1,28.3,18.9,65.9,15.4,2.3,7.5,1.0,7.5,4.0,0.0,,0,0,0,,0,0,0,18,4,-2,0,-2.0,-3,1,-2.9,2026,20260919,5,14,1,3,1.3,0,7,0.7000000000000001,2026,20260919,19,2026-12-13,2026,福岡,FC東京,0.0,0.0,0.0,1.0,,,,,,,,,left_only
第１６節第２日,j1_2026_12161900_鹿島_町田,2026-12-16 19:00:00,メルスタ,鹿島,町田,,,4.82,6.85,0.3958,0.0,4.4277,2.25,0.0,0.596,0.0,4.0,119.2,hit,conditions_v2,partial,home_base_to_opponent_base_proxy,2026-12-13 14:00:00,2026-12-12 14:00:00,77.0,101.0,1,1,2,3,0,1,False,False,[],"[{""datetime"": ""2026-12-03T12:00:00"", ""competition"": ""acl_event"", ""minutes_played"": null, ""core_usage"": null, ""source"": ""nan"", ""event_load"": 0.0, ""participation_status"": ""scheduled"", ""minutes_status"": ""unknown"", ""rotation_status"": ""unknown"", ""extra_time_minutes"": null, ""extra_time_status"": ""unknown""}]",7.395,2.465,2026-12-02,2026-12-03,14,13,long,none,12.215,9.315,,,False,False,False,22.2,6.5,,,,,,,,,,,,,,True,,acquisition_unknown,unknown_no_adjustment,16.3,4.7,12.3,2.0,593.0,81.0,10.6,48.6,16.4,53.9,18.0,18.4,51.8,56.4,16.1,14.6,37.3,13.1,113.0,123.0,55.0,36.0,31.0,34.0,68.0,10.4,3.6,1.9,24.0,14.4,65.3,16.0,1.4,7.8,1.1,6.1,1.0,0.0,13.1,4.8,20.7,2.7,462.4,79.3,11.1,51.3,10.0,55.7,18.0,16.7,59.4,50.7,9.7,17.1,34.0,11.8,115.0,108.0,37.0,36.0,33.0,30.0,52.0,11.6,2.6,0.9,21.3,15.7,72.7,17.1,1.1,7.4,1.0,7.4,1.0,0.0,,0,0,0,,0,0,0,8,12,-4,0,-4.0,-6,0,-6.0,2026,20260919,1,17,0,1,0.1,2,7,2.7,2026,20260919,16,2026-12-16,2026,鹿島,町田,0.0,0.0,0.0,1.0,,,,,,,,,left_only
第１６節第２日,j1_2026_12161900_G大阪_柏,2026-12-16 19:00:00,パナスタ,Ｇ大阪,柏,,,0.63,8.89,0.0,0.3958,0.6299,2.3984,0.0,2.097,0.0,4.0,419.4,hit,conditions_v2,partial,home_base_to_opponent_base_proxy,2026-12-12 16:00:00,2026-12-13 14:00:00,99.0,77.0,1,1,2,2,0,0,False,False,[],[],4.436999999999999,0.0,2026-12-02,,14,,short,,5.066999999999999,8.89,,,False,False,False,22.2,6.5,,,,,,,,,,,,,,True,,acquisition_unknown,unknown_no_adjustment,13.4,4.0,8.5,1.1,502.1,81.1,13.3,51.6,12.4,41.4,13.3,10.1,45.5,55.4,10.3,18.7,37.9,8.5,111.0,92.0,30.0,28.0,34.0,31.0,39.0,16.4,6.6,1.9,24.7,17.7,66.9,16.4,1.4,13.0,1.8,13.0,1.0,0.0,14.1,5.3,13.1,1.9,628.4,85.1,14.8,39.4,18.9,54.5,16.4,9.6,47.2,58.2,16.9,16.7,31.3,10.8,118.0,108.0,50.0,30.0,27.0,40.0,62.0,11.1,3.6,1.4,18.4,16.0,67.9,16.1,1.1,8.3,1.1,6.7,1.0,0.0,,0,0,0,,0,0,0,15,6,-2,0,-2.0,-3,1,-2.9,2026,20260919,3,15,0,0,0.0,-2,3,-1.7,2026,20260919,16,2026-12-16,2026,G大阪,柏,0.0,0.0,0.0,1.0,,,,,,,,,left_only
第２０節第１日,j1_2026_12191400_水戸_FC東京,2026-12-19 14:00:00,水戸信ス,水戸,FC東京,,,6.4,10.4,0.0,0.0,6.396,5.8551,0.0,0.5495,0.0,4.0,109.9,hit,conditions_v2,partial,home_base_to_opponent_base_proxy,2026-12-13 15:00:00,2026-12-13 15:00:00,143.0,143.0,1,1,2,1,0,0,False,False,[],[],0.0,0.0,,,,,,,6.4,10.4,,,False,False,False,22.2,6.5,,,,,,,,,,,,,,True,,acquisition_unknown,unknown_no_adjustment,12.0,3.9,13.1,1.6,424.0,79.1,7.6,60.4,7.6,47.2,10.3,14.0,49.7,44.7,9.0,13.8,31.7,9.8,118.0,100.0,37.0,29.0,34.0,29.0,46.0,15.4,5.6,1.3,31.3,13.6,68.4,22.0,1.6,11.7,1.6,11.7,,0.027,15.7,5.3,11.8,1.9,487.0,80.1,11.6,56.8,19.0,45.9,14.7,13.0,46.4,53.2,13.8,19.0,36.7,12.8,113.0,138.0,70.0,44.0,23.0,33.0,81.0,9.4,2.9,1.1,28.3,18.9,65.9,15.4,2.3,7.5,1.0,7.5,4.0,0.0,,0,0,0,,0,0,0,11,9,0,0,0.0,0,4,0.4,2026,20260919,5,14,1,3,1.3,0,7,0.7000000000000001,2026,20260919,20,2026-12-19,2026,水戸,FC東京,,,,,,,,,,,,,left_only
第２０節第１日,j1_2026_12191430_長崎_浦和,2026-12-19 14:30:00,ピースタ,長崎,浦和,,,9.0,12.78,0.0,0.0,9.0021,3.935,0.0,4.847,0.0,4.0,969.4,hit,conditions_v2,partial,home_base_to_opponent_base_proxy,2026-12-13 13:00:00,2026-12-13 15:00:00,145.5,143.5,1,1,2,1,0,0,False,False,[],[],0.0,0.0,,,,,,,9.0,12.78,,,False,False,False,22.2,6.5,,,,,,,,,,,,,,True,,acquisition_unknown,unknown_no_adjustment,10.4,3.9,12.3,1.3,429.1,78.7,8.6,46.7,8.6,53.3,9.1,11.8,53.2,44.5,8.7,12.7,32.1,6.8,115.0,115.0,38.0,36.0,40.0,26.0,46.0,13.7,4.7,2.0,31.3,13.4,64.9,21.4,2.0,9.3,1.3,9.3,1.0,0.0,14.4,4.3,12.9,1.9,428.6,76.1,12.1,51.8,11.7,54.9,12.4,19.9,51.1,52.3,11.7,16.6,36.0,10.0,114.0,124.0,46.0,41.0,35.0,30.0,58.0,14.1,6.1,2.4,26.3,15.0,68.6,19.0,1.4,10.5,1.5,10.5,1.0,0.0,,0,0,0,,0,0,0,14,7,4,3,4.3,4,4,4.4,2026,20260919,12,9,0,0,0.0,5,6,5.6,2026,20260919,20,2026-12-19,2026,長崎,浦和,0.0,0.0,0.0,1.0,,,,,,,,,left_only
第２０節第１日,j1_2026_12191500_神戸_横浜FM,2026-12-19 15:00:00,ノエスタ,神戸,横浜FM,,,3.62,11.6,0.0,0.0,3.6233,5.5355,0.0,2.0615,0.0,4.0,412.3,hit,conditions_v2,partial,home_base_to_opponent_base_proxy,2026-12-12 14:00:00,2026-12-13 13:00:00,169.0,146.0,0,1,2,2,0,0,False,False,[],[],0.0,0.0,,,,,,,3.62,11.6,,,False,False,False,22.2,6.5,,,,,,,,,,,,,,True,,acquisition_unknown,unknown_no_adjustment,11.0,4.3,14.3,1.6,439.0,74.0,9.3,49.2,12.1,41.2,18.0,23.4,52.9,51.3,8.0,16.6,39.6,11.1,114.0,133.0,48.0,33.0,51.0,29.0,52.0,10.8,2.1,0.7,22.4,17.6,68.3,17.6,1.7,7.6,1.0,7.6,3.0,0.0,10.6,3.3,14.9,1.6,389.9,72.6,8.7,47.5,10.4,39.7,13.8,16.7,47.0,47.7,8.6,17.6,33.7,8.3,114.0,114.0,37.0,34.0,42.0,28.0,47.0,13.0,3.7,1.3,28.0,21.4,62.7,20.6,1.9,11.4,1.6,10.6,3.0,0.0,,0,0,0,,0,0,0,2,16,0,0,0.0,4,9,4.9,2026,20260919,9,11,-2,1,-1.9,0,5,0.5,2026,20260919,20,2026-12-19,2026,神戸,横浜FM,,,,,,,,,,,,,left_only
第２０節第１日,j1_2026_12191600_川崎F_柏,2026-12-19 16:00:00,Ｕ等々力,川崎Ｆ,柏,,,5.7,9.26,0.0,0.5625,5.7015,4.4822,0.0,0.2195,0.0,4.0,43.9,hit,conditions_v2,partial,home_base_to_opponent_base_proxy,2026-12-13 15:00:00,2026-12-16 19:00:00,145.0,69.0,1,2,1,3,0,0,False,False,[],[],0.0,0.0,,,,,,,5.7,9.26,,,False,False,False,22.2,6.5,,,,,,,,,,,,,,True,,acquisition_unknown,unknown_no_adjustment,17.0,6.3,10.9,1.9,501.6,81.6,12.4,57.5,15.0,61.9,14.8,10.8,44.7,50.6,16.0,15.8,34.6,11.8,113.0,118.0,55.0,34.0,27.0,31.0,64.0,13.1,5.0,1.3,23.4,15.3,57.0,16.3,2.6,9.6,1.3,8.8,1.0,0.0,14.1,5.3,13.1,1.9,628.4,85.1,14.8,39.4,18.9,54.5,16.4,9.6,47.2,58.2,16.9,16.7,31.3,10.8,118.0,108.0,50.0,30.0,27.0,40.0,62.0,11.1,3.6,1.4,18.4,16.0,67.9,16.1,1.1,8.3,1.1,6.7,1.0,0.0,,0,0,0,,0,0,0,7,12,3,3,3.3,0,6,0.6000000000000001,2026,20260919,3,15,0,0,0.0,-2,3,-1.7,2026,20260919,20,2026-12-19,2026,川崎F,柏,0.016667,0.0,0.020833,1.0,,,,,,,,,left_only
第２０節第１日,j1_2026_12191600_G大阪_町田,2026-12-19 16:00:00,パナスタ,Ｇ大阪,町田,,,1.12,10.06,0.5625,0.5625,0.5623,3.674,0.0,1.8245,0.0,4.0,364.9,hit,conditions_v2,partial,home_base_to_opponent_base_proxy,2026-12-16 19:00:00,2026-12-16 19:00:00,69.0,69.0,2,1,3,3,0,0,False,False,[],[],0.0,0.0,,,,,,,1.12,10.06,,,False,False,False,22.2,6.5,,,,,,,,,,,,,,True,,acquisition_unknown,unknown_no_adjustment,13.4,4.0,8.5,1.1,502.1,81.1,13.3,51.6,12.4,41.4,13.3,10.1,45.5,55.4,10.3,18.7,37.9,8.5,111.0,92.0,30.0,28.0,34.0,31.0,39.0,16.4,6.6,1.9,24.7,17.7,66.9,16.4,1.4,13.0,1.8,13.0,1.0,0.0,13.1,4.8,20.7,2.7,462.4,79.3,11.1,51.3,10.0,55.7,18.0,16.7,59.4,50.7,9.7,17.1,34.0,11.8,115.0,108.0,37.0,36.0,33.0,30.0,52.0,11.6,2.6,0.9,21.3,15.7,72.7,17.1,1.1,7.4,1.0,7.4,1.0,0.0,,0,0,0,,0,0,0,15,6,-2,0,-2.0,-3,1,-2.9,2026,20260919,1,17,0,1,0.1,2,7,2.7,2026,20260919,20,2026-12-19,2026,G大阪,町田,0.0,0.0,0.0,1.0,,,,,,,,,left_only
第２１節第１日,j1_2026_02130000_鹿島_水戸,2027-02-13 00:00:00,メルスタ,鹿島,水戸,,,1.68,4.22,0.25,0.0,1.4282,0.0,0.0,0.2215,0.0,4.0,44.3,hit,conditions_v2,partial,home_base_to_opponent_base_proxy,2027-02-09 12:00:00,2026-12-19 14:00:00,84.0,1330.0,1,0,1,0,1,0,False,False,"[{""datetime"": ""2027-02-09T12:00:00"", ""competition"": ""acl_event"", ""minutes_played"": null, ""core_usage"": null, ""source"": ""nan"", ""event_load"": 0.0, ""participation_status"": ""scheduled"", ""minutes_status"": ""unknown"", ""rotation_status"": ""unknown"", ""extra_time_minutes"": null, ""extra_time_status"": ""unknown""}]",[],6.96,0.0,2027-02-09,,4,,medium,,8.64,4.22,,,False,False,False,22.2,6.5,,,,,,,,,,,,,,True,,acquisition_unknown,unknown_no_adjustment,16.3,4.7,12.3,2.0,593.0,81.0,10.6,48.6,16.4,53.9,18.0,18.4,51.8,56.4,16.1,14.6,37.3,13.1,113.0,123.0,55.0,36.0,31.0,34.0,68.0,10.4,3.6,1.9,24.0,14.4,65.3,16.0,1.4,7.8,1.1,6.1,1.0,0.0,12.0,3.9,13.1,1.6,424.0,79.1,7.6,60.4,7.6,47.2,10.3,14.0,49.7,44.7,9.0,13.8,31.7,9.8,118.0,100.0,37.0,29.0,34.0,29.0,46.0,15.4,5.6,1.3,31.3,13.6,68.4,22.0,1.6,11.7,1.6,11.7,,0.027,,0,0,0,,0,0,0,8,12,-4,0,-4.0,-6,0,-6.0,2026,20260919,11,9,0,0,0.0,0,4,0.4,2026,20260919,21,2027-02-13,2026,鹿島,水戸,0.0,0.0,0.0,1.0,,,,,,,,,left_only
第２１節第１日,j1_2026_02130000_町田_千葉,2027-02-13 00:00:00,Ｇスタ,町田,千葉,,,0.0,4.31,0.0,0.0,0.0,0.0,0.0,0.3095,0.0,4.0,61.9,hit,conditions_v2,partial,home_base_to_opponent_base_proxy,2026-12-19 16:00:00,2026-12-19 13:00:00,1328.0,1331.0,0,0,0,0,0,0,False,False,[],[],0.0,0.0,,,,,,,0.0,4.31,,,False,False,False,22.2,6.5,,,,,,,,,,,,,,True,,acquisition_unknown,unknown_no_adjustment,13.1,4.8,20.7,2.7,462.4,79.3,11.1,51.3,10.0,55.7,18.0,16.7,59.4,50.7,9.7,17.1,34.0,11.8,115.0,108.0,37.0,36.0,33.0,30.0,52.0,11.6,2.6,0.9,21.3,15.7,72.7,17.1,1.1,7.4,1.0,7.4,1.0,0.0,9.7,3.4,8.8,0.9,406.9,75.2,11.1,50.0,10.8,43.4,9.8,13.7,43.2,47.0,7.6,16.4,32.4,5.8,113.0,113.0,30.0,39.0,43.0,28.0,43.0,18.4,5.0,2.3,27.3,16.6,65.5,21.1,1.1,12.8,1.8,12.8,1.0,0.0,,0,0,0,,0,0,0,1,17,0,1,0.1,2,7,2.7,2026,20260919,20,4,0,1,0.1,0,4,0.4,2026,20260919,21,2027-02-13,2026,町田,千葉,,,,,,,,,,,,,left_only
第２１節第１日,j1_2026_02130000_名古屋_FC東京,2027-02-13 00:00:00,●未定●,名古屋,FC東京,,,0.0,5.22,0.0,0.0,0.0,0.0,0.0,1.2245,0.0,4.0,244.9,hit,conditions_v2,partial,home_base_to_opponent_base_proxy,2026-12-19 14:00:00,2026-12-19 14:00:00,1330.0,1330.0,0,0,0,0,0,0,False,False,[],[],0.0,0.0,,,,,,,0.0,5.22,,,False,False,False,22.2,6.5,,,,,,,,,,,,,,True,,acquisition_unknown,unknown_no_adjustment,12.4,3.9,8.0,1.0,545.4,81.0,9.6,50.7,10.1,45.1,18.9,10.7,46.6,56.7,10.3,14.8,37.6,10.0,111.0,113.0,46.0,36.0,31.0,31.0,52.0,14.1,4.8,1.9,20.7,15.6,64.2,17.3,0.9,11.5,1.6,10.7,,0.027,15.7,5.3,11.8,1.9,487.0,80.1,11.6,56.8,19.0,45.9,14.7,13.0,46.4,53.2,13.8,19.0,36.7,12.8,113.0,138.0,70.0,44.0,23.0,33.0,81.0,9.4,2.9,1.1,28.3,18.9,65.9,15.4,2.3,7.5,1.0,7.5,4.0,0.0,,0,0,0,,0,0,0,16,6,-2,0,-2.0,-8,0,-8.0,2026,20260919,5,14,1,3,1.3,0,7,0.7000000000000001,2026,20260919,21,2027-02-13,2026,名古屋,FC東京,0.11284167857142857,0.48214285714285715,0.020517107142857142,1.0,,,,,,,,,left_only
第２１節第１日,j1_2026_02130000_京都_横浜FM,2027-02-13 00:00:00,サンガＳ,京都,横浜FM,,,0.85,5.78,0.25,0.0,0.6039,0.0,0.0,1.7765,0.0,4.0,355.3,hit,conditions_v2,partial,home_base_to_opponent_base_proxy,2027-02-09 12:00:00,2026-12-19 15:00:00,84.0,1329.0,1,0,1,0,1,0,False,False,"[{""datetime"": ""2027-02-09T12:00:00"", ""competition"": ""acl_event"", ""minutes_played"": null, ""core_usage"": null, ""source"": ""nan"", ""event_load"": 0.0, ""participation_status"": ""scheduled"", ""minutes_status"": ""unknown"", ""rotation_status"": ""unknown"", ""extra_time_minutes"": null, ""extra_time_status"": ""unknown""}]",[],2.9,0.0,2027-02-09,,4,,none,,3.75,5.78,,,False,False,False,22.2,6.5,,,,,,,,,,,,,,True,,acquisition_unknown,unknown_no_adjustment,11.6,4.0,11.1,1.3,395.7,73.7,6.4,66.7,11.8,48.2,13.0,13.7,50.8,45.5,9.4,17.3,33.1,7.6,115.0,125.0,45.0,36.0,43.0,28.0,54.0,17.9,5.7,2.0,28.7,19.1,67.9,22.4,2.4,13.5,1.9,12.7,,0.027,10.6,3.3,14.9,1.6,389.9,72.6,8.7,47.5,10.4,39.7,13.8,16.7,47.0,47.7,8.6,17.6,33.7,8.3,114.0,114.0,37.0,34.0,42.0,28.0,47.0,13.0,3.7,1.3,28.0,21.4,62.7,20.6,1.9,11.4,1.6,10.6,3.0,0.0,,0,0,0,,0,0,0,17,5,-2,0,-2.0,-3,1,-2.9,2026,20260919,9,11,-2,1,-1.9,0,5,0.5,2026,20260919,21,2027-02-13,2026,京都,横浜FM,0.05,0.0,0.0625,1.0,,,,,,,,,left_only
第２１節第１日,j1_2026_02130000_C大阪_G大阪,2027-02-13 00:00:00,ヤンマー,Ｃ大阪,Ｇ大阪,,,0.0,4.63,0.0,0.25,0.0,0.288,0.0,0.092,0.0,4.0,18.4,hit,conditions_v2,partial,home_base_to_opponent_base_proxy,2026-12-19 13:00:00,2027-02-09 12:00:00,1331.0,84.0,0,1,0,1,0,1,False,False,[],"[{""datetime"": ""2027-02-09T12:00:00"", ""competition"": ""acl_event"", ""minutes_played"": null, ""core_usage"": null, ""source"": ""nan"", ""event_load"": 0.0, ""participation_status"": ""scheduled"", ""minutes_status"": ""unknown"", ""rotation_status"": ""unknown"", ""extra_time_minutes"": null, ""extra_time_status"": ""unknown""}]",0.0,8.7,,2027-02-09,,4,,long,0.0,13.329999999999998,,,False,False,False,22.2,6.5,,,,,,,,,,,,,,True,,acquisition_unknown,unknown_no_adjustment,11.4,3.6,7.5,0.9,512.7,77.8,10.4,52.1,12.8,41.1,16.6,15.3,49.3,54.9,11.3,15.1,36.7,6.8,114.0,110.0,42.0,32.0,35.0,33.0,57.0,12.6,5.0,1.6,28.3,15.7,61.8,21.6,1.7,13.6,1.9,11.1,3.0,0.0,13.4,4.0,8.5,1.1,502.1,81.1,13.3,51.6,12.4,41.4,13.3,10.1,45.5,55.4,10.3,18.7,37.9,8.5,111.0,92.0,30.0,28.0,34.0,31.0,39.0,16.4,6.6,1.9,24.7,17.7,66.9,16.4,1.4,13.0,1.8,13.0,1.0,0.0,,0,0,0,,0,0,0,10,10,-1,0,-1.0,0,4,0.4,2026,20260919,15,6,-2,0,-2.0,-3,1,-2.9,2026,20260919,21,2027-02-13,2026,C大阪,G大阪,,,,,,,,,,,,,left_only
第２１節第１日,j1_2026_02130000_広島_岡山,2027-02-13 00:00:00,Ｅピース,広島,岡山,,,0.0,4.7,0.0,0.0,0.0,0.0,0.0,0.696,0.0,4.0,139.2,hit,conditions_v2,partial,home_base_to_opponent_base_proxy,2026-12-19 14:00:00,2026-12-19 13:00:00,1330.0,1331.0,0,0,0,0,0,0,False,False,[],[],0.0,0.0,,,,,,,0.0,4.7,,,False,False,False,22.2,6.5,,,,,,,,,,,,,,True,,acquisition_unknown,unknown_no_adjustment,18.6,6.8,14.6,2.7,544.7,81.5,9.6,58.2,16.3,52.6,21.6,11.4,47.9,53.5,16.4,15.4,39.1,16.1,110.0,101.0,43.0,30.0,27.0,31.0,52.0,8.8,3.3,0.9,18.1,14.6,67.6,16.6,3.1,5.4,0.7,5.4,3.0,0.0,15.6,3.6,9.2,1.4,375.7,71.9,10.1,54.9,13.8,45.4,19.6,17.6,49.0,44.4,13.3,16.0,34.4,9.7,114.0,123.0,49.0,41.0,32.0,25.0,58.0,8.6,2.4,1.1,25.4,15.7,66.4,18.1,2.6,6.8,0.9,6.0,2.0,0.0,,0,0,0,,0,0,0,4,14,1,3,1.3,0,6,0.6000000000000001,2026,20260919,6,13,2,3,2.3,7,9,7.9,2026,20260919,21,2027-02-13,2026,広島,岡山,0.025806,0.0,0.032258,1.0,,,,,,,,,left_only
第２１節第１日,j1_2026_02130000_長崎_福岡,2027-02-13 00:00:00,ピースタ,長崎,福岡,,,0.0,4.54,0.0,0.0,0.0,0.0,0.0,0.537,0.0,4.0,107.4,hit,conditions_v2,partial,home_base_to_opponent_base_proxy,2026-12-19 14:30:00,2026-12-19 14:30:00,1329.5,1329.5,0,0,0,0,0,0,False,False,[],[],0.0,0.0,,,,,,,0.0,4.54,,,False,False,False,22.2,6.5,,,,,,,,,,,,,,True,,acquisition_unknown,unknown_no_adjustment,10.4,3.9,12.3,1.3,429.1,78.7,8.6,46.7,8.6,53.3,9.1,11.8,53.2,44.5,8.7,12.7,32.1,6.8,115.0,115.0,38.0,36.0,40.0,26.0,46.0,13.7,4.7,2.0,31.3,13.4,64.9,21.4,2.0,9.3,1.3,9.3,1.0,0.0,13.7,5.1,9.4,1.3,372.0,73.2,12.4,50.6,7.6,47.2,13.8,23.9,53.7,45.0,10.8,15.3,33.4,9.1,116.0,103.0,37.0,36.0,29.0,27.0,44.0,11.1,4.0,1.6,19.9,13.8,64.9,16.0,1.1,7.6,1.0,7.6,1.0,0.0,,0,0,0,,0,0,0,14,7,4,3,4.3,4,4,4.4,2026,20260919,18,4,-2,0,-2.0,-3,1,-2.9,2026,20260919,21,2027-02-13,2026,長崎,福岡,,,,,,,,,,,,,left_only
第２１節第２日,j1_2026_02140000_東京V_浦和,2027-02-14 00:00:00,MUFG国立,東京Ｖ,浦和,,,0.0,4.13,0.0,0.0,0.0,0.0,0.0,0.1265,0.0,4.0,25.3,hit,conditions_v2,partial,home_base_to_opponent_base_proxy,2026-12-19 15:00:00,2026-12-19 14:30:00,1353.0,1353.5,0,0,0,0,0,0,False,False,[],[],0.0,0.0,,,,,,,0.0,4.13,,,False,False,False,22.2,6.5,,,,,,,,,,,,,,True,,acquisition_unknown,unknown_no_adjustment,9.4,2.6,4.5,0.4,393.1,75.1,9.8,40.6,9.0,39.7,9.0,17.0,48.6,43.4,8.1,16.6,28.7,6.7,116.0,127.0,41.0,43.0,43.0,28.0,52.0,15.7,4.7,1.3,28.9,17.7,71.0,20.6,1.0,11.3,1.6,11.3,2.0,0.0,14.4,4.3,12.9,1.9,428.6,76.1,12.1,51.8,11.7,54.9,12.4,19.9,51.1,52.3,11.7,16.6,36.0,10.0,114.0,124.0,46.0,41.0,35.0,30.0,58.0,14.1,6.1,2.4,26.3,15.0,68.6,19.0,1.4,10.5,1.5,10.5,1.0,0.0,,0,0,0,,0,0,0,19,4,0,1,0.1,0,2,0.2,2026,20260919,12,9,0,0,0.0,5,6,5.6,2026,20260919,21,2027-02-14,2026,東京V,浦和,0.083333,0.0,0.10416700000000001,2.0,,,,,,,,,left_only
第２２節第１日,j1_2026_02200000_水戸_柏,2027-02-20 00:00:00,水戸信ス,水戸,柏,,,1.48,5.29,0.0,0.25,1.4775,0.6984,0.0,0.3385,0.0,4.0,67.7,hit,conditions_v2,partial,home_base_to_opponent_base_proxy,2027-02-13 00:00:00,2027-02-16 12:00:00,168.0,84.0,1,2,1,3,0,2,False,False,[],"[{""datetime"": ""2027-02-10T12:00:00"", ""competition"": ""acl_event"", ""minutes_played"": null, ""core_usage"": null, ""source"": ""nan"", ""event_load"": 0.0, ""participation_status"": ""scheduled"", ""minutes_status"": ""unknown"", ""rotation_status"": ""unknown"", ""extra_time_minutes"": null, ""extra_time_status"": ""unknown""}, {""datetime"": ""2027-02-16T12:00:00"", ""competition"": ""acl_event"", ""minutes_played"": null, ""core_usage"": null, ""source"": ""nan"", ""event_load"": 0.0, ""participation_status"": ""scheduled"", ""minutes_status"": ""unknown"", ""rotation_status"": ""unknown"", ""extra_time_minutes"": null, ""extra_time_status"": ""unknown""}]",0.0,5.22,,2027-02-16,,4,,short,1.48,10.51,,,False,False,False,22.2,6.5,,,,,,,,,,,,,,True,,acquisition_unknown,unknown_no_adjustment,12.0,3.9,13.1,1.6,424.0,79.1,7.6,60.4,7.6,47.2,10.3,14.0,49.7,44.7,9.0,13.8,31.7,9.8,118.0,100.0,37.0,29.0,34.0,29.0,46.0,15.4,5.6,1.3,31.3,13.6,68.4,22.0,1.6,11.7,1.6,11.7,,0.027,14.1,5.3,13.1,1.9,628.4,85.1,14.8,39.4,18.9,54.5,16.4,9.6,47.2,58.2,16.9,16.7,31.3,10.8,118.0,108.0,50.0,30.0,27.0,40.0,62.0,11.1,3.6,1.4,18.4,16.0,67.9,16.1,1.1,8.3,1.1,6.7,1.0,0.0,,0,0,0,,0,0,0,11,9,0,0,0.0,0,4,0.4,2026,20260919,3,15,0,0,0.0,-2,3,-1.7,2026,20260919,22,2027-02-20,2026,水戸,柏,,,,,,,,,,,,,left_only
第２２節第１日,j1_2026_02200000_千葉_川崎F,2027-02-20 00:00:00,フクアリ,千葉,川崎Ｆ,,,1.51,6.34,0.0,0.0,1.5083,2.1278,0.0,0.213,0.0,4.0,42.6,hit,conditions_v2,partial,home_base_to_opponent_base_proxy,2027-02-13 00:00:00,2027-02-13 00:00:00,168.0,168.0,1,1,1,1,0,0,False,False,[],[],0.0,0.0,,,,,,,1.51,6.34,,,False,False,False,22.2,6.5,,,,,,,,,,,,,,True,,acquisition_unknown,unknown_no_adjustment,9.7,3.4,8.8,0.9,406.9,75.2,11.1,50.0,10.8,43.4,9.8,13.7,43.2,47.0,7.6,16.4,32.4,5.8,113.0,113.0,30.0,39.0,43.0,28.0,43.0,18.4,5.0,2.3,27.3,16.6,65.5,21.1,1.1,12.8,1.8,12.8,1.0,0.0,17.0,6.3,10.9,1.9,501.6,81.6,12.4,57.5,15.0,61.9,14.8,10.8,44.7,50.6,16.0,15.8,34.6,11.8,113.0,118.0,55.0,34.0,27.0,31.0,64.0,13.1,5.0,1.3,23.4,15.3,57.0,16.3,2.6,9.6,1.3,8.8,1.0,0.0,,0,0,0,,0,0,0,20,4,0,1,0.1,0,4,0.4,2026,20260919,7,12,3,3,3.3,0,6,0.6000000000000001,2026,20260919,22,2027-02-20,2026,千葉,川崎F,,,,,,,,,,,,,left_only
第２２節第１日,j1_2026_02200000_FC東京_長崎,2027-02-20 00:00:00,MUFG国立,FC東京,長崎,,,1.83,8.72,0.0,0.0,1.8286,0.0,0.0,4.7245,0.0,4.0,944.9,hit,conditions_v2,partial,home_base_to_opponent_base_proxy,2027-02-13 00:00:00,2027-02-13 00:00:00,168.0,168.0,1,1,1,1,0,0,False,False,[],[],0.0,0.0,,,,,,,1.83,8.72,,,False,False,False,22.2,6.5,,,,,,,,,,,,,,True,,acquisition_unknown,unknown_no_adjustment,15.7,5.3,11.8,1.9,487.0,80.1,11.6,56.8,19.0,45.9,14.7,13.0,46.4,53.2,13.8,19.0,36.7,12.8,113.0,138.0,70.0,44.0,23.0,33.0,81.0,9.4,2.9,1.1,28.3,18.9,65.9,15.4,2.3,7.5,1.0,7.5,4.0,0.0,10.4,3.9,12.3,1.3,429.1,78.7,8.6,46.7,8.6,53.3,9.1,11.8,53.2,44.5,8.7,12.7,32.1,6.8,115.0,115.0,38.0,36.0,40.0,26.0,46.0,13.7,4.7,2.0,31.3,13.4,64.9,21.4,2.0,9.3,1.3,9.3,1.0,0.0,,0,0,0,,0,0,0,5,14,1,3,1.3,0,7,0.7000000000000001,2026,20260919,14,7,4,3,4.3,4,4,4.4,2026,20260919,22,2027-02-20,2026,FC東京,長崎,,,,,,,,,,,,,left_only
第２２節第１日,j1_2026_02200000_横浜FM_町田,2027-02-20 00:00:00,日産ス,横浜FM,町田,,,2.02,4.08,0.0,0.0,2.0218,0.0,0.0,0.075,0.0,4.0,15.0,hit,conditions_v2,partial,home_base_to_opponent_base_proxy,2027-02-13 00:00:00,2027-02-13 00:00:00,168.0,168.0,1,1,1,1,0,0,False,False,[],[],0.0,0.0,,,,,,,2.02,4.08,,,False,False,False,22.2,6.5,,,,,,,,,,,,,,True,,acquisition_unknown,unknown_no_adjustment,10.6,3.3,14.9,1.6,389.9,72.6,8.7,47.5,10.4,39.7,13.8,16.7,47.0,47.7,8.6,17.6,33.7,8.3,114.0,114.0,37.0,34.0,42.0,28.0,47.0,13.0,3.7,1.3,28.0,21.4,62.7,20.6,1.9,11.4,1.6,10.6,3.0,0.0,13.1,4.8,20.7,2.7,462.4,79.3,11.1,51.3,10.0,55.7,18.0,16.7,59.4,50.7,9.7,17.1,34.0,11.8,115.0,108.0,37.0,36.0,33.0,30.0,52.0,11.6,2.6,0.9,21.3,15.7,72.7,17.1,1.1,7.4,1.0,7.4,1.0,0.0,,0,0,0,,0,0,0,9,11,-2,1,-1.9,0,5,0.5,2026,20260919,1,17,0,1,0.1,2,7,2.7,2026,20260919,22,2027-02-20,2026,横浜FM,町田,,,,,,,,,,,,,left_only
第２２節第１日,j1_2026_02200000_C大阪_神戸,2027-02-20 00:00:00,ハナサカ,Ｃ大阪,神戸,,,0.0,4.84,0.0,0.25,0.0,0.4415,0.0,0.1475,0.0,4.0,29.5,hit,conditions_v2,partial,home_base_to_opponent_base_proxy,2027-02-13 00:00:00,2027-02-16 12:00:00,168.0,84.0,1,2,1,3,0,2,False,False,[],"[{""datetime"": ""2027-02-10T12:00:00"", ""competition"": ""acl_event"", ""minutes_played"": null, ""core_usage"": null, ""source"": ""nan"", ""event_load"": 0.0, ""participation_status"": ""scheduled"", ""minutes_status"": ""unknown"", ""rotation_status"": ""unknown"", ""extra_time_minutes"": null, ""extra_time_status"": ""unknown""}, {""datetime"": ""2027-02-16T12:00:00"", ""competition"": ""acl_event"", ""minutes_played"": null, ""core_usage"": null, ""source"": ""nan"", ""event_load"": 0.0, ""participation_status"": ""scheduled"", ""minutes_status"": ""unknown"", ""rotation_status"": ""unknown"", ""extra_time_minutes"": null, ""extra_time_status"": ""unknown""}]",0.0,8.7,,2027-02-16,,4,,long,0.0,13.54,,,False,False,False,22.2,6.5,,,,,,,,,,,,,,True,,acquisition_unknown,unknown_no_adjustment,11.4,3.6,7.5,0.9,512.7,77.8,10.4,52.1,12.8,41.1,16.6,15.3,49.3,54.9,11.3,15.1,36.7,6.8,114.0,110.0,42.0,32.0,35.0,33.0,57.0,12.6,5.0,1.6,28.3,15.7,61.8,21.6,1.7,13.6,1.9,11.1,3.0,0.0,11.0,4.3,14.3,1.6,439.0,74.0,9.3,49.2,12.1,41.2,18.0,23.4,52.9,51.3,8.0,16.6,39.6,11.1,114.0,133.0,48.0,33.0,51.0,29.0,52.0,10.8,2.1,0.7,22.4,17.6,68.3,17.6,1.7,7.6,1.0,7.6,3.0,0.0,,0,0,0,,0,0,0,10,10,-1,0,-1.0,0,4,0.4,2026,20260919,2,16,0,0,0.0,4,9,4.9,2026,20260919,22,2027-02-20,2026,C大阪,神戸,,,,,,,,,,,,,left_only
第２２節第１日,j1_2026_02200000_岡山_G大阪,2027-02-20 00:00:00,ＪＦＥス,岡山,Ｇ大阪,,,1.64,5.92,0.0,0.25,1.6436,0.926,0.0,0.74,0.0,4.0,148.0,hit,conditions_v2,partial,home_base_to_opponent_base_proxy,2027-02-13 00:00:00,2027-02-16 12:00:00,168.0,84.0,1,2,1,3,0,2,False,False,[],"[{""datetime"": ""2027-02-09T12:00:00"", ""competition"": ""acl_event"", ""minutes_played"": null, ""core_usage"": null, ""source"": ""nan"", ""event_load"": 0.0, ""participation_status"": ""scheduled"", ""minutes_status"": ""unknown"", ""rotation_status"": ""unknown"", ""extra_time_minutes"": null, ""extra_time_status"": ""unknown""}, {""datetime"": ""2027-02-16T12:00:00"", ""competition"": ""acl_event"", ""minutes_played"": null, ""core_usage"": null, ""source"": ""nan"", ""event_load"": 0.0, ""participation_status"": ""scheduled"", ""minutes_status"": ""unknown"", ""rotation_status"": ""unknown"", ""extra_time_minutes"": null, ""extra_time_status"": ""unknown""}]",0.0,2.9,,2027-02-16,,4,,none,1.64,8.82,,,False,False,False,22.2,6.5,,,,,,,,,,,,,,True,,acquisition_unknown,unknown_no_adjustment,15.6,3.6,9.2,1.4,375.7,71.9,10.1,54.9,13.8,45.4,19.6,17.6,49.0,44.4,13.3,16.0,34.4,9.7,114.0,123.0,49.0,41.0,32.0,25.0,58.0,8.6,2.4,1.1,25.4,15.7,66.4,18.1,2.6,6.8,0.9,6.0,2.0,0.0,13.4,4.0,8.5,1.1,502.1,81.1,13.3,51.6,12.4,41.4,13.3,10.1,45.5,55.4,10.3,18.7,37.9,8.5,111.0,92.0,30.0,28.0,34.0,31.0,39.0,16.4,6.6,1.9,24.7,17.7,66.9,16.4,1.4,13.0,1.8,13.0,1.0,0.0,,0,0,0,,0,0,0,6,13,2,3,2.3,7,9,7.9,2026,20260919,15,6,-2,0,-2.0,-3,1,-2.9,2026,20260919,22,2027-02-20,2026,岡山,G大阪,,,,,,,,,,,,,left_only
第２３節第１日,j1_2026_02270000_水戸_神戸,2027-02-27 00:00:00,水戸信ス,水戸,神戸,,,1.36,8.47,0.0,0.0,1.3614,1.9144,0.0,2.5515,0.0,4.0,510.3,hit,conditions_v2,partial,home_base_to_opponent_base_proxy,2027-02-20 00:00:00,2027-02-20 00:00:00,168.0,168.0,1,1,2,3,0,1,False,False,[],"[{""datetime"": ""2027-02-16T12:00:00"", ""competition"": ""acl_event"", ""minutes_played"": null, ""core_usage"": null, ""source"": ""nan"", ""event_load"": 0.0, ""participation_status"": ""scheduled"", ""minutes_status"": ""unknown"", ""rotation_status"": ""unknown"", ""extra_time_minutes"": null, ""extra_time_status"": ""unknown""}]",0.0,7.395,,2027-02-16,,11,,long,1.36,15.865,,,False,False,False,22.2,6.5,,,,,,,,,,,,,,True,,acquisition_unknown,unknown_no_adjustment,12.0,3.9,13.1,1.6,424.0,79.1,7.6,60.4,7.6,47.2,10.3,14.0,49.7,44.7,9.0,13.8,31.7,9.8,118.0,100.0,37.0,29.0,34.0,29.0,46.0,15.4,5.6,1.3,31.3,13.6,68.4,22.0,1.6,11.7,1.6,11.7,,0.027,11.0,4.3,14.3,1.6,439.0,74.0,9.3,49.2,12.1,41.2,18.0,23.4,52.9,51.3,8.0,16.6,39.6,11.1,114.0,133.0,48.0,33.0,51.0,29.0,52.0,10.8,2.1,0.7,22.4,17.6,68.3,17.6,1.7,7.6,1.0,7.6,3.0,0.0,,0,0,0,,0,0,0,11,9,0,0,0.0,0,4,0.4,2026,20260919,2,16,0,0,0.0,4,9,4.9,2026,20260919,23,2027-02-27,2026,水戸,神戸,,,,,,,,,,,,,left_only
第２３節第１日,j1_2026_02270000_千葉_FC東京,2027-02-27 00:00:00,フクアリ,千葉,FC東京,,,1.39,5.96,0.0,0.0,1.3898,1.6849,0.0,0.2735,0.0,4.0,54.7,hit,conditions_v2,partial,home_base_to_opponent_base_proxy,2027-02-20 00:00:00,2027-02-20 00:00:00,168.0,168.0,1,1,2,2,0,0,False,False,[],[],0.0,0.0,,,,,,,1.39,5.96,,,False,False,False,22.2,6.5,,,,,,,,,,,,,,True,,acquisition_unknown,unknown_no_adjustment,9.7,3.4,8.8,0.9,406.9,75.2,11.1,50.0,10.8,43.4,9.8,13.7,43.2,47.0,7.6,16.4,32.4,5.8,113.0,113.0,30.0,39.0,43.0,28.0,43.0,18.4,5.0,2.3,27.3,16.6,65.5,21.1,1.1,12.8,1.8,12.8,1.0,0.0,15.7,5.3,11.8,1.9,487.0,80.1,11.6,56.8,19.0,45.9,14.7,13.0,46.4,53.2,13.8,19.0,36.7,12.8,113.0,138.0,70.0,44.0,23.0,33.0,81.0,9.4,2.9,1.1,28.3,18.9,65.9,15.4,2.3,7.5,1.0,7.5,4.0,0.0,,0,0,0,,0,0,0,20,4,0,1,0.1,0,4,0.4,2026,20260919,5,14,1,3,1.3,0,7,0.7000000000000001,2026,20260919,23,2027-02-27,2026,千葉,FC東京,,,,,,,,,,,,,left_only
第２３節第１日,j1_2026_02270000_川崎F_町田,2027-02-27 00:00:00,MUFG国立,川崎Ｆ,町田,,,3.44,5.51,0.0,0.0,3.4352,1.4263,0.0,0.0855,0.0,4.0,17.1,hit,conditions_v2,partial,home_base_to_opponent_base_proxy,2027-02-20 00:00:00,2027-02-20 00:00:00,168.0,168.0,1,1,2,2,0,0,False,False,[],[],0.0,0.0,,,,,,,3.44,5.51,,,False,False,False,22.2,6.5,,,,,,,,,,,,,,True,,acquisition_unknown,unknown_no_adjustment,17.0,6.3,10.9,1.9,501.6,81.6,12.4,57.5,15.0,61.9,14.8,10.8,44.7,50.6,16.0,15.8,34.6,11.8,113.0,118.0,55.0,34.0,27.0,31.0,64.0,13.1,5.0,1.3,23.4,15.3,57.0,16.3,2.6,9.6,1.3,8.8,1.0,0.0,13.1,4.8,20.7,2.7,462.4,79.3,11.1,51.3,10.0,55.7,18.0,16.7,59.4,50.7,9.7,17.1,34.0,11.8,115.0,108.0,37.0,36.0,33.0,30.0,52.0,11.6,2.6,0.9,21.3,15.7,72.7,17.1,1.1,7.4,1.0,7.4,1.0,0.0,,0,0,0,,0,0,0,7,12,3,3,3.3,0,6,0.6000000000000001,2026,20260919,1,17,0,1,0.1,2,7,2.7,2026,20260919,23,2027-02-27,2026,川崎F,町田,,,,,,,,,,,,,left_only
第２３節第１日,j1_2026_02270000_横浜FM_C大阪,2027-02-27 00:00:00,日産ス,横浜FM,Ｃ大阪,,,1.86,5.93,0.0,0.0,1.8629,0.0,0.0,1.927,0.0,4.0,385.4,hit,conditions_v2,partial,home_base_to_opponent_base_proxy,2027-02-20 00:00:00,2027-02-20 00:00:00,168.0,168.0,1,1,2,2,0,0,False,False,[],[],0.0,0.0,,,,,,,1.86,5.93,,,False,False,False,22.2,6.5,,,,,,,,,,,,,,True,,acquisition_unknown,unknown_no_adjustment,10.6,3.3,14.9,1.6,389.9,72.6,8.7,47.5,10.4,39.7,13.8,16.7,47.0,47.7,8.6,17.6,33.7,8.3,114.0,114.0,37.0,34.0,42.0,28.0,47.0,13.0,3.7,1.3,28.0,21.4,62.7,20.6,1.9,11.4,1.6,10.6,3.0,0.0,11.4,3.6,7.5,0.9,512.7,77.8,10.4,52.1,12.8,41.1,16.6,15.3,49.3,54.9,11.3,15.1,36.7,6.8,114.0,110.0,42.0,32.0,35.0,33.0,57.0,12.6,5.0,1.6,28.3,15.7,61.8,21.6,1.7,13.6,1.9,11.1,3.0,0.0,,0,0,0,,0,0,0,9,11,-2,1,-1.9,0,5,0.5,2026,20260919,10,10,-1,0,-1.0,0,4,0.4,2026,20260919,23,2027-02-27,2026,横浜FM,C大阪,,,,,,,,,,,,,left_only
第２３節第１日,j1_2026_02270000_名古屋_浦和,2027-02-27 00:00:00,●未定●,名古屋,浦和,,,2.5,6.64,0.0,0.0,2.496,1.3308,0.0,1.3095,0.0,4.0,261.9,hit,conditions_v2,partial,home_base_to_opponent_base_proxy,2027-02-20 00:00:00,2027-02-20 00:00:00,168.0,168.0,1,1,2,2,0,0,False,False,[],[],0.0,0.0,,,,,,,2.5,6.64,,,False,False,False,22.2,6.5,,,,,,,,,,,,,,True,,acquisition_unknown,unknown_no_adjustment,12.4,3.9,8.0,1.0,545.4,81.0,9.6,50.7,10.1,45.1,18.9,10.7,46.6,56.7,10.3,14.8,37.6,10.0,111.0,113.0,46.0,36.0,31.0,31.0,52.0,14.1,4.8,1.9,20.7,15.6,64.2,17.3,0.9,11.5,1.6,10.7,,0.027,14.4,4.3,12.9,1.9,428.6,76.1,12.1,51.8,11.7,54.9,12.4,19.9,51.1,52.3,11.7,16.6,36.0,10.0,114.0,124.0,46.0,41.0,35.0,30.0,58.0,14.1,6.1,2.4,26.3,15.0,68.6,19.0,1.4,10.5,1.5,10.5,1.0,0.0,,0,0,0,,0,0,0,16,6,-2,0,-2.0,-8,0,-8.0,2026,20260919,12,9,0,0,0.0,5,6,5.6,2026,20260919,23,2027-02-27,2026,名古屋,浦和,0.08358642857142858,0.35714285714285715,0.015197857142857143,1.0,,,,,,,,,left_only
第２３節第１日,j1_2026_02270000_G大阪_福岡,2027-02-27 00:00:00,パナスタ,Ｇ大阪,福岡,,,2.53,7.94,0.0,0.0,2.5336,1.4632,0.0,2.481,0.0,4.0,496.2,hit,conditions_v2,partial,home_base_to_opponent_base_proxy,2027-02-20 00:00:00,2027-02-20 00:00:00,168.0,168.0,1,1,3,2,1,0,False,False,"[{""datetime"": ""2027-02-16T12:00:00"", ""competition"": ""acl_event"", ""minutes_played"": null, ""core_usage"": null, ""source"": ""nan"", ""event_load"": 0.0, ""participation_status"": ""scheduled"", ""minutes_status"": ""unknown"", ""rotation_status"": ""unknown"", ""extra_time_minutes"": null, ""extra_time_status"": ""unknown""}]",[],2.465,0.0,2027-02-16,,11,,none,,4.994999999999999,7.94,,,False,False,False,22.2,6.5,,,,,,,,,,,,,,True,,acquisition_unknown,unknown_no_adjustment,13.4,4.0,8.5,1.1,502.1,81.1,13.3,51.6,12.4,41.4,13.3,10.1,45.5,55.4,10.3,18.7,37.9,8.5,111.0,92.0,30.0,28.0,34.0,31.0,39.0,16.4,6.6,1.9,24.7,17.7,66.9,16.4,1.4,13.0,1.8,13.0,1.0,0.0,13.7,5.1,9.4,1.3,372.0,73.2,12.4,50.6,7.6,47.2,13.8,23.9,53.7,45.0,10.8,15.3,33.4,9.1,116.0,103.0,37.0,36.0,29.0,27.0,44.0,11.1,4.0,1.6,19.9,13.8,64.9,16.0,1.1,7.6,1.0,7.6,1.0,0.0,,0,0,0,,0,0,0,15,6,-2,0,-2.0,-3,1,-2.9,2026,20260919,18,4,-2,0,-2.0,-3,1,-2.9,2026,20260919,23,2027-02-27,2026,G大阪,福岡,,,,,,,,,,,,,left_only
第２３節第１日,j1_2026_02270000_長崎_柏,2027-02-27 00:00:00,ピースタ,長崎,柏,,,3.05,11.15,0.0,0.0,3.0536,2.1996,0.0,4.9485,0.0,4.0,989.7,hit,conditions_v2,partial,home_base_to_opponent_base_proxy,2027-02-20 00:00:00,2027-02-20 00:00:00,168.0,168.0,1,1,2,3,0,1,False,False,[],"[{""datetime"": ""2027-02-16T12:00:00"", ""competition"": ""acl_event"", ""minutes_played"": null, ""core_usage"": null, ""source"": ""nan"", ""event_load"": 0.0, ""participation_status"": ""scheduled"", ""minutes_status"": ""unknown"", ""rotation_status"": ""unknown"", ""extra_time_minutes"": null, ""extra_time_status"": ""unknown""}]",0.0,4.436999999999999,,2027-02-16,,11,,short,3.05,15.587,,,False,False,False,22.2,6.5,,,,,,,,,,,,,,True,,acquisition_unknown,unknown_no_adjustment,10.4,3.9,12.3,1.3,429.1,78.7,8.6,46.7,8.6,53.3,9.1,11.8,53.2,44.5,8.7,12.7,32.1,6.8,115.0,115.0,38.0,36.0,40.0,26.0,46.0,13.7,4.7,2.0,31.3,13.4,64.9,21.4,2.0,9.3,1.3,9.3,1.0,0.0,14.1,5.3,13.1,1.9,628.4,85.1,14.8,39.4,18.9,54.5,16.4,9.6,47.2,58.2,16.9,16.7,31.3,10.8,118.0,108.0,50.0,30.0,27.0,40.0,62.0,11.1,3.6,1.4,18.4,16.0,67.9,16.1,1.1,8.3,1.1,6.7,1.0,0.0,,0,0,0,,0,0,0,14,7,4,3,4.3,4,4,4.4,2026,20260919,3,15,0,0,0.0,-2,3,-1.7,2026,20260919,23,2027-02-27,2026,長崎,柏,,,,,,,,,,,,,left_only
第２４節第１日,j1_2026_03060000_鹿島_千葉,2027-03-06 00:00:00,メルスタ,鹿島,千葉,,,4.18,5.55,0.0,0.0,4.1803,1.219,0.0,0.328,0.0,4.0,65.6,hit,conditions_v2,partial,home_base_to_opponent_base_proxy,2027-02-27 00:00:00,2027-02-27 00:00:00,168.0,168.0,1,1,2,2,0,0,False,False,[],[],0.0,0.0,,,,,,,4.18,5.55,,,False,False,False,22.2,6.5,,,,,,,,,,,,,,True,,acquisition_unknown,unknown_no_adjustment,16.3,4.7,12.3,2.0,593.0,81.0,10.6,48.6,16.4,53.9,18.0,18.4,51.8,56.4,16.1,14.6,37.3,13.1,113.0,123.0,55.0,36.0,31.0,34.0,68.0,10.4,3.6,1.9,24.0,14.4,65.3,16.0,1.4,7.8,1.1,6.1,1.0,0.0,9.7,3.4,8.8,0.9,406.9,75.2,11.1,50.0,10.8,43.4,9.8,13.7,43.2,47.0,7.6,16.4,32.4,5.8,113.0,113.0,30.0,39.0,43.0,28.0,43.0,18.4,5.0,2.3,27.3,16.6,65.5,21.1,1.1,12.8,1.8,12.8,1.0,0.0,,0,0,0,,0,0,0,8,12,-4,0,-4.0,-6,0,-6.0,2026,20260919,20,4,0,1,0.1,0,4,0.4,2026,20260919,24,2027-03-06,2026,鹿島,千葉,,,,,,,,,,,,,left_only
第２４節第１日,j1_2026_03060000_東京V_横浜FM,2027-03-06 00:00:00,MUFG国立,東京Ｖ,横浜FM,,,4.37,5.73,0.0,0.0,4.3693,1.634,0.0,0.093,0.0,4.0,18.6,hit,conditions_v2,partial,home_base_to_opponent_base_proxy,2027-02-27 00:00:00,2027-02-27 00:00:00,168.0,168.0,1,1,2,2,0,0,False,False,[],[],0.0,0.0,,,,,,,4.37,5.73,,,False,False,False,22.2,6.5,,,,,,,,,,,,,,True,,acquisition_unknown,unknown_no_adjustment,9.4,2.6,4.5,0.4,393.1,75.1,9.8,40.6,9.0,39.7,9.0,17.0,48.6,43.4,8.1,16.6,28.7,6.7,116.0,127.0,41.0,43.0,43.0,28.0,52.0,15.7,4.7,1.3,28.9,17.7,71.0,20.6,1.0,11.3,1.6,11.3,2.0,0.0,10.6,3.3,14.9,1.6,389.9,72.6,8.7,47.5,10.4,39.7,13.8,16.7,47.0,47.7,8.6,17.6,33.7,8.3,114.0,114.0,37.0,34.0,42.0,28.0,47.0,13.0,3.7,1.3,28.0,21.4,62.7,20.6,1.9,11.4,1.6,10.6,3.0,0.0,,0,0,0,,0,0,0,19,4,0,1,0.1,0,2,0.2,2026,20260919,9,11,-2,1,-1.9,0,5,0.5,2026,20260919,24,2027-03-06,2026,東京V,横浜FM,0.083333,0.0,0.10416700000000001,2.0,,,,,,,,,left_only
第２４節第１日,j1_2026_03060000_川崎F_浦和,2027-03-06 00:00:00,Ｕ等々力,川崎Ｆ,浦和,,,3.08,7.19,0.0,0.0,3.0784,3.0256,0.0,0.16,0.0,4.0,32.0,hit,conditions_v2,partial,home_base_to_opponent_base_proxy,2027-02-27 00:00:00,2027-02-27 00:00:00,168.0,168.0,1,1,2,2,0,0,False,False,[],[],0.0,0.0,,,,,,,3.08,7.19,,,False,False,False,22.2,6.5,,,,,,,,,,,,,,True,,acquisition_unknown,unknown_no_adjustment,17.0,6.3,10.9,1.9,501.6,81.6,12.4,57.5,15.0,61.9,14.8,10.8,44.7,50.6,16.0,15.8,34.6,11.8,113.0,118.0,55.0,34.0,27.0,31.0,64.0,13.1,5.0,1.3,23.4,15.3,57.0,16.3,2.6,9.6,1.3,8.8,1.0,0.0,14.4,4.3,12.9,1.9,428.6,76.1,12.1,51.8,11.7,54.9,12.4,19.9,51.1,52.3,11.7,16.6,36.0,10.0,114.0,124.0,46.0,41.0,35.0,30.0,58.0,14.1,6.1,2.4,26.3,15.0,68.6,19.0,1.4,10.5,1.5,10.5,1.0,0.0,,0,0,0,,0,0,0,7,12,3,3,3.3,0,6,0.6000000000000001,2026,20260919,12,9,0,0,0.0,5,6,5.6,2026,20260919,24,2027-03-06,2026,川崎F,浦和,,,,,,,,,,,,,left_only
第２４節第１日,j1_2026_03060000_京都_FC東京,2027-03-06 00:00:00,サンガＳ,京都,FC東京,,,1.84,8.73,0.0,0.0,1.8439,2.9736,0.0,1.754,0.0,4.0,350.8,hit,conditions_v2,partial,home_base_to_opponent_base_proxy,2027-02-27 00:00:00,2027-02-27 00:00:00,168.0,168.0,1,1,2,2,0,0,False,False,[],[],0.0,0.0,,,,,,,1.84,8.73,,,False,False,False,22.2,6.5,,,,,,,,,,,,,,True,,acquisition_unknown,unknown_no_adjustment,11.6,4.0,11.1,1.3,395.7,73.7,6.4,66.7,11.8,48.2,13.0,13.7,50.8,45.5,9.4,17.3,33.1,7.6,115.0,125.0,45.0,36.0,43.0,28.0,54.0,17.9,5.7,2.0,28.7,19.1,67.9,22.4,2.4,13.5,1.9,12.7,,0.027,15.7,5.3,11.8,1.9,487.0,80.1,11.6,56.8,19.0,45.9,14.7,13.0,46.4,53.2,13.8,19.0,36.7,12.8,113.0,138.0,70.0,44.0,23.0,33.0,81.0,9.4,2.9,1.1,28.3,18.9,65.9,15.4,2.3,7.5,1.0,7.5,4.0,0.0,,0,0,0,,0,0,0,17,5,-2,0,-2.0,-3,1,-2.9,2026,20260919,5,14,1,3,1.3,0,7,0.7000000000000001,2026,20260919,24,2027-03-06,2026,京都,FC東京,0.05,0.0,0.0625,1.0,,,,,,,,,left_only
第２４節第１日,j1_2026_03060000_神戸_岡山,2027-03-06 00:00:00,ノエスタ,神戸,岡山,,,3.93,5.91,0.0,0.0,3.9309,1.3284,0.0,0.578,0.0,4.0,115.6,hit,conditions_v2,partial,home_base_to_opponent_base_proxy,2027-02-27 00:00:00,2027-02-27 00:00:00,168.0,168.0,1,1,2,2,0,0,False,False,[],[],0.0,0.0,,,,,,,3.93,5.91,,,False,False,False,22.2,6.5,,,,,,,,,,,,,,True,,acquisition_unknown,unknown_no_adjustment,11.0,4.3,14.3,1.6,439.0,74.0,9.3,49.2,12.1,41.2,18.0,23.4,52.9,51.3,8.0,16.6,39.6,11.1,114.0,133.0,48.0,33.0,51.0,29.0,52.0,10.8,2.1,0.7,22.4,17.6,68.3,17.6,1.7,7.6,1.0,7.6,3.0,0.0,15.6,3.6,9.2,1.4,375.7,71.9,10.1,54.9,13.8,45.4,19.6,17.6,49.0,44.4,13.3,16.0,34.4,9.7,114.0,123.0,49.0,41.0,32.0,25.0,58.0,8.6,2.4,1.1,25.4,15.7,66.4,18.1,2.6,6.8,0.9,6.0,2.0,0.0,,0,0,0,,0,0,0,2,16,0,0,0.0,4,9,4.9,2026,20260919,6,13,2,3,2.3,7,9,7.9,2026,20260919,24,2027-03-06,2026,神戸,岡山,,,,,,,,,,,,,left_only
第２４節第１日,j1_2026_03060000_福岡_柏,2027-03-06 00:00:00,ベススタ,福岡,柏,,,3.55,13.54,0.0,0.0,3.5518,4.9592,0.0,4.5765,0.0,4.0,915.3,hit,conditions_v2,partial,home_base_to_opponent_base_proxy,2027-02-27 00:00:00,2027-02-27 00:00:00,168.0,168.0,1,1,2,2,0,0,False,False,[],[],0.0,0.0,,,,,,,3.55,13.54,,,False,False,False,22.2,6.5,,,,,,,,,,,,,,True,,acquisition_unknown,unknown_no_adjustment,13.7,5.1,9.4,1.3,372.0,73.2,12.4,50.6,7.6,47.2,13.8,23.9,53.7,45.0,10.8,15.3,33.4,9.1,116.0,103.0,37.0,36.0,29.0,27.0,44.0,11.1,4.0,1.6,19.9,13.8,64.9,16.0,1.1,7.6,1.0,7.6,1.0,0.0,14.1,5.3,13.1,1.9,628.4,85.1,14.8,39.4,18.9,54.5,16.4,9.6,47.2,58.2,16.9,16.7,31.3,10.8,118.0,108.0,50.0,30.0,27.0,40.0,62.0,11.1,3.6,1.4,18.4,16.0,67.9,16.1,1.1,8.3,1.1,6.7,1.0,0.0,,0,0,0,,0,0,0,18,4,-2,0,-2.0,-3,1,-2.9,2026,20260919,3,15,0,0,0.0,-2,3,-1.7,2026,20260919,24,2027-03-06,2026,福岡,柏,,,,,,,,,,,,,left_only
第２４節第１日,j1_2026_03060000_長崎_水戸,2027-03-06 00:00:00,ピースタ,長崎,水戸,,,2.81,10.42,0.0,0.0,2.8137,1.1942,0.0,5.222,0.0,4.0,1044.4,hit,conditions_v2,partial,home_base_to_opponent_base_proxy,2027-02-27 00:00:00,2027-02-27 00:00:00,168.0,168.0,1,1,2,2,0,0,False,False,[],[],0.0,0.0,,,,,,,2.81,10.42,,,False,False,False,22.2,6.5,,,,,,,,,,,,,,True,,acquisition_unknown,unknown_no_adjustment,10.4,3.9,12.3,1.3,429.1,78.7,8.6,46.7,8.6,53.3,9.1,11.8,53.2,44.5,8.7,12.7,32.1,6.8,115.0,115.0,38.0,36.0,40.0,26.0,46.0,13.7,4.7,2.0,31.3,13.4,64.9,21.4,2.0,9.3,1.3,9.3,1.0,0.0,12.0,3.9,13.1,1.6,424.0,79.1,7.6,60.4,7.6,47.2,10.3,14.0,49.7,44.7,9.0,13.8,31.7,9.8,118.0,100.0,37.0,29.0,34.0,29.0,46.0,15.4,5.6,1.3,31.3,13.6,68.4,22.0,1.6,11.7,1.6,11.7,,0.027,,0,0,0,,0,0,0,14,7,4,3,4.3,4,4,4.4,2026,20260919,11,9,0,0,0.0,0,4,0.4,2026,20260919,24,2027-03-06,2026,長崎,水戸,,,,,,,,,,,,,left_only
第２５節第１日,j1_2026_03100000_水戸_C大阪,2027-03-10 00:00:00,水戸信ス,水戸,Ｃ大阪,,,4.07,8.33,0.0,0.0,4.0657,1.9115,0.0,2.416,0.0,4.0,483.2,hit,conditions_v2,partial,home_base_to_opponent_base_proxy,2027-03-06 00:00:00,2027-03-06 00:00:00,96.0,96.0,1,1,2,2,0,0,False,False,[],[],0.0,0.0,,,,,,,4.07,8.33,,,False,False,False,22.2,6.5,,,,,,,,,,,,,,True,,acquisition_unknown,unknown_no_adjustment,12.0,3.9,13.1,1.6,424.0,79.1,7.6,60.4,7.6,47.2,10.3,14.0,49.7,44.7,9.0,13.8,31.7,9.8,118.0,100.0,37.0,29.0,34.0,29.0,46.0,15.4,5.6,1.3,31.3,13.6,68.4,22.0,1.6,11.7,1.6,11.7,,0.027,11.4,3.6,7.5,0.9,512.7,77.8,10.4,52.1,12.8,41.1,16.6,15.3,49.3,54.9,11.3,15.1,36.7,6.8,114.0,110.0,42.0,32.0,35.0,33.0,57.0,12.6,5.0,1.6,28.3,15.7,61.8,21.6,1.7,13.6,1.9,11.1,3.0,0.0,,0,0,0,,0,0,0,11,9,0,0,0.0,0,4,0.4,2026,20260919,10,10,-1,0,-1.0,0,4,0.4,2026,20260919,25,2027-03-10,2026,水戸,C大阪,,,,,,,,,,,,,left_only
第２５節第１日,j1_2026_03100000_浦和_FC東京,2027-03-10 00:00:00,埼玉,浦和,FC東京,,,3.99,8.56,0.0,0.0,3.9874,4.4292,0.0,0.1265,0.0,4.0,25.3,hit,conditions_v2,partial,home_base_to_opponent_base_proxy,2027-03-06 00:00:00,2027-03-06 00:00:00,96.0,96.0,1,1,2,2,0,0,False,False,[],[],0.0,0.0,,,,,,,3.99,8.56,,,False,False,False,22.2,6.5,,,,,,,,,,,,,,True,,acquisition_unknown,unknown_no_adjustment,14.4,4.3,12.9,1.9,428.6,76.1,12.1,51.8,11.7,54.9,12.4,19.9,51.1,52.3,11.7,16.6,36.0,10.0,114.0,124.0,46.0,41.0,35.0,30.0,58.0,14.1,6.1,2.4,26.3,15.0,68.6,19.0,1.4,10.5,1.5,10.5,1.0,0.0,15.7,5.3,11.8,1.9,487.0,80.1,11.6,56.8,19.0,45.9,14.7,13.0,46.4,53.2,13.8,19.0,36.7,12.8,113.0,138.0,70.0,44.0,23.0,33.0,81.0,9.4,2.9,1.1,28.3,18.9,65.9,15.4,2.3,7.5,1.0,7.5,4.0,0.0,,0,0,0,,0,0,0,12,9,0,0,0.0,5,6,5.6,2026,20260919,5,14,1,3,1.3,0,7,0.7000000000000001,2026,20260919,25,2027-03-10,2026,浦和,FC東京,,,,,,,,,,,,,left_only
第２５節第１日,j1_2026_03100000_町田_鹿島,2027-03-10 00:00:00,Ｇスタ,町田,鹿島,,,2.47,8.38,0.0,0.0,2.4703,3.78,0.0,0.596,0.0,4.0,119.2,hit,conditions_v2,partial,home_base_to_opponent_base_proxy,2027-03-06 00:00:00,2027-03-06 00:00:00,96.0,96.0,1,1,2,2,0,0,False,False,[],[],0.0,0.0,,,,,,,2.47,8.38,,,False,False,False,22.2,6.5,,,,,,,,,,,,,,True,,acquisition_unknown,unknown_no_adjustment,13.1,4.8,20.7,2.7,462.4,79.3,11.1,51.3,10.0,55.7,18.0,16.7,59.4,50.7,9.7,17.1,34.0,11.8,115.0,108.0,37.0,36.0,33.0,30.0,52.0,11.6,2.6,0.9,21.3,15.7,72.7,17.1,1.1,7.4,1.0,7.4,1.0,0.0,16.3,4.7,12.3,2.0,593.0,81.0,10.6,48.6,16.4,53.9,18.0,18.4,51.8,56.4,16.1,14.6,37.3,13.1,113.0,123.0,55.0,36.0,31.0,34.0,68.0,10.4,3.6,1.9,24.0,14.4,65.3,16.0,1.4,7.8,1.1,6.1,1.0,0.0,,0,0,0,,0,0,0,1,17,0,1,0.1,2,7,2.7,2026,20260919,8,12,-4,0,-4.0,-6,0,-6.0,2026,20260919,25,2027-03-10,2026,町田,鹿島,,,,,,,,,,,,,left_only
第２５節第１日,j1_2026_03100000_清水_川崎F,2027-03-10 00:00:00,アイスタ,清水,川崎Ｆ,,,2.57,7.05,0.0,0.0,2.5676,2.3986,0.0,0.6555,0.0,4.0,131.1,hit,conditions_v2,partial,home_base_to_opponent_base_proxy,2027-03-06 00:00:00,2027-03-06 00:00:00,96.0,96.0,1,1,2,2,0,0,False,False,[],[],0.0,0.0,,,,,,,2.57,7.05,,,False,False,False,22.2,6.5,,,,,,,,,,,,,,True,,acquisition_unknown,unknown_no_adjustment,10.4,3.1,5.5,0.6,351.9,72.9,11.8,60.2,10.1,47.9,15.7,20.7,55.1,43.0,8.7,16.1,31.9,10.1,108.0,115.0,43.0,31.0,39.0,24.0,45.0,14.4,4.7,1.0,25.9,14.3,63.0,19.6,0.7,10.0,1.4,10.0,2.0,0.0,17.0,6.3,10.9,1.9,501.6,81.6,12.4,57.5,15.0,61.9,14.8,10.8,44.7,50.6,16.0,15.8,34.6,11.8,113.0,118.0,55.0,34.0,27.0,31.0,64.0,13.1,5.0,1.3,23.4,15.3,57.0,16.3,2.6,9.6,1.3,8.8,1.0,0.0,,0,0,0,,0,0,0,13,7,4,3,4.3,3,4,3.4,2026,20260919,7,12,3,3,3.3,0,6,0.6000000000000001,2026,20260919,25,2027-03-10,2026,清水,川崎F,0.0,0.0,0.0,1.0,,,,,,,,,left_only
第２５節第１日,j1_2026_03100000_名古屋_長崎,2027-03-10 00:00:00,●未定●,名古屋,長崎,,,3.65,10.08,0.0,0.0,3.6453,2.4679,0.0,3.609,0.0,4.0,721.8,hit,conditions_v2,partial,home_base_to_opponent_base_proxy,2027-03-06 00:00:00,2027-03-06 00:00:00,96.0,96.0,1,1,2,2,0,0,False,False,[],[],0.0,0.0,,,,,,,3.65,10.08,,,False,False,False,22.2,6.5,,,,,,,,,,,,,,True,,acquisition_unknown,unknown_no_adjustment,12.4,3.9,8.0,1.0,545.4,81.0,9.6,50.7,10.1,45.1,18.9,10.7,46.6,56.7,10.3,14.8,37.6,10.0,111.0,113.0,46.0,36.0,31.0,31.0,52.0,14.1,4.8,1.9,20.7,15.6,64.2,17.3,0.9,11.5,1.6,10.7,,0.027,10.4,3.9,12.3,1.3,429.1,78.7,8.6,46.7,8.6,53.3,9.1,11.8,53.2,44.5,8.7,12.7,32.1,6.8,115.0,115.0,38.0,36.0,40.0,26.0,46.0,13.7,4.7,2.0,31.3,13.4,64.9,21.4,2.0,9.3,1.3,9.3,1.0,0.0,,0,0,0,,0,0,0,16,6,-2,0,-2.0,-8,0,-8.0,2026,20260919,14,7,4,3,4.3,4,4,4.4,2026,20260919,25,2027-03-10,2026,名古屋,長崎,0.06060016071428572,0.25892857142857145,0.01101844642857143,1.0,,,,,,,,,left_only
第２５節第１日,j1_2026_03100000_神戸_G大阪,2027-03-10 00:00:00,ノエスタ,神戸,Ｇ大阪,,,3.55,5.99,0.0,0.0,3.5529,1.8228,0.0,0.1715,0.0,4.0,34.3,hit,conditions_v2,partial,home_base_to_opponent_base_proxy,2027-03-06 00:00:00,2027-03-06 00:00:00,96.0,96.0,1,1,2,2,0,0,False,False,[],[],0.0,0.0,,,,,,,3.55,5.99,,,False,False,False,22.2,6.5,,,,,,,,,,,,,,True,,acquisition_unknown,unknown_no_adjustment,11.0,4.3,14.3,1.6,439.0,74.0,9.3,49.2,12.1,41.2,18.0,23.4,52.9,51.3,8.0,16.6,39.6,11.1,114.0,133.0,48.0,33.0,51.0,29.0,52.0,10.8,2.1,0.7,22.4,17.6,68.3,17.6,1.7,7.6,1.0,7.6,3.0,0.0,13.4,4.0,8.5,1.1,502.1,81.1,13.3,51.6,12.4,41.4,13.3,10.1,45.5,55.4,10.3,18.7,37.9,8.5,111.0,92.0,30.0,28.0,34.0,31.0,39.0,16.4,6.6,1.9,24.7,17.7,66.9,16.4,1.4,13.0,1.8,13.0,1.0,0.0,,0,0,0,,0,0,0,2,16,0,0,0.0,4,9,4.9,2026,20260919,15,6,-2,0,-2.0,-3,1,-2.9,2026,20260919,25,2027-03-10,2026,神戸,G大阪,,,,,,,,,,,,,left_only
第２５節第１日,j1_2026_03100000_岡山_横浜FM,2027-03-10 00:00:00,ＪＦＥス,岡山,横浜FM,,,2.53,9.21,0.0,0.0,2.5345,2.5792,0.0,2.6285,0.0,4.0,525.7,hit,conditions_v2,partial,home_base_to_opponent_base_proxy,2027-03-06 00:00:00,2027-03-06 00:00:00,96.0,96.0,1,1,2,2,0,0,False,False,[],[],0.0,0.0,,,,,,,2.53,9.21,,,False,False,False,22.2,6.5,,,,,,,,,,,,,,True,,acquisition_unknown,unknown_no_adjustment,15.6,3.6,9.2,1.4,375.7,71.9,10.1,54.9,13.8,45.4,19.6,17.6,49.0,44.4,13.3,16.0,34.4,9.7,114.0,123.0,49.0,41.0,32.0,25.0,58.0,8.6,2.4,1.1,25.4,15.7,66.4,18.1,2.6,6.8,0.9,6.0,2.0,0.0,10.6,3.3,14.9,1.6,389.9,72.6,8.7,47.5,10.4,39.7,13.8,16.7,47.0,47.7,8.6,17.6,33.7,8.3,114.0,114.0,37.0,34.0,42.0,28.0,47.0,13.0,3.7,1.3,28.0,21.4,62.7,20.6,1.9,11.4,1.6,10.6,3.0,0.0,,0,0,0,,0,0,0,6,13,2,3,2.3,7,9,7.9,2026,20260919,9,11,-2,1,-1.9,0,5,0.5,2026,20260919,25,2027-03-10,2026,岡山,横浜FM,,,,,,,,,,,,,left_only
第２５節第１日,j1_2026_03100000_広島_福岡,2027-03-10 00:00:00,Ｅピース,広島,福岡,,,4.07,8.05,0.0,0.0,4.0667,2.9907,0.0,1.064,0.0,4.0,212.8,hit,conditions_v2,partial,home_base_to_opponent_base_proxy,2027-03-06 00:00:00,2027-03-06 00:00:00,96.0,96.0,1,1,2,2,0,0,False,False,[],[],0.0,0.0,,,,,,,4.07,8.05,,,False,False,False,22.2,6.5,,,,,,,,,,,,,,True,,acquisition_unknown,unknown_no_adjustment,18.6,6.8,14.6,2.7,544.7,81.5,9.6,58.2,16.3,52.6,21.6,11.4,47.9,53.5,16.4,15.4,39.1,16.1,110.0,101.0,43.0,30.0,27.0,31.0,52.0,8.8,3.3,0.9,18.1,14.6,67.6,16.6,3.1,5.4,0.7,5.4,3.0,0.0,13.7,5.1,9.4,1.3,372.0,73.2,12.4,50.6,7.6,47.2,13.8,23.9,53.7,45.0,10.8,15.3,33.4,9.1,116.0,103.0,37.0,36.0,29.0,27.0,44.0,11.1,4.0,1.6,19.9,13.8,64.9,16.0,1.1,7.6,1.0,7.6,1.0,0.0,,0,0,0,,0,0,0,4,14,1,3,1.3,0,6,0.6000000000000001,2026,20260919,18,4,-2,0,-2.0,-3,1,-2.9,2026,20260919,25,2027-03-10,2026,広島,福岡,0.025806,0.0,0.032258,1.0,,,,,,,,,left_only
第２６節第１日,j1_2026_03130000_柏_岡山,2027-03-13 00:00:00,三協Ｆ柏,柏,岡山,,,6.95,9.55,0.5,0.5,6.4455,2.2198,0.0,2.826,0.0,4.0,565.2,hit,conditions_v2,partial,home_base_to_opponent_base_proxy,2027-03-10 00:00:00,2027-03-10 00:00:00,72.0,72.0,2,2,3,3,0,0,False,False,[],[],0.0,0.0,,,,,,,6.95,9.55,,,False,False,False,22.2,6.5,,,,,,,,,,,,,,True,,acquisition_unknown,unknown_no_adjustment,14.1,5.3,13.1,1.9,628.4,85.1,14.8,39.4,18.9,54.5,16.4,9.6,47.2,58.2,16.9,16.7,31.3,10.8,118.0,108.0,50.0,30.0,27.0,40.0,62.0,11.1,3.6,1.4,18.4,16.0,67.9,16.1,1.1,8.3,1.1,6.7,1.0,0.0,15.6,3.6,9.2,1.4,375.7,71.9,10.1,54.9,13.8,45.4,19.6,17.6,49.0,44.4,13.3,16.0,34.4,9.7,114.0,123.0,49.0,41.0,32.0,25.0,58.0,8.6,2.4,1.1,25.4,15.7,66.4,18.1,2.6,6.8,0.9,6.0,2.0,0.0,,0,0,0,,0,0,0,3,15,0,0,0.0,-2,3,-1.7,2026,20260919,6,13,2,3,2.3,7,9,7.9,2026,20260919,26,2027-03-13,2026,柏,岡山,,,,,,,,,,,,,left_only
第２６節第１日,j1_2026_03130000_FC東京_C大阪,2027-03-13 00:00:00,味スタ,FC東京,Ｃ大阪,,,5.84,10.34,0.5,0.5,5.3359,3.9222,0.0,1.914,0.0,4.0,382.8,hit,conditions_v2,partial,home_base_to_opponent_base_proxy,2027-03-10 00:00:00,2027-03-10 00:00:00,72.0,72.0,2,2,3,3,0,0,False,False,[],[],0.0,0.0,,,,,,,5.84,10.34,,,False,False,False,22.2,6.5,,,,,,,,,,,,,,True,,acquisition_unknown,unknown_no_adjustment,15.7,5.3,11.8,1.9,487.0,80.1,11.6,56.8,19.0,45.9,14.7,13.0,46.4,53.2,13.8,19.0,36.7,12.8,113.0,138.0,70.0,44.0,23.0,33.0,81.0,9.4,2.9,1.1,28.3,18.9,65.9,15.4,2.3,7.5,1.0,7.5,4.0,0.0,11.4,3.6,7.5,0.9,512.7,77.8,10.4,52.1,12.8,41.1,16.6,15.3,49.3,54.9,11.3,15.1,36.7,6.8,114.0,110.0,42.0,32.0,35.0,33.0,57.0,12.6,5.0,1.6,28.3,15.7,61.8,21.6,1.7,13.6,1.9,11.1,3.0,0.0,,0,0,0,,0,0,0,5,14,1,3,1.3,0,7,0.7000000000000001,2026,20260919,10,10,-1,0,-1.0,0,4,0.4,2026,20260919,26,2027-03-13,2026,FC東京,C大阪,,,,,,,,,,,,,left_only
第２６節第１日,j1_2026_03130000_東京V_水戸,2027-03-13 00:00:00,味スタ,東京Ｖ,水戸,,,5.07,8.69,0.5,0.5,4.5732,3.6424,0.0,0.5495,0.0,4.0,109.9,hit,conditions_v2,partial,home_base_to_opponent_base_proxy,2027-03-10 00:00:00,2027-03-10 00:00:00,72.0,72.0,2,2,3,3,0,0,False,False,[],[],0.0,0.0,,,,,,,5.07,8.69,,,False,False,False,22.2,6.5,,,,,,,,,,,,,,True,,acquisition_unknown,unknown_no_adjustment,9.4,2.6,4.5,0.4,393.1,75.1,9.8,40.6,9.0,39.7,9.0,17.0,48.6,43.4,8.1,16.6,28.7,6.7,116.0,127.0,41.0,43.0,43.0,28.0,52.0,15.7,4.7,1.3,28.9,17.7,71.0,20.6,1.0,11.3,1.6,11.3,2.0,0.0,12.0,3.9,13.1,1.6,424.0,79.1,7.6,60.4,7.6,47.2,10.3,14.0,49.7,44.7,9.0,13.8,31.7,9.8,118.0,100.0,37.0,29.0,34.0,29.0,46.0,15.4,5.6,1.3,31.3,13.6,68.4,22.0,1.6,11.7,1.6,11.7,,0.027,,0,0,0,,0,0,0,19,4,0,1,0.1,0,2,0.2,2026,20260919,11,9,0,0,0.0,0,4,0.4,2026,20260919,26,2027-03-13,2026,東京V,水戸,0.083333,0.0,0.10416700000000001,2.0,,,,,,,,,left_only
第２６節第１日,j1_2026_03130000_横浜FM_福岡,2027-03-13 00:00:00,日産ス,横浜FM,福岡,,,5.05,13.2,0.5,0.5,4.5544,4.3239,0.0,4.3735,0.0,4.0,874.7,hit,conditions_v2,partial,home_base_to_opponent_base_proxy,2027-03-10 00:00:00,2027-03-10 00:00:00,72.0,72.0,2,2,3,3,0,0,False,False,[],[],0.0,0.0,,,,,,,5.05,13.2,,,False,False,False,22.2,6.5,,,,,,,,,,,,,,True,,acquisition_unknown,unknown_no_adjustment,10.6,3.3,14.9,1.6,389.9,72.6,8.7,47.5,10.4,39.7,13.8,16.7,47.0,47.7,8.6,17.6,33.7,8.3,114.0,114.0,37.0,34.0,42.0,28.0,47.0,13.0,3.7,1.3,28.0,21.4,62.7,20.6,1.9,11.4,1.6,10.6,3.0,0.0,13.7,5.1,9.4,1.3,372.0,73.2,12.4,50.6,7.6,47.2,13.8,23.9,53.7,45.0,10.8,15.3,33.4,9.1,116.0,103.0,37.0,36.0,29.0,27.0,44.0,11.1,4.0,1.6,19.9,13.8,64.9,16.0,1.1,7.6,1.0,7.6,1.0,0.0,,0,0,0,,0,0,0,9,11,-2,1,-1.9,0,5,0.5,2026,20260919,18,4,-2,0,-2.0,-3,1,-2.9,2026,20260919,26,2027-03-13,2026,横浜FM,福岡,,,,,,,,,,,,,left_only
第２６節第１日,j1_2026_03130000_京都_川崎F,2027-03-13 00:00:00,サンガＳ,京都,川崎Ｆ,,,3.73,9.72,0.5,0.5,3.2313,3.4281,0.0,1.7915,0.0,4.0,358.3,hit,conditions_v2,partial,home_base_to_opponent_base_proxy,2027-03-10 00:00:00,2027-03-10 00:00:00,72.0,72.0,2,2,3,3,0,0,False,False,[],[],0.0,0.0,,,,,,,3.73,9.72,,,False,False,False,22.2,6.5,,,,,,,,,,,,,,True,,acquisition_unknown,unknown_no_adjustment,11.6,4.0,11.1,1.3,395.7,73.7,6.4,66.7,11.8,48.2,13.0,13.7,50.8,45.5,9.4,17.3,33.1,7.6,115.0,125.0,45.0,36.0,43.0,28.0,54.0,17.9,5.7,2.0,28.7,19.1,67.9,22.4,2.4,13.5,1.9,12.7,,0.027,17.0,6.3,10.9,1.9,501.6,81.6,12.4,57.5,15.0,61.9,14.8,10.8,44.7,50.6,16.0,15.8,34.6,11.8,113.0,118.0,55.0,34.0,27.0,31.0,64.0,13.1,5.0,1.3,23.4,15.3,57.0,16.3,2.6,9.6,1.3,8.8,1.0,0.0,,0,0,0,,0,0,0,17,5,-2,0,-2.0,-3,1,-2.9,2026,20260919,7,12,3,3,3.3,0,6,0.6000000000000001,2026,20260919,26,2027-03-13,2026,京都,川崎F,0.05,0.0,0.0625,1.0,,,,,,,,,left_only
第２６節第１日,j1_2026_03130000_G大阪_長崎,2027-03-13 00:00:00,パナスタ,Ｇ大阪,長崎,,,3.27,11.75,0.5,0.5,2.7654,4.395,0.0,2.857,0.0,4.0,571.4,hit,conditions_v2,partial,home_base_to_opponent_base_proxy,2027-03-10 00:00:00,2027-03-10 00:00:00,72.0,72.0,2,2,3,3,0,0,False,False,[],[],0.0,0.0,,,,,,,3.27,11.75,,,False,False,False,22.2,6.5,,,,,,,,,,,,,,True,,acquisition_unknown,unknown_no_adjustment,13.4,4.0,8.5,1.1,502.1,81.1,13.3,51.6,12.4,41.4,13.3,10.1,45.5,55.4,10.3,18.7,37.9,8.5,111.0,92.0,30.0,28.0,34.0,31.0,39.0,16.4,6.6,1.9,24.7,17.7,66.9,16.4,1.4,13.0,1.8,13.0,1.0,0.0,10.4,3.9,12.3,1.3,429.1,78.7,8.6,46.7,8.6,53.3,9.1,11.8,53.2,44.5,8.7,12.7,32.1,6.8,115.0,115.0,38.0,36.0,40.0,26.0,46.0,13.7,4.7,2.0,31.3,13.4,64.9,21.4,2.0,9.3,1.3,9.3,1.0,0.0,,0,0,0,,0,0,0,15,6,-2,0,-2.0,-3,1,-2.9,2026,20260919,14,7,4,3,4.3,4,4,4.4,2026,20260919,26,2027-03-13,2026,G大阪,長崎,,,,,,,,,,,,,left_only
第２６節第２日,j1_2026_03140000_千葉_浦和,2027-03-14 00:00:00,MUFG国立,千葉,浦和,,,2.08,7.75,0.0,0.0,2.078,3.4968,0.0,0.2575,0.0,4.0,51.5,hit,conditions_v2,partial,home_base_to_opponent_base_proxy,2027-03-10 00:00:00,2027-03-10 00:00:00,96.0,96.0,1,1,2,2,0,0,False,False,[],[],0.0,0.0,,,,,,,2.08,7.75,,,False,False,False,22.2,6.5,,,,,,,,,,,,,,True,,acquisition_unknown,unknown_no_adjustment,9.7,3.4,8.8,0.9,406.9,75.2,11.1,50.0,10.8,43.4,9.8,13.7,43.2,47.0,7.6,16.4,32.4,5.8,113.0,113.0,30.0,39.0,43.0,28.0,43.0,18.4,5.0,2.3,27.3,16.6,65.5,21.1,1.1,12.8,1.8,12.8,1.0,0.0,14.4,4.3,12.9,1.9,428.6,76.1,12.1,51.8,11.7,54.9,12.4,19.9,51.1,52.3,11.7,16.6,36.0,10.0,114.0,124.0,46.0,41.0,35.0,30.0,58.0,14.1,6.1,2.4,26.3,15.0,68.6,19.0,1.4,10.5,1.5,10.5,1.0,0.0,,0,0,0,,0,0,0,20,4,0,1,0.1,0,4,0.4,2026,20260919,12,9,0,0,0.0,5,6,5.6,2026,20260919,26,2027-03-14,2026,千葉,浦和,,,,,,,,,,,,,left_only
第２７節第１日,j1_2026_03200000_町田_水戸,2027-03-20 00:00:00,Ｇスタ,町田,水戸,,,1.63,9.5,0.0,0.0,1.6311,4.8969,0.0,0.606,0.0,4.0,121.2,hit,conditions_v2,partial,home_base_to_opponent_base_proxy,2027-03-13 00:00:00,2027-03-13 00:00:00,168.0,168.0,1,1,3,3,0,0,False,False,[],[],0.0,0.0,,,,,,,1.63,9.5,,,False,False,False,22.2,6.5,,,,,,,,,,,,,,True,,acquisition_unknown,unknown_no_adjustment,13.1,4.8,20.7,2.7,462.4,79.3,11.1,51.3,10.0,55.7,18.0,16.7,59.4,50.7,9.7,17.1,34.0,11.8,115.0,108.0,37.0,36.0,33.0,30.0,52.0,11.6,2.6,0.9,21.3,15.7,72.7,17.1,1.1,7.4,1.0,7.4,1.0,0.0,12.0,3.9,13.1,1.6,424.0,79.1,7.6,60.4,7.6,47.2,10.3,14.0,49.7,44.7,9.0,13.8,31.7,9.8,118.0,100.0,37.0,29.0,34.0,29.0,46.0,15.4,5.6,1.3,31.3,13.6,68.4,22.0,1.6,11.7,1.6,11.7,,0.027,,0,0,0,,0,0,0,1,17,0,1,0.1,2,7,2.7,2026,20260919,11,9,0,0,0.0,0,4,0.4,2026,20260919,27,2027-03-20,2026,町田,水戸,,,,,,,,,,,,,left_only
第２７節第１日,j1_2026_03200000_川崎F_FC東京,2027-03-20 00:00:00,Ｕ等々力,川崎Ｆ,FC東京,,,5.12,8.69,0.0,0.0,5.1205,4.6265,0.0,0.0665,0.0,4.0,13.3,hit,conditions_v2,partial,home_base_to_opponent_base_proxy,2027-03-13 00:00:00,2027-03-13 00:00:00,168.0,168.0,1,1,3,3,0,0,False,False,[],[],0.0,0.0,,,,,,,5.12,8.69,,,False,False,False,22.2,6.5,,,,,,,,,,,,,,True,,acquisition_unknown,unknown_no_adjustment,17.0,6.3,10.9,1.9,501.6,81.6,12.4,57.5,15.0,61.9,14.8,10.8,44.7,50.6,16.0,15.8,34.6,11.8,113.0,118.0,55.0,34.0,27.0,31.0,64.0,13.1,5.0,1.3,23.4,15.3,57.0,16.3,2.6,9.6,1.3,8.8,1.0,0.0,15.7,5.3,11.8,1.9,487.0,80.1,11.6,56.8,19.0,45.9,14.7,13.0,46.4,53.2,13.8,19.0,36.7,12.8,113.0,138.0,70.0,44.0,23.0,33.0,81.0,9.4,2.9,1.1,28.3,18.9,65.9,15.4,2.3,7.5,1.0,7.5,4.0,0.0,,0,0,0,,0,0,0,7,12,3,3,3.3,0,6,0.6000000000000001,2026,20260919,5,14,1,3,1.3,0,7,0.7000000000000001,2026,20260919,27,2027-03-20,2026,川崎F,FC東京,,,,,,,,,,,,,left_only
第２７節第１日,j1_2026_03200000_横浜FM_浦和,2027-03-20 00:00:00,日産ス,横浜FM,浦和,,,4.18,8.43,0.0,0.0,4.1833,4.23,0.0,0.199,0.0,4.0,39.8,hit,conditions_v2,partial,home_base_to_opponent_base_proxy,2027-03-13 00:00:00,2027-03-14 00:00:00,168.0,144.0,1,1,3,3,0,0,False,False,[],[],0.0,0.0,,,,,,,4.18,8.43,,,False,False,False,22.2,6.5,,,,,,,,,,,,,,True,,acquisition_unknown,unknown_no_adjustment,10.6,3.3,14.9,1.6,389.9,72.6,8.7,47.5,10.4,39.7,13.8,16.7,47.0,47.7,8.6,17.6,33.7,8.3,114.0,114.0,37.0,34.0,42.0,28.0,47.0,13.0,3.7,1.3,28.0,21.4,62.7,20.6,1.9,11.4,1.6,10.6,3.0,0.0,14.4,4.3,12.9,1.9,428.6,76.1,12.1,51.8,11.7,54.9,12.4,19.9,51.1,52.3,11.7,16.6,36.0,10.0,114.0,124.0,46.0,41.0,35.0,30.0,58.0,14.1,6.1,2.4,26.3,15.0,68.6,19.0,1.4,10.5,1.5,10.5,1.0,0.0,,0,0,0,,0,0,0,9,11,-2,1,-1.9,0,5,0.5,2026,20260919,12,9,0,0,0.0,5,6,5.6,2026,20260919,27,2027-03-20,2026,横浜FM,浦和,,,,,,,,,,,,,left_only
第２７節第１日,j1_2026_03200000_名古屋_神戸,2027-03-20 00:00:00,●未定●,名古屋,神戸,,,4.43,7.11,0.0,0.0,4.4312,2.2854,0.0,0.8225,0.0,4.0,164.5,hit,conditions_v2,partial,home_base_to_opponent_base_proxy,2027-03-13 00:00:00,2027-03-13 00:00:00,168.0,168.0,1,1,3,3,0,0,False,False,[],[],0.0,0.0,,,,,,,4.43,7.11,,,False,False,False,22.2,6.5,,,,,,,,,,,,,,True,,acquisition_unknown,unknown_no_adjustment,12.4,3.9,8.0,1.0,545.4,81.0,9.6,50.7,10.1,45.1,18.9,10.7,46.6,56.7,10.3,14.8,37.6,10.0,111.0,113.0,46.0,36.0,31.0,31.0,52.0,14.1,4.8,1.9,20.7,15.6,64.2,17.3,0.9,11.5,1.6,10.7,,0.027,11.0,4.3,14.3,1.6,439.0,74.0,9.3,49.2,12.1,41.2,18.0,23.4,52.9,51.3,8.0,16.6,39.6,11.1,114.0,133.0,48.0,33.0,51.0,29.0,52.0,10.8,2.1,0.7,22.4,17.6,68.3,17.6,1.7,7.6,1.0,7.6,3.0,0.0,,0,0,0,,0,0,0,16,6,-2,0,-2.0,-8,0,-8.0,2026,20260919,2,16,0,0,0.0,4,9,4.9,2026,20260919,27,2027-03-20,2026,名古屋,神戸,0.039703553571428574,0.16964285714285715,0.007218982142857143,1.0,,,,,,,,,left_only
第２７節第１日,j1_2026_03200000_広島_G大阪,2027-03-20 00:00:00,Ｅピース,広島,Ｇ大阪,,,5.78,7.98,0.0,0.0,5.7841,2.5487,0.0,1.4345,0.0,4.0,286.9,hit,conditions_v2,partial,home_base_to_opponent_base_proxy,2027-03-13 00:00:00,2027-03-13 00:00:00,168.0,168.0,1,1,3,3,0,0,False,False,[],[],0.0,0.0,,,,,,,5.78,7.98,,,False,False,False,22.2,6.5,,,,,,,,,,,,,,True,,acquisition_unknown,unknown_no_adjustment,18.6,6.8,14.6,2.7,544.7,81.5,9.6,58.2,16.3,52.6,21.6,11.4,47.9,53.5,16.4,15.4,39.1,16.1,110.0,101.0,43.0,30.0,27.0,31.0,52.0,8.8,3.3,0.9,18.1,14.6,67.6,16.6,3.1,5.4,0.7,5.4,3.0,0.0,13.4,4.0,8.5,1.1,502.1,81.1,13.3,51.6,12.4,41.4,13.3,10.1,45.5,55.4,10.3,18.7,37.9,8.5,111.0,92.0,30.0,28.0,34.0,31.0,39.0,16.4,6.6,1.9,24.7,17.7,66.9,16.4,1.4,13.0,1.8,13.0,1.0,0.0,,0,0,0,,0,0,0,4,14,1,3,1.3,0,6,0.6000000000000001,2026,20260919,15,6,-2,0,-2.0,-3,1,-2.9,2026,20260919,27,2027-03-20,2026,広島,G大阪,0.025806,0.0,0.032258,1.0,,,,,,,,,left_only
第２７節第１日,j1_2026_03200000_福岡_千葉,2027-03-20 00:00:00,ベススタ,福岡,千葉,,,6.59,10.31,0.0,0.0,6.5852,1.7561,0.0,4.557,0.0,4.0,911.4,hit,conditions_v2,partial,home_base_to_opponent_base_proxy,2027-03-13 00:00:00,2027-03-14 00:00:00,168.0,144.0,1,1,3,3,0,0,False,False,[],[],0.0,0.0,,,,,,,6.59,10.31,,,False,False,False,22.2,6.5,,,,,,,,,,,,,,True,,acquisition_unknown,unknown_no_adjustment,13.7,5.1,9.4,1.3,372.0,73.2,12.4,50.6,7.6,47.2,13.8,23.9,53.7,45.0,10.8,15.3,33.4,9.1,116.0,103.0,37.0,36.0,29.0,27.0,44.0,11.1,4.0,1.6,19.9,13.8,64.9,16.0,1.1,7.6,1.0,7.6,1.0,0.0,9.7,3.4,8.8,0.9,406.9,75.2,11.1,50.0,10.8,43.4,9.8,13.7,43.2,47.0,7.6,16.4,32.4,5.8,113.0,113.0,30.0,39.0,43.0,28.0,43.0,18.4,5.0,2.3,27.3,16.6,65.5,21.1,1.1,12.8,1.8,12.8,1.0,0.0,,0,0,0,,0,0,0,18,4,-2,0,-2.0,-3,1,-2.9,2026,20260919,20,4,0,1,0.1,0,4,0.4,2026,20260919,27,2027-03-20,2026,福岡,千葉,,,,,,,,,,,,,left_only
第２７節第１日,j1_2026_03200000_長崎_岡山,2027-03-20 00:00:00,ピースタ,長崎,岡山,,,6.41,10.6,0.0,0.0,6.41,4.4386,0.0,2.158,0.0,4.0,431.6,hit,conditions_v2,partial,home_base_to_opponent_base_proxy,2027-03-13 00:00:00,2027-03-13 00:00:00,168.0,168.0,1,1,3,3,0,0,False,False,[],[],0.0,0.0,,,,,,,6.41,10.6,,,False,False,False,22.2,6.5,,,,,,,,,,,,,,True,,acquisition_unknown,unknown_no_adjustment,10.4,3.9,12.3,1.3,429.1,78.7,8.6,46.7,8.6,53.3,9.1,11.8,53.2,44.5,8.7,12.7,32.1,6.8,115.0,115.0,38.0,36.0,40.0,26.0,46.0,13.7,4.7,2.0,31.3,13.4,64.9,21.4,2.0,9.3,1.3,9.3,1.0,0.0,15.6,3.6,9.2,1.4,375.7,71.9,10.1,54.9,13.8,45.4,19.6,17.6,49.0,44.4,13.3,16.0,34.4,9.7,114.0,123.0,49.0,41.0,32.0,25.0,58.0,8.6,2.4,1.1,25.4,15.7,66.4,18.1,2.6,6.8,0.9,6.0,2.0,0.0,,0,0,0,,0,0,0,14,7,4,3,4.3,4,4,4.4,2026,20260919,6,13,2,3,2.3,7,9,7.9,2026,20260919,27,2027-03-20,2026,長崎,岡山,,,,,,,,,,,,,left_only
第２７節第２日,j1_2026_03210000_清水_鹿島,2027-03-21 00:00:00,MUFG国立,清水,鹿島,,,3.98,9.07,0.0,0.0,3.9836,3.9042,0.0,1.1675,0.0,4.0,233.5,hit,conditions_v2,partial,home_base_to_opponent_base_proxy,2027-03-13 00:00:00,2027-03-13 00:00:00,192.0,192.0,0,0,2,2,0,0,False,False,[],[],0.0,0.0,,,,,,,3.98,9.07,,,False,False,False,22.2,6.5,,,,,,,,,,,,,,True,,acquisition_unknown,unknown_no_adjustment,10.4,3.1,5.5,0.6,351.9,72.9,11.8,60.2,10.1,47.9,15.7,20.7,55.1,43.0,8.7,16.1,31.9,10.1,108.0,115.0,43.0,31.0,39.0,24.0,45.0,14.4,4.7,1.0,25.9,14.3,63.0,19.6,0.7,10.0,1.4,10.0,2.0,0.0,16.3,4.7,12.3,2.0,593.0,81.0,10.6,48.6,16.4,53.9,18.0,18.4,51.8,56.4,16.1,14.6,37.3,13.1,113.0,123.0,55.0,36.0,31.0,34.0,68.0,10.4,3.6,1.9,24.0,14.4,65.3,16.0,1.4,7.8,1.1,6.1,1.0,0.0,,0,0,0,,0,0,0,13,7,4,3,4.3,3,4,3.4,2026,20260919,8,12,-4,0,-4.0,-6,0,-6.0,2026,20260919,27,2027-03-21,2026,清水,鹿島,0.0,0.0,0.0,1.0,,,,,,,,,left_only
第２８節第１日,j1_2026_04030000_鹿島_横浜FM,2027-04-03 00:00:00,メルスタ,鹿島,横浜FM,,,5.05,7.94,0.0,0.0,5.0476,3.3958,0.0,0.5395,0.0,4.0,107.9,hit,conditions_v2,partial,home_base_to_opponent_base_proxy,2027-03-21 00:00:00,2027-03-20 00:00:00,312.0,336.0,0,0,1,1,0,0,False,False,[],[],0.0,0.0,,,,,,,5.05,7.94,,,False,False,False,22.2,6.5,,,,,,,,,,,,,,True,,acquisition_unknown,unknown_no_adjustment,16.3,4.7,12.3,2.0,593.0,81.0,10.6,48.6,16.4,53.9,18.0,18.4,51.8,56.4,16.1,14.6,37.3,13.1,113.0,123.0,55.0,36.0,31.0,34.0,68.0,10.4,3.6,1.9,24.0,14.4,65.3,16.0,1.4,7.8,1.1,6.1,1.0,0.0,10.6,3.3,14.9,1.6,389.9,72.6,8.7,47.5,10.4,39.7,13.8,16.7,47.0,47.7,8.6,17.6,33.7,8.3,114.0,114.0,37.0,34.0,42.0,28.0,47.0,13.0,3.7,1.3,28.0,21.4,62.7,20.6,1.9,11.4,1.6,10.6,3.0,0.0,,0,0,0,,0,0,0,8,12,-4,0,-4.0,-6,0,-6.0,2026,20260919,9,11,-2,1,-1.9,0,5,0.5,2026,20260919,28,2027-04-03,2026,鹿島,横浜FM,,,,,,,,,,,,,left_only
第２８節第１日,j1_2026_04030000_水戸_千葉,2027-04-03 00:00:00,水戸信ス,水戸,千葉,,,5.47,8.71,0.0,0.0,5.471,4.2622,0.0,0.4465,0.0,4.0,89.3,hit,conditions_v2,partial,home_base_to_opponent_base_proxy,2027-03-20 00:00:00,2027-03-20 00:00:00,336.0,336.0,0,0,1,1,0,0,False,False,[],[],0.0,0.0,,,,,,,5.47,8.71,,,False,False,False,22.2,6.5,,,,,,,,,,,,,,True,,acquisition_unknown,unknown_no_adjustment,12.0,3.9,13.1,1.6,424.0,79.1,7.6,60.4,7.6,47.2,10.3,14.0,49.7,44.7,9.0,13.8,31.7,9.8,118.0,100.0,37.0,29.0,34.0,29.0,46.0,15.4,5.6,1.3,31.3,13.6,68.4,22.0,1.6,11.7,1.6,11.7,,0.027,9.7,3.4,8.8,0.9,406.9,75.2,11.1,50.0,10.8,43.4,9.8,13.7,43.2,47.0,7.6,16.4,32.4,5.8,113.0,113.0,30.0,39.0,43.0,28.0,43.0,18.4,5.0,2.3,27.3,16.6,65.5,21.1,1.1,12.8,1.8,12.8,1.0,0.0,,0,0,0,,0,0,0,11,9,0,0,0.0,0,4,0.4,2026,20260919,20,4,0,1,0.1,0,4,0.4,2026,20260919,28,2027-04-03,2026,水戸,千葉,,,,,,,,,,,,,left_only
第２８節第１日,j1_2026_04030000_柏_C大阪,2027-04-03 00:00:00,三協Ｆ柏,柏,Ｃ大阪,,,3.99,10.96,0.0,0.0,3.988,4.8217,0.0,2.1375,0.0,4.0,427.5,hit,conditions_v2,partial,home_base_to_opponent_base_proxy,2027-03-20 00:00:00,2027-03-20 00:00:00,336.0,336.0,0,0,1,1,0,0,False,False,[],[],0.0,0.0,,,,,,,3.99,10.96,,,False,False,False,22.2,6.5,,,,,,,,,,,,,,True,,acquisition_unknown,unknown_no_adjustment,14.1,5.3,13.1,1.9,628.4,85.1,14.8,39.4,18.9,54.5,16.4,9.6,47.2,58.2,16.9,16.7,31.3,10.8,118.0,108.0,50.0,30.0,27.0,40.0,62.0,11.1,3.6,1.4,18.4,16.0,67.9,16.1,1.1,8.3,1.1,6.7,1.0,0.0,11.4,3.6,7.5,0.9,512.7,77.8,10.4,52.1,12.8,41.1,16.6,15.3,49.3,54.9,11.3,15.1,36.7,6.8,114.0,110.0,42.0,32.0,35.0,33.0,57.0,12.6,5.0,1.6,28.3,15.7,61.8,21.6,1.7,13.6,1.9,11.1,3.0,0.0,,0,0,0,,0,0,0,3,15,0,0,0.0,-2,3,-1.7,2026,20260919,10,10,-1,0,-1.0,0,4,0.4,2026,20260919,28,2027-04-03,2026,柏,C大阪,,,,,,,,,,,,,left_only
第２８節第１日,j1_2026_04030000_FC東京_福岡,2027-04-03 00:00:00,味スタ,FC東京,福岡,,,5.07,14.11,0.0,0.0,5.0653,5.7498,0.0,4.356,0.0,4.0,871.2,hit,conditions_v2,partial,home_base_to_opponent_base_proxy,2027-03-20 00:00:00,2027-03-20 00:00:00,336.0,336.0,0,0,1,1,0,0,False,False,[],[],0.0,0.0,,,,,,,5.07,14.11,,,False,False,False,22.2,6.5,,,,,,,,,,,,,,True,,acquisition_unknown,unknown_no_adjustment,15.7,5.3,11.8,1.9,487.0,80.1,11.6,56.8,19.0,45.9,14.7,13.0,46.4,53.2,13.8,19.0,36.7,12.8,113.0,138.0,70.0,44.0,23.0,33.0,81.0,9.4,2.9,1.1,28.3,18.9,65.9,15.4,2.3,7.5,1.0,7.5,4.0,0.0,13.7,5.1,9.4,1.3,372.0,73.2,12.4,50.6,7.6,47.2,13.8,23.9,53.7,45.0,10.8,15.3,33.4,9.1,116.0,103.0,37.0,36.0,29.0,27.0,44.0,11.1,4.0,1.6,19.9,13.8,64.9,16.0,1.1,7.6,1.0,7.6,1.0,0.0,,0,0,0,,0,0,0,5,14,1,3,1.3,0,7,0.7000000000000001,2026,20260919,18,4,-2,0,-2.0,-3,1,-2.9,2026,20260919,28,2027-04-03,2026,FC東京,福岡,,,,,,,,,,,,,left_only
第２８節第１日,j1_2026_04030000_東京V_町田,2027-04-03 00:00:00,味スタ,東京Ｖ,町田,,,4.66,5.39,0.0,0.0,4.6622,1.3108,0.0,0.078,0.0,4.0,15.6,hit,conditions_v2,partial,home_base_to_opponent_base_proxy,2027-03-20 00:00:00,2027-03-20 00:00:00,336.0,336.0,0,0,1,1,0,0,False,False,[],[],0.0,0.0,,,,,,,4.66,5.39,,,False,False,False,22.2,6.5,,,,,,,,,,,,,,True,,acquisition_unknown,unknown_no_adjustment,9.4,2.6,4.5,0.4,393.1,75.1,9.8,40.6,9.0,39.7,9.0,17.0,48.6,43.4,8.1,16.6,28.7,6.7,116.0,127.0,41.0,43.0,43.0,28.0,52.0,15.7,4.7,1.3,28.9,17.7,71.0,20.6,1.0,11.3,1.6,11.3,2.0,0.0,13.1,4.8,20.7,2.7,462.4,79.3,11.1,51.3,10.0,55.7,18.0,16.7,59.4,50.7,9.7,17.1,34.0,11.8,115.0,108.0,37.0,36.0,33.0,30.0,52.0,11.6,2.6,0.9,21.3,15.7,72.7,17.1,1.1,7.4,1.0,7.4,1.0,0.0,,0,0,0,,0,0,0,19,4,0,1,0.1,0,2,0.2,2026,20260919,1,17,0,1,0.1,2,7,2.7,2026,20260919,28,2027-04-03,2026,東京V,町田,0.083333,0.0,0.10416700000000001,2.0,,,,,,,,,left_only
第２８節第１日,j1_2026_04030000_京都_長崎,2027-04-03 00:00:00,サンガＳ,京都,長崎,,,4.04,12.52,0.0,0.0,4.0407,5.6016,0.0,2.923,0.0,4.0,584.6,hit,conditions_v2,partial,home_base_to_opponent_base_proxy,2027-03-20 00:00:00,2027-03-20 00:00:00,336.0,336.0,0,0,1,1,0,0,False,False,[],[],0.0,0.0,,,,,,,4.04,12.52,,,False,False,False,22.2,6.5,,,,,,,,,,,,,,True,,acquisition_unknown,unknown_no_adjustment,11.6,4.0,11.1,1.3,395.7,73.7,6.4,66.7,11.8,48.2,13.0,13.7,50.8,45.5,9.4,17.3,33.1,7.6,115.0,125.0,45.0,36.0,43.0,28.0,54.0,17.9,5.7,2.0,28.7,19.1,67.9,22.4,2.4,13.5,1.9,12.7,,0.027,10.4,3.9,12.3,1.3,429.1,78.7,8.6,46.7,8.6,53.3,9.1,11.8,53.2,44.5,8.7,12.7,32.1,6.8,115.0,115.0,38.0,36.0,40.0,26.0,46.0,13.7,4.7,2.0,31.3,13.4,64.9,21.4,2.0,9.3,1.3,9.3,1.0,0.0,,0,0,0,,0,0,0,17,5,-2,0,-2.0,-3,1,-2.9,2026,20260919,14,7,4,3,4.3,4,4,4.4,2026,20260919,28,2027-04-03,2026,京都,長崎,0.05,0.0,0.0625,1.0,,,,,,,,,left_only
第２８節第１日,j1_2026_04030000_G大阪_川崎F,2027-04-03 00:00:00,パナスタ,Ｇ大阪,川崎Ｆ,,,4.05,10.35,0.0,0.0,4.0466,4.4415,0.0,1.9095,0.0,4.0,381.9,hit,conditions_v2,partial,home_base_to_opponent_base_proxy,2027-03-20 00:00:00,2027-03-20 00:00:00,336.0,336.0,0,0,1,1,0,0,False,False,[],[],0.0,0.0,,,,,,,4.05,10.35,,,False,False,False,22.2,6.5,,,,,,,,,,,,,,True,,acquisition_unknown,unknown_no_adjustment,13.4,4.0,8.5,1.1,502.1,81.1,13.3,51.6,12.4,41.4,13.3,10.1,45.5,55.4,10.3,18.7,37.9,8.5,111.0,92.0,30.0,28.0,34.0,31.0,39.0,16.4,6.6,1.9,24.7,17.7,66.9,16.4,1.4,13.0,1.8,13.0,1.0,0.0,17.0,6.3,10.9,1.9,501.6,81.6,12.4,57.5,15.0,61.9,14.8,10.8,44.7,50.6,16.0,15.8,34.6,11.8,113.0,118.0,55.0,34.0,27.0,31.0,64.0,13.1,5.0,1.3,23.4,15.3,57.0,16.3,2.6,9.6,1.3,8.8,1.0,0.0,,0,0,0,,0,0,0,15,6,-2,0,-2.0,-3,1,-2.9,2026,20260919,7,12,3,3,3.3,0,6,0.6000000000000001,2026,20260919,28,2027-04-03,2026,G大阪,川崎F,,,,,,,,,,,,,left_only
第２９節第１日,j1_2026_04090000_C大阪_福岡,2027-04-09 00:00:00,ハナサカ,Ｃ大阪,福岡,,,5.97,14.02,0.0,0.0,5.9675,7.5738,0.0,2.4475,0.0,4.0,489.5,hit,conditions_v2,partial,home_base_to_opponent_base_proxy,2027-04-03 00:00:00,2027-04-03 00:00:00,144.0,144.0,1,1,1,1,0,0,False,False,[],[],0.0,0.0,,,,,,,5.97,14.02,,,False,False,False,22.2,6.5,,,,,,,,,,,,,,True,,acquisition_unknown,unknown_no_adjustment,11.4,3.6,7.5,0.9,512.7,77.8,10.4,52.1,12.8,41.1,16.6,15.3,49.3,54.9,11.3,15.1,36.7,6.8,114.0,110.0,42.0,32.0,35.0,33.0,57.0,12.6,5.0,1.6,28.3,15.7,61.8,21.6,1.7,13.6,1.9,11.1,3.0,0.0,13.7,5.1,9.4,1.3,372.0,73.2,12.4,50.6,7.6,47.2,13.8,23.9,53.7,45.0,10.8,15.3,33.4,9.1,116.0,103.0,37.0,36.0,29.0,27.0,44.0,11.1,4.0,1.6,19.9,13.8,64.9,16.0,1.1,7.6,1.0,7.6,1.0,0.0,,0,0,0,,0,0,0,10,10,-1,0,-1.0,0,4,0.4,2026,20260919,18,4,-2,0,-2.0,-3,1,-2.9,2026,20260919,29,2027-04-09,2026,C大阪,福岡,,,,,,,,,,,,,left_only
第２９節第２日,j1_2026_04100000_浦和_柏,2027-04-10 00:00:00,埼玉,浦和,柏,,,4.18,7.29,0.0,0.0,4.1762,3.1471,0.0,0.1425,0.0,4.0,28.5,hit,conditions_v2,partial,home_base_to_opponent_base_proxy,2027-04-03 00:00:00,2027-04-03 00:00:00,168.0,168.0,1,1,1,1,0,0,False,False,[],[],0.0,0.0,,,,,,,4.18,7.29,,,False,False,False,22.2,6.5,,,,,,,,,,,,,,True,,acquisition_unknown,unknown_no_adjustment,14.4,4.3,12.9,1.9,428.6,76.1,12.1,51.8,11.7,54.9,12.4,19.9,51.1,52.3,11.7,16.6,36.0,10.0,114.0,124.0,46.0,41.0,35.0,30.0,58.0,14.1,6.1,2.4,26.3,15.0,68.6,19.0,1.4,10.5,1.5,10.5,1.0,0.0,14.1,5.3,13.1,1.9,628.4,85.1,14.8,39.4,18.9,54.5,16.4,9.6,47.2,58.2,16.9,16.7,31.3,10.8,118.0,108.0,50.0,30.0,27.0,40.0,62.0,11.1,3.6,1.4,18.4,16.0,67.9,16.1,1.1,8.3,1.1,6.7,1.0,0.0,,0,0,0,,0,0,0,12,9,0,0,0.0,5,6,5.6,2026,20260919,3,15,0,0,0.0,-2,3,-1.7,2026,20260919,29,2027-04-10,2026,浦和,柏,,,,,,,,,,,,,left_only
第２９節第２日,j1_2026_04100000_FC東京_岡山,2027-04-10 00:00:00,味スタ,FC東京,岡山,,,4.1,11.74,0.0,0.0,4.095,5.1289,0.0,2.6075,0.0,4.0,521.5,hit,conditions_v2,partial,home_base_to_opponent_base_proxy,2027-04-03 00:00:00,2027-04-03 00:00:00,168.0,168.0,1,1,1,1,0,0,False,False,[],[],0.0,0.0,,,,,,,4.1,11.74,,,False,False,False,22.2,6.5,,,,,,,,,,,,,,True,,acquisition_unknown,unknown_no_adjustment,15.7,5.3,11.8,1.9,487.0,80.1,11.6,56.8,19.0,45.9,14.7,13.0,46.4,53.2,13.8,19.0,36.7,12.8,113.0,138.0,70.0,44.0,23.0,33.0,81.0,9.4,2.9,1.1,28.3,18.9,65.9,15.4,2.3,7.5,1.0,7.5,4.0,0.0,15.6,3.6,9.2,1.4,375.7,71.9,10.1,54.9,13.8,45.4,19.6,17.6,49.0,44.4,13.3,16.0,34.4,9.7,114.0,123.0,49.0,41.0,32.0,25.0,58.0,8.6,2.4,1.1,25.4,15.7,66.4,18.1,2.6,6.8,0.9,6.0,2.0,0.0,,0,0,0,,0,0,0,5,14,1,3,1.3,0,7,0.7000000000000001,2026,20260919,6,13,2,3,2.3,7,9,7.9,2026,20260919,29,2027-04-10,2026,FC東京,岡山,,,,,,,,,,,,,left_only
第２９節第２日,j1_2026_04100000_東京V_G大阪,2027-04-10 00:00:00,味スタ,東京Ｖ,Ｇ大阪,,,3.76,9.21,0.0,0.0,3.7551,3.3395,0.0,1.875,0.0,4.0,375.0,hit,conditions_v2,partial,home_base_to_opponent_base_proxy,2027-04-03 00:00:00,2027-04-03 00:00:00,168.0,168.0,1,1,1,1,0,0,False,False,[],[],0.0,0.0,,,,,,,3.76,9.21,,,False,False,False,22.2,6.5,,,,,,,,,,,,,,True,,acquisition_unknown,unknown_no_adjustment,9.4,2.6,4.5,0.4,393.1,75.1,9.8,40.6,9.0,39.7,9.0,17.0,48.6,43.4,8.1,16.6,28.7,6.7,116.0,127.0,41.0,43.0,43.0,28.0,52.0,15.7,4.7,1.3,28.9,17.7,71.0,20.6,1.0,11.3,1.6,11.3,2.0,0.0,13.4,4.0,8.5,1.1,502.1,81.1,13.3,51.6,12.4,41.4,13.3,10.1,45.5,55.4,10.3,18.7,37.9,8.5,111.0,92.0,30.0,28.0,34.0,31.0,39.0,16.4,6.6,1.9,24.7,17.7,66.9,16.4,1.4,13.0,1.8,13.0,1.0,0.0,,0,0,0,,0,0,0,19,4,0,1,0.1,0,2,0.2,2026,20260919,15,6,-2,0,-2.0,-3,1,-2.9,2026,20260919,29,2027-04-10,2026,東京V,G大阪,0.083333,0.0,0.10416700000000001,2.0,,,,,,,,,left_only
第２９節第２日,j1_2026_04100000_町田_神戸,2027-04-10 00:00:00,Ｇスタ,町田,神戸,,,2.46,8.98,0.0,0.0,2.4588,2.9906,0.0,1.994,0.0,4.0,398.8,hit,conditions_v2,partial,home_base_to_opponent_base_proxy,2027-04-03 00:00:00,2027-04-03 00:00:00,168.0,168.0,1,1,1,1,0,0,False,False,[],[],0.0,0.0,,,,,,,2.46,8.98,,,False,False,False,22.2,6.5,,,,,,,,,,,,,,True,,acquisition_unknown,unknown_no_adjustment,13.1,4.8,20.7,2.7,462.4,79.3,11.1,51.3,10.0,55.7,18.0,16.7,59.4,50.7,9.7,17.1,34.0,11.8,115.0,108.0,37.0,36.0,33.0,30.0,52.0,11.6,2.6,0.9,21.3,15.7,72.7,17.1,1.1,7.4,1.0,7.4,1.0,0.0,11.0,4.3,14.3,1.6,439.0,74.0,9.3,49.2,12.1,41.2,18.0,23.4,52.9,51.3,8.0,16.6,39.6,11.1,114.0,133.0,48.0,33.0,51.0,29.0,52.0,10.8,2.1,0.7,22.4,17.6,68.3,17.6,1.7,7.6,1.0,7.6,3.0,0.0,,0,0,0,,0,0,0,1,17,0,1,0.1,2,7,2.7,2026,20260919,2,16,0,0,0.0,4,9,4.9,2026,20260919,29,2027-04-10,2026,町田,神戸,,,,,,,,,,,,,left_only
第２９節第２日,j1_2026_04100000_川崎F_長崎,2027-04-10 00:00:00,Ｕ等々力,川崎Ｆ,長崎,,,5.62,15.61,0.0,0.0,5.6189,6.8408,0.0,4.766,0.0,4.0,953.2,hit,conditions_v2,partial,home_base_to_opponent_base_proxy,2027-04-03 00:00:00,2027-04-03 00:00:00,168.0,168.0,1,1,1,1,0,0,False,False,[],[],0.0,0.0,,,,,,,5.62,15.61,,,False,False,False,22.2,6.5,,,,,,,,,,,,,,True,,acquisition_unknown,unknown_no_adjustment,17.0,6.3,10.9,1.9,501.6,81.6,12.4,57.5,15.0,61.9,14.8,10.8,44.7,50.6,16.0,15.8,34.6,11.8,113.0,118.0,55.0,34.0,27.0,31.0,64.0,13.1,5.0,1.3,23.4,15.3,57.0,16.3,2.6,9.6,1.3,8.8,1.0,0.0,10.4,3.9,12.3,1.3,429.1,78.7,8.6,46.7,8.6,53.3,9.1,11.8,53.2,44.5,8.7,12.7,32.1,6.8,115.0,115.0,38.0,36.0,40.0,26.0,46.0,13.7,4.7,2.0,31.3,13.4,64.9,21.4,2.0,9.3,1.3,9.3,1.0,0.0,,0,0,0,,0,0,0,7,12,3,3,3.3,0,6,0.6000000000000001,2026,20260919,14,7,4,3,4.3,4,4,4.4,2026,20260919,29,2027-04-10,2026,川崎F,長崎,,,,,,,,,,,,,left_only
第２９節第２日,j1_2026_04100000_清水_水戸,2027-04-10 00:00:00,アイスタ,清水,水戸,,,4.44,9.84,0.0,0.0,4.4364,4.6846,0.0,1.1545,0.0,4.0,230.9,hit,conditions_v2,partial,home_base_to_opponent_base_proxy,2027-04-03 00:00:00,2027-04-03 00:00:00,168.0,168.0,1,1,1,1,0,0,False,False,[],[],0.0,0.0,,,,,,,4.44,9.84,,,False,False,False,22.2,6.5,,,,,,,,,,,,,,True,,acquisition_unknown,unknown_no_adjustment,10.4,3.1,5.5,0.6,351.9,72.9,11.8,60.2,10.1,47.9,15.7,20.7,55.1,43.0,8.7,16.1,31.9,10.1,108.0,115.0,43.0,31.0,39.0,24.0,45.0,14.4,4.7,1.0,25.9,14.3,63.0,19.6,0.7,10.0,1.4,10.0,2.0,0.0,12.0,3.9,13.1,1.6,424.0,79.1,7.6,60.4,7.6,47.2,10.3,14.0,49.7,44.7,9.0,13.8,31.7,9.8,118.0,100.0,37.0,29.0,34.0,29.0,46.0,15.4,5.6,1.3,31.3,13.6,68.4,22.0,1.6,11.7,1.6,11.7,,0.027,,0,0,0,,0,0,0,13,7,4,3,4.3,3,4,3.4,2026,20260919,11,9,0,0,0.0,0,4,0.4,2026,20260919,29,2027-04-10,2026,清水,水戸,0.0,0.0,0.0,1.0,,,,,,,,,left_only
第２９節第２日,j1_2026_04100000_名古屋_鹿島,2027-04-10 00:00:00,●未定●,名古屋,鹿島,,,4.9,9.85,0.0,0.0,4.9014,4.0984,0.0,1.756,0.0,4.0,351.2,hit,conditions_v2,partial,home_base_to_opponent_base_proxy,2027-04-03 00:00:00,2027-04-03 00:00:00,168.0,168.0,1,1,1,1,0,0,False,False,[],[],0.0,0.0,,,,,,,4.9,9.85,,,False,False,False,22.2,6.5,,,,,,,,,,,,,,True,,acquisition_unknown,unknown_no_adjustment,12.4,3.9,8.0,1.0,545.4,81.0,9.6,50.7,10.1,45.1,18.9,10.7,46.6,56.7,10.3,14.8,37.6,10.0,111.0,113.0,46.0,36.0,31.0,31.0,52.0,14.1,4.8,1.9,20.7,15.6,64.2,17.3,0.9,11.5,1.6,10.7,,0.027,16.3,4.7,12.3,2.0,593.0,81.0,10.6,48.6,16.4,53.9,18.0,18.4,51.8,56.4,16.1,14.6,37.3,13.1,113.0,123.0,55.0,36.0,31.0,34.0,68.0,10.4,3.6,1.9,24.0,14.4,65.3,16.0,1.4,7.8,1.1,6.1,1.0,0.0,,0,0,0,,0,0,0,16,6,-2,0,-2.0,-8,0,-8.0,2026,20260919,8,12,-4,0,-4.0,-6,0,-6.0,2026,20260919,29,2027-04-10,2026,名古屋,鹿島,,,,,,,,,,,,,left_only
第１６節第３日,j1_2026_04141900_京都_神戸,2027-04-14 19:00:00,サンガＳ,京都,神戸,,,4.79,8.87,0.0,0.0,4.794,4.5591,0.0,0.3125,0.0,4.0,62.5,hit,conditions_v2,partial,home_base_to_opponent_base_proxy,2027-04-10 00:00:00,2027-04-10 00:00:00,115.0,115.0,1,1,2,2,0,0,False,False,[],[],0.0,0.0,,,,,,,4.79,8.87,,,False,False,False,22.2,6.5,,,,,,,,,,,,,,True,,acquisition_unknown,unknown_no_adjustment,11.6,4.0,11.1,1.3,395.7,73.7,6.4,66.7,11.8,48.2,13.0,13.7,50.8,45.5,9.4,17.3,33.1,7.6,115.0,125.0,45.0,36.0,43.0,28.0,54.0,17.9,5.7,2.0,28.7,19.1,67.9,22.4,2.4,13.5,1.9,12.7,,0.027,11.0,4.3,14.3,1.6,439.0,74.0,9.3,49.2,12.1,41.2,18.0,23.4,52.9,51.3,8.0,16.6,39.6,11.1,114.0,133.0,48.0,33.0,51.0,29.0,52.0,10.8,2.1,0.7,22.4,17.6,68.3,17.6,1.7,7.6,1.0,7.6,3.0,0.0,,0,0,0,,0,0,0,17,5,-2,0,-2.0,-3,1,-2.9,2026,20260919,2,16,0,0,0.0,4,9,4.9,2026,20260919,16,2027-04-14,2026,京都,神戸,0.05,0.0,0.0625,1.0,,,,,,,,,left_only
第３０節第１日,j1_2026_04160000_広島_FC東京,2027-04-16 00:00:00,Ｅピース,広島,FC東京,,,7.22,10.62,0.0,0.0,7.2224,3.3156,0.0,3.3035,0.0,4.0,660.7,hit,conditions_v2,partial,home_base_to_opponent_base_proxy,2027-04-10 00:00:00,2027-04-10 00:00:00,144.0,144.0,1,1,2,2,0,0,False,False,[],[],0.0,0.0,,,,,,,7.22,10.62,,,False,False,False,22.2,6.5,,,,,,,,,,,,,,True,,acquisition_unknown,unknown_no_adjustment,18.6,6.8,14.6,2.7,544.7,81.5,9.6,58.2,16.3,52.6,21.6,11.4,47.9,53.5,16.4,15.4,39.1,16.1,110.0,101.0,43.0,30.0,27.0,31.0,52.0,8.8,3.3,0.9,18.1,14.6,67.6,16.6,3.1,5.4,0.7,5.4,3.0,0.0,15.7,5.3,11.8,1.9,487.0,80.1,11.6,56.8,19.0,45.9,14.7,13.0,46.4,53.2,13.8,19.0,36.7,12.8,113.0,138.0,70.0,44.0,23.0,33.0,81.0,9.4,2.9,1.1,28.3,18.9,65.9,15.4,2.3,7.5,1.0,7.5,4.0,0.0,,0,0,0,,0,0,0,4,14,1,3,1.3,0,6,0.6000000000000001,2026,20260919,5,14,1,3,1.3,0,7,0.7000000000000001,2026,20260919,30,2027-04-16,2026,広島,FC東京,0.025806,0.0,0.032258,1.0,,,,,,,,,left_only
第３０節第２日,j1_2026_04170000_横浜FM_柏,2027-04-17 00:00:00,日産ス,横浜FM,柏,,,3.45,8.13,0.0,0.0,3.4472,3.8773,0.0,0.2545,0.0,4.0,50.9,hit,conditions_v2,partial,home_base_to_opponent_base_proxy,2027-04-10 00:00:00,2027-04-10 00:00:00,168.0,168.0,1,1,2,2,0,0,False,False,[],[],0.0,0.0,,,,,,,3.45,8.13,,,False,False,False,22.2,6.5,,,,,,,,,,,,,,True,,acquisition_unknown,unknown_no_adjustment,10.6,3.3,14.9,1.6,389.9,72.6,8.7,47.5,10.4,39.7,13.8,16.7,47.0,47.7,8.6,17.6,33.7,8.3,114.0,114.0,37.0,34.0,42.0,28.0,47.0,13.0,3.7,1.3,28.0,21.4,62.7,20.6,1.9,11.4,1.6,10.6,3.0,0.0,14.1,5.3,13.1,1.9,628.4,85.1,14.8,39.4,18.9,54.5,16.4,9.6,47.2,58.2,16.9,16.7,31.3,10.8,118.0,108.0,50.0,30.0,27.0,40.0,62.0,11.1,3.6,1.4,18.4,16.0,67.9,16.1,1.1,8.3,1.1,6.7,1.0,0.0,,0,0,0,,0,0,0,9,11,-2,1,-1.9,0,5,0.5,2026,20260919,3,15,0,0,0.0,-2,3,-1.7,2026,20260919,30,2027-04-17,2026,横浜FM,柏,,,,,,,,,,,,,left_only
第３０節第２日,j1_2026_04170000_清水_名古屋,2027-04-17 00:00:00,アイスタ,清水,名古屋,,,3.56,8.65,0.0,0.0,3.5616,3.962,0.0,0.6855,0.0,4.0,137.1,hit,conditions_v2,partial,home_base_to_opponent_base_proxy,2027-04-10 00:00:00,2027-04-10 00:00:00,168.0,168.0,1,1,2,2,0,0,False,False,[],[],0.0,0.0,,,,,,,3.56,8.65,,,False,False,False,22.2,6.5,,,,,,,,,,,,,,True,,acquisition_unknown,unknown_no_adjustment,10.4,3.1,5.5,0.6,351.9,72.9,11.8,60.2,10.1,47.9,15.7,20.7,55.1,43.0,8.7,16.1,31.9,10.1,108.0,115.0,43.0,31.0,39.0,24.0,45.0,14.4,4.7,1.0,25.9,14.3,63.0,19.6,0.7,10.0,1.4,10.0,2.0,0.0,12.4,3.9,8.0,1.0,545.4,81.0,9.6,50.7,10.1,45.1,18.9,10.7,46.6,56.7,10.3,14.8,37.6,10.0,111.0,113.0,46.0,36.0,31.0,31.0,52.0,14.1,4.8,1.9,20.7,15.6,64.2,17.3,0.9,11.5,1.6,10.7,,0.027,,0,0,0,,0,0,0,13,7,4,3,4.3,3,4,3.4,2026,20260919,16,6,-2,0,-2.0,-8,0,-8.0,2026,20260919,30,2027-04-17,2026,清水,名古屋,0.0,0.0,0.0,1.0,,,,,,,,,left_only
第３０節第２日,j1_2026_04170000_G大阪_千葉,2027-04-17 00:00:00,パナスタ,Ｇ大阪,千葉,,,4.83,10.76,0.0,0.0,4.8327,4.6345,0.0,2.127,0.0,4.0,425.4,hit,conditions_v2,partial,home_base_to_opponent_base_proxy,2027-04-10 00:00:00,2027-04-10 00:00:00,168.0,168.0,1,1,2,2,0,0,False,False,[],[],0.0,0.0,,,,,,,4.83,10.76,,,False,False,False,22.2,6.5,,,,,,,,,,,,,,True,,acquisition_unknown,unknown_no_adjustment,13.4,4.0,8.5,1.1,502.1,81.1,13.3,51.6,12.4,41.4,13.3,10.1,45.5,55.4,10.3,18.7,37.9,8.5,111.0,92.0,30.0,28.0,34.0,31.0,39.0,16.4,6.6,1.9,24.7,17.7,66.9,16.4,1.4,13.0,1.8,13.0,1.0,0.0,9.7,3.4,8.8,0.9,406.9,75.2,11.1,50.0,10.8,43.4,9.8,13.7,43.2,47.0,7.6,16.4,32.4,5.8,113.0,113.0,30.0,39.0,43.0,28.0,43.0,18.4,5.0,2.3,27.3,16.6,65.5,21.1,1.1,12.8,1.8,12.8,1.0,0.0,,0,0,0,,0,0,0,15,6,-2,0,-2.0,-3,1,-2.9,2026,20260919,20,4,0,1,0.1,0,4,0.4,2026,20260919,30,2027-04-17,2026,G大阪,千葉,,,,,,,,,,,,,left_only
第３０節第２日,j1_2026_04170000_C大阪_鹿島,2027-04-17 00:00:00,ハナサカ,Ｃ大阪,鹿島,,,4.83,11.81,0.0,0.0,4.8295,5.3657,0.0,2.448,0.0,4.0,489.6,hit,conditions_v2,partial,home_base_to_opponent_base_proxy,2027-04-09 00:00:00,2027-04-10 00:00:00,192.0,168.0,0,1,2,2,0,0,False,False,[],[],0.0,0.0,,,,,,,4.83,11.81,,,False,False,False,22.2,6.5,,,,,,,,,,,,,,True,,acquisition_unknown,unknown_no_adjustment,11.4,3.6,7.5,0.9,512.7,77.8,10.4,52.1,12.8,41.1,16.6,15.3,49.3,54.9,11.3,15.1,36.7,6.8,114.0,110.0,42.0,32.0,35.0,33.0,57.0,12.6,5.0,1.6,28.3,15.7,61.8,21.6,1.7,13.6,1.9,11.1,3.0,0.0,16.3,4.7,12.3,2.0,593.0,81.0,10.6,48.6,16.4,53.9,18.0,18.4,51.8,56.4,16.1,14.6,37.3,13.1,113.0,123.0,55.0,36.0,31.0,34.0,68.0,10.4,3.6,1.9,24.0,14.4,65.3,16.0,1.4,7.8,1.1,6.1,1.0,0.0,,0,0,0,,0,0,0,10,10,-1,0,-1.0,0,4,0.4,2026,20260919,8,12,-4,0,-4.0,-6,0,-6.0,2026,20260919,30,2027-04-17,2026,C大阪,鹿島,,,,,,,,,,,,,left_only
第３０節第２日,j1_2026_04170000_岡山_浦和,2027-04-17 00:00:00,ＪＦＥス,岡山,浦和,,,6.34,9.97,0.0,0.0,6.3417,3.2845,0.0,2.688,0.0,4.0,537.6,hit,conditions_v2,partial,home_base_to_opponent_base_proxy,2027-04-10 00:00:00,2027-04-10 00:00:00,168.0,168.0,1,1,2,2,0,0,False,False,[],[],0.0,0.0,,,,,,,6.34,9.97,,,False,False,False,22.2,6.5,,,,,,,,,,,,,,True,,acquisition_unknown,unknown_no_adjustment,15.6,3.6,9.2,1.4,375.7,71.9,10.1,54.9,13.8,45.4,19.6,17.6,49.0,44.4,13.3,16.0,34.4,9.7,114.0,123.0,49.0,41.0,32.0,25.0,58.0,8.6,2.4,1.1,25.4,15.7,66.4,18.1,2.6,6.8,0.9,6.0,2.0,0.0,14.4,4.3,12.9,1.9,428.6,76.1,12.1,51.8,11.7,54.9,12.4,19.9,51.1,52.3,11.7,16.6,36.0,10.0,114.0,124.0,46.0,41.0,35.0,30.0,58.0,14.1,6.1,2.4,26.3,15.0,68.6,19.0,1.4,10.5,1.5,10.5,1.0,0.0,,0,0,0,,0,0,0,6,13,2,3,2.3,7,9,7.9,2026,20260919,12,9,0,0,0.0,5,6,5.6,2026,20260919,30,2027-04-17,2026,岡山,浦和,,,,,,,,,,,,,left_only
第３０節第２日,j1_2026_04170000_福岡_町田,2027-04-17 00:00:00,ベススタ,福岡,町田,,,8.39,10.41,0.0,0.0,8.3871,2.1014,0.0,4.3055,0.0,4.0,861.1,hit,conditions_v2,partial,home_base_to_opponent_base_proxy,2027-04-09 00:00:00,2027-04-10 00:00:00,192.0,168.0,0,1,2,2,0,0,False,False,[],[],0.0,0.0,,,,,,,8.39,10.41,,,False,False,False,22.2,6.5,,,,,,,,,,,,,,True,,acquisition_unknown,unknown_no_adjustment,13.7,5.1,9.4,1.3,372.0,73.2,12.4,50.6,7.6,47.2,13.8,23.9,53.7,45.0,10.8,15.3,33.4,9.1,116.0,103.0,37.0,36.0,29.0,27.0,44.0,11.1,4.0,1.6,19.9,13.8,64.9,16.0,1.1,7.6,1.0,7.6,1.0,0.0,13.1,4.8,20.7,2.7,462.4,79.3,11.1,51.3,10.0,55.7,18.0,16.7,59.4,50.7,9.7,17.1,34.0,11.8,115.0,108.0,37.0,36.0,33.0,30.0,52.0,11.6,2.6,0.9,21.3,15.7,72.7,17.1,1.1,7.4,1.0,7.4,1.0,0.0,,0,0,0,,0,0,0,18,4,-2,0,-2.0,-3,1,-2.9,2026,20260919,1,17,0,1,0.1,2,7,2.7,2026,20260919,30,2027-04-17,2026,福岡,町田,,,,,,,,,,,,,left_only
第３０節第２日,j1_2026_04170000_長崎_神戸,2027-04-17 00:00:00,ピースタ,長崎,神戸,,,8.61,12.82,0.0,0.8958,8.6083,5.2538,0.0,2.6705,0.0,4.0,534.1,hit,conditions_v2,partial,home_base_to_opponent_base_proxy,2027-04-10 00:00:00,2027-04-14 19:00:00,168.0,53.0,1,2,2,3,0,0,False,False,[],[],0.0,0.0,,,,,,,8.61,12.82,,,False,False,False,22.2,6.5,,,,,,,,,,,,,,True,,acquisition_unknown,unknown_no_adjustment,10.4,3.9,12.3,1.3,429.1,78.7,8.6,46.7,8.6,53.3,9.1,11.8,53.2,44.5,8.7,12.7,32.1,6.8,115.0,115.0,38.0,36.0,40.0,26.0,46.0,13.7,4.7,2.0,31.3,13.4,64.9,21.4,2.0,9.3,1.3,9.3,1.0,0.0,11.0,4.3,14.3,1.6,439.0,74.0,9.3,49.2,12.1,41.2,18.0,23.4,52.9,51.3,8.0,16.6,39.6,11.1,114.0,133.0,48.0,33.0,51.0,29.0,52.0,10.8,2.1,0.7,22.4,17.6,68.3,17.6,1.7,7.6,1.0,7.6,3.0,0.0,,0,0,0,,0,0,0,14,7,4,3,4.3,4,4,4.4,2026,20260919,2,16,0,0,0.0,4,9,4.9,2026,20260919,30,2027-04-17,2026,長崎,神戸,,,,,,,,,,,,,left_only
第３１節第１日,j1_2026_04240000_浦和_水戸,2027-04-24 00:00:00,埼玉,浦和,水戸,,,4.82,8.83,0.0,0.0,4.8156,4.4358,0.0,0.397,0.0,4.0,79.4,hit,conditions_v2,partial,home_base_to_opponent_base_proxy,2027-04-17 00:00:00,2027-04-17 00:00:00,168.0,168.0,1,1,2,2,0,0,False,False,[],[],0.0,0.0,,,,,,,4.82,8.83,,,False,False,False,22.2,6.5,,,,,,,,,,,,,,True,,acquisition_unknown,unknown_no_adjustment,14.4,4.3,12.9,1.9,428.6,76.1,12.1,51.8,11.7,54.9,12.4,19.9,51.1,52.3,11.7,16.6,36.0,10.0,114.0,124.0,46.0,41.0,35.0,30.0,58.0,14.1,6.1,2.4,26.3,15.0,68.6,19.0,1.4,10.5,1.5,10.5,1.0,0.0,12.0,3.9,13.1,1.6,424.0,79.1,7.6,60.4,7.6,47.2,10.3,14.0,49.7,44.7,9.0,13.8,31.7,9.8,118.0,100.0,37.0,29.0,34.0,29.0,46.0,15.4,5.6,1.3,31.3,13.6,68.4,22.0,1.6,11.7,1.6,11.7,,0.027,,0,0,0,,0,0,0,12,9,0,0,0.0,5,6,5.6,2026,20260919,11,9,0,0,0.0,0,4,0.4,2026,20260919,31,2027-04-24,2026,浦和,水戸,,,,,,,,,,,,,left_only
第３１節第１日,j1_2026_04240000_柏_G大阪,2027-04-24 00:00:00,三協Ｆ柏,柏,Ｇ大阪,,,4.7,10.04,0.0,0.0,4.7028,3.939,0.0,2.097,0.0,4.0,419.4,hit,conditions_v2,partial,home_base_to_opponent_base_proxy,2027-04-17 00:00:00,2027-04-17 00:00:00,168.0,168.0,1,1,2,2,0,0,False,False,[],[],0.0,0.0,,,,,,,4.7,10.04,,,False,False,False,22.2,6.5,,,,,,,,,,,,,,True,,acquisition_unknown,unknown_no_adjustment,14.1,5.3,13.1,1.9,628.4,85.1,14.8,39.4,18.9,54.5,16.4,9.6,47.2,58.2,16.9,16.7,31.3,10.8,118.0,108.0,50.0,30.0,27.0,40.0,62.0,11.1,3.6,1.4,18.4,16.0,67.9,16.1,1.1,8.3,1.1,6.7,1.0,0.0,13.4,4.0,8.5,1.1,502.1,81.1,13.3,51.6,12.4,41.4,13.3,10.1,45.5,55.4,10.3,18.7,37.9,8.5,111.0,92.0,30.0,28.0,34.0,31.0,39.0,16.4,6.6,1.9,24.7,17.7,66.9,16.4,1.4,13.0,1.8,13.0,1.0,0.0,,0,0,0,,0,0,0,3,15,0,0,0.0,-2,3,-1.7,2026,20260919,15,6,-2,0,-2.0,-3,1,-2.9,2026,20260919,31,2027-04-24,2026,柏,G大阪,,,,,,,,,,,,,left_only
第３１節第１日,j1_2026_04240000_FC東京_横浜FM,2027-04-24 00:00:00,味スタ,FC東京,横浜FM,,,5.04,6.92,0.0,0.0,5.0422,2.8239,0.0,0.093,0.0,4.0,18.6,hit,conditions_v2,partial,home_base_to_opponent_base_proxy,2027-04-16 00:00:00,2027-04-17 00:00:00,192.0,168.0,0,1,2,2,0,0,False,False,[],[],0.0,0.0,,,,,,,5.04,6.92,,,False,False,False,22.2,6.5,,,,,,,,,,,,,,True,,acquisition_unknown,unknown_no_adjustment,15.7,5.3,11.8,1.9,487.0,80.1,11.6,56.8,19.0,45.9,14.7,13.0,46.4,53.2,13.8,19.0,36.7,12.8,113.0,138.0,70.0,44.0,23.0,33.0,81.0,9.4,2.9,1.1,28.3,18.9,65.9,15.4,2.3,7.5,1.0,7.5,4.0,0.0,10.6,3.3,14.9,1.6,389.9,72.6,8.7,47.5,10.4,39.7,13.8,16.7,47.0,47.7,8.6,17.6,33.7,8.3,114.0,114.0,37.0,34.0,42.0,28.0,47.0,13.0,3.7,1.3,28.0,21.4,62.7,20.6,1.9,11.4,1.6,10.6,3.0,0.0,,0,0,0,,0,0,0,5,14,1,3,1.3,0,7,0.7000000000000001,2026,20260919,9,11,-2,1,-1.9,0,5,0.5,2026,20260919,31,2027-04-24,2026,FC東京,横浜FM,,,,,,,,,,,,,left_only
第３１節第１日,j1_2026_04240000_名古屋_川崎F,2027-04-24 00:00:00,●未定●,名古屋,川崎Ｆ,,,4.91,9.01,0.0,0.0,4.9086,3.751,0.0,1.261,0.0,4.0,252.2,hit,conditions_v2,partial,home_base_to_opponent_base_proxy,2027-04-17 00:00:00,2027-04-17 00:00:00,168.0,168.0,1,1,2,2,0,0,False,False,[],[],0.0,0.0,,,,,,,4.91,9.01,,,False,False,False,22.2,6.5,,,,,,,,,,,,,,True,,acquisition_unknown,unknown_no_adjustment,12.4,3.9,8.0,1.0,545.4,81.0,9.6,50.7,10.1,45.1,18.9,10.7,46.6,56.7,10.3,14.8,37.6,10.0,111.0,113.0,46.0,36.0,31.0,31.0,52.0,14.1,4.8,1.9,20.7,15.6,64.2,17.3,0.9,11.5,1.6,10.7,,0.027,17.0,6.3,10.9,1.9,501.6,81.6,12.4,57.5,15.0,61.9,14.8,10.8,44.7,50.6,16.0,15.8,34.6,11.8,113.0,118.0,55.0,34.0,27.0,31.0,64.0,13.1,5.0,1.3,23.4,15.3,57.0,16.3,2.6,9.6,1.3,8.8,1.0,0.0,,0,0,0,,0,0,0,16,6,-2,0,-2.0,-8,0,-8.0,2026,20260919,7,12,3,3,3.3,0,6,0.6000000000000001,2026,20260919,31,2027-04-24,2026,名古屋,川崎F,,,,,,,,,,,,,left_only
第３１節第１日,j1_2026_04240000_神戸_福岡,2027-04-24 00:00:00,ノエスタ,神戸,福岡,,,7.16,13.46,0.0,0.0,7.1598,7.1503,0.0,2.312,0.0,4.0,462.4,hit,conditions_v2,partial,home_base_to_opponent_base_proxy,2027-04-17 00:00:00,2027-04-17 00:00:00,168.0,168.0,1,1,3,1,0,0,False,False,[],[],0.0,0.0,,,,,,,7.16,13.46,,,False,False,False,22.2,6.5,,,,,,,,,,,,,,True,,acquisition_unknown,unknown_no_adjustment,11.0,4.3,14.3,1.6,439.0,74.0,9.3,49.2,12.1,41.2,18.0,23.4,52.9,51.3,8.0,16.6,39.6,11.1,114.0,133.0,48.0,33.0,51.0,29.0,52.0,10.8,2.1,0.7,22.4,17.6,68.3,17.6,1.7,7.6,1.0,7.6,3.0,0.0,13.7,5.1,9.4,1.3,372.0,73.2,12.4,50.6,7.6,47.2,13.8,23.9,53.7,45.0,10.8,15.3,33.4,9.1,116.0,103.0,37.0,36.0,29.0,27.0,44.0,11.1,4.0,1.6,19.9,13.8,64.9,16.0,1.1,7.6,1.0,7.6,1.0,0.0,,0,0,0,,0,0,0,2,16,0,0,0.0,4,9,4.9,2026,20260919,18,4,-2,0,-2.0,-3,1,-2.9,2026,20260919,31,2027-04-24,2026,神戸,福岡,,,,,,,,,,,,,left_only
第３１節第１日,j1_2026_04240000_岡山_C大阪,2027-04-24 00:00:00,ＪＦＥス,岡山,Ｃ大阪,,,5.15,8.7,0.0,0.0,5.154,3.9797,0.0,0.7235,0.0,4.0,144.7,hit,conditions_v2,partial,home_base_to_opponent_base_proxy,2027-04-17 00:00:00,2027-04-17 00:00:00,168.0,168.0,1,1,2,1,0,0,False,False,[],[],0.0,0.0,,,,,,,5.15,8.7,,,False,False,False,22.2,6.5,,,,,,,,,,,,,,True,,acquisition_unknown,unknown_no_adjustment,15.6,3.6,9.2,1.4,375.7,71.9,10.1,54.9,13.8,45.4,19.6,17.6,49.0,44.4,13.3,16.0,34.4,9.7,114.0,123.0,49.0,41.0,32.0,25.0,58.0,8.6,2.4,1.1,25.4,15.7,66.4,18.1,2.6,6.8,0.9,6.0,2.0,0.0,11.4,3.6,7.5,0.9,512.7,77.8,10.4,52.1,12.8,41.1,16.6,15.3,49.3,54.9,11.3,15.1,36.7,6.8,114.0,110.0,42.0,32.0,35.0,33.0,57.0,12.6,5.0,1.6,28.3,15.7,61.8,21.6,1.7,13.6,1.9,11.1,3.0,0.0,,0,0,0,,0,0,0,6,13,2,3,2.3,7,9,7.9,2026,20260919,10,10,-1,0,-1.0,0,4,0.4,2026,20260919,31,2027-04-24,2026,岡山,C大阪,,,,,,,,,,,,,left_only
第３１節第１日,j1_2026_04240000_広島_町田,2027-04-24 00:00:00,Ｅピース,広島,町田,,,6.18,11.93,0.0,0.0,6.1802,4.6731,0.0,3.2555,0.0,4.0,651.1,hit,conditions_v2,partial,home_base_to_opponent_base_proxy,2027-04-16 00:00:00,2027-04-17 00:00:00,192.0,168.0,0,1,2,2,0,0,False,False,[],[],0.0,0.0,,,,,,,6.18,11.93,,,False,False,False,22.2,6.5,,,,,,,,,,,,,,True,,acquisition_unknown,unknown_no_adjustment,18.6,6.8,14.6,2.7,544.7,81.5,9.6,58.2,16.3,52.6,21.6,11.4,47.9,53.5,16.4,15.4,39.1,16.1,110.0,101.0,43.0,30.0,27.0,31.0,52.0,8.8,3.3,0.9,18.1,14.6,67.6,16.6,3.1,5.4,0.7,5.4,3.0,0.0,13.1,4.8,20.7,2.7,462.4,79.3,11.1,51.3,10.0,55.7,18.0,16.7,59.4,50.7,9.7,17.1,34.0,11.8,115.0,108.0,37.0,36.0,33.0,30.0,52.0,11.6,2.6,0.9,21.3,15.7,72.7,17.1,1.1,7.4,1.0,7.4,1.0,0.0,,0,0,0,,0,0,0,4,14,1,3,1.3,0,6,0.6000000000000001,2026,20260919,1,17,0,1,0.1,2,7,2.7,2026,20260919,31,2027-04-24,2026,広島,町田,0.025806,0.0,0.032258,1.0,,,,,,,,,left_only
第３１節第１日,j1_2026_04240000_長崎_千葉,2027-04-24 00:00:00,ピースタ,長崎,千葉,,,7.39,14.67,0.0,0.0,7.3867,5.7011,0.0,4.9695,0.0,4.0,993.9,hit,conditions_v2,partial,home_base_to_opponent_base_proxy,2027-04-17 00:00:00,2027-04-17 00:00:00,168.0,168.0,1,1,2,2,0,0,False,False,[],[],0.0,0.0,,,,,,,7.39,14.67,,,False,False,False,22.2,6.5,,,,,,,,,,,,,,True,,acquisition_unknown,unknown_no_adjustment,10.4,3.9,12.3,1.3,429.1,78.7,8.6,46.7,8.6,53.3,9.1,11.8,53.2,44.5,8.7,12.7,32.1,6.8,115.0,115.0,38.0,36.0,40.0,26.0,46.0,13.7,4.7,2.0,31.3,13.4,64.9,21.4,2.0,9.3,1.3,9.3,1.0,0.0,9.7,3.4,8.8,0.9,406.9,75.2,11.1,50.0,10.8,43.4,9.8,13.7,43.2,47.0,7.6,16.4,32.4,5.8,113.0,113.0,30.0,39.0,43.0,28.0,43.0,18.4,5.0,2.3,27.3,16.6,65.5,21.1,1.1,12.8,1.8,12.8,1.0,0.0,,0,0,0,,0,0,0,14,7,4,3,4.3,4,4,4.4,2026,20260919,20,4,0,1,0.1,0,4,0.4,2026,20260919,31,2027-04-24,2026,長崎,千葉,,,,,,,,,,,,,left_only
第３２節第１日,j1_2026_04290000_鹿島_神戸,2027-04-29 00:00:00,メルスタ,鹿島,神戸,,,5.66,12.54,0.0,0.0,5.6618,5.9571,0.0,2.578,0.0,4.0,515.6,hit,conditions_v2,partial,home_base_to_opponent_base_proxy,2027-04-24 00:00:00,2027-04-24 00:00:00,120.0,120.0,1,1,2,2,0,0,False,False,[],[],0.0,0.0,,,,,,,5.66,12.54,,,False,False,False,22.2,6.5,,,,,,,,,,,,,,True,,acquisition_unknown,unknown_no_adjustment,16.3,4.7,12.3,2.0,593.0,81.0,10.6,48.6,16.4,53.9,18.0,18.4,51.8,56.4,16.1,14.6,37.3,13.1,113.0,123.0,55.0,36.0,31.0,34.0,68.0,10.4,3.6,1.9,24.0,14.4,65.3,16.0,1.4,7.8,1.1,6.1,1.0,0.0,11.0,4.3,14.3,1.6,439.0,74.0,9.3,49.2,12.1,41.2,18.0,23.4,52.9,51.3,8.0,16.6,39.6,11.1,114.0,133.0,48.0,33.0,51.0,29.0,52.0,10.8,2.1,0.7,22.4,17.6,68.3,17.6,1.7,7.6,1.0,7.6,3.0,0.0,,0,0,0,,0,0,0,8,12,-4,0,-4.0,-6,0,-6.0,2026,20260919,2,16,0,0,0.0,4,9,4.9,2026,20260919,32,2027-04-29,2026,鹿島,神戸,,,,,,,,,,,,,left_only
第３２節第１日,j1_2026_04290000_浦和_町田,2027-04-29 00:00:00,埼玉,浦和,町田,,,4.1,10.71,0.0,0.0,4.0976,6.5023,0.0,0.2045,0.0,4.0,40.9,hit,conditions_v2,partial,home_base_to_opponent_base_proxy,2027-04-24 00:00:00,2027-04-24 00:00:00,120.0,120.0,1,1,2,2,0,0,False,False,[],[],0.0,0.0,,,,,,,4.1,10.71,,,False,False,False,22.2,6.5,,,,,,,,,,,,,,True,,acquisition_unknown,unknown_no_adjustment,14.4,4.3,12.9,1.9,428.6,76.1,12.1,51.8,11.7,54.9,12.4,19.9,51.1,52.3,11.7,16.6,36.0,10.0,114.0,124.0,46.0,41.0,35.0,30.0,58.0,14.1,6.1,2.4,26.3,15.0,68.6,19.0,1.4,10.5,1.5,10.5,1.0,0.0,13.1,4.8,20.7,2.7,462.4,79.3,11.1,51.3,10.0,55.7,18.0,16.7,59.4,50.7,9.7,17.1,34.0,11.8,115.0,108.0,37.0,36.0,33.0,30.0,52.0,11.6,2.6,0.9,21.3,15.7,72.7,17.1,1.1,7.4,1.0,7.4,1.0,0.0,,0,0,0,,0,0,0,12,9,0,0,0.0,5,6,5.6,2026,20260919,1,17,0,1,0.1,2,7,2.7,2026,20260919,32,2027-04-29,2026,浦和,町田,,,,,,,,,,,,,left_only
第３２節第１日,j1_2026_04290000_柏_FC東京,2027-04-29 00:00:00,三協Ｆ柏,柏,FC東京,,,4.0,8.53,0.0,0.0,4.0013,4.2981,0.0,0.2285,0.0,4.0,45.7,hit,conditions_v2,partial,home_base_to_opponent_base_proxy,2027-04-24 00:00:00,2027-04-24 00:00:00,120.0,120.0,1,1,2,2,0,0,False,False,[],[],0.0,0.0,,,,,,,4.0,8.53,2026-04-29 16:00:00,三協Ｆ柏,False,False,False,15.2,10.4,km/h,,1.0,,,,0.0,,,,,20260428,weather_features_j1_2026_asof_20260428.csv,True,,acquisition_unknown,unknown_no_adjustment,14.1,5.3,13.1,1.9,628.4,85.1,14.8,39.4,18.9,54.5,16.4,9.6,47.2,58.2,16.9,16.7,31.3,10.8,118.0,108.0,50.0,30.0,27.0,40.0,62.0,11.1,3.6,1.4,18.4,16.0,67.9,16.1,1.1,8.3,1.1,6.7,1.0,0.0,15.7,5.3,11.8,1.9,487.0,80.1,11.6,56.8,19.0,45.9,14.7,13.0,46.4,53.2,13.8,19.0,36.7,12.8,113.0,138.0,70.0,44.0,23.0,33.0,81.0,9.4,2.9,1.1,28.3,18.9,65.9,15.4,2.3,7.5,1.0,7.5,4.0,0.0,,0,0,0,,0,0,0,3,15,0,0,0.0,-2,3,-1.7,2026,20260919,5,14,1,3,1.3,0,7,0.7000000000000001,2026,20260919,32,2027-04-29,2026,柏,FC東京,,,,,,,,,,,,,left_only
第３２節第１日,j1_2026_04290000_川崎F_水戸,2027-04-29 00:00:00,Ｕ等々力,川崎Ｆ,水戸,,,4.63,9.72,0.0,0.0,4.6259,5.173,0.0,0.5435,0.0,4.0,108.7,hit,conditions_v2,partial,home_base_to_opponent_base_proxy,2027-04-24 00:00:00,2027-04-24 00:00:00,120.0,120.0,1,1,2,2,0,0,False,False,[],[],0.0,0.0,,,,,,,4.63,9.72,,,False,False,False,22.2,6.5,,,,,,,,,,,,,,True,,acquisition_unknown,unknown_no_adjustment,17.0,6.3,10.9,1.9,501.6,81.6,12.4,57.5,15.0,61.9,14.8,10.8,44.7,50.6,16.0,15.8,34.6,11.8,113.0,118.0,55.0,34.0,27.0,31.0,64.0,13.1,5.0,1.3,23.4,15.3,57.0,16.3,2.6,9.6,1.3,8.8,1.0,0.0,12.0,3.9,13.1,1.6,424.0,79.1,7.6,60.4,7.6,47.2,10.3,14.0,49.7,44.7,9.0,13.8,31.7,9.8,118.0,100.0,37.0,29.0,34.0,29.0,46.0,15.4,5.6,1.3,31.3,13.6,68.4,22.0,1.6,11.7,1.6,11.7,,0.027,,0,0,0,,0,0,0,7,12,3,3,3.3,0,6,0.6000000000000001,2026,20260919,11,9,0,0,0.0,0,4,0.4,2026,20260919,32,2027-04-29,2026,川崎F,水戸,,,,,,,,,,,,,left_only
第３２節第１日,j1_2026_04290000_横浜FM_名古屋,2027-04-29 00:00:00,日産ス,横浜FM,名古屋,,,3.52,9.18,0.0,0.0,3.5223,3.9377,0.0,1.245,0.0,4.0,249.0,hit,conditions_v2,partial,home_base_to_opponent_base_proxy,2027-04-24 00:00:00,2027-04-24 00:00:00,120.0,120.0,1,1,2,2,0,0,False,False,[],[],0.0,0.0,,,,,,,3.52,9.18,,,False,False,False,22.2,6.5,,,,,,,,,,,,,,True,,acquisition_unknown,unknown_no_adjustment,10.6,3.3,14.9,1.6,389.9,72.6,8.7,47.5,10.4,39.7,13.8,16.7,47.0,47.7,8.6,17.6,33.7,8.3,114.0,114.0,37.0,34.0,42.0,28.0,47.0,13.0,3.7,1.3,28.0,21.4,62.7,20.6,1.9,11.4,1.6,10.6,3.0,0.0,12.4,3.9,8.0,1.0,545.4,81.0,9.6,50.7,10.1,45.1,18.9,10.7,46.6,56.7,10.3,14.8,37.6,10.0,111.0,113.0,46.0,36.0,31.0,31.0,52.0,14.1,4.8,1.9,20.7,15.6,64.2,17.3,0.9,11.5,1.6,10.7,,0.027,,0,0,0,,0,0,0,9,11,-2,1,-1.9,0,5,0.5,2026,20260919,16,6,-2,0,-2.0,-8,0,-8.0,2026,20260919,32,2027-04-29,2026,横浜FM,名古屋,,,,,,,,,,,,,left_only
第３２節第１日,j1_2026_04290000_清水_岡山,2027-04-29 00:00:00,アイスタ,清水,岡山,,,3.81,10.29,0.0,0.0,3.8097,4.2459,0.0,2.0435,0.0,4.0,408.7,hit,conditions_v2,partial,home_base_to_opponent_base_proxy,2027-04-24 00:00:00,2027-04-24 00:00:00,120.0,120.0,1,1,2,2,0,0,False,False,[],[],0.0,0.0,,,,,,,3.81,10.29,,,False,False,False,22.2,6.5,,,,,,,,,,,,,,True,,acquisition_unknown,unknown_no_adjustment,10.4,3.1,5.5,0.6,351.9,72.9,11.8,60.2,10.1,47.9,15.7,20.7,55.1,43.0,8.7,16.1,31.9,10.1,108.0,115.0,43.0,31.0,39.0,24.0,45.0,14.4,4.7,1.0,25.9,14.3,63.0,19.6,0.7,10.0,1.4,10.0,2.0,0.0,15.6,3.6,9.2,1.4,375.7,71.9,10.1,54.9,13.8,45.4,19.6,17.6,49.0,44.4,13.3,16.0,34.4,9.7,114.0,123.0,49.0,41.0,32.0,25.0,58.0,8.6,2.4,1.1,25.4,15.7,66.4,18.1,2.6,6.8,0.9,6.0,2.0,0.0,,0,0,0,,0,0,0,13,7,4,3,4.3,3,4,3.4,2026,20260919,6,13,2,3,2.3,7,9,7.9,2026,20260919,32,2027-04-29,2026,清水,岡山,0.0,0.0,0.0,1.0,,,,,,,,,left_only
第３２節第１日,j1_2026_04290000_京都_G大阪,2027-04-29 00:00:00,サンガＳ,京都,Ｇ大阪,,,6.93,9.55,0.0,0.0,6.934,5.4006,0.0,0.151,0.0,4.0,30.2,hit,conditions_v2,partial,home_base_to_opponent_base_proxy,2027-04-24 00:00:00,2027-04-24 00:00:00,120.0,120.0,1,1,2,2,0,0,False,False,[],[],0.0,0.0,,,,,,,6.93,9.55,,,False,False,False,22.2,6.5,,,,,,,,,,,,,,True,,acquisition_unknown,unknown_no_adjustment,11.6,4.0,11.1,1.3,395.7,73.7,6.4,66.7,11.8,48.2,13.0,13.7,50.8,45.5,9.4,17.3,33.1,7.6,115.0,125.0,45.0,36.0,43.0,28.0,54.0,17.9,5.7,2.0,28.7,19.1,67.9,22.4,2.4,13.5,1.9,12.7,,0.027,13.4,4.0,8.5,1.1,502.1,81.1,13.3,51.6,12.4,41.4,13.3,10.1,45.5,55.4,10.3,18.7,37.9,8.5,111.0,92.0,30.0,28.0,34.0,31.0,39.0,16.4,6.6,1.9,24.7,17.7,66.9,16.4,1.4,13.0,1.8,13.0,1.0,0.0,,0,0,0,,0,0,0,17,5,-2,0,-2.0,-3,1,-2.9,2026,20260919,15,6,-2,0,-2.0,-3,1,-2.9,2026,20260919,32,2027-04-29,2026,京都,G大阪,0.05,0.0,0.0625,1.0,,,,,,,,,left_only
第３２節第１日,j1_2026_04290000_C大阪_長崎,2027-04-29 00:00:00,ハナサカ,Ｃ大阪,長崎,,,4.61,12.68,0.0,0.0,4.6088,5.8677,0.0,2.8105,0.0,4.0,562.1,hit,conditions_v2,partial,home_base_to_opponent_base_proxy,2027-04-24 00:00:00,2027-04-24 00:00:00,120.0,120.0,1,1,2,2,0,0,False,False,[],[],0.0,0.0,,,,,,,4.61,12.68,,,False,False,False,22.2,6.5,,,,,,,,,,,,,,True,,acquisition_unknown,unknown_no_adjustment,11.4,3.6,7.5,0.9,512.7,77.8,10.4,52.1,12.8,41.1,16.6,15.3,49.3,54.9,11.3,15.1,36.7,6.8,114.0,110.0,42.0,32.0,35.0,33.0,57.0,12.6,5.0,1.6,28.3,15.7,61.8,21.6,1.7,13.6,1.9,11.1,3.0,0.0,10.4,3.9,12.3,1.3,429.1,78.7,8.6,46.7,8.6,53.3,9.1,11.8,53.2,44.5,8.7,12.7,32.1,6.8,115.0,115.0,38.0,36.0,40.0,26.0,46.0,13.7,4.7,2.0,31.3,13.4,64.9,21.4,2.0,9.3,1.3,9.3,1.0,0.0,,0,0,0,,0,0,0,10,10,-1,0,-1.0,0,4,0.4,2026,20260919,14,7,4,3,4.3,4,4,4.4,2026,20260919,32,2027-04-29,2026,C大阪,長崎,,,,,,,,,,,,,left_only
第３３節第１日,j1_2026_05030000_水戸_福岡,2027-05-03 00:00:00,水戸信ス,水戸,福岡,,,5.72,15.04,0.0,0.0,5.7162,6.2582,0.0,4.784,0.0,4.0,956.8,hit,conditions_v2,partial,home_base_to_opponent_base_proxy,2027-04-29 00:00:00,2027-04-29 00:00:00,96.0,96.0,1,1,2,2,0,0,False,False,[],[],0.0,0.0,,,,,,,5.72,15.04,,,False,False,False,22.2,6.5,,,,,,,,,,,,,,True,,acquisition_unknown,unknown_no_adjustment,12.0,3.9,13.1,1.6,424.0,79.1,7.6,60.4,7.6,47.2,10.3,14.0,49.7,44.7,9.0,13.8,31.7,9.8,118.0,100.0,37.0,29.0,34.0,29.0,46.0,15.4,5.6,1.3,31.3,13.6,68.4,22.0,1.6,11.7,1.6,11.7,,0.027,13.7,5.1,9.4,1.3,372.0,73.2,12.4,50.6,7.6,47.2,13.8,23.9,53.7,45.0,10.8,15.3,33.4,9.1,116.0,103.0,37.0,36.0,29.0,27.0,44.0,11.1,4.0,1.6,19.9,13.8,64.9,16.0,1.1,7.6,1.0,7.6,1.0,0.0,,0,0,0,,0,0,0,11,9,0,0,0.0,0,4,0.4,2026,20260919,18,4,-2,0,-2.0,-3,1,-2.9,2026,20260919,33,2027-05-03,2026,水戸,福岡,,,,,,,,,,,,,left_only
第３３節第１日,j1_2026_05030000_東京V_C大阪,2027-05-03 00:00:00,味スタ,東京Ｖ,Ｃ大阪,,,5.46,9.75,0.0,0.0,5.463,3.8367,0.0,1.914,0.0,4.0,382.8,hit,conditions_v2,partial,home_base_to_opponent_base_proxy,2027-04-29 00:00:00,2027-04-29 00:00:00,96.0,96.0,1,1,2,2,0,0,False,False,[],[],0.0,0.0,,,,,,,5.46,9.75,,,False,False,False,22.2,6.5,,,,,,,,,,,,,,True,,acquisition_unknown,unknown_no_adjustment,9.4,2.6,4.5,0.4,393.1,75.1,9.8,40.6,9.0,39.7,9.0,17.0,48.6,43.4,8.1,16.6,28.7,6.7,116.0,127.0,41.0,43.0,43.0,28.0,52.0,15.7,4.7,1.3,28.9,17.7,71.0,20.6,1.0,11.3,1.6,11.3,2.0,0.0,11.4,3.6,7.5,0.9,512.7,77.8,10.4,52.1,12.8,41.1,16.6,15.3,49.3,54.9,11.3,15.1,36.7,6.8,114.0,110.0,42.0,32.0,35.0,33.0,57.0,12.6,5.0,1.6,28.3,15.7,61.8,21.6,1.7,13.6,1.9,11.1,3.0,0.0,,0,0,0,,0,0,0,19,4,0,1,0.1,0,2,0.2,2026,20260919,10,10,-1,0,-1.0,0,4,0.4,2026,20260919,33,2027-05-03,2026,東京V,C大阪,0.083333,0.0,0.10416700000000001,2.0,,,,,,,,,left_only
第３３節第１日,j1_2026_05030000_名古屋_千葉,2027-05-03 00:00:00,●未定●,名古屋,千葉,,,5.06,12.11,0.0,0.0,5.0604,6.7469,0.0,1.367,0.0,4.0,273.4,hit,conditions_v2,partial,home_base_to_opponent_base_proxy,2027-04-29 00:00:00,2027-04-29 00:00:00,96.0,96.0,1,1,2,2,0,0,False,False,[],[],0.0,0.0,,,,,,,5.06,12.11,,,False,False,False,22.2,6.5,,,,,,,,,,,,,,True,,acquisition_unknown,unknown_no_adjustment,12.4,3.9,8.0,1.0,545.4,81.0,9.6,50.7,10.1,45.1,18.9,10.7,46.6,56.7,10.3,14.8,37.6,10.0,111.0,113.0,46.0,36.0,31.0,31.0,52.0,14.1,4.8,1.9,20.7,15.6,64.2,17.3,0.9,11.5,1.6,10.7,,0.027,9.7,3.4,8.8,0.9,406.9,75.2,11.1,50.0,10.8,43.4,9.8,13.7,43.2,47.0,7.6,16.4,32.4,5.8,113.0,113.0,30.0,39.0,43.0,28.0,43.0,18.4,5.0,2.3,27.3,16.6,65.5,21.1,1.1,12.8,1.8,12.8,1.0,0.0,,0,0,0,,0,0,0,16,6,-2,0,-2.0,-8,0,-8.0,2026,20260919,20,4,0,1,0.1,0,4,0.4,2026,20260919,33,2027-05-03,2026,名古屋,千葉,,,,,,,,,,,,,left_only
第３３節第１日,j1_2026_05030000_G大阪_鹿島,2027-05-03 00:00:00,パナスタ,Ｇ大阪,鹿島,,,5.83,10.89,0.0,0.0,5.8335,4.4851,0.0,2.4075,0.0,4.0,481.5,hit,conditions_v2,partial,home_base_to_opponent_base_proxy,2027-04-29 00:00:00,2027-04-29 00:00:00,96.0,96.0,1,1,2,2,0,0,False,False,[],[],0.0,0.0,,,,,,,5.83,10.89,,,False,False,False,22.2,6.5,,,,,,,,,,,,,,True,,acquisition_unknown,unknown_no_adjustment,13.4,4.0,8.5,1.1,502.1,81.1,13.3,51.6,12.4,41.4,13.3,10.1,45.5,55.4,10.3,18.7,37.9,8.5,111.0,92.0,30.0,28.0,34.0,31.0,39.0,16.4,6.6,1.9,24.7,17.7,66.9,16.4,1.4,13.0,1.8,13.0,1.0,0.0,16.3,4.7,12.3,2.0,593.0,81.0,10.6,48.6,16.4,53.9,18.0,18.4,51.8,56.4,16.1,14.6,37.3,13.1,113.0,123.0,55.0,36.0,31.0,34.0,68.0,10.4,3.6,1.9,24.0,14.4,65.3,16.0,1.4,7.8,1.1,6.1,1.0,0.0,,0,0,0,,0,0,0,15,6,-2,0,-2.0,-3,1,-2.9,2026,20260919,8,12,-4,0,-4.0,-6,0,-6.0,2026,20260919,33,2027-05-03,2026,G大阪,鹿島,,,,,,,,,,,,,left_only
第３３節第１日,j1_2026_05030000_神戸_柏,2027-05-03 00:00:00,ノエスタ,神戸,柏,,,7.1,9.42,0.0,0.0,7.1013,3.1542,0.0,2.2675,0.0,4.0,453.5,hit,conditions_v2,partial,home_base_to_opponent_base_proxy,2027-04-29 00:00:00,2027-04-29 00:00:00,96.0,96.0,1,1,2,2,0,0,False,False,[],[],0.0,0.0,,,,,,,7.1,9.42,,,False,False,False,22.2,6.5,,,,,,,,,,,,,,True,,acquisition_unknown,unknown_no_adjustment,11.0,4.3,14.3,1.6,439.0,74.0,9.3,49.2,12.1,41.2,18.0,23.4,52.9,51.3,8.0,16.6,39.6,11.1,114.0,133.0,48.0,33.0,51.0,29.0,52.0,10.8,2.1,0.7,22.4,17.6,68.3,17.6,1.7,7.6,1.0,7.6,3.0,0.0,14.1,5.3,13.1,1.9,628.4,85.1,14.8,39.4,18.9,54.5,16.4,9.6,47.2,58.2,16.9,16.7,31.3,10.8,118.0,108.0,50.0,30.0,27.0,40.0,62.0,11.1,3.6,1.4,18.4,16.0,67.9,16.1,1.1,8.3,1.1,6.7,1.0,0.0,,0,0,0,,0,0,0,2,16,0,0,0.0,4,9,4.9,2026,20260919,3,15,0,0,0.0,-2,3,-1.7,2026,20260919,33,2027-05-03,2026,神戸,柏,,,,,,,,,,,,,left_only
第３３節第１日,j1_2026_05030000_岡山_川崎F,2027-05-03 00:00:00,ＪＦＥス,岡山,川崎Ｆ,,,5.27,10.52,0.0,0.0,5.2662,3.8763,0.0,2.6445,0.0,4.0,528.9,hit,conditions_v2,partial,home_base_to_opponent_base_proxy,2027-04-29 00:00:00,2027-04-29 00:00:00,96.0,96.0,1,1,2,2,0,0,False,False,[],[],0.0,0.0,,,,,,,5.27,10.52,,,False,False,False,22.2,6.5,,,,,,,,,,,,,,True,,acquisition_unknown,unknown_no_adjustment,15.6,3.6,9.2,1.4,375.7,71.9,10.1,54.9,13.8,45.4,19.6,17.6,49.0,44.4,13.3,16.0,34.4,9.7,114.0,123.0,49.0,41.0,32.0,25.0,58.0,8.6,2.4,1.1,25.4,15.7,66.4,18.1,2.6,6.8,0.9,6.0,2.0,0.0,17.0,6.3,10.9,1.9,501.6,81.6,12.4,57.5,15.0,61.9,14.8,10.8,44.7,50.6,16.0,15.8,34.6,11.8,113.0,118.0,55.0,34.0,27.0,31.0,64.0,13.1,5.0,1.3,23.4,15.3,57.0,16.3,2.6,9.6,1.3,8.8,1.0,0.0,,0,0,0,,0,0,0,6,13,2,3,2.3,7,9,7.9,2026,20260919,7,12,3,3,3.3,0,6,0.6000000000000001,2026,20260919,33,2027-05-03,2026,岡山,川崎F,,,,,,,,,,,,,left_only
第３３節第１日,j1_2026_05030000_広島_浦和,2027-05-03 00:00:00,Ｅピース,広島,浦和,,,6.33,10.78,0.0,0.0,6.3264,3.3945,0.0,3.383,0.0,4.0,676.6,hit,conditions_v2,partial,home_base_to_opponent_base_proxy,2027-04-29 00:00:00,2027-04-29 00:00:00,96.0,96.0,1,1,2,2,0,0,False,False,[],[],0.0,0.0,,,,,,,6.33,10.78,,,False,False,False,22.2,6.5,,,,,,,,,,,,,,True,,acquisition_unknown,unknown_no_adjustment,18.6,6.8,14.6,2.7,544.7,81.5,9.6,58.2,16.3,52.6,21.6,11.4,47.9,53.5,16.4,15.4,39.1,16.1,110.0,101.0,43.0,30.0,27.0,31.0,52.0,8.8,3.3,0.9,18.1,14.6,67.6,16.6,3.1,5.4,0.7,5.4,3.0,0.0,14.4,4.3,12.9,1.9,428.6,76.1,12.1,51.8,11.7,54.9,12.4,19.9,51.1,52.3,11.7,16.6,36.0,10.0,114.0,124.0,46.0,41.0,35.0,30.0,58.0,14.1,6.1,2.4,26.3,15.0,68.6,19.0,1.4,10.5,1.5,10.5,1.0,0.0,,0,0,0,,0,0,0,4,14,1,3,1.3,0,6,0.6000000000000001,2026,20260919,12,9,0,0,0.0,5,6,5.6,2026,20260919,33,2027-05-03,2026,広島,浦和,0.025806,0.0,0.032258,1.0,,,,,,,,,left_only
第３３節第１日,j1_2026_05030000_長崎_横浜FM,2027-05-03 00:00:00,ピースタ,長崎,横浜FM,,,6.78,11.7,0.0,0.0,6.7755,2.9609,0.0,4.7345,0.0,4.0,946.9,hit,conditions_v2,partial,home_base_to_opponent_base_proxy,2027-04-29 00:00:00,2027-04-29 00:00:00,96.0,96.0,1,1,2,2,0,0,False,False,[],[],0.0,0.0,,,,,,,6.78,11.7,,,False,False,False,22.2,6.5,,,,,,,,,,,,,,True,,acquisition_unknown,unknown_no_adjustment,10.4,3.9,12.3,1.3,429.1,78.7,8.6,46.7,8.6,53.3,9.1,11.8,53.2,44.5,8.7,12.7,32.1,6.8,115.0,115.0,38.0,36.0,40.0,26.0,46.0,13.7,4.7,2.0,31.3,13.4,64.9,21.4,2.0,9.3,1.3,9.3,1.0,0.0,10.6,3.3,14.9,1.6,389.9,72.6,8.7,47.5,10.4,39.7,13.8,16.7,47.0,47.7,8.6,17.6,33.7,8.3,114.0,114.0,37.0,34.0,42.0,28.0,47.0,13.0,3.7,1.3,28.0,21.4,62.7,20.6,1.9,11.4,1.6,10.6,3.0,0.0,,0,0,0,,0,0,0,14,7,4,3,4.3,4,4,4.4,2026,20260919,9,11,-2,1,-1.9,0,5,0.5,2026,20260919,33,2027-05-03,2026,長崎,横浜FM,,,,,,,,,,,,,left_only
第３４節第１日,j1_2026_05090000_鹿島_川崎F,2027-05-09 00:00:00,メルスタ,鹿島,川崎Ｆ,,,5.61,10.02,0.0,0.0,5.6058,5.5087,0.0,0.5125,0.0,4.0,102.5,hit,conditions_v2,partial,home_base_to_opponent_base_proxy,2027-05-03 00:00:00,2027-05-03 00:00:00,144.0,144.0,1,1,2,2,0,0,False,False,[],[],0.0,0.0,,,,,,,5.61,10.02,,,False,False,False,22.2,6.5,,,,,,,,,,,,,,True,,acquisition_unknown,unknown_no_adjustment,16.3,4.7,12.3,2.0,593.0,81.0,10.6,48.6,16.4,53.9,18.0,18.4,51.8,56.4,16.1,14.6,37.3,13.1,113.0,123.0,55.0,36.0,31.0,34.0,68.0,10.4,3.6,1.9,24.0,14.4,65.3,16.0,1.4,7.8,1.1,6.1,1.0,0.0,17.0,6.3,10.9,1.9,501.6,81.6,12.4,57.5,15.0,61.9,14.8,10.8,44.7,50.6,16.0,15.8,34.6,11.8,113.0,118.0,55.0,34.0,27.0,31.0,64.0,13.1,5.0,1.3,23.4,15.3,57.0,16.3,2.6,9.6,1.3,8.8,1.0,0.0,,0,0,0,,0,0,0,8,12,-4,0,-4.0,-6,0,-6.0,2026,20260919,7,12,3,3,3.3,0,6,0.6000000000000001,2026,20260919,34,2027-05-09,2026,鹿島,川崎F,,,,,,,,,,,,,left_only
第３４節第１日,j1_2026_05090000_水戸_岡山,2027-05-09 00:00:00,水戸信ス,水戸,岡山,,,4.83,11.5,0.0,0.0,4.8272,4.4165,0.0,3.0805,0.0,4.0,616.1,hit,conditions_v2,partial,home_base_to_opponent_base_proxy,2027-05-03 00:00:00,2027-05-03 00:00:00,144.0,144.0,1,1,2,2,0,0,False,False,[],[],0.0,0.0,,,,,,,4.83,11.5,,,False,False,False,22.2,6.5,,,,,,,,,,,,,,True,,acquisition_unknown,unknown_no_adjustment,12.0,3.9,13.1,1.6,424.0,79.1,7.6,60.4,7.6,47.2,10.3,14.0,49.7,44.7,9.0,13.8,31.7,9.8,118.0,100.0,37.0,29.0,34.0,29.0,46.0,15.4,5.6,1.3,31.3,13.6,68.4,22.0,1.6,11.7,1.6,11.7,,0.027,15.6,3.6,9.2,1.4,375.7,71.9,10.1,54.9,13.8,45.4,19.6,17.6,49.0,44.4,13.3,16.0,34.4,9.7,114.0,123.0,49.0,41.0,32.0,25.0,58.0,8.6,2.4,1.1,25.4,15.7,66.4,18.1,2.6,6.8,0.9,6.0,2.0,0.0,,0,0,0,,0,0,0,11,9,0,0,0.0,0,4,0.4,2026,20260919,6,13,2,3,2.3,7,9,7.9,2026,20260919,34,2027-05-09,2026,水戸,岡山,,,,,,,,,,,,,left_only
第３４節第１日,j1_2026_05090000_浦和_神戸,2027-05-09 00:00:00,埼玉,浦和,神戸,,,5.07,11.84,0.0,0.0,5.0732,5.7084,0.0,2.132,0.0,4.0,426.4,hit,conditions_v2,partial,home_base_to_opponent_base_proxy,2027-05-03 00:00:00,2027-05-03 00:00:00,144.0,144.0,1,1,2,2,0,0,False,False,[],[],0.0,0.0,,,,,,,5.07,11.84,,,False,False,False,22.2,6.5,,,,,,,,,,,,,,True,,acquisition_unknown,unknown_no_adjustment,14.4,4.3,12.9,1.9,428.6,76.1,12.1,51.8,11.7,54.9,12.4,19.9,51.1,52.3,11.7,16.6,36.0,10.0,114.0,124.0,46.0,41.0,35.0,30.0,58.0,14.1,6.1,2.4,26.3,15.0,68.6,19.0,1.4,10.5,1.5,10.5,1.0,0.0,11.0,4.3,14.3,1.6,439.0,74.0,9.3,49.2,12.1,41.2,18.0,23.4,52.9,51.3,8.0,16.6,39.6,11.1,114.0,133.0,48.0,33.0,51.0,29.0,52.0,10.8,2.1,0.7,22.4,17.6,68.3,17.6,1.7,7.6,1.0,7.6,3.0,0.0,,0,0,0,,0,0,0,12,9,0,0,0.0,5,6,5.6,2026,20260919,2,16,0,0,0.0,4,9,4.9,2026,20260919,34,2027-05-09,2026,浦和,神戸,,,,,,,,,,,,,left_only
第３４節第１日,j1_2026_05090000_柏_町田,2027-05-09 00:00:00,三協Ｆ柏,柏,町田,,,4.57,10.14,0.0,0.0,4.5681,5.845,0.0,0.2965,0.0,4.0,59.3,hit,conditions_v2,partial,home_base_to_opponent_base_proxy,2027-05-03 00:00:00,2027-05-03 00:00:00,144.0,144.0,1,1,2,2,0,0,False,False,[],[],0.0,0.0,,,,,,,4.57,10.14,,,False,False,False,22.2,6.5,,,,,,,,,,,,,,True,,acquisition_unknown,unknown_no_adjustment,14.1,5.3,13.1,1.9,628.4,85.1,14.8,39.4,18.9,54.5,16.4,9.6,47.2,58.2,16.9,16.7,31.3,10.8,118.0,108.0,50.0,30.0,27.0,40.0,62.0,11.1,3.6,1.4,18.4,16.0,67.9,16.1,1.1,8.3,1.1,6.7,1.0,0.0,13.1,4.8,20.7,2.7,462.4,79.3,11.1,51.3,10.0,55.7,18.0,16.7,59.4,50.7,9.7,17.1,34.0,11.8,115.0,108.0,37.0,36.0,33.0,30.0,52.0,11.6,2.6,0.9,21.3,15.7,72.7,17.1,1.1,7.4,1.0,7.4,1.0,0.0,,0,0,0,,0,0,0,3,15,0,0,0.0,-2,3,-1.7,2026,20260919,1,17,0,1,0.1,2,7,2.7,2026,20260919,34,2027-05-09,2026,柏,町田,,,,,,,,,,,,,left_only
第３４節第１日,j1_2026_05090000_横浜FM_G大阪,2027-05-09 00:00:00,日産ス,横浜FM,Ｇ大阪,,,5.49,10.85,0.0,0.0,5.4896,4.9557,0.0,1.8925,0.0,4.0,378.5,hit,conditions_v2,partial,home_base_to_opponent_base_proxy,2027-05-03 00:00:00,2027-05-03 00:00:00,144.0,144.0,1,1,2,2,0,0,False,False,[],[],0.0,0.0,,,,,,,5.49,10.85,,,False,False,False,22.2,6.5,,,,,,,,,,,,,,True,,acquisition_unknown,unknown_no_adjustment,10.6,3.3,14.9,1.6,389.9,72.6,8.7,47.5,10.4,39.7,13.8,16.7,47.0,47.7,8.6,17.6,33.7,8.3,114.0,114.0,37.0,34.0,42.0,28.0,47.0,13.0,3.7,1.3,28.0,21.4,62.7,20.6,1.9,11.4,1.6,10.6,3.0,0.0,13.4,4.0,8.5,1.1,502.1,81.1,13.3,51.6,12.4,41.4,13.3,10.1,45.5,55.4,10.3,18.7,37.9,8.5,111.0,92.0,30.0,28.0,34.0,31.0,39.0,16.4,6.6,1.9,24.7,17.7,66.9,16.4,1.4,13.0,1.8,13.0,1.0,0.0,,0,0,0,,0,0,0,9,11,-2,1,-1.9,0,5,0.5,2026,20260919,15,6,-2,0,-2.0,-3,1,-2.9,2026,20260919,34,2027-05-09,2026,横浜FM,G大阪,,,,,,,,,,,,,left_only
第３４節第１日,j1_2026_05090000_C大阪_名古屋,2027-05-09 00:00:00,ハナサカ,Ｃ大阪,名古屋,,,5.2,8.8,0.0,0.0,5.2048,4.0985,0.0,0.6965,0.0,4.0,139.3,hit,conditions_v2,partial,home_base_to_opponent_base_proxy,2027-05-03 00:00:00,2027-05-03 00:00:00,144.0,144.0,1,1,2,2,0,0,False,False,[],[],0.0,0.0,,,,,,,5.2,8.8,,,False,False,False,22.2,6.5,,,,,,,,,,,,,,True,,acquisition_unknown,unknown_no_adjustment,11.4,3.6,7.5,0.9,512.7,77.8,10.4,52.1,12.8,41.1,16.6,15.3,49.3,54.9,11.3,15.1,36.7,6.8,114.0,110.0,42.0,32.0,35.0,33.0,57.0,12.6,5.0,1.6,28.3,15.7,61.8,21.6,1.7,13.6,1.9,11.1,3.0,0.0,12.4,3.9,8.0,1.0,545.4,81.0,9.6,50.7,10.1,45.1,18.9,10.7,46.6,56.7,10.3,14.8,37.6,10.0,111.0,113.0,46.0,36.0,31.0,31.0,52.0,14.1,4.8,1.9,20.7,15.6,64.2,17.3,0.9,11.5,1.6,10.7,,0.027,,0,0,0,,0,0,0,10,10,-1,0,-1.0,0,4,0.4,2026,20260919,16,6,-2,0,-2.0,-8,0,-8.0,2026,20260919,34,2027-05-09,2026,C大阪,名古屋,,,,,,,,,,,,,left_only
第３４節第１日,j1_2026_05090000_広島_長崎,2027-05-09 00:00:00,Ｅピース,広島,長崎,,,5.33,11.15,0.0,0.0,5.3283,5.6457,0.0,1.5085,0.0,4.0,301.7,hit,conditions_v2,partial,home_base_to_opponent_base_proxy,2027-05-03 00:00:00,2027-05-03 00:00:00,144.0,144.0,1,1,2,2,0,0,False,False,[],[],0.0,0.0,,,,,,,5.33,11.15,,,False,False,False,22.2,6.5,,,,,,,,,,,,,,True,,acquisition_unknown,unknown_no_adjustment,18.6,6.8,14.6,2.7,544.7,81.5,9.6,58.2,16.3,52.6,21.6,11.4,47.9,53.5,16.4,15.4,39.1,16.1,110.0,101.0,43.0,30.0,27.0,31.0,52.0,8.8,3.3,0.9,18.1,14.6,67.6,16.6,3.1,5.4,0.7,5.4,3.0,0.0,10.4,3.9,12.3,1.3,429.1,78.7,8.6,46.7,8.6,53.3,9.1,11.8,53.2,44.5,8.7,12.7,32.1,6.8,115.0,115.0,38.0,36.0,40.0,26.0,46.0,13.7,4.7,2.0,31.3,13.4,64.9,21.4,2.0,9.3,1.3,9.3,1.0,0.0,,0,0,0,,0,0,0,4,14,1,3,1.3,0,6,0.6000000000000001,2026,20260919,14,7,4,3,4.3,4,4,4.4,2026,20260919,34,2027-05-09,2026,広島,長崎,0.025806,0.0,0.032258,1.0,,,,,,,,,left_only
第３５節第１日,j1_2026_05150000_浦和_福岡,2027-05-15 00:00:00,埼玉,浦和,福岡,,,4.34,15.09,0.0,0.0,4.3409,6.6468,0.0,4.439,0.0,4.0,887.8,hit,conditions_v2,partial,home_base_to_opponent_base_proxy,2027-05-09 00:00:00,2027-05-09 00:00:00,144.0,144.0,1,1,2,2,0,0,False,False,[],[],0.0,0.0,,,,,,,4.34,15.09,,,False,False,False,22.2,6.5,,,,,,,,,,,,,,True,,acquisition_unknown,unknown_no_adjustment,14.4,4.3,12.9,1.9,428.6,76.1,12.1,51.8,11.7,54.9,12.4,19.9,51.1,52.3,11.7,16.6,36.0,10.0,114.0,124.0,46.0,41.0,35.0,30.0,58.0,14.1,6.1,2.4,26.3,15.0,68.6,19.0,1.4,10.5,1.5,10.5,1.0,0.0,13.7,5.1,9.4,1.3,372.0,73.2,12.4,50.6,7.6,47.2,13.8,23.9,53.7,45.0,10.8,15.3,33.4,9.1,116.0,103.0,37.0,36.0,29.0,27.0,44.0,11.1,4.0,1.6,19.9,13.8,64.9,16.0,1.1,7.6,1.0,7.6,1.0,0.0,,0,0,0,,0,0,0,12,9,0,0,0.0,5,6,5.6,2026,20260919,18,4,-2,0,-2.0,-3,1,-2.9,2026,20260919,35,2027-05-15,2026,浦和,福岡,,,,,,,,,,,,,left_only
第３５節第１日,j1_2026_05150000_町田_FC東京,2027-05-15 00:00:00,●未定●,町田,FC東京,,,6.05,7.33,0.0,0.0,6.055,3.2561,0.0,0.078,0.0,4.0,15.6,hit,conditions_v2,partial,home_base_to_opponent_base_proxy,2027-05-09 00:00:00,2027-05-09 00:00:00,144.0,144.0,1,1,2,2,0,0,False,False,[],[],0.0,0.0,,,,,,,6.05,7.33,,,False,False,False,22.2,6.5,,,,,,,,,,,,,,True,,acquisition_unknown,unknown_no_adjustment,13.1,4.8,20.7,2.7,462.4,79.3,11.1,51.3,10.0,55.7,18.0,16.7,59.4,50.7,9.7,17.1,34.0,11.8,115.0,108.0,37.0,36.0,33.0,30.0,52.0,11.6,2.6,0.9,21.3,15.7,72.7,17.1,1.1,7.4,1.0,7.4,1.0,0.0,15.7,5.3,11.8,1.9,487.0,80.1,11.6,56.8,19.0,45.9,14.7,13.0,46.4,53.2,13.8,19.0,36.7,12.8,113.0,138.0,70.0,44.0,23.0,33.0,81.0,9.4,2.9,1.1,28.3,18.9,65.9,15.4,2.3,7.5,1.0,7.5,4.0,0.0,,0,0,0,,0,0,0,1,17,0,1,0.1,2,7,2.7,2026,20260919,5,14,1,3,1.3,0,7,0.7000000000000001,2026,20260919,35,2027-05-15,2026,町田,FC東京,,,,,,,,,,,,,left_only
第３５節第１日,j1_2026_05150000_川崎F_横浜FM,2027-05-15 00:00:00,Ｕ等々力,川崎Ｆ,横浜FM,,,6.07,8.65,0.0,0.0,6.0742,4.6127,0.0,0.039,0.0,4.0,7.8,hit,conditions_v2,partial,home_base_to_opponent_base_proxy,2027-05-09 00:00:00,2027-05-09 00:00:00,144.0,144.0,1,1,2,2,0,0,False,False,[],[],0.0,0.0,,,,,,,6.07,8.65,,,False,False,False,22.2,6.5,,,,,,,,,,,,,,True,,acquisition_unknown,unknown_no_adjustment,17.0,6.3,10.9,1.9,501.6,81.6,12.4,57.5,15.0,61.9,14.8,10.8,44.7,50.6,16.0,15.8,34.6,11.8,113.0,118.0,55.0,34.0,27.0,31.0,64.0,13.1,5.0,1.3,23.4,15.3,57.0,16.3,2.6,9.6,1.3,8.8,1.0,0.0,10.6,3.3,14.9,1.6,389.9,72.6,8.7,47.5,10.4,39.7,13.8,16.7,47.0,47.7,8.6,17.6,33.7,8.3,114.0,114.0,37.0,34.0,42.0,28.0,47.0,13.0,3.7,1.3,28.0,21.4,62.7,20.6,1.9,11.4,1.6,10.6,3.0,0.0,,0,0,0,,0,0,0,7,12,3,3,3.3,0,6,0.6000000000000001,2026,20260919,9,11,-2,1,-1.9,0,5,0.5,2026,20260919,35,2027-05-15,2026,川崎F,横浜FM,,,,,,,,,,,,,left_only
第３５節第１日,j1_2026_05150000_清水_C大阪,2027-05-15 00:00:00,アイスタ,清水,Ｃ大阪,,,5.13,9.56,0.0,0.0,5.1294,4.2327,0.0,1.327,0.0,4.0,265.4,hit,conditions_v2,partial,home_base_to_opponent_base_proxy,2027-05-09 00:00:00,2027-05-09 00:00:00,144.0,144.0,1,1,2,2,0,0,False,False,[],[],0.0,0.0,,,,,,,5.13,9.56,,,False,False,False,22.2,6.5,,,,,,,,,,,,,,True,,acquisition_unknown,unknown_no_adjustment,10.4,3.1,5.5,0.6,351.9,72.9,11.8,60.2,10.1,47.9,15.7,20.7,55.1,43.0,8.7,16.1,31.9,10.1,108.0,115.0,43.0,31.0,39.0,24.0,45.0,14.4,4.7,1.0,25.9,14.3,63.0,19.6,0.7,10.0,1.4,10.0,2.0,0.0,11.4,3.6,7.5,0.9,512.7,77.8,10.4,52.1,12.8,41.1,16.6,15.3,49.3,54.9,11.3,15.1,36.7,6.8,114.0,110.0,42.0,32.0,35.0,33.0,57.0,12.6,5.0,1.6,28.3,15.7,61.8,21.6,1.7,13.6,1.9,11.1,3.0,0.0,,0,0,0,,0,0,0,13,7,4,3,4.3,3,4,3.4,2026,20260919,10,10,-1,0,-1.0,0,4,0.4,2026,20260919,35,2027-05-15,2026,清水,C大阪,0.0,0.0,0.0,1.0,,,,,,,,,left_only
第３５節第１日,j1_2026_05150000_名古屋_柏,2027-05-15 00:00:00,●未定●,名古屋,柏,,,5.01,9.33,0.0,0.0,5.0086,3.8833,0.0,1.4455,0.0,4.0,289.1,hit,conditions_v2,partial,home_base_to_opponent_base_proxy,2027-05-09 00:00:00,2027-05-09 00:00:00,144.0,144.0,1,1,2,2,0,0,False,False,[],[],0.0,0.0,,,,,,,5.01,9.33,,,False,False,False,22.2,6.5,,,,,,,,,,,,,,True,,acquisition_unknown,unknown_no_adjustment,12.4,3.9,8.0,1.0,545.4,81.0,9.6,50.7,10.1,45.1,18.9,10.7,46.6,56.7,10.3,14.8,37.6,10.0,111.0,113.0,46.0,36.0,31.0,31.0,52.0,14.1,4.8,1.9,20.7,15.6,64.2,17.3,0.9,11.5,1.6,10.7,,0.027,14.1,5.3,13.1,1.9,628.4,85.1,14.8,39.4,18.9,54.5,16.4,9.6,47.2,58.2,16.9,16.7,31.3,10.8,118.0,108.0,50.0,30.0,27.0,40.0,62.0,11.1,3.6,1.4,18.4,16.0,67.9,16.1,1.1,8.3,1.1,6.7,1.0,0.0,,0,0,0,,0,0,0,16,6,-2,0,-2.0,-8,0,-8.0,2026,20260919,3,15,0,0,0.0,-2,3,-1.7,2026,20260919,35,2027-05-15,2026,名古屋,柏,,,,,,,,,,,,,left_only
第３５節第１日,j1_2026_05150000_G大阪_水戸,2027-05-15 00:00:00,パナスタ,Ｇ大阪,水戸,,,5.92,10.17,0.0,0.0,5.9187,3.8044,0.0,2.365,0.0,4.0,473.0,hit,conditions_v2,partial,home_base_to_opponent_base_proxy,2027-05-09 00:00:00,2027-05-09 00:00:00,144.0,144.0,1,1,2,2,0,0,False,False,[],[],0.0,0.0,,,,,,,5.92,10.17,,,False,False,False,22.2,6.5,,,,,,,,,,,,,,True,,acquisition_unknown,unknown_no_adjustment,13.4,4.0,8.5,1.1,502.1,81.1,13.3,51.6,12.4,41.4,13.3,10.1,45.5,55.4,10.3,18.7,37.9,8.5,111.0,92.0,30.0,28.0,34.0,31.0,39.0,16.4,6.6,1.9,24.7,17.7,66.9,16.4,1.4,13.0,1.8,13.0,1.0,0.0,12.0,3.9,13.1,1.6,424.0,79.1,7.6,60.4,7.6,47.2,10.3,14.0,49.7,44.7,9.0,13.8,31.7,9.8,118.0,100.0,37.0,29.0,34.0,29.0,46.0,15.4,5.6,1.3,31.3,13.6,68.4,22.0,1.6,11.7,1.6,11.7,,0.027,,0,0,0,,0,0,0,15,6,-2,0,-2.0,-3,1,-2.9,2026,20260919,11,9,0,0,0.0,0,4,0.4,2026,20260919,35,2027-05-15,2026,G大阪,水戸,,,,,,,,,,,,,left_only
第３５節第１日,j1_2026_05150000_岡山_千葉,2027-05-15 00:00:00,ＪＦＥス,岡山,千葉,,,6.11,12.61,0.0,0.0,6.1061,5.7494,0.0,2.8645,0.0,4.0,572.9,hit,conditions_v2,partial,home_base_to_opponent_base_proxy,2027-05-09 00:00:00,2027-05-09 00:00:00,144.0,144.0,1,1,2,2,0,0,False,False,[],[],0.0,0.0,,,,,,,6.11,12.61,,,False,False,False,22.2,6.5,,,,,,,,,,,,,,True,,acquisition_unknown,unknown_no_adjustment,15.6,3.6,9.2,1.4,375.7,71.9,10.1,54.9,13.8,45.4,19.6,17.6,49.0,44.4,13.3,16.0,34.4,9.7,114.0,123.0,49.0,41.0,32.0,25.0,58.0,8.6,2.4,1.1,25.4,15.7,66.4,18.1,2.6,6.8,0.9,6.0,2.0,0.0,9.7,3.4,8.8,0.9,406.9,75.2,11.1,50.0,10.8,43.4,9.8,13.7,43.2,47.0,7.6,16.4,32.4,5.8,113.0,113.0,30.0,39.0,43.0,28.0,43.0,18.4,5.0,2.3,27.3,16.6,65.5,21.1,1.1,12.8,1.8,12.8,1.0,0.0,,0,0,0,,0,0,0,6,13,2,3,2.3,7,9,7.9,2026,20260919,20,4,0,1,0.1,0,4,0.4,2026,20260919,35,2027-05-15,2026,岡山,千葉,,,,,,,,,,,,,left_only
第３５節第１日,j1_2026_05150000_長崎_鹿島,2027-05-15 00:00:00,ピースタ,長崎,鹿島,,,6.53,13.96,0.0,0.0,6.5269,4.7067,0.0,5.258,0.0,4.0,1051.6,hit,conditions_v2,partial,home_base_to_opponent_base_proxy,2027-05-09 00:00:00,2027-05-09 00:00:00,144.0,144.0,1,1,2,2,0,0,False,False,[],[],0.0,0.0,,,,,,,6.53,13.96,,,False,False,False,22.2,6.5,,,,,,,,,,,,,,True,,acquisition_unknown,unknown_no_adjustment,10.4,3.9,12.3,1.3,429.1,78.7,8.6,46.7,8.6,53.3,9.1,11.8,53.2,44.5,8.7,12.7,32.1,6.8,115.0,115.0,38.0,36.0,40.0,26.0,46.0,13.7,4.7,2.0,31.3,13.4,64.9,21.4,2.0,9.3,1.3,9.3,1.0,0.0,16.3,4.7,12.3,2.0,593.0,81.0,10.6,48.6,16.4,53.9,18.0,18.4,51.8,56.4,16.1,14.6,37.3,13.1,113.0,123.0,55.0,36.0,31.0,34.0,68.0,10.4,3.6,1.9,24.0,14.4,65.3,16.0,1.4,7.8,1.1,6.1,1.0,0.0,,0,0,0,,0,0,0,14,7,4,3,4.3,4,4,4.4,2026,20260919,8,12,-4,0,-4.0,-6,0,-6.0,2026,20260919,35,2027-05-15,2026,長崎,鹿島,,,,,,,,,,,,,left_only
第３６節第１日,j1_2026_05220000_水戸_名古屋,2027-05-22 00:00:00,水戸信ス,水戸,名古屋,,,5.1,9.64,0.0,0.0,5.0964,4.0181,0.0,1.6225,0.0,4.0,324.5,hit,conditions_v2,partial,home_base_to_opponent_base_proxy,2027-05-15 00:00:00,2027-05-15 00:00:00,168.0,168.0,1,1,2,2,0,0,False,False,[],[],0.0,0.0,,,,,,,5.1,9.64,,,False,False,False,22.2,6.5,,,,,,,,,,,,,,True,,acquisition_unknown,unknown_no_adjustment,12.0,3.9,13.1,1.6,424.0,79.1,7.6,60.4,7.6,47.2,10.3,14.0,49.7,44.7,9.0,13.8,31.7,9.8,118.0,100.0,37.0,29.0,34.0,29.0,46.0,15.4,5.6,1.3,31.3,13.6,68.4,22.0,1.6,11.7,1.6,11.7,,0.027,12.4,3.9,8.0,1.0,545.4,81.0,9.6,50.7,10.1,45.1,18.9,10.7,46.6,56.7,10.3,14.8,37.6,10.0,111.0,113.0,46.0,36.0,31.0,31.0,52.0,14.1,4.8,1.9,20.7,15.6,64.2,17.3,0.9,11.5,1.6,10.7,,0.027,,0,0,0,,0,0,0,11,9,0,0,0.0,0,4,0.4,2026,20260919,16,6,-2,0,-2.0,-8,0,-8.0,2026,20260919,36,2027-05-22,2026,水戸,名古屋,,,,,,,,,,,,,left_only
第３６節第１日,j1_2026_05220000_千葉_神戸,2027-05-22 00:00:00,フクアリ,千葉,神戸,,,7.08,11.77,0.0,0.0,7.0804,5.4645,0.0,2.31,0.0,4.0,462.0,hit,conditions_v2,partial,home_base_to_opponent_base_proxy,2027-05-15 00:00:00,2027-05-15 00:00:00,168.0,168.0,1,1,2,2,0,0,False,False,[],[],0.0,0.0,,,,,,,7.08,11.77,,,False,False,False,22.2,6.5,,,,,,,,,,,,,,True,,acquisition_unknown,unknown_no_adjustment,9.7,3.4,8.8,0.9,406.9,75.2,11.1,50.0,10.8,43.4,9.8,13.7,43.2,47.0,7.6,16.4,32.4,5.8,113.0,113.0,30.0,39.0,43.0,28.0,43.0,18.4,5.0,2.3,27.3,16.6,65.5,21.1,1.1,12.8,1.8,12.8,1.0,0.0,11.0,4.3,14.3,1.6,439.0,74.0,9.3,49.2,12.1,41.2,18.0,23.4,52.9,51.3,8.0,16.6,39.6,11.1,114.0,133.0,48.0,33.0,51.0,29.0,52.0,10.8,2.1,0.7,22.4,17.6,68.3,17.6,1.7,7.6,1.0,7.6,3.0,0.0,,0,0,0,,0,0,0,20,4,0,1,0.1,0,4,0.4,2026,20260919,2,16,0,0,0.0,4,9,4.9,2026,20260919,36,2027-05-22,2026,千葉,神戸,,,,,,,,,,,,,left_only
第３６節第１日,j1_2026_05220000_FC東京_G大阪,2027-05-22 00:00:00,味スタ,FC東京,Ｇ大阪,,,3.87,10.7,0.0,0.0,3.8681,4.8245,0.0,1.875,0.0,4.0,375.0,hit,conditions_v2,partial,home_base_to_opponent_base_proxy,2027-05-15 00:00:00,2027-05-15 00:00:00,168.0,168.0,1,1,2,2,0,0,False,False,[],[],0.0,0.0,,,,,,,3.87,10.7,,,False,False,False,22.2,6.5,,,,,,,,,,,,,,True,,acquisition_unknown,unknown_no_adjustment,15.7,5.3,11.8,1.9,487.0,80.1,11.6,56.8,19.0,45.9,14.7,13.0,46.4,53.2,13.8,19.0,36.7,12.8,113.0,138.0,70.0,44.0,23.0,33.0,81.0,9.4,2.9,1.1,28.3,18.9,65.9,15.4,2.3,7.5,1.0,7.5,4.0,0.0,13.4,4.0,8.5,1.1,502.1,81.1,13.3,51.6,12.4,41.4,13.3,10.1,45.5,55.4,10.3,18.7,37.9,8.5,111.0,92.0,30.0,28.0,34.0,31.0,39.0,16.4,6.6,1.9,24.7,17.7,66.9,16.4,1.4,13.0,1.8,13.0,1.0,0.0,,0,0,0,,0,0,0,5,14,1,3,1.3,0,7,0.7000000000000001,2026,20260919,15,6,-2,0,-2.0,-3,1,-2.9,2026,20260919,36,2027-05-22,2026,FC東京,G大阪,,,,,,,,,,,,,left_only
第３６節第１日,j1_2026_05220000_東京V_長崎,2027-05-22 00:00:00,味スタ,東京Ｖ,長崎,,,6.21,13.92,0.0,0.0,6.2106,5.1928,0.0,4.7245,0.0,4.0,944.9,hit,conditions_v2,partial,home_base_to_opponent_base_proxy,2027-05-15 00:00:00,2027-05-15 00:00:00,168.0,168.0,1,1,2,2,0,0,False,False,[],[],0.0,0.0,,,,,,,6.21,13.92,,,False,False,False,22.2,6.5,,,,,,,,,,,,,,True,,acquisition_unknown,unknown_no_adjustment,9.4,2.6,4.5,0.4,393.1,75.1,9.8,40.6,9.0,39.7,9.0,17.0,48.6,43.4,8.1,16.6,28.7,6.7,116.0,127.0,41.0,43.0,43.0,28.0,52.0,15.7,4.7,1.3,28.9,17.7,71.0,20.6,1.0,11.3,1.6,11.3,2.0,0.0,10.4,3.9,12.3,1.3,429.1,78.7,8.6,46.7,8.6,53.3,9.1,11.8,53.2,44.5,8.7,12.7,32.1,6.8,115.0,115.0,38.0,36.0,40.0,26.0,46.0,13.7,4.7,2.0,31.3,13.4,64.9,21.4,2.0,9.3,1.3,9.3,1.0,0.0,,0,0,0,,0,0,0,19,4,0,1,0.1,0,2,0.2,2026,20260919,14,7,4,3,4.3,4,4,4.4,2026,20260919,36,2027-05-22,2026,東京V,長崎,0.08035682142857142,0.0,0.10044675,2.0,,,,,,,,,left_only
第３６節第１日,j1_2026_05220000_川崎F_C大阪,2027-05-22 00:00:00,Ｕ等々力,川崎Ｆ,Ｃ大阪,,,5.18,11.31,0.0,0.0,5.1823,5.3619,0.0,1.946,0.0,4.0,389.2,hit,conditions_v2,partial,home_base_to_opponent_base_proxy,2027-05-15 00:00:00,2027-05-15 00:00:00,168.0,168.0,1,1,2,2,0,0,False,False,[],[],0.0,0.0,,,,,,,5.18,11.31,,,False,False,False,22.2,6.5,,,,,,,,,,,,,,True,,acquisition_unknown,unknown_no_adjustment,17.0,6.3,10.9,1.9,501.6,81.6,12.4,57.5,15.0,61.9,14.8,10.8,44.7,50.6,16.0,15.8,34.6,11.8,113.0,118.0,55.0,34.0,27.0,31.0,64.0,13.1,5.0,1.3,23.4,15.3,57.0,16.3,2.6,9.6,1.3,8.8,1.0,0.0,11.4,3.6,7.5,0.9,512.7,77.8,10.4,52.1,12.8,41.1,16.6,15.3,49.3,54.9,11.3,15.1,36.7,6.8,114.0,110.0,42.0,32.0,35.0,33.0,57.0,12.6,5.0,1.6,28.3,15.7,61.8,21.6,1.7,13.6,1.9,11.1,3.0,0.0,,0,0,0,,0,0,0,7,12,3,3,3.3,0,6,0.6000000000000001,2026,20260919,10,10,-1,0,-1.0,0,4,0.4,2026,20260919,36,2027-05-22,2026,川崎F,C大阪,,,,,,,,,,,,,left_only
第３６節第１日,j1_2026_05220000_岡山_町田,2027-05-22 00:00:00,ＪＦＥス,岡山,町田,,,4.96,11.42,0.0,0.0,4.9632,4.8649,0.0,2.559,0.0,4.0,511.8,hit,conditions_v2,partial,home_base_to_opponent_base_proxy,2027-05-15 00:00:00,2027-05-15 00:00:00,168.0,168.0,1,1,2,2,0,0,False,False,[],[],0.0,0.0,,,,,,,4.96,11.42,,,False,False,False,22.2,6.5,,,,,,,,,,,,,,True,,acquisition_unknown,unknown_no_adjustment,15.6,3.6,9.2,1.4,375.7,71.9,10.1,54.9,13.8,45.4,19.6,17.6,49.0,44.4,13.3,16.0,34.4,9.7,114.0,123.0,49.0,41.0,32.0,25.0,58.0,8.6,2.4,1.1,25.4,15.7,66.4,18.1,2.6,6.8,0.9,6.0,2.0,0.0,13.1,4.8,20.7,2.7,462.4,79.3,11.1,51.3,10.0,55.7,18.0,16.7,59.4,50.7,9.7,17.1,34.0,11.8,115.0,108.0,37.0,36.0,33.0,30.0,52.0,11.6,2.6,0.9,21.3,15.7,72.7,17.1,1.1,7.4,1.0,7.4,1.0,0.0,,0,0,0,,0,0,0,6,13,2,3,2.3,7,9,7.9,2026,20260919,1,17,0,1,0.1,2,7,2.7,2026,20260919,36,2027-05-22,2026,岡山,町田,,,,,,,,,,,,,left_only
第３６節第１日,j1_2026_05220000_広島_柏,2027-05-22 00:00:00,Ｅピース,広島,柏,,,5.17,12.64,0.0,0.0,5.1728,5.1209,0.0,3.5215,0.0,4.0,704.3,hit,conditions_v2,partial,home_base_to_opponent_base_proxy,2027-05-15 00:00:00,2027-05-15 00:00:00,168.0,168.0,1,1,2,2,0,0,False,False,[],[],0.0,0.0,,,,,,,5.17,12.64,,,False,False,False,22.2,6.5,,,,,,,,,,,,,,True,,acquisition_unknown,unknown_no_adjustment,18.6,6.8,14.6,2.7,544.7,81.5,9.6,58.2,16.3,52.6,21.6,11.4,47.9,53.5,16.4,15.4,39.1,16.1,110.0,101.0,43.0,30.0,27.0,31.0,52.0,8.8,3.3,0.9,18.1,14.6,67.6,16.6,3.1,5.4,0.7,5.4,3.0,0.0,14.1,5.3,13.1,1.9,628.4,85.1,14.8,39.4,18.9,54.5,16.4,9.6,47.2,58.2,16.9,16.7,31.3,10.8,118.0,108.0,50.0,30.0,27.0,40.0,62.0,11.1,3.6,1.4,18.4,16.0,67.9,16.1,1.1,8.3,1.1,6.7,1.0,0.0,,0,0,0,,0,0,0,4,14,1,3,1.3,0,6,0.6000000000000001,2026,20260919,3,15,0,0,0.0,-2,3,-1.7,2026,20260919,36,2027-05-22,2026,広島,柏,0.024884357142857142,0.0,0.031105928571428573,1.0,,,,,,,,,left_only
第３６節第１日,j1_2026_05220000_福岡_鹿島,2027-05-22 00:00:00,ベススタ,福岡,鹿島,,,8.42,15.99,0.0,0.0,8.4181,7.0981,0.0,4.887,0.0,4.0,977.4,hit,conditions_v2,partial,home_base_to_opponent_base_proxy,2027-05-15 00:00:00,2027-05-15 00:00:00,168.0,168.0,1,1,2,2,0,0,False,False,[],[],0.0,0.0,,,,,,,8.42,15.99,,,False,False,False,22.2,6.5,,,,,,,,,,,,,,True,,acquisition_unknown,unknown_no_adjustment,13.7,5.1,9.4,1.3,372.0,73.2,12.4,50.6,7.6,47.2,13.8,23.9,53.7,45.0,10.8,15.3,33.4,9.1,116.0,103.0,37.0,36.0,29.0,27.0,44.0,11.1,4.0,1.6,19.9,13.8,64.9,16.0,1.1,7.6,1.0,7.6,1.0,0.0,16.3,4.7,12.3,2.0,593.0,81.0,10.6,48.6,16.4,53.9,18.0,18.4,51.8,56.4,16.1,14.6,37.3,13.1,113.0,123.0,55.0,36.0,31.0,34.0,68.0,10.4,3.6,1.9,24.0,14.4,65.3,16.0,1.4,7.8,1.1,6.1,1.0,0.0,,0,0,0,,0,0,0,18,4,-2,0,-2.0,-3,1,-2.9,2026,20260919,8,12,-4,0,-4.0,-6,0,-6.0,2026,20260919,36,2027-05-22,2026,福岡,鹿島,,,,,,,,,,,,,left_only
第３７節第１日,j1_2026_05290000_柏_鹿島,2027-05-29 00:00:00,三協Ｆ柏,柏,鹿島,,,6.75,13.26,0.0,0.0,6.7474,8.9483,0.0,0.3105,0.0,4.0,62.1,hit,conditions_v2,partial,home_base_to_opponent_base_proxy,2027-05-22 00:00:00,2027-05-22 00:00:00,168.0,168.0,1,1,2,2,0,0,False,False,[],[],0.0,0.0,,,,,,,6.75,13.26,,,False,False,False,22.2,6.5,,,,,,,,,,,,,,True,,acquisition_unknown,unknown_no_adjustment,14.1,5.3,13.1,1.9,628.4,85.1,14.8,39.4,18.9,54.5,16.4,9.6,47.2,58.2,16.9,16.7,31.3,10.8,118.0,108.0,50.0,30.0,27.0,40.0,62.0,11.1,3.6,1.4,18.4,16.0,67.9,16.1,1.1,8.3,1.1,6.7,1.0,0.0,16.3,4.7,12.3,2.0,593.0,81.0,10.6,48.6,16.4,53.9,18.0,18.4,51.8,56.4,16.1,14.6,37.3,13.1,113.0,123.0,55.0,36.0,31.0,34.0,68.0,10.4,3.6,1.9,24.0,14.4,65.3,16.0,1.4,7.8,1.1,6.1,1.0,0.0,,0,0,0,,0,0,0,3,15,0,0,0.0,-2,3,-1.7,2026,20260919,8,12,-4,0,-4.0,-6,0,-6.0,2026,20260919,37,2027-05-29,2026,柏,鹿島,,,,,,,,,,,,,left_only
第３７節第１日,j1_2026_05290000_FC東京_神戸,2027-05-29 00:00:00,味スタ,FC東京,神戸,,,3.22,12.71,0.0,0.0,3.2185,6.6687,0.0,2.0455,0.0,4.0,409.1,hit,conditions_v2,partial,home_base_to_opponent_base_proxy,2027-05-22 00:00:00,2027-05-22 00:00:00,168.0,168.0,1,1,2,2,0,0,False,False,[],[],0.0,0.0,,,,,,,3.22,12.71,,,False,False,False,22.2,6.5,,,,,,,,,,,,,,True,,acquisition_unknown,unknown_no_adjustment,15.7,5.3,11.8,1.9,487.0,80.1,11.6,56.8,19.0,45.9,14.7,13.0,46.4,53.2,13.8,19.0,36.7,12.8,113.0,138.0,70.0,44.0,23.0,33.0,81.0,9.4,2.9,1.1,28.3,18.9,65.9,15.4,2.3,7.5,1.0,7.5,4.0,0.0,11.0,4.3,14.3,1.6,439.0,74.0,9.3,49.2,12.1,41.2,18.0,23.4,52.9,51.3,8.0,16.6,39.6,11.1,114.0,133.0,48.0,33.0,51.0,29.0,52.0,10.8,2.1,0.7,22.4,17.6,68.3,17.6,1.7,7.6,1.0,7.6,3.0,0.0,,0,0,0,,0,0,0,5,14,1,3,1.3,0,7,0.7000000000000001,2026,20260919,2,16,0,0,0.0,4,9,4.9,2026,20260919,37,2027-05-29,2026,FC東京,神戸,,,,,,,,,,,,,left_only
第３７節第１日,j1_2026_05290000_東京V_岡山,2027-05-29 00:00:00,味スタ,東京Ｖ,岡山,,,5.29,10.72,0.0,0.0,5.288,4.108,0.0,2.6075,0.0,4.0,521.5,hit,conditions_v2,partial,home_base_to_opponent_base_proxy,2027-05-22 00:00:00,2027-05-22 00:00:00,168.0,168.0,1,1,2,2,0,0,False,False,[],[],0.0,0.0,,,,,,,5.29,10.72,,,False,False,False,22.2,6.5,,,,,,,,,,,,,,True,,acquisition_unknown,unknown_no_adjustment,9.4,2.6,4.5,0.4,393.1,75.1,9.8,40.6,9.0,39.7,9.0,17.0,48.6,43.4,8.1,16.6,28.7,6.7,116.0,127.0,41.0,43.0,43.0,28.0,52.0,15.7,4.7,1.3,28.9,17.7,71.0,20.6,1.0,11.3,1.6,11.3,2.0,0.0,15.6,3.6,9.2,1.4,375.7,71.9,10.1,54.9,13.8,45.4,19.6,17.6,49.0,44.4,13.3,16.0,34.4,9.7,114.0,123.0,49.0,41.0,32.0,25.0,58.0,8.6,2.4,1.1,25.4,15.7,66.4,18.1,2.6,6.8,0.9,6.0,2.0,0.0,,0,0,0,,0,0,0,19,4,0,1,0.1,0,2,0.2,2026,20260919,6,13,2,3,2.3,7,9,7.9,2026,20260919,37,2027-05-29,2026,東京V,岡山,0.06994019642857144,0.0,0.08742587500000001,2.0,,,,,,,,,left_only
第３７節第１日,j1_2026_05290000_横浜FM_千葉,2027-05-29 00:00:00,日産ス,横浜FM,千葉,,,4.13,9.96,0.0,0.0,4.1327,5.728,0.0,0.2365,0.0,4.0,47.3,hit,conditions_v2,partial,home_base_to_opponent_base_proxy,2027-05-22 00:00:00,2027-05-22 00:00:00,168.0,168.0,1,1,2,2,0,0,False,False,[],[],0.0,0.0,,,,,,,4.13,9.96,,,False,False,False,22.2,6.5,,,,,,,,,,,,,,True,,acquisition_unknown,unknown_no_adjustment,10.6,3.3,14.9,1.6,389.9,72.6,8.7,47.5,10.4,39.7,13.8,16.7,47.0,47.7,8.6,17.6,33.7,8.3,114.0,114.0,37.0,34.0,42.0,28.0,47.0,13.0,3.7,1.3,28.0,21.4,62.7,20.6,1.9,11.4,1.6,10.6,3.0,0.0,9.7,3.4,8.8,0.9,406.9,75.2,11.1,50.0,10.8,43.4,9.8,13.7,43.2,47.0,7.6,16.4,32.4,5.8,113.0,113.0,30.0,39.0,43.0,28.0,43.0,18.4,5.0,2.3,27.3,16.6,65.5,21.1,1.1,12.8,1.8,12.8,1.0,0.0,,0,0,0,,0,0,0,9,11,-2,1,-1.9,0,5,0.5,2026,20260919,20,4,0,1,0.1,0,4,0.4,2026,20260919,37,2027-05-29,2026,横浜FM,千葉,,,,,,,,,,,,,left_only
第３７節第１日,j1_2026_05290000_京都_名古屋,2027-05-29 00:00:00,サンガＳ,京都,名古屋,,,7.18,9.79,0.0,0.0,7.1831,5.2554,0.0,0.5315,0.0,4.0,106.3,hit,conditions_v2,partial,home_base_to_opponent_base_proxy,2027-05-22 00:00:00,2027-05-22 00:00:00,168.0,168.0,1,1,2,2,0,0,False,False,[],[],0.0,0.0,,,,,,,7.18,9.79,,,False,False,False,22.2,6.5,,,,,,,,,,,,,,True,,acquisition_unknown,unknown_no_adjustment,11.6,4.0,11.1,1.3,395.7,73.7,6.4,66.7,11.8,48.2,13.0,13.7,50.8,45.5,9.4,17.3,33.1,7.6,115.0,125.0,45.0,36.0,43.0,28.0,54.0,17.9,5.7,2.0,28.7,19.1,67.9,22.4,2.4,13.5,1.9,12.7,,0.027,12.4,3.9,8.0,1.0,545.4,81.0,9.6,50.7,10.1,45.1,18.9,10.7,46.6,56.7,10.3,14.8,37.6,10.0,111.0,113.0,46.0,36.0,31.0,31.0,52.0,14.1,4.8,1.9,20.7,15.6,64.2,17.3,0.9,11.5,1.6,10.7,,0.027,,0,0,0,,0,0,0,17,5,-2,0,-2.0,-3,1,-2.9,2026,20260919,16,6,-2,0,-2.0,-8,0,-8.0,2026,20260919,37,2027-05-29,2026,京都,名古屋,0.039285714285714285,0.0,0.049107142857142856,1.0,,,,,,,,,left_only
第３７節第１日,j1_2026_05290000_C大阪_浦和,2027-05-29 00:00:00,ハナサカ,Ｃ大阪,浦和,,,6.39,8.64,0.0,0.0,6.3902,2.6396,0.0,2.0035,0.0,4.0,400.7,hit,conditions_v2,partial,home_base_to_opponent_base_proxy,2027-05-22 00:00:00,2027-05-22 00:00:00,168.0,168.0,1,1,2,2,0,0,False,False,[],[],0.0,0.0,,,,,,,6.39,8.64,,,False,False,False,22.2,6.5,,,,,,,,,,,,,,True,,acquisition_unknown,unknown_no_adjustment,11.4,3.6,7.5,0.9,512.7,77.8,10.4,52.1,12.8,41.1,16.6,15.3,49.3,54.9,11.3,15.1,36.7,6.8,114.0,110.0,42.0,32.0,35.0,33.0,57.0,12.6,5.0,1.6,28.3,15.7,61.8,21.6,1.7,13.6,1.9,11.1,3.0,0.0,14.4,4.3,12.9,1.9,428.6,76.1,12.1,51.8,11.7,54.9,12.4,19.9,51.1,52.3,11.7,16.6,36.0,10.0,114.0,124.0,46.0,41.0,35.0,30.0,58.0,14.1,6.1,2.4,26.3,15.0,68.6,19.0,1.4,10.5,1.5,10.5,1.0,0.0,,0,0,0,,0,0,0,10,10,-1,0,-1.0,0,4,0.4,2026,20260919,12,9,0,0,0.0,5,6,5.6,2026,20260919,37,2027-05-29,2026,C大阪,浦和,,,,,,,,,,,,,left_only
第３７節第１日,j1_2026_05290000_広島_水戸,2027-05-29 00:00:00,Ｅピース,広島,水戸,,,4.33,12.06,0.0,0.0,4.3288,4.3003,0.0,3.7635,0.0,4.0,752.7,hit,conditions_v2,partial,home_base_to_opponent_base_proxy,2027-05-22 00:00:00,2027-05-22 00:00:00,168.0,168.0,1,1,2,2,0,0,False,False,[],[],0.0,0.0,,,,,,,4.33,12.06,,,False,False,False,22.2,6.5,,,,,,,,,,,,,,True,,acquisition_unknown,unknown_no_adjustment,18.6,6.8,14.6,2.7,544.7,81.5,9.6,58.2,16.3,52.6,21.6,11.4,47.9,53.5,16.4,15.4,39.1,16.1,110.0,101.0,43.0,30.0,27.0,31.0,52.0,8.8,3.3,0.9,18.1,14.6,67.6,16.6,3.1,5.4,0.7,5.4,3.0,0.0,12.0,3.9,13.1,1.6,424.0,79.1,7.6,60.4,7.6,47.2,10.3,14.0,49.7,44.7,9.0,13.8,31.7,9.8,118.0,100.0,37.0,29.0,34.0,29.0,46.0,15.4,5.6,1.3,31.3,13.6,68.4,22.0,1.6,11.7,1.6,11.7,,0.027,,0,0,0,,0,0,0,4,14,1,3,1.3,0,6,0.6000000000000001,2026,20260919,11,9,0,0,0.0,0,4,0.4,2026,20260919,37,2027-05-29,2026,広島,水戸,0.021658607142857143,0.0,0.027073678571428575,1.0,,,,,,,,,left_only
第３７節第１日,j1_2026_05290000_福岡_川崎F,2027-05-29 00:00:00,ベススタ,福岡,川崎Ｆ,,,6.78,12.42,0.0,0.0,6.7804,4.0307,0.0,4.391,0.0,4.0,878.2,hit,conditions_v2,partial,home_base_to_opponent_base_proxy,2027-05-22 00:00:00,2027-05-22 00:00:00,168.0,168.0,1,1,2,2,0,0,False,False,[],[],0.0,0.0,,,,,,,6.78,12.42,,,False,False,False,22.2,6.5,,,,,,,,,,,,,,True,,acquisition_unknown,unknown_no_adjustment,13.7,5.1,9.4,1.3,372.0,73.2,12.4,50.6,7.6,47.2,13.8,23.9,53.7,45.0,10.8,15.3,33.4,9.1,116.0,103.0,37.0,36.0,29.0,27.0,44.0,11.1,4.0,1.6,19.9,13.8,64.9,16.0,1.1,7.6,1.0,7.6,1.0,0.0,17.0,6.3,10.9,1.9,501.6,81.6,12.4,57.5,15.0,61.9,14.8,10.8,44.7,50.6,16.0,15.8,34.6,11.8,113.0,118.0,55.0,34.0,27.0,31.0,64.0,13.1,5.0,1.3,23.4,15.3,57.0,16.3,2.6,9.6,1.3,8.8,1.0,0.0,,0,0,0,,0,0,0,18,4,-2,0,-2.0,-3,1,-2.9,2026,20260919,7,12,3,3,3.3,0,6,0.6000000000000001,2026,20260919,37,2027-05-29,2026,福岡,川崎F,,,,,,,,,,,,,left_only
第３７節第１日,j1_2026_05290000_長崎_町田,2027-05-29 00:00:00,ピースタ,長崎,町田,,,7.29,14.9,0.0,0.0,7.2919,6.2235,0.0,4.675,0.0,4.0,935.0,hit,conditions_v2,partial,home_base_to_opponent_base_proxy,2027-05-22 00:00:00,2027-05-22 00:00:00,168.0,168.0,1,1,2,2,0,0,False,False,[],[],0.0,0.0,,,,,,,7.29,14.9,,,False,False,False,22.2,6.5,,,,,,,,,,,,,,True,,acquisition_unknown,unknown_no_adjustment,10.4,3.9,12.3,1.3,429.1,78.7,8.6,46.7,8.6,53.3,9.1,11.8,53.2,44.5,8.7,12.7,32.1,6.8,115.0,115.0,38.0,36.0,40.0,26.0,46.0,13.7,4.7,2.0,31.3,13.4,64.9,21.4,2.0,9.3,1.3,9.3,1.0,0.0,13.1,4.8,20.7,2.7,462.4,79.3,11.1,51.3,10.0,55.7,18.0,16.7,59.4,50.7,9.7,17.1,34.0,11.8,115.0,108.0,37.0,36.0,33.0,30.0,52.0,11.6,2.6,0.9,21.3,15.7,72.7,17.1,1.1,7.4,1.0,7.4,1.0,0.0,,0,0,0,,0,0,0,14,7,4,3,4.3,4,4,4.4,2026,20260919,1,17,0,1,0.1,2,7,2.7,2026,20260919,37,2027-05-29,2026,長崎,町田,,,,,,,,,,,,,left_only
第３８節第１日,j1_2026_06060000_鹿島_FC東京,2027-06-06 00:00:00,メルスタ,鹿島,FC東京,,,9.23,7.17,0.0,0.0,9.2341,2.6335,0.0,0.5355,0.0,4.0,107.1,hit,conditions_v2,partial,home_base_to_opponent_base_proxy,2027-05-29 00:00:00,2027-05-29 00:00:00,192.0,192.0,0,0,1,1,0,0,False,False,[],[],0.0,0.0,,,,,,,9.23,7.17,,,False,False,False,22.2,6.5,,,,,,,,,,,,,,True,,acquisition_unknown,unknown_no_adjustment,16.3,4.7,12.3,2.0,593.0,81.0,10.6,48.6,16.4,53.9,18.0,18.4,51.8,56.4,16.1,14.6,37.3,13.1,113.0,123.0,55.0,36.0,31.0,34.0,68.0,10.4,3.6,1.9,24.0,14.4,65.3,16.0,1.4,7.8,1.1,6.1,1.0,0.0,15.7,5.3,11.8,1.9,487.0,80.1,11.6,56.8,19.0,45.9,14.7,13.0,46.4,53.2,13.8,19.0,36.7,12.8,113.0,138.0,70.0,44.0,23.0,33.0,81.0,9.4,2.9,1.1,28.3,18.9,65.9,15.4,2.3,7.5,1.0,7.5,4.0,0.0,,0,0,0,,0,0,0,8,12,-4,0,-4.0,-6,0,-6.0,2026,20260919,5,14,1,3,1.3,0,7,0.7000000000000001,2026,20260919,38,2027-06-06,2026,鹿島,FC東京,,,,,,,,,,,,,left_only
第３８節第１日,j1_2026_06060000_水戸_横浜FM,2027-06-06 00:00:00,水戸信ス,水戸,横浜FM,,,6.26,7.96,0.0,0.0,6.2586,3.3707,0.0,0.5895,0.0,4.0,117.9,hit,conditions_v2,partial,home_base_to_opponent_base_proxy,2027-05-29 00:00:00,2027-05-29 00:00:00,192.0,192.0,0,0,1,1,0,0,False,False,[],[],0.0,0.0,,,,,,,6.26,7.96,,,False,False,False,22.2,6.5,,,,,,,,,,,,,,True,,acquisition_unknown,unknown_no_adjustment,12.0,3.9,13.1,1.6,424.0,79.1,7.6,60.4,7.6,47.2,10.3,14.0,49.7,44.7,9.0,13.8,31.7,9.8,118.0,100.0,37.0,29.0,34.0,29.0,46.0,15.4,5.6,1.3,31.3,13.6,68.4,22.0,1.6,11.7,1.6,11.7,,0.027,10.6,3.3,14.9,1.6,389.9,72.6,8.7,47.5,10.4,39.7,13.8,16.7,47.0,47.7,8.6,17.6,33.7,8.3,114.0,114.0,37.0,34.0,42.0,28.0,47.0,13.0,3.7,1.3,28.0,21.4,62.7,20.6,1.9,11.4,1.6,10.6,3.0,0.0,,0,0,0,,0,0,0,11,9,0,0,0.0,0,4,0.4,2026,20260919,9,11,-2,1,-1.9,0,5,0.5,2026,20260919,38,2027-06-06,2026,水戸,横浜FM,,,,,,,,,,,,,left_only
第３８節第１日,j1_2026_06060000_浦和_G大阪,2027-06-06 00:00:00,埼玉,浦和,Ｇ大阪,,,4.18,10.8,0.0,0.0,4.1815,4.8365,0.0,1.961,0.0,4.0,392.2,hit,conditions_v2,partial,home_base_to_opponent_base_proxy,2027-05-29 00:00:00,2027-05-29 00:00:00,192.0,192.0,0,0,1,1,0,0,False,False,[],[],0.0,0.0,,,,,,,4.18,10.8,,,False,False,False,22.2,6.5,,,,,,,,,,,,,,True,,acquisition_unknown,unknown_no_adjustment,14.4,4.3,12.9,1.9,428.6,76.1,12.1,51.8,11.7,54.9,12.4,19.9,51.1,52.3,11.7,16.6,36.0,10.0,114.0,124.0,46.0,41.0,35.0,30.0,58.0,14.1,6.1,2.4,26.3,15.0,68.6,19.0,1.4,10.5,1.5,10.5,1.0,0.0,13.4,4.0,8.5,1.1,502.1,81.1,13.3,51.6,12.4,41.4,13.3,10.1,45.5,55.4,10.3,18.7,37.9,8.5,111.0,92.0,30.0,28.0,34.0,31.0,39.0,16.4,6.6,1.9,24.7,17.7,66.9,16.4,1.4,13.0,1.8,13.0,1.0,0.0,,0,0,0,,0,0,0,12,9,0,0,0.0,5,6,5.6,2026,20260919,15,6,-2,0,-2.0,-3,1,-2.9,2026,20260919,38,2027-06-06,2026,浦和,G大阪,,,,,,,,,,,,,left_only
第３８節第１日,j1_2026_06060000_千葉_柏,2027-06-06 00:00:00,フクアリ,千葉,柏,,,6.17,9.99,0.0,0.0,6.165,5.823,0.0,0.165,0.0,4.0,33.0,hit,conditions_v2,partial,home_base_to_opponent_base_proxy,2027-05-29 00:00:00,2027-05-29 00:00:00,192.0,192.0,0,0,1,1,0,0,False,False,[],[],0.0,0.0,,,,,,,6.17,9.99,,,False,False,False,22.2,6.5,,,,,,,,,,,,,,True,,acquisition_unknown,unknown_no_adjustment,9.7,3.4,8.8,0.9,406.9,75.2,11.1,50.0,10.8,43.4,9.8,13.7,43.2,47.0,7.6,16.4,32.4,5.8,113.0,113.0,30.0,39.0,43.0,28.0,43.0,18.4,5.0,2.3,27.3,16.6,65.5,21.1,1.1,12.8,1.8,12.8,1.0,0.0,14.1,5.3,13.1,1.9,628.4,85.1,14.8,39.4,18.9,54.5,16.4,9.6,47.2,58.2,16.9,16.7,31.3,10.8,118.0,108.0,50.0,30.0,27.0,40.0,62.0,11.1,3.6,1.4,18.4,16.0,67.9,16.1,1.1,8.3,1.1,6.7,1.0,0.0,,0,0,0,,0,0,0,20,4,0,1,0.1,0,4,0.4,2026,20260919,3,15,0,0,0.0,-2,3,-1.7,2026,20260919,38,2027-06-06,2026,千葉,柏,,,,,,,,,,,,,left_only
第３８節第１日,j1_2026_06060000_町田_C大阪,2027-06-06 00:00:00,Ｇスタ,町田,Ｃ大阪,,,8.1,11.31,0.0,0.0,8.1048,5.4541,0.0,1.8605,0.0,4.0,372.1,hit,conditions_v2,partial,home_base_to_opponent_base_proxy,2027-05-29 00:00:00,2027-05-29 00:00:00,192.0,192.0,0,0,1,1,0,0,False,False,[],[],0.0,0.0,,,,,,,8.1,11.31,,,False,False,False,22.2,6.5,,,,,,,,,,,,,,True,,acquisition_unknown,unknown_no_adjustment,13.1,4.8,20.7,2.7,462.4,79.3,11.1,51.3,10.0,55.7,18.0,16.7,59.4,50.7,9.7,17.1,34.0,11.8,115.0,108.0,37.0,36.0,33.0,30.0,52.0,11.6,2.6,0.9,21.3,15.7,72.7,17.1,1.1,7.4,1.0,7.4,1.0,0.0,11.4,3.6,7.5,0.9,512.7,77.8,10.4,52.1,12.8,41.1,16.6,15.3,49.3,54.9,11.3,15.1,36.7,6.8,114.0,110.0,42.0,32.0,35.0,33.0,57.0,12.6,5.0,1.6,28.3,15.7,61.8,21.6,1.7,13.6,1.9,11.1,3.0,0.0,,0,0,0,,0,0,0,1,17,0,1,0.1,2,7,2.7,2026,20260919,10,10,-1,0,-1.0,0,4,0.4,2026,20260919,38,2027-06-06,2026,町田,C大阪,,,,,,,,,,,,,left_only
第３８節第１日,j1_2026_06060000_清水_長崎,2027-06-06 00:00:00,アイスタ,清水,長崎,,,5.96,14.15,0.0,0.0,5.9567,5.9883,0.0,4.164,0.0,4.0,832.8,hit,conditions_v2,partial,home_base_to_opponent_base_proxy,2027-05-29 00:00:00,2027-05-29 00:00:00,192.0,192.0,0,0,1,1,0,0,False,False,[],[],0.0,0.0,,,,,,,5.96,14.15,,,False,False,False,22.2,6.5,,,,,,,,,,,,,,True,,acquisition_unknown,unknown_no_adjustment,10.4,3.1,5.5,0.6,351.9,72.9,11.8,60.2,10.1,47.9,15.7,20.7,55.1,43.0,8.7,16.1,31.9,10.1,108.0,115.0,43.0,31.0,39.0,24.0,45.0,14.4,4.7,1.0,25.9,14.3,63.0,19.6,0.7,10.0,1.4,10.0,2.0,0.0,10.4,3.9,12.3,1.3,429.1,78.7,8.6,46.7,8.6,53.3,9.1,11.8,53.2,44.5,8.7,12.7,32.1,6.8,115.0,115.0,38.0,36.0,40.0,26.0,46.0,13.7,4.7,2.0,31.3,13.4,64.9,21.4,2.0,9.3,1.3,9.3,1.0,0.0,,0,0,0,,0,0,0,13,7,4,3,4.3,3,4,3.4,2026,20260919,14,7,4,3,4.3,4,4,4.4,2026,20260919,38,2027-06-06,2026,清水,長崎,0.0,0.0,0.0,1.0,,,,,,,,,left_only
第３８節第１日,j1_2026_06060000_岡山_福岡,2027-06-06 00:00:00,ＪＦＥス,岡山,福岡,,,5.35,11.32,0.0,0.0,5.3537,5.5654,0.0,1.753,0.0,4.0,350.6,hit,conditions_v2,partial,home_base_to_opponent_base_proxy,2027-05-29 00:00:00,2027-05-29 00:00:00,192.0,192.0,0,0,1,1,0,0,False,False,[],[],0.0,0.0,,,,,,,5.35,11.32,,,False,False,False,22.2,6.5,,,,,,,,,,,,,,True,,acquisition_unknown,unknown_no_adjustment,15.6,3.6,9.2,1.4,375.7,71.9,10.1,54.9,13.8,45.4,19.6,17.6,49.0,44.4,13.3,16.0,34.4,9.7,114.0,123.0,49.0,41.0,32.0,25.0,58.0,8.6,2.4,1.1,25.4,15.7,66.4,18.1,2.6,6.8,0.9,6.0,2.0,0.0,13.7,5.1,9.4,1.3,372.0,73.2,12.4,50.6,7.6,47.2,13.8,23.9,53.7,45.0,10.8,15.3,33.4,9.1,116.0,103.0,37.0,36.0,29.0,27.0,44.0,11.1,4.0,1.6,19.9,13.8,64.9,16.0,1.1,7.6,1.0,7.6,1.0,0.0,,0,0,0,,0,0,0,6,13,2,3,2.3,7,9,7.9,2026,20260919,18,4,-2,0,-2.0,-3,1,-2.9,2026,20260919,38,2027-06-06,2026,岡山,福岡,,,,,,,,,,,,,left_only
