節,match_id,datetime,stadium,home_team,away_team,home_score,away_score,home_fatigue_score,away_fatigue_score,home_acl_fatigue,away_acl_fatigue,home_acl_last_date,away_acl_last_date,home_acl_days_since,away_acl_days_since,home_acl_travel_type,away_acl_travel_type,home_total_fatigue_score,away_total_fatigue_score,datetime_weather,stadium_weather,is_rain,is_heavy_rain,is_strong_wind,temperature,wind_speed,last_updated_at,__weather_asof,__weather_source,weather_missing,stats_1試合平均シュート数_home,stats_1試合平均枠内シュート数_home,stats_シュート決定率_home,stats_1試合平均得点数_home,stats_1試合平均パス数_home,stats_パス成功率_home,stats_1試合平均ドリブル数_home,stats_ドリブル成功率_home,stats_1試合平均スルーパス数_home,stats_スルーパス成功率_home,stats_1試合平均クロス数_home,stats_1試合平均空中戦勝利数_home,stats_空中戦勝率_home,stats_平均ボール支配率_home,stats_1試合平均チャンスクリエイト数_home,stats_1試合平均1vs1勝利数_home,stats_1試合平均こぼれ球奪取数_home,stats_ゴール期待値_home,stats_1試合平均走行距離_home,stats_1試合平均スプリント回数_home,stats_1試合平均Atスプリント回数_home,stats_1試合平均Mtスプリント回数_home,stats_1試合平均ポゼッション時の走行距離_home,stats_1試合平均ポゼッション時のスプリント回数_home,stats_1試合平均被シュート数_home,stats_1試合平均被枠内シュート数_home,stats_1試合平均失点数_home,stats_1試合平均クリア数_home,stats_1試合平均タックル数_home,stats_タックル成功率_home,stats_1試合平均ブロック数_home,stats_1試合平均インターセプト数_home,stats_被ゴール期待値_home,stats_1試合平均被ゴール期待値_home,stats_被ゴール期待値 ※PKを除く_home,stats_クリーンシート総数_home,stats_stats_missing_ratio_home,stats_1試合平均シュート数_away,stats_1試合平均枠内シュート数_away,stats_シュート決定率_away,stats_1試合平均得点数_away,stats_1試合平均パス数_away,stats_パス成功率_away,stats_1試合平均ドリブル数_away,stats_ドリブル成功率_away,stats_1試合平均スルーパス数_away,stats_スルーパス成功率_away,stats_1試合平均クロス数_away,stats_1試合平均空中戦勝利数_away,stats_空中戦勝率_away,stats_平均ボール支配率_away,stats_1試合平均チャンスクリエイト数_away,stats_1試合平均1vs1勝利数_away,stats_1試合平均こぼれ球奪取数_away,stats_ゴール期待値_away,stats_1試合平均走行距離_away,stats_1試合平均スプリント回数_away,stats_1試合平均Atスプリント回数_away,stats_1試合平均Mtスプリント回数_away,stats_1試合平均ポゼッション時の走行距離_away,stats_1試合平均ポゼッション時のスプリント回数_away,stats_1試合平均被シュート数_away,stats_1試合平均被枠内シュート数_away,stats_1試合平均失点数_away,stats_1試合平均クリア数_away,stats_1試合平均タックル数_away,stats_タックル成功率_away,stats_1試合平均ブロック数_away,stats_1試合平均インターセプト数_away,stats_被ゴール期待値_away,stats_1試合平均被ゴール期待値_away,stats_被ゴール期待値 ※PKを除く_away,stats_クリーンシート総数_away,stats_stats_missing_ratio_away,management_manager_name_home,management_recent_injuries_suspensions_count_home,management_weather_influence_score_home,management_motivation_score_home,management_manager_name_away,management_recent_injuries_suspensions_count_away,management_weather_influence_score_away,management_motivation_score_away,_merge_home_team,_merge_away_team,_merge_team_name,rankmot_rank_latest_home,rankmot_points_latest_home,rankmot_rank_change_3w_home,rankmot_points_change_3w_home,rankmot_motivation_score_3w_home,rankmot_rank_change_5w_home,rankmot_points_change_5w_home,rankmot_motivation_score_5w_home,rankmot_season_home,rankmot_fetched_date_home,_merge_rankmot_future_home
第１節第２日,j1_2026_08081900_柏_水戸,2026-08-08 19:00:00,三協Ｆ柏,柏,水戸,,,0.0,4.0,0.0,0.0,,,,,,,0.0,4.0,2026-08-08 19:00:00,三協Ｆ柏,True,False,False,24.8,4.8,,20260808,weather_features_j1_2026_asof_20260808.csv,False,12.8,3.6,9.1,1.2,564.8,82.2,12.8,51.7,19.6,52.3,15.7,11.3,53.1,55.5,13.3,18.6,32.7,25.6,120.0,137.0,58.0,46.0,40.0,70.0,11.6,3.8,1.3,20.5,16.9,70.8,16.4,1.3,22.4,1.2,20.8,5.0,0.0,10.9,3.2,9.6,1.1,439.2,77.1,11.3,47.8,8.8,45.6,11.4,14.1,45.8,50.3,8.7,14.9,31.2,18.0,117.0,127.0,47.0,41.0,32.0,56.0,11.9,4.3,1.9,20.5,15.2,62.8,20.2,1.7,26.1,1.4,22.9,2.0,0.0,,0,0,0,,0,0,0,柏,水戸,,,,,,,,,,,,left_only
第１節第２日,j1_2026_08081900_FC東京_町田,2026-08-08 19:00:00,味スタ,FC東京,町田,,,0.0,7.85,0.0,0.0,,2026-04-26,,104,,long_haul,0.0,7.85,2026-08-08 19:00:00,味スタ,True,False,False,26.2,5.2,,20260808,weather_features_j1_2026_asof_20260808.csv,False,15.8,5.0,9.9,1.6,475.4,78.9,11.6,54.8,15.8,50.5,15.2,12.6,51.5,52.2,12.9,17.3,35.4,29.1,118.0,148.0,67.0,46.0,36.0,82.0,10.2,2.8,0.9,21.0,17.2,63.5,17.4,2.0,16.0,0.8,16.0,6.0,0.0,11.4,3.7,11.2,1.3,412.2,77.6,11.9,55.1,9.2,50.0,11.8,13.8,50.4,45.3,8.6,17.8,30.9,20.3,118.0,113.0,42.0,35.0,31.0,50.0,11.5,3.7,1.1,18.0,16.8,67.0,18.8,1.3,20.4,1.1,18.0,7.0,0.0,,0,0,0,,0,0,0,FC東京,町田,,,,,,,,,,,,left_only
第１節第２日,j1_2026_08081900_名古屋_清水,2026-08-08 19:00:00,豊田ス,名古屋,清水,,,0.0,4.0,0.0,0.0,,,,,,,0.0,4.0,2026-08-08 19:00:00,豊田ス,True,False,False,26.2,2.7,,20260808,weather_features_j1_2026_asof_20260808.csv,False,13.3,4.5,12.9,1.7,443.2,76.3,10.6,59.7,14.2,45.7,17.0,15.3,51.9,52.2,11.7,19.2,35.9,26.7,113.0,138.0,54.0,45.0,32.0,68.0,14.2,5.0,1.6,22.8,18.9,67.9,20.1,1.4,25.0,1.3,24.2,5.0,0.0,10.7,2.8,9.9,1.1,408.3,70.9,7.7,46.8,12.6,44.9,14.6,21.6,47.8,49.6,8.4,14.2,37.9,21.0,112.0,126.0,47.0,37.0,29.0,59.0,12.3,3.9,1.2,24.1,16.2,65.3,19.8,1.9,25.1,1.3,24.3,3.0,0.0,,0,0,0,,0,0,0,名古屋,清水,,,,,,,,,,,,left_only
第１節第２日,j1_2026_08081900_C大阪_岡山,2026-08-08 19:00:00,ハナサカ,Ｃ大阪,岡山,,,0.0,4.0,0.0,0.0,,,,,,,0.0,4.0,2026-08-08 19:00:00,ハナサカ,True,False,False,28.2,0.6,,20260808,weather_features_j1_2026_asof_20260808.csv,False,11.6,4.1,12.4,1.4,449.3,76.7,10.7,57.5,19.7,44.8,13.6,14.7,53.7,50.2,11.2,16.7,34.3,24.6,121.0,142.0,54.0,44.0,35.0,71.0,13.9,3.8,1.1,29.8,18.0,58.6,23.9,1.2,29.7,1.6,26.5,6.0,0.0,11.7,3.6,11.4,1.3,316.9,65.8,10.5,50.8,10.9,51.0,16.6,20.6,53.2,42.8,9.3,14.9,34.2,23.6,113.0,138.0,54.0,44.0,27.0,65.0,11.4,4.2,1.4,27.2,16.4,58.4,22.8,1.6,21.1,1.1,20.3,5.0,0.0,,0,0,0,,0,0,0,C大阪,岡山,,,,,,,,,,,,left_only
第１節第２日,j1_2026_08081900_福岡_神戸,2026-08-08 19:00:00,ベススタ,福岡,神戸,,,0.0,6.45,0.0,0.0,,2026-04-16,,114,,long_haul,0.0,6.45,2026-08-08 19:00:00,ベススタ,True,False,True,31.5,9.4,,20260808,weather_features_j1_2026_asof_20260808.csv,False,10.8,3.2,8.7,0.9,340.2,71.0,10.1,44.8,9.4,44.1,10.1,17.0,46.7,42.8,8.3,15.3,33.3,17.3,116.0,112.0,35.0,40.0,28.0,46.0,11.8,3.5,1.5,26.2,17.8,60.9,19.1,1.8,21.6,1.2,20.8,2.0,0.0,12.9,4.2,11.6,1.5,461.1,74.1,7.2,49.2,10.9,50.0,15.3,25.6,52.1,53.8,9.8,13.7,38.1,30.2,115.0,136.0,47.0,41.0,32.0,58.0,10.8,3.9,1.2,24.8,16.4,61.8,20.2,1.7,19.9,1.1,19.0,6.0,0.0,,0,0,0,,0,0,0,福岡,神戸,,,,,,,,,,,,left_only
第１節第２日,j1_2026_08081915_広島_千葉,2026-08-08 19:15:00,Ｅピース,広島,千葉,,,0.0,4.0,0.0,0.0,,,,,,,0.0,4.0,2026-08-08 19:15:00,Ｅピース,True,False,False,30.3,2.7,,20260808,weather_features_j1_2026_asof_20260808.csv,False,16.1,4.5,10.0,1.6,457.5,74.0,9.2,51.2,17.4,45.4,17.5,19.0,51.1,52.6,13.0,15.7,40.8,33.5,111.0,131.0,56.0,40.0,31.0,65.0,9.8,3.1,1.2,18.8,16.6,66.1,21.7,1.5,20.0,1.1,19.2,4.0,0.0,11.4,3.7,8.7,1.0,414.3,76.3,12.1,50.0,9.1,38.6,12.5,14.4,52.2,47.2,8.5,16.1,29.6,21.6,119.0,122.0,39.0,41.0,34.0,52.0,16.6,5.0,1.7,27.9,16.5,60.9,17.6,1.7,31.5,1.7,29.8,2.0,0.0,,0,0,0,,0,0,0,広島,千葉,,,,,,,,,,,,left_only
第１節第３日,j1_2026_08091800_東京V_川崎F,2026-08-09 18:00:00,味スタ,東京Ｖ,川崎Ｆ,,,0.0,4.0,0.0,0.0,,,,,,,0.0,4.0,2026-08-09 18:00:00,味スタ,False,False,False,30.2,4.7,,20260808,weather_features_j1_2026_asof_20260808.csv,False,9.6,2.8,11.0,1.1,372.7,73.4,8.7,35.3,8.6,45.5,10.5,16.9,50.0,44.1,7.7,15.0,28.2,16.1,119.0,143.0,50.0,47.0,29.0,54.0,10.6,3.1,1.4,23.3,19.3,62.0,21.7,1.3,20.5,1.1,18.9,6.0,0.0,11.9,3.5,10.7,1.3,511.2,81.3,9.9,52.2,16.0,51.0,13.9,10.4,45.0,50.5,11.6,15.2,33.9,21.5,114.0,121.0,50.0,38.0,32.0,61.0,14.2,4.3,1.5,20.0,15.3,65.6,19.1,1.6,28.3,1.5,27.5,3.0,0.0,,0,0,0,,0,0,0,東京V,川崎F,,,,,,,,,,,,left_only
第１節第３日,j1_2026_08091900_長崎_京都,2026-08-09 19:00:00,ピースタ,長崎,京都,,,0.0,4.0,0.0,0.0,,,,,,,0.0,4.0,2026-08-09 19:00:00,ピースタ,False,False,True,28.8,11.6,,20260808,weather_features_j1_2026_asof_20260808.csv,False,10.9,3.4,10.2,1.1,404.4,73.9,10.3,49.7,10.5,44.4,9.7,15.8,49.1,48.1,8.8,14.9,33.2,23.0,112.0,133.0,46.0,42.0,28.0,58.0,15.0,4.9,1.6,26.8,15.4,63.9,20.3,2.5,30.0,1.6,27.6,3.0,0.0,13.1,4.4,8.1,1.1,386.2,69.0,8.4,52.3,16.1,40.7,14.3,19.0,47.3,52.5,10.9,16.3,37.7,21.0,114.0,157.0,57.0,53.0,30.0,68.0,12.9,3.5,1.4,24.7,17.8,67.0,22.3,1.3,28.4,1.5,27.6,2.0,0.0,,0,0,0,,0,0,0,長崎,京都,,,,,,,,,,,,left_only
第２節第１日,j1_2026_08141900_東京V_柏,2026-08-14 19:00:00,MUFG国立,東京Ｖ,柏,,,0.0,4.0,0.0,0.0,,,,,,,0.0,4.0,2026-08-14 19:00:00,MUFG国立,True,False,True,24.5,9.3,,20260808,weather_features_j1_2026_asof_20260808.csv,False,9.6,2.8,11.0,1.1,372.7,73.4,8.7,35.3,8.6,45.5,10.5,16.9,50.0,44.1,7.7,15.0,28.2,16.1,119.0,143.0,50.0,47.0,29.0,54.0,10.6,3.1,1.4,23.3,19.3,62.0,21.7,1.3,20.5,1.1,18.9,6.0,0.0,12.8,3.6,9.1,1.2,564.8,82.2,12.8,51.7,19.6,52.3,15.7,11.3,53.1,55.5,13.3,18.6,32.7,25.6,120.0,137.0,58.0,46.0,40.0,70.0,11.6,3.8,1.3,20.5,16.9,70.8,16.4,1.3,22.4,1.2,20.8,5.0,0.0,,0,0,0,,0,0,0,東京V,柏,,,,,,,,,,,,left_only
第２節第２日,j1_2026_08151800_水戸_G大阪,2026-08-15 18:00:00,水戸信ス,水戸,Ｇ大阪,,,1.4,4.0,0.0,0.0,,2026-05-17,,90,,long_haul,1.4,4.0,,,False,False,False,28.2,4.8,,,,True,10.9,3.2,9.6,1.1,439.2,77.1,11.3,47.8,8.8,45.6,11.4,14.1,45.8,50.3,8.7,14.9,31.2,18.0,117.0,127.0,47.0,41.0,32.0,56.0,11.9,4.3,1.9,20.5,15.2,62.8,20.2,1.7,26.1,1.4,22.9,2.0,0.0,13.0,5.2,11.1,1.4,467.6,76.5,12.4,51.8,15.7,49.3,13.1,15.6,47.9,55.6,11.6,17.6,41.3,25.1,113.0,123.0,44.0,41.0,33.0,59.0,11.9,4.0,1.2,23.8,16.2,68.8,21.9,1.7,25.0,1.3,22.6,4.0,0.0,,0,0,0,,0,0,0,水戸,G大阪,,,,,,,,,,,,left_only
第２節第２日,j1_2026_08151830_清水_横浜FM,2026-08-15 18:30:00,アイスタ,清水,横浜FM,,,1.4,4.0,0.0,0.0,,,,,,,1.4,4.0,,,False,False,False,28.2,4.8,,,,True,10.7,2.8,9.9,1.1,408.3,70.9,7.7,46.8,12.6,44.9,14.6,21.6,47.8,49.6,8.4,14.2,37.9,21.0,112.0,126.0,47.0,37.0,29.0,59.0,12.3,3.9,1.2,24.1,16.2,65.3,19.8,1.9,25.1,1.3,24.3,3.0,0.0,11.8,3.0,13.2,1.6,384.9,73.3,10.4,50.5,12.5,46.7,14.1,14.8,48.0,47.6,9.4,16.8,26.7,22.3,117.0,135.0,46.0,37.0,30.0,53.0,10.4,3.5,1.6,21.6,17.8,64.7,17.8,1.1,20.4,1.1,18.8,3.0,0.0,,0,0,0,,0,0,0,清水,横浜FM,,,,,,,,,,,,left_only
第２節第２日,j1_2026_08151855_岡山_長崎,2026-08-15 18:55:00,ＪＦＥス,岡山,長崎,,,1.4,4.0,0.0,0.0,,,,,,,1.4,4.0,,,False,False,False,28.2,4.8,,,,True,11.7,3.6,11.4,1.3,316.9,65.8,10.5,50.8,10.9,51.0,16.6,20.6,53.2,42.8,9.3,14.9,34.2,23.6,113.0,138.0,54.0,44.0,27.0,65.0,11.4,4.2,1.4,27.2,16.4,58.4,22.8,1.6,21.1,1.1,20.3,5.0,0.0,10.9,3.4,10.2,1.1,404.4,73.9,10.3,49.7,10.5,44.4,9.7,15.8,49.1,48.1,8.8,14.9,33.2,23.0,112.0,133.0,46.0,42.0,28.0,58.0,15.0,4.9,1.6,26.8,15.4,63.9,20.3,2.5,30.0,1.6,27.6,3.0,0.0,,0,0,0,,0,0,0,岡山,長崎,,,,,,,,,,,,left_only
第２節第２日,j1_2026_08151900_千葉_町田,2026-08-15 19:00:00,フクアリ,千葉,町田,,,1.4,8.85,0.0,0.0,,2026-04-26,,111,,long_haul,1.4,8.85,,,False,False,False,28.2,4.8,,,,True,11.4,3.7,8.7,1.0,414.3,76.3,12.1,50.0,9.1,38.6,12.5,14.4,52.2,47.2,8.5,16.1,29.6,21.6,119.0,122.0,39.0,41.0,34.0,52.0,16.6,5.0,1.7,27.9,16.5,60.9,17.6,1.7,31.5,1.7,29.8,2.0,0.0,11.4,3.7,11.2,1.3,412.2,77.6,11.9,55.1,9.2,50.0,11.8,13.8,50.4,45.3,8.6,17.8,30.9,20.3,118.0,113.0,42.0,35.0,31.0,50.0,11.5,3.7,1.1,18.0,16.8,67.0,18.8,1.3,20.4,1.1,18.0,7.0,0.0,,0,0,0,,0,0,0,千葉,町田,,,,,,,,,,,,left_only
第２節第２日,j1_2026_08151900_川崎F_京都,2026-08-15 19:00:00,Ｕ等々力,川崎Ｆ,京都,,,1.4,5.4,0.0,0.0,,,,,,,1.4,5.4,,,False,False,False,28.2,4.8,,,,True,11.9,3.5,10.7,1.3,511.2,81.3,9.9,52.2,16.0,51.0,13.9,10.4,45.0,50.5,11.6,15.2,33.9,21.5,114.0,121.0,50.0,38.0,32.0,61.0,14.2,4.3,1.5,20.0,15.3,65.6,19.1,1.6,28.3,1.5,27.5,3.0,0.0,13.1,4.4,8.1,1.1,386.2,69.0,8.4,52.3,16.1,40.7,14.3,19.0,47.3,52.5,10.9,16.3,37.7,21.0,114.0,157.0,57.0,53.0,30.0,68.0,12.9,3.5,1.4,24.7,17.8,67.0,22.3,1.3,28.4,1.5,27.6,2.0,0.0,,0,0,0,,0,0,0,川崎F,京都,,,,,,,,,,,,left_only
第２節第２日,j1_2026_08151900_神戸_FC東京,2026-08-15 19:00:00,ノエスタ,神戸,FC東京,,,3.66,4.0,0.0,0.0,2026-04-16,,121,,long_haul,,3.66,4.0,,,False,False,False,28.2,4.8,,,,True,12.9,4.2,11.6,1.5,461.1,74.1,7.2,49.2,10.9,50.0,15.3,25.6,52.1,53.8,9.8,13.7,38.1,30.2,115.0,136.0,47.0,41.0,32.0,58.0,10.8,3.9,1.2,24.8,16.4,61.8,20.2,1.7,19.9,1.1,19.0,6.0,0.0,15.8,5.0,9.9,1.6,475.4,78.9,11.6,54.8,15.8,50.5,15.2,12.6,51.5,52.2,12.9,17.3,35.4,29.1,118.0,148.0,67.0,46.0,36.0,82.0,10.2,2.8,0.9,21.0,17.2,63.5,17.4,2.0,16.0,0.8,16.0,6.0,0.0,,0,0,0,,0,0,0,神戸,FC東京,,,,,,,,,,,,left_only
第２節第２日,j1_2026_08151900_福岡_C大阪,2026-08-15 19:00:00,ベススタ,福岡,Ｃ大阪,,,0.0,4.0,0.0,0.0,,,,,,,0.0,4.0,,,False,False,False,28.2,4.8,,,,True,10.8,3.2,8.7,0.9,340.2,71.0,10.1,44.8,9.4,44.1,10.1,17.0,46.7,42.8,8.3,15.3,33.3,17.3,116.0,112.0,35.0,40.0,28.0,46.0,11.8,3.5,1.5,26.2,17.8,60.9,19.1,1.8,21.6,1.2,20.8,2.0,0.0,11.6,4.1,12.4,1.4,449.3,76.7,10.7,57.5,19.7,44.8,13.6,14.7,53.7,50.2,11.2,16.7,34.3,24.6,121.0,142.0,54.0,44.0,35.0,71.0,13.9,3.8,1.1,29.8,18.0,58.6,23.9,1.2,29.7,1.6,26.5,6.0,0.0,,0,0,0,,0,0,0,福岡,C大阪,,,,,,,,,,,,left_only
第３節第１日,j1_2026_08211900_柏_長崎,2026-08-21 19:00:00,三協Ｆ柏,柏,長崎,,,1.4,5.4,0.0,0.0,,,,,,,1.4,5.4,,,False,False,False,28.2,4.8,,,,True,12.8,3.6,9.1,1.2,564.8,82.2,12.8,51.7,19.6,52.3,15.7,11.3,53.1,55.5,13.3,18.6,32.7,25.6,120.0,137.0,58.0,46.0,40.0,70.0,11.6,3.8,1.3,20.5,16.9,70.8,16.4,1.3,22.4,1.2,20.8,5.0,0.0,10.9,3.4,10.2,1.1,404.4,73.9,10.3,49.7,10.5,44.4,9.7,15.8,49.1,48.1,8.8,14.9,33.2,23.0,112.0,133.0,46.0,42.0,28.0,58.0,15.0,4.9,1.6,26.8,15.4,63.9,20.3,2.5,30.0,1.6,27.6,3.0,0.0,,0,0,0,,0,0,0,柏,長崎,,,,,,,,,,,,left_only
第３節第１日,j1_2026_08211930_FC東京_千葉,2026-08-21 19:30:00,MUFG国立,FC東京,千葉,,,1.4,5.29,0.0,0.0,,,,,,,1.4,5.29,,,False,False,False,28.2,4.8,,,,True,15.8,5.0,9.9,1.6,475.4,78.9,11.6,54.8,15.8,50.5,15.2,12.6,51.5,52.2,12.9,17.3,35.4,29.1,118.0,148.0,67.0,46.0,36.0,82.0,10.2,2.8,0.9,21.0,17.2,63.5,17.4,2.0,16.0,0.8,16.0,6.0,0.0,11.4,3.7,8.7,1.0,414.3,76.3,12.1,50.0,9.1,38.6,12.5,14.4,52.2,47.2,8.5,16.1,29.6,21.6,119.0,122.0,39.0,41.0,34.0,52.0,16.6,5.0,1.7,27.9,16.5,60.9,17.6,1.7,31.5,1.7,29.8,2.0,0.0,,0,0,0,,0,0,0,FC東京,千葉,,,,,,,,,,,,left_only
第３節第２日,j1_2026_08221830_岡山_東京V,2026-08-22 18:30:00,ＪＦＥス,岡山,東京Ｖ,,,1.29,4.0,0.0,0.0,,,,,,,1.29,4.0,,,False,False,False,28.2,4.8,,,,True,11.7,3.6,11.4,1.3,316.9,65.8,10.5,50.8,10.9,51.0,16.6,20.6,53.2,42.8,9.3,14.9,34.2,23.6,113.0,138.0,54.0,44.0,27.0,65.0,11.4,4.2,1.4,27.2,16.4,58.4,22.8,1.6,21.1,1.1,20.3,5.0,0.0,9.6,2.8,11.0,1.1,372.7,73.4,8.7,35.3,8.6,45.5,10.5,16.9,50.0,44.1,7.7,15.0,28.2,16.1,119.0,143.0,50.0,47.0,29.0,54.0,10.6,3.1,1.4,23.3,19.3,62.0,21.7,1.3,20.5,1.1,18.9,6.0,0.0,,0,0,0,,0,0,0,岡山,東京V,,,,,,,,,,,,left_only
第３節第２日,j1_2026_08221900_名古屋_G大阪,2026-08-22 19:00:00,豊田ス,名古屋,Ｇ大阪,,,1.4,5.4,0.0,0.0,,2026-05-17,,97,,long_haul,1.4,5.4,,,False,False,False,28.2,4.8,,,,True,13.3,4.5,12.9,1.7,443.2,76.3,10.6,59.7,14.2,45.7,17.0,15.3,51.9,52.2,11.7,19.2,35.9,26.7,113.0,138.0,54.0,45.0,32.0,68.0,14.2,5.0,1.6,22.8,18.9,67.9,20.1,1.4,25.0,1.3,24.2,5.0,0.0,13.0,5.2,11.1,1.4,467.6,76.5,12.4,51.8,15.7,49.3,13.1,15.6,47.9,55.6,11.6,17.6,41.3,25.1,113.0,123.0,44.0,41.0,33.0,59.0,11.9,4.0,1.2,23.8,16.2,68.8,21.9,1.7,25.0,1.3,22.6,4.0,0.0,,0,0,0,,0,0,0,名古屋,G大阪,,,,,,,,,,,,left_only
第３節第２日,j1_2026_08221900_京都_水戸,2026-08-22 19:00:00,サンガＳ,京都,水戸,,,2.69,5.29,0.0,0.0,,,,,,,2.69,5.29,,,False,False,False,28.2,4.8,,,,True,13.1,4.4,8.1,1.1,386.2,69.0,8.4,52.3,16.1,40.7,14.3,19.0,47.3,52.5,10.9,16.3,37.7,21.0,114.0,157.0,57.0,53.0,30.0,68.0,12.9,3.5,1.4,24.7,17.8,67.0,22.3,1.3,28.4,1.5,27.6,2.0,0.0,10.9,3.2,9.6,1.1,439.2,77.1,11.3,47.8,8.8,45.6,11.4,14.1,45.8,50.3,8.7,14.9,31.2,18.0,117.0,127.0,47.0,41.0,32.0,56.0,11.9,4.3,1.9,20.5,15.2,62.8,20.2,1.7,26.1,1.4,22.9,2.0,0.0,,0,0,0,,0,0,0,京都,水戸,,,,,,,,,,,,left_only
第３節第２日,j1_2026_08221900_C大阪_清水,2026-08-22 19:00:00,ハナサカ,Ｃ大阪,清水,,,1.4,5.29,0.0,0.0,,,,,,,1.4,5.29,,,False,False,False,28.2,4.8,,,,True,11.6,4.1,12.4,1.4,449.3,76.7,10.7,57.5,19.7,44.8,13.6,14.7,53.7,50.2,11.2,16.7,34.3,24.6,121.0,142.0,54.0,44.0,35.0,71.0,13.9,3.8,1.1,29.8,18.0,58.6,23.9,1.2,29.7,1.6,26.5,6.0,0.0,10.7,2.8,9.9,1.1,408.3,70.9,7.7,46.8,12.6,44.9,14.6,21.6,47.8,49.6,8.4,14.2,37.9,21.0,112.0,126.0,47.0,37.0,29.0,59.0,12.3,3.9,1.2,24.1,16.2,65.3,19.8,1.9,25.1,1.3,24.3,3.0,0.0,,0,0,0,,0,0,0,C大阪,清水,,,,,,,,,,,,left_only
第３節第２日,j1_2026_08221915_広島_川崎F,2026-08-22 19:15:00,Ｅピース,広島,川崎Ｆ,,,1.4,5.29,0.0,0.0,,,,,,,1.4,5.29,,,False,False,False,28.2,4.8,,,,True,16.1,4.5,10.0,1.6,457.5,74.0,9.2,51.2,17.4,45.4,17.5,19.0,51.1,52.6,13.0,15.7,40.8,33.5,111.0,131.0,56.0,40.0,31.0,65.0,9.8,3.1,1.2,18.8,16.6,66.1,21.7,1.5,20.0,1.1,19.2,4.0,0.0,11.9,3.5,10.7,1.3,511.2,81.3,9.9,52.2,16.0,51.0,13.9,10.4,45.0,50.5,11.6,15.2,33.9,21.5,114.0,121.0,50.0,38.0,32.0,61.0,14.2,4.3,1.5,20.0,15.3,65.6,19.1,1.6,28.3,1.5,27.5,3.0,0.0,,0,0,0,,0,0,0,広島,川崎F,,,,,,,,,,,,left_only
第３節第３日,j1_2026_08231930_町田_浦和,2026-08-23 19:30:00,MUFG国立,町田,浦和,,,5.37,5.29,0.0,0.0,2026-04-26,,119,,long_haul,,5.37,5.29,,,False,False,False,28.2,4.8,,,,True,11.4,3.7,11.2,1.3,412.2,77.6,11.9,55.1,9.2,50.0,11.8,13.8,50.4,45.3,8.6,17.8,30.9,20.3,118.0,113.0,42.0,35.0,31.0,50.0,11.5,3.7,1.1,18.0,16.8,67.0,18.8,1.3,20.4,1.1,18.0,7.0,0.0,13.9,4.2,10.0,1.4,474.2,79.3,11.6,54.8,14.3,53.7,13.3,12.9,50.1,52.3,10.7,18.5,32.2,25.2,116.0,143.0,52.0,47.0,33.0,65.0,12.4,3.1,1.0,20.3,18.7,65.2,19.3,1.6,20.5,1.1,18.1,7.0,0.0,,0,0,0,,0,0,0,町田,浦和,,,,,,,,,,,,left_only
第４節第１日,j1_2026_08291800_水戸_町田,2026-08-29 18:00:00,水戸信ス,水戸,町田,,,2.53,8.43,0.0,0.0,,2026-04-26,,125,,long_haul,2.53,8.43,,,False,False,False,28.2,4.8,,,,True,10.9,3.2,9.6,1.1,439.2,77.1,11.3,47.8,8.8,45.6,11.4,14.1,45.8,50.3,8.7,14.9,31.2,18.0,117.0,127.0,47.0,41.0,32.0,56.0,11.9,4.3,1.9,20.5,15.2,62.8,20.2,1.7,26.1,1.4,22.9,2.0,0.0,11.4,3.7,11.2,1.3,412.2,77.6,11.9,55.1,9.2,50.0,11.8,13.8,50.4,45.3,8.6,17.8,30.9,20.3,118.0,113.0,42.0,35.0,31.0,50.0,11.5,3.7,1.1,18.0,16.8,67.0,18.8,1.3,20.4,1.1,18.0,7.0,0.0,,0,0,0,,0,0,0,水戸,町田,,,,,,,,,,,,left_only
第４節第１日,j1_2026_08291830_清水_柏,2026-08-29 18:30:00,アイスタ,清水,柏,,,2.53,5.29,0.0,0.0,,,,,,,2.53,5.29,,,False,False,False,28.2,4.8,,,,True,10.7,2.8,9.9,1.1,408.3,70.9,7.7,46.8,12.6,44.9,14.6,21.6,47.8,49.6,8.4,14.2,37.9,21.0,112.0,126.0,47.0,37.0,29.0,59.0,12.3,3.9,1.2,24.1,16.2,65.3,19.8,1.9,25.1,1.3,24.3,3.0,0.0,12.8,3.6,9.1,1.2,564.8,82.2,12.8,51.7,19.6,52.3,15.7,11.3,53.1,55.5,13.3,18.6,32.7,25.6,120.0,137.0,58.0,46.0,40.0,70.0,11.6,3.8,1.3,20.5,16.9,70.8,16.4,1.3,22.4,1.2,20.8,5.0,0.0,,0,0,0,,0,0,0,清水,柏,,,,,,,,,,,,left_only
第４節第１日,j1_2026_08291830_長崎_FC東京,2026-08-29 18:30:00,ピースタ,長崎,FC東京,,,2.69,5.29,0.0,0.0,,,,,,,2.69,5.29,,,False,False,False,28.2,4.8,,,,True,10.9,3.4,10.2,1.1,404.4,73.9,10.3,49.7,10.5,44.4,9.7,15.8,49.1,48.1,8.8,14.9,33.2,23.0,112.0,133.0,46.0,42.0,28.0,58.0,15.0,4.9,1.6,26.8,15.4,63.9,20.3,2.5,30.0,1.6,27.6,3.0,0.0,15.8,5.0,9.9,1.6,475.4,78.9,11.6,54.8,15.8,50.5,15.2,12.6,51.5,52.2,12.9,17.3,35.4,29.1,118.0,148.0,67.0,46.0,36.0,82.0,10.2,2.8,0.9,21.0,17.2,63.5,17.4,2.0,16.0,0.8,16.0,6.0,0.0,,0,0,0,,0,0,0,長崎,FC東京,,,,,,,,,,,,left_only
第４節第１日,j1_2026_08291900_東京V_鹿島,2026-08-29 19:00:00,味スタ,東京Ｖ,鹿島,,,1.4,5.13,0.0,0.0,,,,,,,1.4,5.13,,,False,False,False,28.2,4.8,,,,True,9.6,2.8,11.0,1.1,372.7,73.4,8.7,35.3,8.6,45.5,10.5,16.9,50.0,44.1,7.7,15.0,28.2,16.1,119.0,143.0,50.0,47.0,29.0,54.0,10.6,3.1,1.4,23.3,19.3,62.0,21.7,1.3,20.5,1.1,18.9,6.0,0.0,11.8,3.7,13.6,1.6,521.5,81.2,8.2,44.6,15.2,51.8,12.8,13.4,55.3,54.6,11.0,14.4,32.8,25.6,113.0,136.0,53.0,45.0,35.0,69.0,12.1,2.9,0.5,19.3,17.7,61.0,19.9,1.9,19.0,1.0,18.2,11.0,0.0,,0,0,0,,0,0,0,東京V,鹿島,,,,,,,,,,,,left_only
第４節第１日,j1_2026_08291900_川崎F_千葉,2026-08-29 19:00:00,Ｕ等々力,川崎Ｆ,千葉,,,2.53,6.53,0.0,0.0,,,,,,,2.53,6.53,,,False,False,False,28.2,4.8,,,,True,11.9,3.5,10.7,1.3,511.2,81.3,9.9,52.2,16.0,51.0,13.9,10.4,45.0,50.5,11.6,15.2,33.9,21.5,114.0,121.0,50.0,38.0,32.0,61.0,14.2,4.3,1.5,20.0,15.3,65.6,19.1,1.6,28.3,1.5,27.5,3.0,0.0,11.4,3.7,8.7,1.0,414.3,76.3,12.1,50.0,9.1,38.6,12.5,14.4,52.2,47.2,8.5,16.1,29.6,21.6,119.0,122.0,39.0,41.0,34.0,52.0,16.6,5.0,1.7,27.9,16.5,60.9,17.6,1.7,31.5,1.7,29.8,2.0,0.0,,0,0,0,,0,0,0,川崎F,千葉,,,,,,,,,,,,left_only
第４節第１日,j1_2026_08291900_名古屋_岡山,2026-08-29 19:00:00,豊田ス,名古屋,岡山,,,1.29,5.13,0.0,0.0,,,,,,,1.29,5.13,,,False,False,False,28.2,4.8,,,,True,13.3,4.5,12.9,1.7,443.2,76.3,10.6,59.7,14.2,45.7,17.0,15.3,51.9,52.2,11.7,19.2,35.9,26.7,113.0,138.0,54.0,45.0,32.0,68.0,14.2,5.0,1.6,22.8,18.9,67.9,20.1,1.4,25.0,1.3,24.2,5.0,0.0,11.7,3.6,11.4,1.3,316.9,65.8,10.5,50.8,10.9,51.0,16.6,20.6,53.2,42.8,9.3,14.9,34.2,23.6,113.0,138.0,54.0,44.0,27.0,65.0,11.4,4.2,1.4,27.2,16.4,58.4,22.8,1.6,21.1,1.1,20.3,5.0,0.0,,0,0,0,,0,0,0,名古屋,岡山,,,,,,,,,,,,left_only
第４節第１日,j1_2026_08291900_京都_福岡,2026-08-29 19:00:00,サンガＳ,京都,福岡,,,2.42,5.4,0.0,0.0,,,,,,,2.42,5.4,,,False,False,False,28.2,4.8,,,,True,13.1,4.4,8.1,1.1,386.2,69.0,8.4,52.3,16.1,40.7,14.3,19.0,47.3,52.5,10.9,16.3,37.7,21.0,114.0,157.0,57.0,53.0,30.0,68.0,12.9,3.5,1.4,24.7,17.8,67.0,22.3,1.3,28.4,1.5,27.6,2.0,0.0,10.8,3.2,8.7,0.9,340.2,71.0,10.1,44.8,9.4,44.1,10.1,17.0,46.7,42.8,8.3,15.3,33.3,17.3,116.0,112.0,35.0,40.0,28.0,46.0,11.8,3.5,1.5,26.2,17.8,60.9,19.1,1.8,21.6,1.2,20.8,2.0,0.0,,0,0,0,,0,0,0,京都,福岡,,,,,,,,,,,,left_only
第４節第１日,j1_2026_08291900_神戸_C大阪,2026-08-29 19:00:00,ノエスタ,神戸,Ｃ大阪,,,3.92,5.29,0.0,0.0,2026-04-16,,135,,long_haul,,3.92,5.29,,,False,False,False,28.2,4.8,,,,True,12.9,4.2,11.6,1.5,461.1,74.1,7.2,49.2,10.9,50.0,15.3,25.6,52.1,53.8,9.8,13.7,38.1,30.2,115.0,136.0,47.0,41.0,32.0,58.0,10.8,3.9,1.2,24.8,16.4,61.8,20.2,1.7,19.9,1.1,19.0,6.0,0.0,11.6,4.1,12.4,1.4,449.3,76.7,10.7,57.5,19.7,44.8,13.6,14.7,53.7,50.2,11.2,16.7,34.3,24.6,121.0,142.0,54.0,44.0,35.0,71.0,13.9,3.8,1.1,29.8,18.0,58.6,23.9,1.2,29.7,1.6,26.5,6.0,0.0,,0,0,0,,0,0,0,神戸,C大阪,,,,,,,,,,,,left_only
第５節第１日,j1_2026_09021900_水戸_鹿島,2026-09-02 19:00:00,水戸信ス,水戸,鹿島,,,2.08,6.19,0.0,0.0,,,,,,,2.08,6.19,,,False,False,False,28.2,4.8,,,,True,10.9,3.2,9.6,1.1,439.2,77.1,11.3,47.8,8.8,45.6,11.4,14.1,45.8,50.3,8.7,14.9,31.2,18.0,117.0,127.0,47.0,41.0,32.0,56.0,11.9,4.3,1.9,20.5,15.2,62.8,20.2,1.7,26.1,1.4,22.9,2.0,0.0,11.8,3.7,13.6,1.6,521.5,81.2,8.2,44.6,15.2,51.8,12.8,13.4,55.3,54.6,11.0,14.4,32.8,25.6,113.0,136.0,53.0,45.0,35.0,69.0,12.1,2.9,0.5,19.3,17.7,61.0,19.9,1.9,19.0,1.0,18.2,11.0,0.0,,0,0,0,,0,0,0,水戸,鹿島,,,,,,,,,,,,left_only
第５節第１日,j1_2026_09021900_千葉_岡山,2026-09-02 19:00:00,フクアリ,千葉,岡山,,,3.48,6.19,0.0,0.0,,,,,,,3.48,6.19,,,False,False,False,28.2,4.8,,,,True,11.4,3.7,8.7,1.0,414.3,76.3,12.1,50.0,9.1,38.6,12.5,14.4,52.2,47.2,8.5,16.1,29.6,21.6,119.0,122.0,39.0,41.0,34.0,52.0,16.6,5.0,1.7,27.9,16.5,60.9,17.6,1.7,31.5,1.7,29.8,2.0,0.0,11.7,3.6,11.4,1.3,316.9,65.8,10.5,50.8,10.9,51.0,16.6,20.6,53.2,42.8,9.3,14.9,34.2,23.6,113.0,138.0,54.0,44.0,27.0,65.0,11.4,4.2,1.4,27.2,16.4,58.4,22.8,1.6,21.1,1.1,20.3,5.0,0.0,,0,0,0,,0,0,0,千葉,岡山,,,,,,,,,,,,left_only
第５節第１日,j1_2026_09021900_東京V_神戸,2026-09-02 19:00:00,味スタ,東京Ｖ,神戸,,,1.29,7.19,0.0,0.0,,2026-04-16,,139,,long_haul,1.29,7.19,,,False,False,False,28.2,4.8,,,,True,9.6,2.8,11.0,1.1,372.7,73.4,8.7,35.3,8.6,45.5,10.5,16.9,50.0,44.1,7.7,15.0,28.2,16.1,119.0,143.0,50.0,47.0,29.0,54.0,10.6,3.1,1.4,23.3,19.3,62.0,21.7,1.3,20.5,1.1,18.9,6.0,0.0,12.9,4.2,11.6,1.5,461.1,74.1,7.2,49.2,10.9,50.0,15.3,25.6,52.1,53.8,9.8,13.7,38.1,30.2,115.0,136.0,47.0,41.0,32.0,58.0,10.8,3.9,1.2,24.8,16.4,61.8,20.2,1.7,19.9,1.1,19.0,6.0,0.0,,0,0,0,,0,0,0,東京V,神戸,,,,,,,,,,,,left_only
第５節第１日,j1_2026_09021900_町田_川崎F,2026-09-02 19:00:00,Ｇスタ,町田,川崎Ｆ,,,4.91,6.08,0.0,0.0,2026-04-26,,129,,long_haul,,4.91,6.08,,,False,False,False,28.2,4.8,,,,True,11.4,3.7,11.2,1.3,412.2,77.6,11.9,55.1,9.2,50.0,11.8,13.8,50.4,45.3,8.6,17.8,30.9,20.3,118.0,113.0,42.0,35.0,31.0,50.0,11.5,3.7,1.1,18.0,16.8,67.0,18.8,1.3,20.4,1.1,18.0,7.0,0.0,11.9,3.5,10.7,1.3,511.2,81.3,9.9,52.2,16.0,51.0,13.9,10.4,45.0,50.5,11.6,15.2,33.9,21.5,114.0,121.0,50.0,38.0,32.0,61.0,14.2,4.3,1.5,20.0,15.3,65.6,19.1,1.6,28.3,1.5,27.5,3.0,0.0,,0,0,0,,0,0,0,町田,川崎F,,,,,,,,,,,,left_only
第５節第１日,j1_2026_09021900_清水_FC東京,2026-09-02 19:00:00,アイスタ,清水,FC東京,,,2.08,6.53,0.0,0.0,,,,,,,2.08,6.53,,,False,False,False,28.2,4.8,,,,True,10.7,2.8,9.9,1.1,408.3,70.9,7.7,46.8,12.6,44.9,14.6,21.6,47.8,49.6,8.4,14.2,37.9,21.0,112.0,126.0,47.0,37.0,29.0,59.0,12.3,3.9,1.2,24.1,16.2,65.3,19.8,1.9,25.1,1.3,24.3,3.0,0.0,15.8,5.0,9.9,1.6,475.4,78.9,11.6,54.8,15.8,50.5,15.2,12.6,51.5,52.2,12.9,17.3,35.4,29.1,118.0,148.0,67.0,46.0,36.0,82.0,10.2,2.8,0.9,21.0,17.2,63.5,17.4,2.0,16.0,0.8,16.0,6.0,0.0,,0,0,0,,0,0,0,清水,FC東京,,,,,,,,,,,,left_only
第５節第１日,j1_2026_09021900_C大阪_柏,2026-09-02 19:00:00,ハナサカ,Ｃ大阪,柏,,,2.53,6.53,0.0,0.0,,,,,,,2.53,6.53,,,False,False,False,28.2,4.8,,,,True,11.6,4.1,12.4,1.4,449.3,76.7,10.7,57.5,19.7,44.8,13.6,14.7,53.7,50.2,11.2,16.7,34.3,24.6,121.0,142.0,54.0,44.0,35.0,71.0,13.9,3.8,1.1,29.8,18.0,58.6,23.9,1.2,29.7,1.6,26.5,6.0,0.0,12.8,3.6,9.1,1.2,564.8,82.2,12.8,51.7,19.6,52.3,15.7,11.3,53.1,55.5,13.3,18.6,32.7,25.6,120.0,137.0,58.0,46.0,40.0,70.0,11.6,3.8,1.3,20.5,16.9,70.8,16.4,1.3,22.4,1.2,20.8,5.0,0.0,,0,0,0,,0,0,0,C大阪,柏,,,,,,,,,,,,left_only
第５節第１日,j1_2026_09021900_広島_名古屋,2026-09-02 19:00:00,Ｅピース,広島,名古屋,,,2.53,5.13,0.0,0.0,,,,,,,2.53,5.13,,,False,False,False,28.2,4.8,,,,True,16.1,4.5,10.0,1.6,457.5,74.0,9.2,51.2,17.4,45.4,17.5,19.0,51.1,52.6,13.0,15.7,40.8,33.5,111.0,131.0,56.0,40.0,31.0,65.0,9.8,3.1,1.2,18.8,16.6,66.1,21.7,1.5,20.0,1.1,19.2,4.0,0.0,13.3,4.5,12.9,1.7,443.2,76.3,10.6,59.7,14.2,45.7,17.0,15.3,51.9,52.2,11.7,19.2,35.9,26.7,113.0,138.0,54.0,45.0,32.0,68.0,14.2,5.0,1.6,22.8,18.9,67.9,20.1,1.4,25.0,1.3,24.2,5.0,0.0,,0,0,0,,0,0,0,広島,名古屋,,,,,,,,,,,,left_only
第５節第１日,j1_2026_09021900_福岡_浦和,2026-09-02 19:00:00,ベススタ,福岡,浦和,,,2.69,6.08,0.0,0.0,,,,,,,2.69,6.08,,,False,False,False,28.2,4.8,,,,True,10.8,3.2,8.7,0.9,340.2,71.0,10.1,44.8,9.4,44.1,10.1,17.0,46.7,42.8,8.3,15.3,33.3,17.3,116.0,112.0,35.0,40.0,28.0,46.0,11.8,3.5,1.5,26.2,17.8,60.9,19.1,1.8,21.6,1.2,20.8,2.0,0.0,13.9,4.2,10.0,1.4,474.2,79.3,11.6,54.8,14.3,53.7,13.3,12.9,50.1,52.3,10.7,18.5,32.2,25.2,116.0,143.0,52.0,47.0,33.0,65.0,12.4,3.1,1.0,20.3,18.7,65.2,19.3,1.6,20.5,1.1,18.1,7.0,0.0,,0,0,0,,0,0,0,福岡,浦和,,,,,,,,,,,,left_only
第５節第１日,j1_2026_09021900_長崎_G大阪,2026-09-02 19:00:00,ピースタ,長崎,Ｇ大阪,,,2.42,6.42,0.0,0.0,,2026-05-17,,108,,long_haul,2.42,6.42,,,False,False,False,28.2,4.8,,,,True,10.9,3.4,10.2,1.1,404.4,73.9,10.3,49.7,10.5,44.4,9.7,15.8,49.1,48.1,8.8,14.9,33.2,23.0,112.0,133.0,46.0,42.0,28.0,58.0,15.0,4.9,1.6,26.8,15.4,63.9,20.3,2.5,30.0,1.6,27.6,3.0,0.0,13.0,5.2,11.1,1.4,467.6,76.5,12.4,51.8,15.7,49.3,13.1,15.6,47.9,55.6,11.6,17.6,41.3,25.1,113.0,123.0,44.0,41.0,33.0,59.0,11.9,4.0,1.2,23.8,16.2,68.8,21.9,1.7,25.0,1.3,22.6,4.0,0.0,,0,0,0,,0,0,0,長崎,G大阪,,,,,,,,,,,,left_only
第６節第１日,j1_2026_09051900_福岡_水戸,2026-09-05 19:00:00,ベススタ,福岡,水戸,,,2.92,6.26,0.0,0.0,,,,,,,2.92,6.26,,,False,False,False,28.2,4.8,,,,True,10.8,3.2,8.7,0.9,340.2,71.0,10.1,44.8,9.4,44.1,10.1,17.0,46.7,42.8,8.3,15.3,33.3,17.3,116.0,112.0,35.0,40.0,28.0,46.0,11.8,3.5,1.5,26.2,17.8,60.9,19.1,1.8,21.6,1.2,20.8,2.0,0.0,10.9,3.2,9.6,1.1,439.2,77.1,11.3,47.8,8.8,45.6,11.4,14.1,45.8,50.3,8.7,14.9,31.2,18.0,117.0,127.0,47.0,41.0,32.0,56.0,11.9,4.3,1.9,20.5,15.2,62.8,20.2,1.7,26.1,1.4,22.9,2.0,0.0,,0,0,0,,0,0,0,福岡,水戸,,,,,,,,,,,,left_only
第６節第２日,j1_2026_09061800_千葉_G大阪,2026-09-06 18:00:00,フクアリ,千葉,Ｇ大阪,,,3.55,7.83,0.0,0.0,,2026-05-17,,112,,long_haul,3.55,7.83,,,False,False,False,28.2,4.8,,,,True,11.4,3.7,8.7,1.0,414.3,76.3,12.1,50.0,9.1,38.6,12.5,14.4,52.2,47.2,8.5,16.1,29.6,21.6,119.0,122.0,39.0,41.0,34.0,52.0,16.6,5.0,1.7,27.9,16.5,60.9,17.6,1.7,31.5,1.7,29.8,2.0,0.0,13.0,5.2,11.1,1.4,467.6,76.5,12.4,51.8,15.7,49.3,13.1,15.6,47.9,55.6,11.6,17.6,41.3,25.1,113.0,123.0,44.0,41.0,33.0,59.0,11.9,4.0,1.2,23.8,16.2,68.8,21.9,1.7,25.0,1.3,22.6,4.0,0.0,,0,0,0,,0,0,0,千葉,G大阪,,,,,,,,,,,,left_only
第６節第２日,j1_2026_09061800_名古屋_町田,2026-09-06 18:00:00,豊田ス,名古屋,町田,,,2.69,8.44,0.0,0.0,,2026-04-26,,133,,long_haul,2.69,8.44,,,False,False,False,28.2,4.8,,,,True,13.3,4.5,12.9,1.7,443.2,76.3,10.6,59.7,14.2,45.7,17.0,15.3,51.9,52.2,11.7,19.2,35.9,26.7,113.0,138.0,54.0,45.0,32.0,68.0,14.2,5.0,1.6,22.8,18.9,67.9,20.1,1.4,25.0,1.3,24.2,5.0,0.0,11.4,3.7,11.2,1.3,412.2,77.6,11.9,55.1,9.2,50.0,11.8,13.8,50.4,45.3,8.6,17.8,30.9,20.3,118.0,113.0,42.0,35.0,31.0,50.0,11.5,3.7,1.1,18.0,16.8,67.0,18.8,1.3,20.4,1.1,18.0,7.0,0.0,,0,0,0,,0,0,0,名古屋,町田,,,,,,,,,,,,left_only
第６節第２日,j1_2026_09061800_岡山_広島,2026-09-06 18:00:00,ＪＦＥス,岡山,広島,,,3.82,6.58,0.0,0.0,,,,,,,3.82,6.58,,,False,False,False,28.2,4.8,,,,True,11.7,3.6,11.4,1.3,316.9,65.8,10.5,50.8,10.9,51.0,16.6,20.6,53.2,42.8,9.3,14.9,34.2,23.6,113.0,138.0,54.0,44.0,27.0,65.0,11.4,4.2,1.4,27.2,16.4,58.4,22.8,1.6,21.1,1.1,20.3,5.0,0.0,16.1,4.5,10.0,1.6,457.5,74.0,9.2,51.2,17.4,45.4,17.5,19.0,51.1,52.6,13.0,15.7,40.8,33.5,111.0,131.0,56.0,40.0,31.0,65.0,9.8,3.1,1.2,18.8,16.6,66.1,21.7,1.5,20.0,1.1,19.2,4.0,0.0,,0,0,0,,0,0,0,岡山,広島,,,,,,,,,,,,left_only
第６節第２日,j1_2026_09061900_柏_横浜FM,2026-09-06 19:00:00,三協Ｆ柏,柏,横浜FM,,,3.48,6.08,0.0,0.0,,,,,,,3.48,6.08,,,False,False,False,28.2,4.8,,,,True,12.8,3.6,9.1,1.2,564.8,82.2,12.8,51.7,19.6,52.3,15.7,11.3,53.1,55.5,13.3,18.6,32.7,25.6,120.0,137.0,58.0,46.0,40.0,70.0,11.6,3.8,1.3,20.5,16.9,70.8,16.4,1.3,22.4,1.2,20.8,5.0,0.0,11.8,3.0,13.2,1.6,384.9,73.3,10.4,50.5,12.5,46.7,14.1,14.8,48.0,47.6,9.4,16.8,26.7,22.3,117.0,135.0,46.0,37.0,30.0,53.0,10.4,3.5,1.6,21.6,17.8,64.7,17.8,1.1,20.4,1.1,18.8,3.0,0.0,,0,0,0,,0,0,0,柏,横浜FM,,,,,,,,,,,,left_only
第６節第２日,j1_2026_09061900_川崎F_清水,2026-09-06 19:00:00,MUFG国立,川崎Ｆ,清水,,,3.16,5.76,0.0,0.0,,,,,,,3.16,5.76,,,False,False,False,28.2,4.8,,,,True,11.9,3.5,10.7,1.3,511.2,81.3,9.9,52.2,16.0,51.0,13.9,10.4,45.0,50.5,11.6,15.2,33.9,21.5,114.0,121.0,50.0,38.0,32.0,61.0,14.2,4.3,1.5,20.0,15.3,65.6,19.1,1.6,28.3,1.5,27.5,3.0,0.0,10.7,2.8,9.9,1.1,408.3,70.9,7.7,46.8,12.6,44.9,14.6,21.6,47.8,49.6,8.4,14.2,37.9,21.0,112.0,126.0,47.0,37.0,29.0,59.0,12.3,3.9,1.2,24.1,16.2,65.3,19.8,1.9,25.1,1.3,24.3,3.0,0.0,,0,0,0,,0,0,0,川崎F,清水,,,,,,,,,,,,left_only
第６節第２日,j1_2026_09061900_C大阪_東京V,2026-09-06 19:00:00,ハナサカ,Ｃ大阪,東京Ｖ,,,2.08,5.13,0.0,0.0,,,,,,,2.08,5.13,,,False,False,False,28.2,4.8,,,,True,11.6,4.1,12.4,1.4,449.3,76.7,10.7,57.5,19.7,44.8,13.6,14.7,53.7,50.2,11.2,16.7,34.3,24.6,121.0,142.0,54.0,44.0,35.0,71.0,13.9,3.8,1.1,29.8,18.0,58.6,23.9,1.2,29.7,1.6,26.5,6.0,0.0,9.6,2.8,11.0,1.1,372.7,73.4,8.7,35.3,8.6,45.5,10.5,16.9,50.0,44.1,7.7,15.0,28.2,16.1,119.0,143.0,50.0,47.0,29.0,54.0,10.6,3.1,1.4,23.3,19.3,62.0,21.7,1.3,20.5,1.1,18.9,6.0,0.0,,0,0,0,,0,0,0,C大阪,東京V,,,,,,,,,,,,left_only
第６節第２日,j1_2026_09061900_神戸_長崎,2026-09-06 19:00:00,ノエスタ,神戸,長崎,,,4.03,5.93,0.0,0.0,2026-04-16,,143,,long_haul,,4.03,5.93,,,False,False,False,28.2,4.8,,,,True,12.9,4.2,11.6,1.5,461.1,74.1,7.2,49.2,10.9,50.0,15.3,25.6,52.1,53.8,9.8,13.7,38.1,30.2,115.0,136.0,47.0,41.0,32.0,58.0,10.8,3.9,1.2,24.8,16.4,61.8,20.2,1.7,19.9,1.1,19.0,6.0,0.0,10.9,3.4,10.2,1.1,404.4,73.9,10.3,49.7,10.5,44.4,9.7,15.8,49.1,48.1,8.8,14.9,33.2,23.0,112.0,133.0,46.0,42.0,28.0,58.0,15.0,4.9,1.6,26.8,15.4,63.9,20.3,2.5,30.0,1.6,27.6,3.0,0.0,,0,0,0,,0,0,0,神戸,長崎,,,,,,,,,,,,left_only
第６節第２日,j1_2026_09061930_FC東京_京都,2026-09-06 19:30:00,味スタ,FC東京,京都,,,3.48,6.83,0.0,0.0,,,,,,,3.48,6.83,,,False,False,False,28.2,4.8,,,,True,15.8,5.0,9.9,1.6,475.4,78.9,11.6,54.8,15.8,50.5,15.2,12.6,51.5,52.2,12.9,17.3,35.4,29.1,118.0,148.0,67.0,46.0,36.0,82.0,10.2,2.8,0.9,21.0,17.2,63.5,17.4,2.0,16.0,0.8,16.0,6.0,0.0,13.1,4.4,8.1,1.1,386.2,69.0,8.4,52.3,16.1,40.7,14.3,19.0,47.3,52.5,10.9,16.3,37.7,21.0,114.0,157.0,57.0,53.0,30.0,68.0,12.9,3.5,1.4,24.7,17.8,67.0,22.3,1.3,28.4,1.5,27.6,2.0,0.0,,0,0,0,,0,0,0,FC東京,京都,,,,,,,,,,,,left_only
第７節第１日,j1_2026_09121800_水戸_川崎F,2026-09-12 18:00:00,水戸信ス,水戸,川崎Ｆ,,,2.86,6.58,0.0,0.0,,,,,,,2.86,6.58,,,False,False,False,28.2,4.8,,,,True,10.9,3.2,9.6,1.1,439.2,77.1,11.3,47.8,8.8,45.6,11.4,14.1,45.8,50.3,8.7,14.9,31.2,18.0,117.0,127.0,47.0,41.0,32.0,56.0,11.9,4.3,1.9,20.5,15.2,62.8,20.2,1.7,26.1,1.4,22.9,2.0,0.0,11.9,3.5,10.7,1.3,511.2,81.3,9.9,52.2,16.0,51.0,13.9,10.4,45.0,50.5,11.6,15.2,33.9,21.5,114.0,121.0,50.0,38.0,32.0,61.0,14.2,4.3,1.5,20.0,15.3,65.6,19.1,1.6,28.3,1.5,27.5,3.0,0.0,,0,0,0,,0,0,0,水戸,川崎F,,,,,,,,,,,,left_only
第７節第１日,j1_2026_09121830_清水_福岡,2026-09-12 18:30:00,アイスタ,清水,福岡,,,2.69,6.1,0.0,0.0,,,,,,,2.69,6.1,,,False,False,False,28.2,4.8,,,,True,10.7,2.8,9.9,1.1,408.3,70.9,7.7,46.8,12.6,44.9,14.6,21.6,47.8,49.6,8.4,14.2,37.9,21.0,112.0,126.0,47.0,37.0,29.0,59.0,12.3,3.9,1.2,24.1,16.2,65.3,19.8,1.9,25.1,1.3,24.3,3.0,0.0,10.8,3.2,8.7,0.9,340.2,71.0,10.1,44.8,9.4,44.1,10.1,17.0,46.7,42.8,8.3,15.3,33.3,17.3,116.0,112.0,35.0,40.0,28.0,46.0,11.8,3.5,1.5,26.2,17.8,60.9,19.1,1.8,21.6,1.2,20.8,2.0,0.0,,0,0,0,,0,0,0,清水,福岡,,,,,,,,,,,,left_only
第７節第１日,j1_2026_09121900_町田_横浜FM,2026-09-12 19:00:00,MUFG国立,町田,横浜FM,,,4.78,7.16,0.0,0.0,2026-04-26,,139,,long_haul,,4.78,7.16,,,False,False,False,28.2,4.8,,,,True,11.4,3.7,11.2,1.3,412.2,77.6,11.9,55.1,9.2,50.0,11.8,13.8,50.4,45.3,8.6,17.8,30.9,20.3,118.0,113.0,42.0,35.0,31.0,50.0,11.5,3.7,1.1,18.0,16.8,67.0,18.8,1.3,20.4,1.1,18.0,7.0,0.0,11.8,3.0,13.2,1.6,384.9,73.3,10.4,50.5,12.5,46.7,14.1,14.8,48.0,47.6,9.4,16.8,26.7,22.3,117.0,135.0,46.0,37.0,30.0,53.0,10.4,3.5,1.6,21.6,17.8,64.7,17.8,1.1,20.4,1.1,18.8,3.0,0.0,,0,0,0,,0,0,0,町田,横浜FM,,,,,,,,,,,,left_only
第７節第１日,j1_2026_09121900_広島_C大阪,2026-09-12 19:00:00,Ｅピース,広島,Ｃ大阪,,,3.34,5.76,0.0,0.0,,,,,,,3.34,5.76,,,False,False,False,28.2,4.8,,,,True,16.1,4.5,10.0,1.6,457.5,74.0,9.2,51.2,17.4,45.4,17.5,19.0,51.1,52.6,13.0,15.7,40.8,33.5,111.0,131.0,56.0,40.0,31.0,65.0,9.8,3.1,1.2,18.8,16.6,66.1,21.7,1.5,20.0,1.1,19.2,4.0,0.0,11.6,4.1,12.4,1.4,449.3,76.7,10.7,57.5,19.7,44.8,13.6,14.7,53.7,50.2,11.2,16.7,34.3,24.6,121.0,142.0,54.0,44.0,35.0,71.0,13.9,3.8,1.1,29.8,18.0,58.6,23.9,1.2,29.7,1.6,26.5,6.0,0.0,,0,0,0,,0,0,0,広島,C大阪,,,,,,,,,,,,left_only
第７節第１日,j1_2026_09121900_長崎_名古屋,2026-09-12 19:00:00,ピースタ,長崎,名古屋,,,2.83,6.1,0.0,0.0,,,,,,,2.83,6.1,,,False,False,False,28.2,4.8,,,,True,10.9,3.4,10.2,1.1,404.4,73.9,10.3,49.7,10.5,44.4,9.7,15.8,49.1,48.1,8.8,14.9,33.2,23.0,112.0,133.0,46.0,42.0,28.0,58.0,15.0,4.9,1.6,26.8,15.4,63.9,20.3,2.5,30.0,1.6,27.6,3.0,0.0,13.3,4.5,12.9,1.7,443.2,76.3,10.6,59.7,14.2,45.7,17.0,15.3,51.9,52.2,11.7,19.2,35.9,26.7,113.0,138.0,54.0,45.0,32.0,68.0,14.2,5.0,1.6,22.8,18.9,67.9,20.1,1.4,25.0,1.3,24.2,5.0,0.0,,0,0,0,,0,0,0,長崎,名古屋,,,,,,,,,,,,left_only
第７節第１日,j1_2026_09120000_京都_柏,2026-09-12 00:00:00,サンガＳ,京都,柏,,,3.82,7.05,0.0,0.0,,,,,,,3.82,7.05,,,False,False,False,28.2,4.8,,,,True,13.1,4.4,8.1,1.1,386.2,69.0,8.4,52.3,16.1,40.7,14.3,19.0,47.3,52.5,10.9,16.3,37.7,21.0,114.0,157.0,57.0,53.0,30.0,68.0,12.9,3.5,1.4,24.7,17.8,67.0,22.3,1.3,28.4,1.5,27.6,2.0,0.0,12.8,3.6,9.1,1.2,564.8,82.2,12.8,51.7,19.6,52.3,15.7,11.3,53.1,55.5,13.3,18.6,32.7,25.6,120.0,137.0,58.0,46.0,40.0,70.0,11.6,3.8,1.3,20.5,16.9,70.8,16.4,1.3,22.4,1.2,20.8,5.0,0.0,,0,0,0,,0,0,0,京都,柏,,,,,,,,,,,,left_only
第７節第１日,j1_2026_09120000_神戸_鹿島,2026-09-12 00:00:00,ノエスタ,神戸,鹿島,,,3.24,7.09,0.0,0.0,2026-04-16,,149,,long_haul,,3.24,7.09,,,False,False,False,28.2,4.8,,,,True,12.9,4.2,11.6,1.5,461.1,74.1,7.2,49.2,10.9,50.0,15.3,25.6,52.1,53.8,9.8,13.7,38.1,30.2,115.0,136.0,47.0,41.0,32.0,58.0,10.8,3.9,1.2,24.8,16.4,61.8,20.2,1.7,19.9,1.1,19.0,6.0,0.0,11.8,3.7,13.6,1.6,521.5,81.2,8.2,44.6,15.2,51.8,12.8,13.4,55.3,54.6,11.0,14.4,32.8,25.6,113.0,136.0,53.0,45.0,35.0,69.0,12.1,2.9,0.5,19.3,17.7,61.0,19.9,1.9,19.0,1.0,18.2,11.0,0.0,,0,0,0,,0,0,0,神戸,鹿島,,,,,,,,,,,,left_only
第７節第２日,j1_2026_09131800_東京V_千葉,2026-09-13 18:00:00,味スタ,東京Ｖ,千葉,,,2.19,6.59,0.0,0.0,,,,,,,2.19,6.59,,,False,False,False,28.2,4.8,,,,True,9.6,2.8,11.0,1.1,372.7,73.4,8.7,35.3,8.6,45.5,10.5,16.9,50.0,44.1,7.7,15.0,28.2,16.1,119.0,143.0,50.0,47.0,29.0,54.0,10.6,3.1,1.4,23.3,19.3,62.0,21.7,1.3,20.5,1.1,18.9,6.0,0.0,11.4,3.7,8.7,1.0,414.3,76.3,12.1,50.0,9.1,38.6,12.5,14.4,52.2,47.2,8.5,16.1,29.6,21.6,119.0,122.0,39.0,41.0,34.0,52.0,16.6,5.0,1.7,27.9,16.5,60.9,17.6,1.7,31.5,1.7,29.8,2.0,0.0,,0,0,0,,0,0,0,東京V,千葉,,,,,,,,,,,,left_only
第８節第１日,j1_2026_09191800_福岡_広島,2026-09-19 18:00:00,ベススタ,福岡,広島,,,2.99,6.74,0.0,0.0,,,,,,,2.99,6.74,,,False,False,False,28.2,4.8,,,,True,10.8,3.2,8.7,0.9,340.2,71.0,10.1,44.8,9.4,44.1,10.1,17.0,46.7,42.8,8.3,15.3,33.3,17.3,116.0,112.0,35.0,40.0,28.0,46.0,11.8,3.5,1.5,26.2,17.8,60.9,19.1,1.8,21.6,1.2,20.8,2.0,0.0,16.1,4.5,10.0,1.6,457.5,74.0,9.2,51.2,17.4,45.4,17.5,19.0,51.1,52.6,13.0,15.7,40.8,33.5,111.0,131.0,56.0,40.0,31.0,65.0,9.8,3.1,1.2,18.8,16.6,66.1,21.7,1.5,20.0,1.1,19.2,4.0,0.0,,0,0,0,,0,0,0,福岡,広島,,,,,,,,,,,,left_only
第８節第１日,j1_2026_09191830_清水_千葉,2026-09-19 18:30:00,アイスタ,清水,千葉,,,2.3,7.37,0.0,0.0,,,,,,,2.3,7.37,,,False,False,False,28.2,4.8,,,,True,10.7,2.8,9.9,1.1,408.3,70.9,7.7,46.8,12.6,44.9,14.6,21.6,47.8,49.6,8.4,14.2,37.9,21.0,112.0,126.0,47.0,37.0,29.0,59.0,12.3,3.9,1.2,24.1,16.2,65.3,19.8,1.9,25.1,1.3,24.3,3.0,0.0,11.4,3.7,8.7,1.0,414.3,76.3,12.1,50.0,9.1,38.6,12.5,14.4,52.2,47.2,8.5,16.1,29.6,21.6,119.0,122.0,39.0,41.0,34.0,52.0,16.6,5.0,1.7,27.9,16.5,60.9,17.6,1.7,31.5,1.7,29.8,2.0,0.0,,0,0,0,,0,0,0,清水,千葉,,,,,,,,,,,,left_only
第８節第１日,j1_2026_09191830_長崎_C大阪,2026-09-19 18:30:00,ピースタ,長崎,Ｃ大阪,,,2.42,6.69,0.0,0.0,,,,,,,2.42,6.69,,,False,False,False,28.2,4.8,,,,True,10.9,3.4,10.2,1.1,404.4,73.9,10.3,49.7,10.5,44.4,9.7,15.8,49.1,48.1,8.8,14.9,33.2,23.0,112.0,133.0,46.0,42.0,28.0,58.0,15.0,4.9,1.6,26.8,15.4,63.9,20.3,2.5,30.0,1.6,27.6,3.0,0.0,11.6,4.1,12.4,1.4,449.3,76.7,10.7,57.5,19.7,44.8,13.6,14.7,53.7,50.2,11.2,16.7,34.3,24.6,121.0,142.0,54.0,44.0,35.0,71.0,13.9,3.8,1.1,29.8,18.0,58.6,23.9,1.2,29.7,1.6,26.5,6.0,0.0,,0,0,0,,0,0,0,長崎,C大阪,,,,,,,,,,,,left_only
第８節第１日,j1_2026_09191900_FC東京_名古屋,2026-09-19 19:00:00,MUFG国立,FC東京,名古屋,,,3.82,7.19,0.0,0.0,,,,,,,3.82,7.19,,,False,False,False,28.2,4.8,,,,True,15.8,5.0,9.9,1.6,475.4,78.9,11.6,54.8,15.8,50.5,15.2,12.6,51.5,52.2,12.9,17.3,35.4,29.1,118.0,148.0,67.0,46.0,36.0,82.0,10.2,2.8,0.9,21.0,17.2,63.5,17.4,2.0,16.0,0.8,16.0,6.0,0.0,13.3,4.5,12.9,1.7,443.2,76.3,10.6,59.7,14.2,45.7,17.0,15.3,51.9,52.2,11.7,19.2,35.9,26.7,113.0,138.0,54.0,45.0,32.0,68.0,14.2,5.0,1.6,22.8,18.9,67.9,20.1,1.4,25.0,1.3,24.2,5.0,0.0,,0,0,0,,0,0,0,FC東京,名古屋,,,,,,,,,,,,left_only
第８節第１日,j1_2026_09191900_岡山_京都,2026-09-19 19:00:00,ＪＦＥス,岡山,京都,,,3.87,7.29,0.0,0.0,,,,,,,3.87,7.29,,,False,False,False,28.2,4.8,,,,True,11.7,3.6,11.4,1.3,316.9,65.8,10.5,50.8,10.9,51.0,16.6,20.6,53.2,42.8,9.3,14.9,34.2,23.6,113.0,138.0,54.0,44.0,27.0,65.0,11.4,4.2,1.4,27.2,16.4,58.4,22.8,1.6,21.1,1.1,20.3,5.0,0.0,13.1,4.4,8.1,1.1,386.2,69.0,8.4,52.3,16.1,40.7,14.3,19.0,47.3,52.5,10.9,16.3,37.7,21.0,114.0,157.0,57.0,53.0,30.0,68.0,12.9,3.5,1.4,24.7,17.8,67.0,22.3,1.3,28.4,1.5,27.6,2.0,0.0,,0,0,0,,0,0,0,岡山,京都,,,,,,,,,,,,left_only
第８節第１日,j1_2026_09190000_川崎F_鹿島,2026-09-19 00:00:00,Ｕ等々力,川崎Ｆ,鹿島,,,3.54,7.87,0.0,0.0,,,,,,,3.54,7.87,,,False,False,False,28.2,4.8,,,,True,11.9,3.5,10.7,1.3,511.2,81.3,9.9,52.2,16.0,51.0,13.9,10.4,45.0,50.5,11.6,15.2,33.9,21.5,114.0,121.0,50.0,38.0,32.0,61.0,14.2,4.3,1.5,20.0,15.3,65.6,19.1,1.6,28.3,1.5,27.5,3.0,0.0,11.8,3.7,13.6,1.6,521.5,81.2,8.2,44.6,15.2,51.8,12.8,13.4,55.3,54.6,11.0,14.4,32.8,25.6,113.0,136.0,53.0,45.0,35.0,69.0,12.1,2.9,0.5,19.3,17.7,61.0,19.9,1.9,19.0,1.0,18.2,11.0,0.0,,0,0,0,,0,0,0,川崎F,鹿島,,,,,,,,,,,,left_only
第８節第２日,j1_2026_09201700_町田_柏,2026-09-20 17:00:00,Ｇスタ,町田,柏,,,3.85,7.82,0.0,0.0,2026-04-26,,147,,long_haul,,3.85,7.82,,,False,False,False,28.2,4.8,,,,True,11.4,3.7,11.2,1.3,412.2,77.6,11.9,55.1,9.2,50.0,11.8,13.8,50.4,45.3,8.6,17.8,30.9,20.3,118.0,113.0,42.0,35.0,31.0,50.0,11.5,3.7,1.1,18.0,16.8,67.0,18.8,1.3,20.4,1.1,18.0,7.0,0.0,12.8,3.6,9.1,1.2,564.8,82.2,12.8,51.7,19.6,52.3,15.7,11.3,53.1,55.5,13.3,18.6,32.7,25.6,120.0,137.0,58.0,46.0,40.0,70.0,11.6,3.8,1.3,20.5,16.9,70.8,16.4,1.3,22.4,1.2,20.8,5.0,0.0,,0,0,0,,0,0,0,町田,柏,,,,,,,,,,,,left_only
第９節第１日,j1_2026_10091900_柏_神戸,2026-10-09 19:00:00,三協Ｆ柏,柏,神戸,,,4.5,7.38,0.0,0.0,,2026-04-16,,176,,long_haul,4.5,7.38,,,False,False,False,28.2,4.8,,,,True,12.8,3.6,9.1,1.2,564.8,82.2,12.8,51.7,19.6,52.3,15.7,11.3,53.1,55.5,13.3,18.6,32.7,25.6,120.0,137.0,58.0,46.0,40.0,70.0,11.6,3.8,1.3,20.5,16.9,70.8,16.4,1.3,22.4,1.2,20.8,5.0,0.0,12.9,4.2,11.6,1.5,461.1,74.1,7.2,49.2,10.9,50.0,15.3,25.6,52.1,53.8,9.8,13.7,38.1,30.2,115.0,136.0,47.0,41.0,32.0,58.0,10.8,3.9,1.2,24.8,16.4,61.8,20.2,1.7,19.9,1.1,19.0,6.0,0.0,,0,0,0,,0,0,0,柏,神戸,,,,,,,,,,,,left_only
第９節第２日,j1_2026_10101400_C大阪_横浜FM,2026-10-10 14:00:00,ハナサカ,Ｃ大阪,横浜FM,,,3.7,7.43,0.0,0.0,,,,,,,3.7,7.43,,,False,False,False,28.2,4.8,,,,True,11.6,4.1,12.4,1.4,449.3,76.7,10.7,57.5,19.7,44.8,13.6,14.7,53.7,50.2,11.2,16.7,34.3,24.6,121.0,142.0,54.0,44.0,35.0,71.0,13.9,3.8,1.1,29.8,18.0,58.6,23.9,1.2,29.7,1.6,26.5,6.0,0.0,11.8,3.0,13.2,1.6,384.9,73.3,10.4,50.5,12.5,46.7,14.1,14.8,48.0,47.6,9.4,16.8,26.7,22.3,117.0,135.0,46.0,37.0,30.0,53.0,10.4,3.5,1.6,21.6,17.8,64.7,17.8,1.1,20.4,1.1,18.8,3.0,0.0,,0,0,0,,0,0,0,C大阪,横浜FM,,,,,,,,,,,,left_only
第９節第２日,j1_2026_10101500_FC東京_浦和,2026-10-10 15:00:00,味スタ,FC東京,浦和,,,3.1,6.86,0.0,0.0,,,,,,,3.1,6.86,,,False,False,False,28.2,4.8,,,,True,15.8,5.0,9.9,1.6,475.4,78.9,11.6,54.8,15.8,50.5,15.2,12.6,51.5,52.2,12.9,17.3,35.4,29.1,118.0,148.0,67.0,46.0,36.0,82.0,10.2,2.8,0.9,21.0,17.2,63.5,17.4,2.0,16.0,0.8,16.0,6.0,0.0,13.9,4.2,10.0,1.4,474.2,79.3,11.6,54.8,14.3,53.7,13.3,12.9,50.1,52.3,10.7,18.5,32.2,25.2,116.0,143.0,52.0,47.0,33.0,65.0,12.4,3.1,1.0,20.3,18.7,65.2,19.3,1.6,20.5,1.1,18.1,7.0,0.0,,0,0,0,,0,0,0,FC東京,浦和,,,,,,,,,,,,left_only
第９節第２日,j1_2026_10101500_福岡_岡山,2026-10-10 15:00:00,ベススタ,福岡,岡山,,,2.56,7.15,0.0,0.0,,,,,,,2.56,7.15,,,False,False,False,28.2,4.8,,,,True,10.8,3.2,8.7,0.9,340.2,71.0,10.1,44.8,9.4,44.1,10.1,17.0,46.7,42.8,8.3,15.3,33.3,17.3,116.0,112.0,35.0,40.0,28.0,46.0,11.8,3.5,1.5,26.2,17.8,60.9,19.1,1.8,21.6,1.2,20.8,2.0,0.0,11.7,3.6,11.4,1.3,316.9,65.8,10.5,50.8,10.9,51.0,16.6,20.6,53.2,42.8,9.3,14.9,34.2,23.6,113.0,138.0,54.0,44.0,27.0,65.0,11.4,4.2,1.4,27.2,16.4,58.4,22.8,1.6,21.1,1.1,20.3,5.0,0.0,,0,0,0,,0,0,0,福岡,岡山,,,,,,,,,,,,left_only
第９節第２日,j1_2026_10100000_京都_町田,2026-10-10 00:00:00,サンガＳ,京都,町田,,,4.0,7.15,0.0,0.0,,2026-04-26,,167,,long_haul,4.0,7.15,,,False,False,False,28.2,4.8,,,,True,13.1,4.4,8.1,1.1,386.2,69.0,8.4,52.3,16.1,40.7,14.3,19.0,47.3,52.5,10.9,16.3,37.7,21.0,114.0,157.0,57.0,53.0,30.0,68.0,12.9,3.5,1.4,24.7,17.8,67.0,22.3,1.3,28.4,1.5,27.6,2.0,0.0,11.4,3.7,11.2,1.3,412.2,77.6,11.9,55.1,9.2,50.0,11.8,13.8,50.4,45.3,8.6,17.8,30.9,20.3,118.0,113.0,42.0,35.0,31.0,50.0,11.5,3.7,1.1,18.0,16.8,67.0,18.8,1.3,20.4,1.1,18.0,7.0,0.0,,0,0,0,,0,0,0,京都,町田,,,,,,,,,,,,left_only
第９節第３日,j1_2026_10111400_千葉_長崎,2026-10-11 14:00:00,フクアリ,千葉,長崎,,,4.25,6.0,0.0,0.0,,,,,,,4.25,6.0,,,False,False,False,28.2,4.8,,,,True,11.4,3.7,8.7,1.0,414.3,76.3,12.1,50.0,9.1,38.6,12.5,14.4,52.2,47.2,8.5,16.1,29.6,21.6,119.0,122.0,39.0,41.0,34.0,52.0,16.6,5.0,1.7,27.9,16.5,60.9,17.6,1.7,31.5,1.7,29.8,2.0,0.0,10.9,3.4,10.2,1.1,404.4,73.9,10.3,49.7,10.5,44.4,9.7,15.8,49.1,48.1,8.8,14.9,33.2,23.0,112.0,133.0,46.0,42.0,28.0,58.0,15.0,4.9,1.6,26.8,15.4,63.9,20.3,2.5,30.0,1.6,27.6,3.0,0.0,,0,0,0,,0,0,0,千葉,長崎,,,,,,,,,,,,left_only
第９節第３日,j1_2026_10111500_水戸_清水,2026-10-11 15:00:00,水戸信ス,水戸,清水,,,3.46,5.92,0.0,0.0,,,,,,,3.46,5.92,,,False,False,False,28.2,4.8,,,,True,10.9,3.2,9.6,1.1,439.2,77.1,11.3,47.8,8.8,45.6,11.4,14.1,45.8,50.3,8.7,14.9,31.2,18.0,117.0,127.0,47.0,41.0,32.0,56.0,11.9,4.3,1.9,20.5,15.2,62.8,20.2,1.7,26.1,1.4,22.9,2.0,0.0,10.7,2.8,9.9,1.1,408.3,70.9,7.7,46.8,12.6,44.9,14.6,21.6,47.8,49.6,8.4,14.2,37.9,21.0,112.0,126.0,47.0,37.0,29.0,59.0,12.3,3.9,1.2,24.1,16.2,65.3,19.8,1.9,25.1,1.3,24.3,3.0,0.0,,0,0,0,,0,0,0,水戸,清水,,,,,,,,,,,,left_only
第９節第３日,j1_2026_10111500_東京V_広島,2026-10-11 15:00:00,味スタ,東京Ｖ,広島,,,3.03,7.68,0.0,0.0,,,,,,,3.03,7.68,,,False,False,False,28.2,4.8,,,,True,9.6,2.8,11.0,1.1,372.7,73.4,8.7,35.3,8.6,45.5,10.5,16.9,50.0,44.1,7.7,15.0,28.2,16.1,119.0,143.0,50.0,47.0,29.0,54.0,10.6,3.1,1.4,23.3,19.3,62.0,21.7,1.3,20.5,1.1,18.9,6.0,0.0,16.1,4.5,10.0,1.6,457.5,74.0,9.2,51.2,17.4,45.4,17.5,19.0,51.1,52.6,13.0,15.7,40.8,33.5,111.0,131.0,56.0,40.0,31.0,65.0,9.8,3.1,1.2,18.8,16.6,66.1,21.7,1.5,20.0,1.1,19.2,4.0,0.0,,0,0,0,,0,0,0,東京V,広島,,,,,,,,,,,,left_only
第９節第３日,j1_2026_10111600_川崎F_名古屋,2026-10-11 16:00:00,Ｕ等々力,川崎Ｆ,名古屋,,,2.87,8.0,0.0,0.0,,,,,,,2.87,8.0,,,False,False,False,28.2,4.8,,,,True,11.9,3.5,10.7,1.3,511.2,81.3,9.9,52.2,16.0,51.0,13.9,10.4,45.0,50.5,11.6,15.2,33.9,21.5,114.0,121.0,50.0,38.0,32.0,61.0,14.2,4.3,1.5,20.0,15.3,65.6,19.1,1.6,28.3,1.5,27.5,3.0,0.0,13.3,4.5,12.9,1.7,443.2,76.3,10.6,59.7,14.2,45.7,17.0,15.3,51.9,52.2,11.7,19.2,35.9,26.7,113.0,138.0,54.0,45.0,32.0,68.0,14.2,5.0,1.6,22.8,18.9,67.9,20.1,1.4,25.0,1.3,24.2,5.0,0.0,,0,0,0,,0,0,0,川崎F,名古屋,,,,,,,,,,,,left_only
第１０節第１日,j1_2026_10171400_千葉_横浜FM,2026-10-17 14:00:00,フクアリ,千葉,横浜FM,,,3.62,8.11,0.0,0.0,,,,,,,3.62,8.11,,,False,False,False,28.2,4.8,,,,True,11.4,3.7,8.7,1.0,414.3,76.3,12.1,50.0,9.1,38.6,12.5,14.4,52.2,47.2,8.5,16.1,29.6,21.6,119.0,122.0,39.0,41.0,34.0,52.0,16.6,5.0,1.7,27.9,16.5,60.9,17.6,1.7,31.5,1.7,29.8,2.0,0.0,11.8,3.0,13.2,1.6,384.9,73.3,10.4,50.5,12.5,46.7,14.1,14.8,48.0,47.6,9.4,16.8,26.7,22.3,117.0,135.0,46.0,37.0,30.0,53.0,10.4,3.5,1.6,21.6,17.8,64.7,17.8,1.1,20.4,1.1,18.8,3.0,0.0,,0,0,0,,0,0,0,千葉,横浜FM,,,,,,,,,,,,left_only
第１０節第１日,j1_2026_10171400_東京V_FC東京,2026-10-17 14:00:00,味スタ,東京Ｖ,FC東京,,,2.46,6.55,0.0,0.0,,,,,,,2.46,6.55,,,False,False,False,28.2,4.8,,,,True,9.6,2.8,11.0,1.1,372.7,73.4,8.7,35.3,8.6,45.5,10.5,16.9,50.0,44.1,7.7,15.0,28.2,16.1,119.0,143.0,50.0,47.0,29.0,54.0,10.6,3.1,1.4,23.3,19.3,62.0,21.7,1.3,20.5,1.1,18.9,6.0,0.0,15.8,5.0,9.9,1.6,475.4,78.9,11.6,54.8,15.8,50.5,15.2,12.6,51.5,52.2,12.9,17.3,35.4,29.1,118.0,148.0,67.0,46.0,36.0,82.0,10.2,2.8,0.9,21.0,17.2,63.5,17.4,2.0,16.0,0.8,16.0,6.0,0.0,,0,0,0,,0,0,0,東京V,FC東京,,,,,,,,,,,,left_only
第１０節第１日,j1_2026_10171400_町田_福岡,2026-10-17 14:00:00,Ｇスタ,町田,福岡,,,3.75,6.1,0.0,0.0,2026-04-26,,174,,long_haul,,3.75,6.1,,,False,False,False,28.2,4.8,,,,True,11.4,3.7,11.2,1.3,412.2,77.6,11.9,55.1,9.2,50.0,11.8,13.8,50.4,45.3,8.6,17.8,30.9,20.3,118.0,113.0,42.0,35.0,31.0,50.0,11.5,3.7,1.1,18.0,16.8,67.0,18.8,1.3,20.4,1.1,18.0,7.0,0.0,10.8,3.2,8.7,0.9,340.2,71.0,10.1,44.8,9.4,44.1,10.1,17.0,46.7,42.8,8.3,15.3,33.3,17.3,116.0,112.0,35.0,40.0,28.0,46.0,11.8,3.5,1.5,26.2,17.8,60.9,19.1,1.8,21.6,1.2,20.8,2.0,0.0,,0,0,0,,0,0,0,町田,福岡,,,,,,,,,,,,left_only
第１０節第１日,j1_2026_10171400_広島_京都,2026-10-17 14:00:00,Ｅピース,広島,京都,,,4.37,7.24,0.0,0.0,,,,,,,4.37,7.24,,,False,False,False,28.2,4.8,,,,True,16.1,4.5,10.0,1.6,457.5,74.0,9.2,51.2,17.4,45.4,17.5,19.0,51.1,52.6,13.0,15.7,40.8,33.5,111.0,131.0,56.0,40.0,31.0,65.0,9.8,3.1,1.2,18.8,16.6,66.1,21.7,1.5,20.0,1.1,19.2,4.0,0.0,13.1,4.4,8.1,1.1,386.2,69.0,8.4,52.3,16.1,40.7,14.3,19.0,47.3,52.5,10.9,16.3,37.7,21.0,114.0,157.0,57.0,53.0,30.0,68.0,12.9,3.5,1.4,24.7,17.8,67.0,22.3,1.3,28.4,1.5,27.6,2.0,0.0,,0,0,0,,0,0,0,広島,京都,,,,,,,,,,,,left_only
第１０節第１日,j1_2026_10171500_C大阪_川崎F,2026-10-17 15:00:00,ハナサカ,Ｃ大阪,川崎Ｆ,,,3.21,6.37,0.0,0.0,,,,,,,3.21,6.37,,,False,False,False,28.2,4.8,,,,True,11.6,4.1,12.4,1.4,449.3,76.7,10.7,57.5,19.7,44.8,13.6,14.7,53.7,50.2,11.2,16.7,34.3,24.6,121.0,142.0,54.0,44.0,35.0,71.0,13.9,3.8,1.1,29.8,18.0,58.6,23.9,1.2,29.7,1.6,26.5,6.0,0.0,11.9,3.5,10.7,1.3,511.2,81.3,9.9,52.2,16.0,51.0,13.9,10.4,45.0,50.5,11.6,15.2,33.9,21.5,114.0,121.0,50.0,38.0,32.0,61.0,14.2,4.3,1.5,20.0,15.3,65.6,19.1,1.6,28.3,1.5,27.5,3.0,0.0,,0,0,0,,0,0,0,C大阪,川崎F,,,,,,,,,,,,left_only
第１０節第１日,j1_2026_10171600_水戸_浦和,2026-10-17 16:00:00,水戸信ス,水戸,浦和,,,2.79,7.53,0.0,0.0,,,,,,,2.79,7.53,,,False,False,False,28.2,4.8,,,,True,10.9,3.2,9.6,1.1,439.2,77.1,11.3,47.8,8.8,45.6,11.4,14.1,45.8,50.3,8.7,14.9,31.2,18.0,117.0,127.0,47.0,41.0,32.0,56.0,11.9,4.3,1.9,20.5,15.2,62.8,20.2,1.7,26.1,1.4,22.9,2.0,0.0,13.9,4.2,10.0,1.4,474.2,79.3,11.6,54.8,14.3,53.7,13.3,12.9,50.1,52.3,10.7,18.5,32.2,25.2,116.0,143.0,52.0,47.0,33.0,65.0,12.4,3.1,1.0,20.3,18.7,65.2,19.3,1.6,20.5,1.1,18.1,7.0,0.0,,0,0,0,,0,0,0,水戸,浦和,,,,,,,,,,,,left_only
第１０節第１日,j1_2026_10170000_柏_名古屋,2026-10-17 00:00:00,三協Ｆ柏,柏,名古屋,,,3.84,8.85,0.0,0.0,,,,,,,3.84,8.85,,,False,False,False,28.2,4.8,,,,True,12.8,3.6,9.1,1.2,564.8,82.2,12.8,51.7,19.6,52.3,15.7,11.3,53.1,55.5,13.3,18.6,32.7,25.6,120.0,137.0,58.0,46.0,40.0,70.0,11.6,3.8,1.3,20.5,16.9,70.8,16.4,1.3,22.4,1.2,20.8,5.0,0.0,13.3,4.5,12.9,1.7,443.2,76.3,10.6,59.7,14.2,45.7,17.0,15.3,51.9,52.2,11.7,19.2,35.9,26.7,113.0,138.0,54.0,45.0,32.0,68.0,14.2,5.0,1.6,22.8,18.9,67.9,20.1,1.4,25.0,1.3,24.2,5.0,0.0,,0,0,0,,0,0,0,柏,名古屋,,,,,,,,,,,,left_only
第１０節第１日,j1_2026_10170000_清水_G大阪,2026-10-17 00:00:00,アイスタ,清水,Ｇ大阪,,,2.8,7.6,0.0,0.0,,2026-05-17,,153,,long_haul,2.8,7.6,,,False,False,False,28.2,4.8,,,,True,10.7,2.8,9.9,1.1,408.3,70.9,7.7,46.8,12.6,44.9,14.6,21.6,47.8,49.6,8.4,14.2,37.9,21.0,112.0,126.0,47.0,37.0,29.0,59.0,12.3,3.9,1.2,24.1,16.2,65.3,19.8,1.9,25.1,1.3,24.3,3.0,0.0,13.0,5.2,11.1,1.4,467.6,76.5,12.4,51.8,15.7,49.3,13.1,15.6,47.9,55.6,11.6,17.6,41.3,25.1,113.0,123.0,44.0,41.0,33.0,59.0,11.9,4.0,1.2,23.8,16.2,68.8,21.9,1.7,25.0,1.3,22.6,4.0,0.0,,0,0,0,,0,0,0,清水,G大阪,,,,,,,,,,,,left_only
第１０節第１日,j1_2026_10170000_岡山_神戸,2026-10-17 00:00:00,ＪＦＥス,岡山,神戸,,,3.99,8.24,0.0,0.0,,2026-04-16,,184,,long_haul,3.99,8.24,,,False,False,False,28.2,4.8,,,,True,11.7,3.6,11.4,1.3,316.9,65.8,10.5,50.8,10.9,51.0,16.6,20.6,53.2,42.8,9.3,14.9,34.2,23.6,113.0,138.0,54.0,44.0,27.0,65.0,11.4,4.2,1.4,27.2,16.4,58.4,22.8,1.6,21.1,1.1,20.3,5.0,0.0,12.9,4.2,11.6,1.5,461.1,74.1,7.2,49.2,10.9,50.0,15.3,25.6,52.1,53.8,9.8,13.7,38.1,30.2,115.0,136.0,47.0,41.0,32.0,58.0,10.8,3.9,1.2,24.8,16.4,61.8,20.2,1.7,19.9,1.1,19.0,6.0,0.0,,0,0,0,,0,0,0,岡山,神戸,,,,,,,,,,,,left_only
第１１節第１日,j1_2026_10211900_FC東京_柏,2026-10-21 19:00:00,味スタ,FC東京,柏,,,3.29,7.03,0.0,0.0,,,,,,,3.29,7.03,,,False,False,False,28.2,4.8,,,,True,15.8,5.0,9.9,1.6,475.4,78.9,11.6,54.8,15.8,50.5,15.2,12.6,51.5,52.2,12.9,17.3,35.4,29.1,118.0,148.0,67.0,46.0,36.0,82.0,10.2,2.8,0.9,21.0,17.2,63.5,17.4,2.0,16.0,0.8,16.0,6.0,0.0,12.8,3.6,9.1,1.2,564.8,82.2,12.8,51.7,19.6,52.3,15.7,11.3,53.1,55.5,13.3,18.6,32.7,25.6,120.0,137.0,58.0,46.0,40.0,70.0,11.6,3.8,1.3,20.5,16.9,70.8,16.4,1.3,22.4,1.2,20.8,5.0,0.0,,0,0,0,,0,0,0,FC東京,柏,,,,,,,,,,,,left_only
第１１節第１日,j1_2026_10211900_川崎F_神戸,2026-10-21 19:00:00,Ｕ等々力,川崎Ｆ,神戸,,,3.16,9.03,0.0,0.0,,2026-04-16,,188,,long_haul,3.16,9.03,,,False,False,False,28.2,4.8,,,,True,11.9,3.5,10.7,1.3,511.2,81.3,9.9,52.2,16.0,51.0,13.9,10.4,45.0,50.5,11.6,15.2,33.9,21.5,114.0,121.0,50.0,38.0,32.0,61.0,14.2,4.3,1.5,20.0,15.3,65.6,19.1,1.6,28.3,1.5,27.5,3.0,0.0,12.9,4.2,11.6,1.5,461.1,74.1,7.2,49.2,10.9,50.0,15.3,25.6,52.1,53.8,9.8,13.7,38.1,30.2,115.0,136.0,47.0,41.0,32.0,58.0,10.8,3.9,1.2,24.8,16.4,61.8,20.2,1.7,19.9,1.1,19.0,6.0,0.0,,0,0,0,,0,0,0,川崎F,神戸,,,,,,,,,,,,left_only
第１１節第１日,j1_2026_10211900_清水_町田,2026-10-21 19:00:00,アイスタ,清水,町田,,,2.39,7.13,0.0,0.0,,2026-04-26,,178,,long_haul,2.39,7.13,,,False,False,False,28.2,4.8,,,,True,10.7,2.8,9.9,1.1,408.3,70.9,7.7,46.8,12.6,44.9,14.6,21.6,47.8,49.6,8.4,14.2,37.9,21.0,112.0,126.0,47.0,37.0,29.0,59.0,12.3,3.9,1.2,24.1,16.2,65.3,19.8,1.9,25.1,1.3,24.3,3.0,0.0,11.4,3.7,11.2,1.3,412.2,77.6,11.9,55.1,9.2,50.0,11.8,13.8,50.4,45.3,8.6,17.8,30.9,20.3,118.0,113.0,42.0,35.0,31.0,50.0,11.5,3.7,1.1,18.0,16.8,67.0,18.8,1.3,20.4,1.1,18.0,7.0,0.0,,0,0,0,,0,0,0,清水,町田,,,,,,,,,,,,left_only
第１１節第１日,j1_2026_10211900_名古屋_C大阪,2026-10-21 19:00:00,豊田ス,名古屋,Ｃ大阪,,,5.42,6.53,0.0,0.0,,,,,,,5.42,6.53,,,False,False,False,28.2,4.8,,,,True,13.3,4.5,12.9,1.7,443.2,76.3,10.6,59.7,14.2,45.7,17.0,15.3,51.9,52.2,11.7,19.2,35.9,26.7,113.0,138.0,54.0,45.0,32.0,68.0,14.2,5.0,1.6,22.8,18.9,67.9,20.1,1.4,25.0,1.3,24.2,5.0,0.0,11.6,4.1,12.4,1.4,449.3,76.7,10.7,57.5,19.7,44.8,13.6,14.7,53.7,50.2,11.2,16.7,34.3,24.6,121.0,142.0,54.0,44.0,35.0,71.0,13.9,3.8,1.1,29.8,18.0,58.6,23.9,1.2,29.7,1.6,26.5,6.0,0.0,,0,0,0,,0,0,0,名古屋,C大阪,,,,,,,,,,,,left_only
第１１節第１日,j1_2026_10211900_京都_鹿島,2026-10-21 19:00:00,サンガＳ,京都,鹿島,,,4.06,7.05,0.0,0.0,,,,,,,4.06,7.05,,,False,False,False,28.2,4.8,,,,True,13.1,4.4,8.1,1.1,386.2,69.0,8.4,52.3,16.1,40.7,14.3,19.0,47.3,52.5,10.9,16.3,37.7,21.0,114.0,157.0,57.0,53.0,30.0,68.0,12.9,3.5,1.4,24.7,17.8,67.0,22.3,1.3,28.4,1.5,27.6,2.0,0.0,11.8,3.7,13.6,1.6,521.5,81.2,8.2,44.6,15.2,51.8,12.8,13.4,55.3,54.6,11.0,14.4,32.8,25.6,113.0,136.0,53.0,45.0,35.0,69.0,12.1,2.9,0.5,19.3,17.7,61.0,19.9,1.9,19.0,1.0,18.2,11.0,0.0,,0,0,0,,0,0,0,京都,鹿島,,,,,,,,,,,,left_only
第１１節第１日,j1_2026_10211900_岡山_水戸,2026-10-21 19:00:00,ＪＦＥス,岡山,水戸,,,3.21,6.32,0.0,0.0,,,,,,,3.21,6.32,,,False,False,False,28.2,4.8,,,,True,11.7,3.6,11.4,1.3,316.9,65.8,10.5,50.8,10.9,51.0,16.6,20.6,53.2,42.8,9.3,14.9,34.2,23.6,113.0,138.0,54.0,44.0,27.0,65.0,11.4,4.2,1.4,27.2,16.4,58.4,22.8,1.6,21.1,1.1,20.3,5.0,0.0,10.9,3.2,9.6,1.1,439.2,77.1,11.3,47.8,8.8,45.6,11.4,14.1,45.8,50.3,8.7,14.9,31.2,18.0,117.0,127.0,47.0,41.0,32.0,56.0,11.9,4.3,1.9,20.5,15.2,62.8,20.2,1.7,26.1,1.4,22.9,2.0,0.0,,0,0,0,,0,0,0,岡山,水戸,,,,,,,,,,,,left_only
第１１節第１日,j1_2026_10211900_福岡_G大阪,2026-10-21 19:00:00,ベススタ,福岡,Ｇ大阪,,,2.95,8.42,0.0,0.0,,2026-05-17,,157,,long_haul,2.95,8.42,,,False,False,False,28.2,4.8,,,,True,10.8,3.2,8.7,0.9,340.2,71.0,10.1,44.8,9.4,44.1,10.1,17.0,46.7,42.8,8.3,15.3,33.3,17.3,116.0,112.0,35.0,40.0,28.0,46.0,11.8,3.5,1.5,26.2,17.8,60.9,19.1,1.8,21.6,1.2,20.8,2.0,0.0,13.0,5.2,11.1,1.4,467.6,76.5,12.4,51.8,15.7,49.3,13.1,15.6,47.9,55.6,11.6,17.6,41.3,25.1,113.0,123.0,44.0,41.0,33.0,59.0,11.9,4.0,1.2,23.8,16.2,68.8,21.9,1.7,25.0,1.3,22.6,4.0,0.0,,0,0,0,,0,0,0,福岡,G大阪,,,,,,,,,,,,left_only
第１１節第１日,j1_2026_10211900_長崎_広島,2026-10-21 19:00:00,ピースタ,長崎,広島,,,3.85,7.74,0.0,0.0,,,,,,,3.85,7.74,,,False,False,False,28.2,4.8,,,,True,10.9,3.4,10.2,1.1,404.4,73.9,10.3,49.7,10.5,44.4,9.7,15.8,49.1,48.1,8.8,14.9,33.2,23.0,112.0,133.0,46.0,42.0,28.0,58.0,15.0,4.9,1.6,26.8,15.4,63.9,20.3,2.5,30.0,1.6,27.6,3.0,0.0,16.1,4.5,10.0,1.6,457.5,74.0,9.2,51.2,17.4,45.4,17.5,19.0,51.1,52.6,13.0,15.7,40.8,33.5,111.0,131.0,56.0,40.0,31.0,65.0,9.8,3.1,1.2,18.8,16.6,66.1,21.7,1.5,20.0,1.1,19.2,4.0,0.0,,0,0,0,,0,0,0,長崎,広島,,,,,,,,,,,,left_only
第１２節第１日,j1_2026_10241400_広島_清水,2026-10-24 14:00:00,Ｅピース,広島,清水,,,5.35,6.99,0.0,0.0,,,,,,,5.35,6.99,,,False,False,False,28.2,4.8,,,,True,16.1,4.5,10.0,1.6,457.5,74.0,9.2,51.2,17.4,45.4,17.5,19.0,51.1,52.6,13.0,15.7,40.8,33.5,111.0,131.0,56.0,40.0,31.0,65.0,9.8,3.1,1.2,18.8,16.6,66.1,21.7,1.5,20.0,1.1,19.2,4.0,0.0,10.7,2.8,9.9,1.1,408.3,70.9,7.7,46.8,12.6,44.9,14.6,21.6,47.8,49.6,8.4,14.2,37.9,21.0,112.0,126.0,47.0,37.0,29.0,59.0,12.3,3.9,1.2,24.1,16.2,65.3,19.8,1.9,25.1,1.3,24.3,3.0,0.0,,0,0,0,,0,0,0,広島,清水,,,,,,,,,,,,left_only
第１２節第１日,j1_2026_10241500_東京V_福岡,2026-10-24 15:00:00,味スタ,東京Ｖ,福岡,,,3.92,7.51,0.0,0.0,,,,,,,3.92,7.51,,,False,False,False,28.2,4.8,,,,True,9.6,2.8,11.0,1.1,372.7,73.4,8.7,35.3,8.6,45.5,10.5,16.9,50.0,44.1,7.7,15.0,28.2,16.1,119.0,143.0,50.0,47.0,29.0,54.0,10.6,3.1,1.4,23.3,19.3,62.0,21.7,1.3,20.5,1.1,18.9,6.0,0.0,10.8,3.2,8.7,0.9,340.2,71.0,10.1,44.8,9.4,44.1,10.1,17.0,46.7,42.8,8.3,15.3,33.3,17.3,116.0,112.0,35.0,40.0,28.0,46.0,11.8,3.5,1.5,26.2,17.8,60.9,19.1,1.8,21.6,1.2,20.8,2.0,0.0,,0,0,0,,0,0,0,東京V,福岡,,,,,,,,,,,,left_only
第１２節第１日,j1_2026_10240000_神戸_町田,2026-10-24 00:00:00,ノエスタ,神戸,町田,,,6.55,8.96,0.0,0.0,2026-04-16,2026-04-26,191,181,long_haul,long_haul,6.55,8.96,,,False,False,False,28.2,4.8,,,,True,12.9,4.2,11.6,1.5,461.1,74.1,7.2,49.2,10.9,50.0,15.3,25.6,52.1,53.8,9.8,13.7,38.1,30.2,115.0,136.0,47.0,41.0,32.0,58.0,10.8,3.9,1.2,24.8,16.4,61.8,20.2,1.7,19.9,1.1,19.0,6.0,0.0,11.4,3.7,11.2,1.3,412.2,77.6,11.9,55.1,9.2,50.0,11.8,13.8,50.4,45.3,8.6,17.8,30.9,20.3,118.0,113.0,42.0,35.0,31.0,50.0,11.5,3.7,1.1,18.0,16.8,67.0,18.8,1.3,20.4,1.1,18.0,7.0,0.0,,0,0,0,,0,0,0,神戸,町田,,,,,,,,,,,,left_only
第１２節第２日,j1_2026_10251400_名古屋_横浜FM,2026-10-25 14:00:00,豊田ス,名古屋,横浜FM,,,4.97,8.52,0.0,0.0,,,,,,,4.97,8.52,,,False,False,False,28.2,4.8,,,,True,13.3,4.5,12.9,1.7,443.2,76.3,10.6,59.7,14.2,45.7,17.0,15.3,51.9,52.2,11.7,19.2,35.9,26.7,113.0,138.0,54.0,45.0,32.0,68.0,14.2,5.0,1.6,22.8,18.9,67.9,20.1,1.4,25.0,1.3,24.2,5.0,0.0,11.8,3.0,13.2,1.6,384.9,73.3,10.4,50.5,12.5,46.7,14.1,14.8,48.0,47.6,9.4,16.8,26.7,22.3,117.0,135.0,46.0,37.0,30.0,53.0,10.4,3.5,1.6,21.6,17.8,64.7,17.8,1.1,20.4,1.1,18.8,3.0,0.0,,0,0,0,,0,0,0,名古屋,横浜FM,,,,,,,,,,,,left_only
第１２節第２日,j1_2026_10251500_C大阪_千葉,2026-10-25 15:00:00,ハナサカ,Ｃ大阪,千葉,,,3.8,8.05,0.0,0.0,,,,,,,3.8,8.05,,,False,False,False,28.2,4.8,,,,True,11.6,4.1,12.4,1.4,449.3,76.7,10.7,57.5,19.7,44.8,13.6,14.7,53.7,50.2,11.2,16.7,34.3,24.6,121.0,142.0,54.0,44.0,35.0,71.0,13.9,3.8,1.1,29.8,18.0,58.6,23.9,1.2,29.7,1.6,26.5,6.0,0.0,11.4,3.7,8.7,1.0,414.3,76.3,12.1,50.0,9.1,38.6,12.5,14.4,52.2,47.2,8.5,16.1,29.6,21.6,119.0,122.0,39.0,41.0,34.0,52.0,16.6,5.0,1.7,27.9,16.5,60.9,17.6,1.7,31.5,1.7,29.8,2.0,0.0,,0,0,0,,0,0,0,C大阪,千葉,,,,,,,,,,,,left_only
第１２節第２日,j1_2026_10251600_FC東京_水戸,2026-10-25 16:00:00,味スタ,FC東京,水戸,,,3.27,7.61,0.0,0.0,,,,,,,3.27,7.61,,,False,False,False,28.2,4.8,,,,True,15.8,5.0,9.9,1.6,475.4,78.9,11.6,54.8,15.8,50.5,15.2,12.6,51.5,52.2,12.9,17.3,35.4,29.1,118.0,148.0,67.0,46.0,36.0,82.0,10.2,2.8,0.9,21.0,17.2,63.5,17.4,2.0,16.0,0.8,16.0,6.0,0.0,10.9,3.2,9.6,1.1,439.2,77.1,11.3,47.8,8.8,45.6,11.4,14.1,45.8,50.3,8.7,14.9,31.2,18.0,117.0,127.0,47.0,41.0,32.0,56.0,11.9,4.3,1.9,20.5,15.2,62.8,20.2,1.7,26.1,1.4,22.9,2.0,0.0,,0,0,0,,0,0,0,FC東京,水戸,,,,,,,,,,,,left_only
第１２節第２日,j1_2026_10251600_川崎F_岡山,2026-10-25 16:00:00,Ｕ等々力,川崎Ｆ,岡山,,,3.17,7.14,0.0,0.0,,,,,,,3.17,7.14,,,False,False,False,28.2,4.8,,,,True,11.9,3.5,10.7,1.3,511.2,81.3,9.9,52.2,16.0,51.0,13.9,10.4,45.0,50.5,11.6,15.2,33.9,21.5,114.0,121.0,50.0,38.0,32.0,61.0,14.2,4.3,1.5,20.0,15.3,65.6,19.1,1.6,28.3,1.5,27.5,3.0,0.0,11.7,3.6,11.4,1.3,316.9,65.8,10.5,50.8,10.9,51.0,16.6,20.6,53.2,42.8,9.3,14.9,34.2,23.6,113.0,138.0,54.0,44.0,27.0,65.0,11.4,4.2,1.4,27.2,16.4,58.4,22.8,1.6,21.1,1.1,20.3,5.0,0.0,,0,0,0,,0,0,0,川崎F,岡山,,,,,,,,,,,,left_only
第１３節第１日,j1_2026_10311400_水戸_広島,2026-10-31 14:00:00,水戸信ス,水戸,広島,,,4.21,7.86,0.0,0.0,,,,,,,4.21,7.86,,,False,False,False,28.2,4.8,,,,True,10.9,3.2,9.6,1.1,439.2,77.1,11.3,47.8,8.8,45.6,11.4,14.1,45.8,50.3,8.7,14.9,31.2,18.0,117.0,127.0,47.0,41.0,32.0,56.0,11.9,4.3,1.9,20.5,15.2,62.8,20.2,1.7,26.1,1.4,22.9,2.0,0.0,16.1,4.5,10.0,1.6,457.5,74.0,9.2,51.2,17.4,45.4,17.5,19.0,51.1,52.6,13.0,15.7,40.8,33.5,111.0,131.0,56.0,40.0,31.0,65.0,9.8,3.1,1.2,18.8,16.6,66.1,21.7,1.5,20.0,1.1,19.2,4.0,0.0,,0,0,0,,0,0,0,水戸,広島,,,,,,,,,,,,left_only
第１３節第１日,j1_2026_10311400_町田_G大阪,2026-10-31 14:00:00,Ｇスタ,町田,Ｇ大阪,,,4.94,8.6,0.0,0.0,2026-04-26,2026-05-17,188,167,long_haul,long_haul,4.94,8.6,,,False,False,False,28.2,4.8,,,,True,11.4,3.7,11.2,1.3,412.2,77.6,11.9,55.1,9.2,50.0,11.8,13.8,50.4,45.3,8.6,17.8,30.9,20.3,118.0,113.0,42.0,35.0,31.0,50.0,11.5,3.7,1.1,18.0,16.8,67.0,18.8,1.3,20.4,1.1,18.0,7.0,0.0,13.0,5.2,11.1,1.4,467.6,76.5,12.4,51.8,15.7,49.3,13.1,15.6,47.9,55.6,11.6,17.6,41.3,25.1,113.0,123.0,44.0,41.0,33.0,59.0,11.9,4.0,1.2,23.8,16.2,68.8,21.9,1.7,25.0,1.3,22.6,4.0,0.0,,0,0,0,,0,0,0,町田,G大阪,,,,,,,,,,,,left_only
第１３節第１日,j1_2026_10311400_岡山_FC東京,2026-10-31 14:00:00,ＪＦＥス,岡山,FC東京,,,3.54,6.46,0.0,0.0,,,,,,,3.54,6.46,,,False,False,False,28.2,4.8,,,,True,11.7,3.6,11.4,1.3,316.9,65.8,10.5,50.8,10.9,51.0,16.6,20.6,53.2,42.8,9.3,14.9,34.2,23.6,113.0,138.0,54.0,44.0,27.0,65.0,11.4,4.2,1.4,27.2,16.4,58.4,22.8,1.6,21.1,1.1,20.3,5.0,0.0,15.8,5.0,9.9,1.6,475.4,78.9,11.6,54.8,15.8,50.5,15.2,12.6,51.5,52.2,12.9,17.3,35.4,29.1,118.0,148.0,67.0,46.0,36.0,82.0,10.2,2.8,0.9,21.0,17.2,63.5,17.4,2.0,16.0,0.8,16.0,6.0,0.0,,0,0,0,,0,0,0,岡山,FC東京,,,,,,,,,,,,left_only
第１３節第１日,j1_2026_10310000_柏_浦和,2026-10-31 00:00:00,三協Ｆ柏,柏,浦和,,,4.83,7.1,0.0,0.0,,,,,,,4.83,7.1,,,False,False,False,28.2,4.8,,,,True,12.8,3.6,9.1,1.2,564.8,82.2,12.8,51.7,19.6,52.3,15.7,11.3,53.1,55.5,13.3,18.6,32.7,25.6,120.0,137.0,58.0,46.0,40.0,70.0,11.6,3.8,1.3,20.5,16.9,70.8,16.4,1.3,22.4,1.2,20.8,5.0,0.0,13.9,4.2,10.0,1.4,474.2,79.3,11.6,54.8,14.3,53.7,13.3,12.9,50.1,52.3,10.7,18.5,32.2,25.2,116.0,143.0,52.0,47.0,33.0,65.0,12.4,3.1,1.0,20.3,18.7,65.2,19.3,1.6,20.5,1.1,18.1,7.0,0.0,,0,0,0,,0,0,0,柏,浦和,,,,,,,,,,,,left_only
第１３節第１日,j1_2026_10310000_京都_清水,2026-10-31 00:00:00,サンガＳ,京都,清水,,,4.43,7.21,0.0,0.0,,,,,,,4.43,7.21,,,False,False,False,28.2,4.8,,,,True,13.1,4.4,8.1,1.1,386.2,69.0,8.4,52.3,16.1,40.7,14.3,19.0,47.3,52.5,10.9,16.3,37.7,21.0,114.0,157.0,57.0,53.0,30.0,68.0,12.9,3.5,1.4,24.7,17.8,67.0,22.3,1.3,28.4,1.5,27.6,2.0,0.0,10.7,2.8,9.9,1.1,408.3,70.9,7.7,46.8,12.6,44.9,14.6,21.6,47.8,49.6,8.4,14.2,37.9,21.0,112.0,126.0,47.0,37.0,29.0,59.0,12.3,3.9,1.2,24.1,16.2,65.3,19.8,1.9,25.1,1.3,24.3,3.0,0.0,,0,0,0,,0,0,0,京都,清水,,,,,,,,,,,,left_only
第１３節第１日,j1_2026_10310000_神戸_名古屋,2026-10-31 00:00:00,ノエスタ,神戸,名古屋,,,4.92,7.71,0.0,0.0,2026-04-16,,198,,long_haul,,4.92,7.71,,,False,False,False,28.2,4.8,,,,True,12.9,4.2,11.6,1.5,461.1,74.1,7.2,49.2,10.9,50.0,15.3,25.6,52.1,53.8,9.8,13.7,38.1,30.2,115.0,136.0,47.0,41.0,32.0,58.0,10.8,3.9,1.2,24.8,16.4,61.8,20.2,1.7,19.9,1.1,19.0,6.0,0.0,13.3,4.5,12.9,1.7,443.2,76.3,10.6,59.7,14.2,45.7,17.0,15.3,51.9,52.2,11.7,19.2,35.9,26.7,113.0,138.0,54.0,45.0,32.0,68.0,14.2,5.0,1.6,22.8,18.9,67.9,20.1,1.4,25.0,1.3,24.2,5.0,0.0,,0,0,0,,0,0,0,神戸,名古屋,,,,,,,,,,,,left_only
第１３節第２日,j1_2026_11011400_千葉_福岡,2026-11-01 14:00:00,フクアリ,千葉,福岡,,,4.55,7.83,0.0,0.0,,,,,,,4.55,7.83,,,False,False,False,28.2,4.8,,,,True,11.4,3.7,8.7,1.0,414.3,76.3,12.1,50.0,9.1,38.6,12.5,14.4,52.2,47.2,8.5,16.1,29.6,21.6,119.0,122.0,39.0,41.0,34.0,52.0,16.6,5.0,1.7,27.9,16.5,60.9,17.6,1.7,31.5,1.7,29.8,2.0,0.0,10.8,3.2,8.7,0.9,340.2,71.0,10.1,44.8,9.4,44.1,10.1,17.0,46.7,42.8,8.3,15.3,33.3,17.3,116.0,112.0,35.0,40.0,28.0,46.0,11.8,3.5,1.5,26.2,17.8,60.9,19.1,1.8,21.6,1.2,20.8,2.0,0.0,,0,0,0,,0,0,0,千葉,福岡,,,,,,,,,,,,left_only
第１３節第２日,j1_2026_11011400_長崎_東京V,2026-11-01 14:00:00,ピースタ,長崎,東京Ｖ,,,4.19,6.83,0.0,0.0,,,,,,,4.19,6.83,,,False,False,False,28.2,4.8,,,,True,10.9,3.4,10.2,1.1,404.4,73.9,10.3,49.7,10.5,44.4,9.7,15.8,49.1,48.1,8.8,14.9,33.2,23.0,112.0,133.0,46.0,42.0,28.0,58.0,15.0,4.9,1.6,26.8,15.4,63.9,20.3,2.5,30.0,1.6,27.6,3.0,0.0,9.6,2.8,11.0,1.1,372.7,73.4,8.7,35.3,8.6,45.5,10.5,16.9,50.0,44.1,7.7,15.0,28.2,16.1,119.0,143.0,50.0,47.0,29.0,54.0,10.6,3.1,1.4,23.3,19.3,62.0,21.7,1.3,20.5,1.1,18.9,6.0,0.0,,0,0,0,,0,0,0,長崎,東京V,,,,,,,,,,,,left_only
第１４節第１日,j1_2026_11071300_清水_東京V,2026-11-07 13:00:00,アイスタ,清水,東京Ｖ,,,4.16,7.78,0.0,0.0,,,,,,,4.16,7.78,,,False,False,False,28.2,4.8,,,,True,10.7,2.8,9.9,1.1,408.3,70.9,7.7,46.8,12.6,44.9,14.6,21.6,47.8,49.6,8.4,14.2,37.9,21.0,112.0,126.0,47.0,37.0,29.0,59.0,12.3,3.9,1.2,24.1,16.2,65.3,19.8,1.9,25.1,1.3,24.3,3.0,0.0,9.6,2.8,11.0,1.1,372.7,73.4,8.7,35.3,8.6,45.5,10.5,16.9,50.0,44.1,7.7,15.0,28.2,16.1,119.0,143.0,50.0,47.0,29.0,54.0,10.6,3.1,1.4,23.3,19.3,62.0,21.7,1.3,20.5,1.1,18.9,6.0,0.0,,0,0,0,,0,0,0,清水,東京V,,,,,,,,,,,,left_only
第１４節第１日,j1_2026_11071400_名古屋_京都,2026-11-07 14:00:00,豊田ス,名古屋,京都,,,4.23,7.61,0.0,0.0,,,,,,,4.23,7.61,,,False,False,False,28.2,4.8,,,,True,13.3,4.5,12.9,1.7,443.2,76.3,10.6,59.7,14.2,45.7,17.0,15.3,51.9,52.2,11.7,19.2,35.9,26.7,113.0,138.0,54.0,45.0,32.0,68.0,14.2,5.0,1.6,22.8,18.9,67.9,20.1,1.4,25.0,1.3,24.2,5.0,0.0,13.1,4.4,8.1,1.1,386.2,69.0,8.4,52.3,16.1,40.7,14.3,19.0,47.3,52.5,10.9,16.3,37.7,21.0,114.0,157.0,57.0,53.0,30.0,68.0,12.9,3.5,1.4,24.7,17.8,67.0,22.3,1.3,28.4,1.5,27.6,2.0,0.0,,0,0,0,,0,0,0,名古屋,京都,,,,,,,,,,,,left_only
第１４節第１日,j1_2026_11071500_FC東京_鹿島,2026-11-07 15:00:00,味スタ,FC東京,鹿島,,,3.25,6.85,0.0,0.0,,,,,,,3.25,6.85,,,False,False,False,28.2,4.8,,,,True,15.8,5.0,9.9,1.6,475.4,78.9,11.6,54.8,15.8,50.5,15.2,12.6,51.5,52.2,12.9,17.3,35.4,29.1,118.0,148.0,67.0,46.0,36.0,82.0,10.2,2.8,0.9,21.0,17.2,63.5,17.4,2.0,16.0,0.8,16.0,6.0,0.0,11.8,3.7,13.6,1.6,521.5,81.2,8.2,44.6,15.2,51.8,12.8,13.4,55.3,54.6,11.0,14.4,32.8,25.6,113.0,136.0,53.0,45.0,35.0,69.0,12.1,2.9,0.5,19.3,17.7,61.0,19.9,1.9,19.0,1.0,18.2,11.0,0.0,,0,0,0,,0,0,0,FC東京,鹿島,,,,,,,,,,,,left_only
第１４節第１日,j1_2026_11071500_福岡_長崎,2026-11-07 15:00:00,ベススタ,福岡,長崎,,,4.54,7.42,0.0,0.0,,,,,,,4.54,7.42,,,False,False,False,28.2,4.8,,,,True,10.8,3.2,8.7,0.9,340.2,71.0,10.1,44.8,9.4,44.1,10.1,17.0,46.7,42.8,8.3,15.3,33.3,17.3,116.0,112.0,35.0,40.0,28.0,46.0,11.8,3.5,1.5,26.2,17.8,60.9,19.1,1.8,21.6,1.2,20.8,2.0,0.0,10.9,3.4,10.2,1.1,404.4,73.9,10.3,49.7,10.5,44.4,9.7,15.8,49.1,48.1,8.8,14.9,33.2,23.0,112.0,133.0,46.0,42.0,28.0,58.0,15.0,4.9,1.6,26.8,15.4,63.9,20.3,2.5,30.0,1.6,27.6,3.0,0.0,,0,0,0,,0,0,0,福岡,長崎,,,,,,,,,,,,left_only
第１４節第１日,j1_2026_11070000_柏_川崎F,2026-11-07 00:00:00,三協Ｆ柏,柏,川崎Ｆ,,,4.13,7.18,0.0,0.0,,,,,,,4.13,7.18,,,False,False,False,28.2,4.8,,,,True,12.8,3.6,9.1,1.2,564.8,82.2,12.8,51.7,19.6,52.3,15.7,11.3,53.1,55.5,13.3,18.6,32.7,25.6,120.0,137.0,58.0,46.0,40.0,70.0,11.6,3.8,1.3,20.5,16.9,70.8,16.4,1.3,22.4,1.2,20.8,5.0,0.0,11.9,3.5,10.7,1.3,511.2,81.3,9.9,52.2,16.0,51.0,13.9,10.4,45.0,50.5,11.6,15.2,33.9,21.5,114.0,121.0,50.0,38.0,32.0,61.0,14.2,4.3,1.5,20.0,15.3,65.6,19.1,1.6,28.3,1.5,27.5,3.0,0.0,,0,0,0,,0,0,0,柏,川崎F,,,,,,,,,,,,left_only
第１４節第２日,j1_2026_11081400_町田_広島,2026-11-08 14:00:00,Ｇスタ,町田,広島,,,4.23,8.6,0.0,0.0,2026-04-26,,196,,long_haul,,4.23,8.6,,,False,False,False,28.2,4.8,,,,True,11.4,3.7,11.2,1.3,412.2,77.6,11.9,55.1,9.2,50.0,11.8,13.8,50.4,45.3,8.6,17.8,30.9,20.3,118.0,113.0,42.0,35.0,31.0,50.0,11.5,3.7,1.1,18.0,16.8,67.0,18.8,1.3,20.4,1.1,18.0,7.0,0.0,16.1,4.5,10.0,1.6,457.5,74.0,9.2,51.2,17.4,45.4,17.5,19.0,51.1,52.6,13.0,15.7,40.8,33.5,111.0,131.0,56.0,40.0,31.0,65.0,9.8,3.1,1.2,18.8,16.6,66.1,21.7,1.5,20.0,1.1,19.2,4.0,0.0,,0,0,0,,0,0,0,町田,広島,,,,,,,,,,,,left_only
第１４節第２日,j1_2026_11081400_神戸_浦和,2026-11-08 14:00:00,MUFG国立,神戸,浦和,,,3.93,7.77,0.0,0.0,2026-04-16,,206,,long_haul,,3.93,7.77,,,False,False,False,28.2,4.8,,,,True,12.9,4.2,11.6,1.5,461.1,74.1,7.2,49.2,10.9,50.0,15.3,25.6,52.1,53.8,9.8,13.7,38.1,30.2,115.0,136.0,47.0,41.0,32.0,58.0,10.8,3.9,1.2,24.8,16.4,61.8,20.2,1.7,19.9,1.1,19.0,6.0,0.0,13.9,4.2,10.0,1.4,474.2,79.3,11.6,54.8,14.3,53.7,13.3,12.9,50.1,52.3,10.7,18.5,32.2,25.2,116.0,143.0,52.0,47.0,33.0,65.0,12.4,3.1,1.0,20.3,18.7,65.2,19.3,1.6,20.5,1.1,18.1,7.0,0.0,,0,0,0,,0,0,0,神戸,浦和,,,,,,,,,,,,left_only
第１４節第２日,j1_2026_11081700_千葉_水戸,2026-11-08 17:00:00,フクアリ,千葉,水戸,,,3.89,7.63,0.0,0.0,,,,,,,3.89,7.63,,,False,False,False,28.2,4.8,,,,True,11.4,3.7,8.7,1.0,414.3,76.3,12.1,50.0,9.1,38.6,12.5,14.4,52.2,47.2,8.5,16.1,29.6,21.6,119.0,122.0,39.0,41.0,34.0,52.0,16.6,5.0,1.7,27.9,16.5,60.9,17.6,1.7,31.5,1.7,29.8,2.0,0.0,10.9,3.2,9.6,1.1,439.2,77.1,11.3,47.8,8.8,45.6,11.4,14.1,45.8,50.3,8.7,14.9,31.2,18.0,117.0,127.0,47.0,41.0,32.0,56.0,11.9,4.3,1.9,20.5,15.2,62.8,20.2,1.7,26.1,1.4,22.9,2.0,0.0,,0,0,0,,0,0,0,千葉,水戸,,,,,,,,,,,,left_only
第１５節第１日,j1_2026_11201900_柏_千葉,2026-11-20 19:00:00,三協Ｆ柏,柏,千葉,,,3.28,7.08,0.0,0.0,,,,,,,3.28,7.08,,,False,False,False,28.2,4.8,,,,True,12.8,3.6,9.1,1.2,564.8,82.2,12.8,51.7,19.6,52.3,15.7,11.3,53.1,55.5,13.3,18.6,32.7,25.6,120.0,137.0,58.0,46.0,40.0,70.0,11.6,3.8,1.3,20.5,16.9,70.8,16.4,1.3,22.4,1.2,20.8,5.0,0.0,11.4,3.7,8.7,1.0,414.3,76.3,12.1,50.0,9.1,38.6,12.5,14.4,52.2,47.2,8.5,16.1,29.6,21.6,119.0,122.0,39.0,41.0,34.0,52.0,16.6,5.0,1.7,27.9,16.5,60.9,17.6,1.7,31.5,1.7,29.8,2.0,0.0,,0,0,0,,0,0,0,柏,千葉,,,,,,,,,,,,left_only
第１５節第２日,j1_2026_11211400_東京V_名古屋,2026-11-21 14:00:00,味スタ,東京Ｖ,名古屋,,,4.48,7.52,0.0,0.0,,,,,,,4.48,7.52,,,False,False,False,28.2,4.8,,,,True,9.6,2.8,11.0,1.1,372.7,73.4,8.7,35.3,8.6,45.5,10.5,16.9,50.0,44.1,7.7,15.0,28.2,16.1,119.0,143.0,50.0,47.0,29.0,54.0,10.6,3.1,1.4,23.3,19.3,62.0,21.7,1.3,20.5,1.1,18.9,6.0,0.0,13.3,4.5,12.9,1.7,443.2,76.3,10.6,59.7,14.2,45.7,17.0,15.3,51.9,52.2,11.7,19.2,35.9,26.7,113.0,138.0,54.0,45.0,32.0,68.0,14.2,5.0,1.6,22.8,18.9,67.9,20.1,1.4,25.0,1.3,24.2,5.0,0.0,,0,0,0,,0,0,0,東京V,名古屋,,,,,,,,,,,,left_only
第１５節第２日,j1_2026_11211400_町田_長崎,2026-11-21 14:00:00,Ｇスタ,町田,長崎,,,3.36,8.22,0.0,0.0,2026-04-26,,209,,long_haul,,3.36,8.22,,,False,False,False,28.2,4.8,,,,True,11.4,3.7,11.2,1.3,412.2,77.6,11.9,55.1,9.2,50.0,11.8,13.8,50.4,45.3,8.6,17.8,30.9,20.3,118.0,113.0,42.0,35.0,31.0,50.0,11.5,3.7,1.1,18.0,16.8,67.0,18.8,1.3,20.4,1.1,18.0,7.0,0.0,10.9,3.4,10.2,1.1,404.4,73.9,10.3,49.7,10.5,44.4,9.7,15.8,49.1,48.1,8.8,14.9,33.2,23.0,112.0,133.0,46.0,42.0,28.0,58.0,15.0,4.9,1.6,26.8,15.4,63.9,20.3,2.5,30.0,1.6,27.6,3.0,0.0,,0,0,0,,0,0,0,町田,長崎,,,,,,,,,,,,left_only
第１５節第２日,j1_2026_11211400_広島_横浜FM,2026-11-21 14:00:00,Ｅピース,広島,横浜FM,,,5.12,7.14,0.0,0.0,,,,,,,5.12,7.14,,,False,False,False,28.2,4.8,,,,True,16.1,4.5,10.0,1.6,457.5,74.0,9.2,51.2,17.4,45.4,17.5,19.0,51.1,52.6,13.0,15.7,40.8,33.5,111.0,131.0,56.0,40.0,31.0,65.0,9.8,3.1,1.2,18.8,16.6,66.1,21.7,1.5,20.0,1.1,19.2,4.0,0.0,11.8,3.0,13.2,1.6,384.9,73.3,10.4,50.5,12.5,46.7,14.1,14.8,48.0,47.6,9.4,16.8,26.7,22.3,117.0,135.0,46.0,37.0,30.0,53.0,10.4,3.5,1.6,21.6,17.8,64.7,17.8,1.1,20.4,1.1,18.8,3.0,0.0,,0,0,0,,0,0,0,広島,横浜FM,,,,,,,,,,,,left_only
第１５節第２日,j1_2026_11211500_川崎F_福岡,2026-11-21 15:00:00,Ｕ等々力,川崎Ｆ,福岡,,,4.11,7.9,0.0,0.0,,,,,,,4.11,7.9,,,False,False,False,28.2,4.8,,,,True,11.9,3.5,10.7,1.3,511.2,81.3,9.9,52.2,16.0,51.0,13.9,10.4,45.0,50.5,11.6,15.2,33.9,21.5,114.0,121.0,50.0,38.0,32.0,61.0,14.2,4.3,1.5,20.0,15.3,65.6,19.1,1.6,28.3,1.5,27.5,3.0,0.0,10.8,3.2,8.7,0.9,340.2,71.0,10.1,44.8,9.4,44.1,10.1,17.0,46.7,42.8,8.3,15.3,33.3,17.3,116.0,112.0,35.0,40.0,28.0,46.0,11.8,3.5,1.5,26.2,17.8,60.9,19.1,1.8,21.6,1.2,20.8,2.0,0.0,,0,0,0,,0,0,0,川崎F,福岡,,,,,,,,,,,,left_only
第１５節第２日,j1_2026_11211500_C大阪_FC東京,2026-11-21 15:00:00,ハナサカ,Ｃ大阪,FC東京,,,4.52,6.76,0.0,0.0,,,,,,,4.52,6.76,,,False,False,False,28.2,4.8,,,,True,11.6,4.1,12.4,1.4,449.3,76.7,10.7,57.5,19.7,44.8,13.6,14.7,53.7,50.2,11.2,16.7,34.3,24.6,121.0,142.0,54.0,44.0,35.0,71.0,13.9,3.8,1.1,29.8,18.0,58.6,23.9,1.2,29.7,1.6,26.5,6.0,0.0,15.8,5.0,9.9,1.6,475.4,78.9,11.6,54.8,15.8,50.5,15.2,12.6,51.5,52.2,12.9,17.3,35.4,29.1,118.0,148.0,67.0,46.0,36.0,82.0,10.2,2.8,0.9,21.0,17.2,63.5,17.4,2.0,16.0,0.8,16.0,6.0,0.0,,0,0,0,,0,0,0,C大阪,FC東京,,,,,,,,,,,,left_only
第１５節第２日,j1_2026_11210000_京都_浦和,2026-11-21 00:00:00,サンガＳ,京都,浦和,,,4.38,8.56,0.0,0.0,,,,,,,4.38,8.56,,,False,False,False,28.2,4.8,,,,True,13.1,4.4,8.1,1.1,386.2,69.0,8.4,52.3,16.1,40.7,14.3,19.0,47.3,52.5,10.9,16.3,37.7,21.0,114.0,157.0,57.0,53.0,30.0,68.0,12.9,3.5,1.4,24.7,17.8,67.0,22.3,1.3,28.4,1.5,27.6,2.0,0.0,13.9,4.2,10.0,1.4,474.2,79.3,11.6,54.8,14.3,53.7,13.3,12.9,50.1,52.3,10.7,18.5,32.2,25.2,116.0,143.0,52.0,47.0,33.0,65.0,12.4,3.1,1.0,20.3,18.7,65.2,19.3,1.6,20.5,1.1,18.1,7.0,0.0,,0,0,0,,0,0,0,京都,浦和,,,,,,,,,,,,left_only
第１５節第２日,j1_2026_11210000_神戸_水戸,2026-11-21 00:00:00,ノエスタ,神戸,水戸,,,3.02,8.27,0.0,0.0,2026-04-16,,219,,long_haul,,3.02,8.27,,,False,False,False,28.2,4.8,,,,True,12.9,4.2,11.6,1.5,461.1,74.1,7.2,49.2,10.9,50.0,15.3,25.6,52.1,53.8,9.8,13.7,38.1,30.2,115.0,136.0,47.0,41.0,32.0,58.0,10.8,3.9,1.2,24.8,16.4,61.8,20.2,1.7,19.9,1.1,19.0,6.0,0.0,10.9,3.2,9.6,1.1,439.2,77.1,11.3,47.8,8.8,45.6,11.4,14.1,45.8,50.3,8.7,14.9,31.2,18.0,117.0,127.0,47.0,41.0,32.0,56.0,11.9,4.3,1.9,20.5,15.2,62.8,20.2,1.7,26.1,1.4,22.9,2.0,0.0,,0,0,0,,0,0,0,神戸,水戸,,,,,,,,,,,,left_only
第１６節第１日,j1_2026_11251900_水戸_東京V,2026-11-25 19:00:00,水戸信ス,水戸,東京Ｖ,,,4.84,7.81,0.0,0.0,,,,,,,4.84,7.81,,,False,False,False,28.2,4.8,,,,True,10.9,3.2,9.6,1.1,439.2,77.1,11.3,47.8,8.8,45.6,11.4,14.1,45.8,50.3,8.7,14.9,31.2,18.0,117.0,127.0,47.0,41.0,32.0,56.0,11.9,4.3,1.9,20.5,15.2,62.8,20.2,1.7,26.1,1.4,22.9,2.0,0.0,9.6,2.8,11.0,1.1,372.7,73.4,8.7,35.3,8.6,45.5,10.5,16.9,50.0,44.1,7.7,15.0,28.2,16.1,119.0,143.0,50.0,47.0,29.0,54.0,10.6,3.1,1.4,23.3,19.3,62.0,21.7,1.3,20.5,1.1,18.9,6.0,0.0,,0,0,0,,0,0,0,水戸,東京V,,,,,,,,,,,,left_only
第１６節第１日,j1_2026_11251900_千葉_名古屋,2026-11-25 19:00:00,フクアリ,千葉,名古屋,,,3.71,8.25,0.0,0.0,,,,,,,3.71,8.25,,,False,False,False,28.2,4.8,,,,True,11.4,3.7,8.7,1.0,414.3,76.3,12.1,50.0,9.1,38.6,12.5,14.4,52.2,47.2,8.5,16.1,29.6,21.6,119.0,122.0,39.0,41.0,34.0,52.0,16.6,5.0,1.7,27.9,16.5,60.9,17.6,1.7,31.5,1.7,29.8,2.0,0.0,13.3,4.5,12.9,1.7,443.2,76.3,10.6,59.7,14.2,45.7,17.0,15.3,51.9,52.2,11.7,19.2,35.9,26.7,113.0,138.0,54.0,45.0,32.0,68.0,14.2,5.0,1.6,22.8,18.9,67.9,20.1,1.4,25.0,1.3,24.2,5.0,0.0,,0,0,0,,0,0,0,千葉,名古屋,,,,,,,,,,,,left_only
第１６節第１日,j1_2026_11251900_FC東京_広島,2026-11-25 19:00:00,味スタ,FC東京,広島,,,3.66,8.3,0.0,0.0,,,,,,,3.66,8.3,,,False,False,False,28.2,4.8,,,,True,15.8,5.0,9.9,1.6,475.4,78.9,11.6,54.8,15.8,50.5,15.2,12.6,51.5,52.2,12.9,17.3,35.4,29.1,118.0,148.0,67.0,46.0,36.0,82.0,10.2,2.8,0.9,21.0,17.2,63.5,17.4,2.0,16.0,0.8,16.0,6.0,0.0,16.1,4.5,10.0,1.6,457.5,74.0,9.2,51.2,17.4,45.4,17.5,19.0,51.1,52.6,13.0,15.7,40.8,33.5,111.0,131.0,56.0,40.0,31.0,65.0,9.8,3.1,1.2,18.8,16.6,66.1,21.7,1.5,20.0,1.1,19.2,4.0,0.0,,0,0,0,,0,0,0,FC東京,広島,,,,,,,,,,,,left_only
第１６節第１日,j1_2026_11251900_岡山_清水,2026-11-25 19:00:00,ＪＦＥス,岡山,清水,,,4.5,8.21,0.0,0.0,,,,,,,4.5,8.21,,,False,False,False,28.2,4.8,,,,True,11.7,3.6,11.4,1.3,316.9,65.8,10.5,50.8,10.9,51.0,16.6,20.6,53.2,42.8,9.3,14.9,34.2,23.6,113.0,138.0,54.0,44.0,27.0,65.0,11.4,4.2,1.4,27.2,16.4,58.4,22.8,1.6,21.1,1.1,20.3,5.0,0.0,10.7,2.8,9.9,1.1,408.3,70.9,7.7,46.8,12.6,44.9,14.6,21.6,47.8,49.6,8.4,14.2,37.9,21.0,112.0,126.0,47.0,37.0,29.0,59.0,12.3,3.9,1.2,24.1,16.2,65.3,19.8,1.9,25.1,1.3,24.3,3.0,0.0,,0,0,0,,0,0,0,岡山,清水,,,,,,,,,,,,left_only
第１６節第１日,j1_2026_11251900_福岡_横浜FM,2026-11-25 19:00:00,ベススタ,福岡,横浜FM,,,4.46,7.74,0.0,0.0,,,,,,,4.46,7.74,,,False,False,False,28.2,4.8,,,,True,10.8,3.2,8.7,0.9,340.2,71.0,10.1,44.8,9.4,44.1,10.1,17.0,46.7,42.8,8.3,15.3,33.3,17.3,116.0,112.0,35.0,40.0,28.0,46.0,11.8,3.5,1.5,26.2,17.8,60.9,19.1,1.8,21.6,1.2,20.8,2.0,0.0,11.8,3.0,13.2,1.6,384.9,73.3,10.4,50.5,12.5,46.7,14.1,14.8,48.0,47.6,9.4,16.8,26.7,22.3,117.0,135.0,46.0,37.0,30.0,53.0,10.4,3.5,1.6,21.6,17.8,64.7,17.8,1.1,20.4,1.1,18.8,3.0,0.0,,0,0,0,,0,0,0,福岡,横浜FM,,,,,,,,,,,,left_only
第１６節第１日,j1_2026_11251900_長崎_川崎F,2026-11-25 19:00:00,ピースタ,長崎,川崎Ｆ,,,4.78,7.51,0.0,0.0,,,,,,,4.78,7.51,,,False,False,False,28.2,4.8,,,,True,10.9,3.4,10.2,1.1,404.4,73.9,10.3,49.7,10.5,44.4,9.7,15.8,49.1,48.1,8.8,14.9,33.2,23.0,112.0,133.0,46.0,42.0,28.0,58.0,15.0,4.9,1.6,26.8,15.4,63.9,20.3,2.5,30.0,1.6,27.6,3.0,0.0,11.9,3.5,10.7,1.3,511.2,81.3,9.9,52.2,16.0,51.0,13.9,10.4,45.0,50.5,11.6,15.2,33.9,21.5,114.0,121.0,50.0,38.0,32.0,61.0,14.2,4.3,1.5,20.0,15.3,65.6,19.1,1.6,28.3,1.5,27.5,3.0,0.0,,0,0,0,,0,0,0,長崎,川崎F,,,,,,,,,,,,left_only
第１７節第１日,j1_2026_11281400_町田_東京V,2026-11-28 14:00:00,Ｇスタ,町田,東京Ｖ,,,2.52,9.41,0.0,0.0,2026-04-26,,216,,long_haul,,2.52,9.41,,,False,False,False,28.2,4.8,,,,True,11.4,3.7,11.2,1.3,412.2,77.6,11.9,55.1,9.2,50.0,11.8,13.8,50.4,45.3,8.6,17.8,30.9,20.3,118.0,113.0,42.0,35.0,31.0,50.0,11.5,3.7,1.1,18.0,16.8,67.0,18.8,1.3,20.4,1.1,18.0,7.0,0.0,9.6,2.8,11.0,1.1,372.7,73.4,8.7,35.3,8.6,45.5,10.5,16.9,50.0,44.1,7.7,15.0,28.2,16.1,119.0,143.0,50.0,47.0,29.0,54.0,10.6,3.1,1.4,23.3,19.3,62.0,21.7,1.3,20.5,1.1,18.9,6.0,0.0,,0,0,0,,0,0,0,町田,東京V,,,,,,,,,,,,left_only
第１７節第１日,j1_2026_11281400_清水_浦和,2026-11-28 14:00:00,アイスタ,清水,浦和,,,5.81,9.33,0.0,0.0,,,,,,,5.81,9.33,,,False,False,False,28.2,4.8,,,,True,10.7,2.8,9.9,1.1,408.3,70.9,7.7,46.8,12.6,44.9,14.6,21.6,47.8,49.6,8.4,14.2,37.9,21.0,112.0,126.0,47.0,37.0,29.0,59.0,12.3,3.9,1.2,24.1,16.2,65.3,19.8,1.9,25.1,1.3,24.3,3.0,0.0,13.9,4.2,10.0,1.4,474.2,79.3,11.6,54.8,14.3,53.7,13.3,12.9,50.1,52.3,10.7,18.5,32.2,25.2,116.0,143.0,52.0,47.0,33.0,65.0,12.4,3.1,1.0,20.3,18.7,65.2,19.3,1.6,20.5,1.1,18.1,7.0,0.0,,0,0,0,,0,0,0,清水,浦和,,,,,,,,,,,,left_only
第１７節第１日,j1_2026_11281500_川崎F_G大阪,2026-11-28 15:00:00,Ｕ等々力,川崎Ｆ,Ｇ大阪,,,5.17,7.32,0.0,0.0,,2026-05-17,,195,,long_haul,5.17,7.32,,,False,False,False,28.2,4.8,,,,True,11.9,3.5,10.7,1.3,511.2,81.3,9.9,52.2,16.0,51.0,13.9,10.4,45.0,50.5,11.6,15.2,33.9,21.5,114.0,121.0,50.0,38.0,32.0,61.0,14.2,4.3,1.5,20.0,15.3,65.6,19.1,1.6,28.3,1.5,27.5,3.0,0.0,13.0,5.2,11.1,1.4,467.6,76.5,12.4,51.8,15.7,49.3,13.1,15.6,47.9,55.6,11.6,17.6,41.3,25.1,113.0,123.0,44.0,41.0,33.0,59.0,11.9,4.0,1.2,23.8,16.2,68.8,21.9,1.7,25.0,1.3,22.6,4.0,0.0,,0,0,0,,0,0,0,川崎F,G大阪,,,,,,,,,,,,left_only
第１７節第１日,j1_2026_11280000_柏_広島,2026-11-28 00:00:00,三協Ｆ柏,柏,広島,,,2.46,9.79,0.0,0.0,,,,,,,2.46,9.79,,,False,False,False,28.2,4.8,,,,True,12.8,3.6,9.1,1.2,564.8,82.2,12.8,51.7,19.6,52.3,15.7,11.3,53.1,55.5,13.3,18.6,32.7,25.6,120.0,137.0,58.0,46.0,40.0,70.0,11.6,3.8,1.3,20.5,16.9,70.8,16.4,1.3,22.4,1.2,20.8,5.0,0.0,16.1,4.5,10.0,1.6,457.5,74.0,9.2,51.2,17.4,45.4,17.5,19.0,51.1,52.6,13.0,15.7,40.8,33.5,111.0,131.0,56.0,40.0,31.0,65.0,9.8,3.1,1.2,18.8,16.6,66.1,21.7,1.5,20.0,1.1,19.2,4.0,0.0,,0,0,0,,0,0,0,柏,広島,,,,,,,,,,,,left_only
第１７節第１日,j1_2026_11280000_京都_C大阪,2026-11-28 00:00:00,サンガＳ,京都,Ｃ大阪,,,3.5,9.43,0.0,0.0,,,,,,,3.5,9.43,,,False,False,False,28.2,4.8,,,,True,13.1,4.4,8.1,1.1,386.2,69.0,8.4,52.3,16.1,40.7,14.3,19.0,47.3,52.5,10.9,16.3,37.7,21.0,114.0,157.0,57.0,53.0,30.0,68.0,12.9,3.5,1.4,24.7,17.8,67.0,22.3,1.3,28.4,1.5,27.6,2.0,0.0,11.6,4.1,12.4,1.4,449.3,76.7,10.7,57.5,19.7,44.8,13.6,14.7,53.7,50.2,11.2,16.7,34.3,24.6,121.0,142.0,54.0,44.0,35.0,71.0,13.9,3.8,1.1,29.8,18.0,58.6,23.9,1.2,29.7,1.6,26.5,6.0,0.0,,0,0,0,,0,0,0,京都,C大阪,,,,,,,,,,,,left_only
第１７節第１日,j1_2026_11280000_神戸_千葉,2026-11-28 00:00:00,ノエスタ,神戸,千葉,,,2.33,8.1,0.0,0.0,2026-04-16,,226,,long_haul,,2.33,8.1,,,False,False,False,28.2,4.8,,,,True,12.9,4.2,11.6,1.5,461.1,74.1,7.2,49.2,10.9,50.0,15.3,25.6,52.1,53.8,9.8,13.7,38.1,30.2,115.0,136.0,47.0,41.0,32.0,58.0,10.8,3.9,1.2,24.8,16.4,61.8,20.2,1.7,19.9,1.1,19.0,6.0,0.0,11.4,3.7,8.7,1.0,414.3,76.3,12.1,50.0,9.1,38.6,12.5,14.4,52.2,47.2,8.5,16.1,29.6,21.6,119.0,122.0,39.0,41.0,34.0,52.0,16.6,5.0,1.7,27.9,16.5,60.9,17.6,1.7,31.5,1.7,29.8,2.0,0.0,,0,0,0,,0,0,0,神戸,千葉,,,,,,,,,,,,left_only
第１７節第２日,j1_2026_11291400_水戸_長崎,2026-11-29 14:00:00,水戸信ス,水戸,長崎,,,4.61,8.56,0.0,0.0,,,,,,,4.61,8.56,,,False,False,False,28.2,4.8,,,,True,10.9,3.2,9.6,1.1,439.2,77.1,11.3,47.8,8.8,45.6,11.4,14.1,45.8,50.3,8.7,14.9,31.2,18.0,117.0,127.0,47.0,41.0,32.0,56.0,11.9,4.3,1.9,20.5,15.2,62.8,20.2,1.7,26.1,1.4,22.9,2.0,0.0,10.9,3.4,10.2,1.1,404.4,73.9,10.3,49.7,10.5,44.4,9.7,15.8,49.1,48.1,8.8,14.9,33.2,23.0,112.0,133.0,46.0,42.0,28.0,58.0,15.0,4.9,1.6,26.8,15.4,63.9,20.3,2.5,30.0,1.6,27.6,3.0,0.0,,0,0,0,,0,0,0,水戸,長崎,,,,,,,,,,,,left_only
第１７節第２日,j1_2026_11291500_名古屋_福岡,2026-11-29 15:00:00,豊田ス,名古屋,福岡,,,5.31,8.09,0.0,0.0,,,,,,,5.31,8.09,,,False,False,False,28.2,4.8,,,,True,13.3,4.5,12.9,1.7,443.2,76.3,10.6,59.7,14.2,45.7,17.0,15.3,51.9,52.2,11.7,19.2,35.9,26.7,113.0,138.0,54.0,45.0,32.0,68.0,14.2,5.0,1.6,22.8,18.9,67.9,20.1,1.4,25.0,1.3,24.2,5.0,0.0,10.8,3.2,8.7,0.9,340.2,71.0,10.1,44.8,9.4,44.1,10.1,17.0,46.7,42.8,8.3,15.3,33.3,17.3,116.0,112.0,35.0,40.0,28.0,46.0,11.8,3.5,1.5,26.2,17.8,60.9,19.1,1.8,21.6,1.2,20.8,2.0,0.0,,0,0,0,,0,0,0,名古屋,福岡,,,,,,,,,,,,left_only
第１８節第１日,j1_2026_12041830_FC東京_川崎F,2026-12-04 18:30:00,MUFG国立,FC東京,川崎Ｆ,,,4.02,7.72,0.0,0.0,,,,,,,4.02,7.72,,,False,False,False,28.2,4.8,,,,True,15.8,5.0,9.9,1.6,475.4,78.9,11.6,54.8,15.8,50.5,15.2,12.6,51.5,52.2,12.9,17.3,35.4,29.1,118.0,148.0,67.0,46.0,36.0,82.0,10.2,2.8,0.9,21.0,17.2,63.5,17.4,2.0,16.0,0.8,16.0,6.0,0.0,11.9,3.5,10.7,1.3,511.2,81.3,9.9,52.2,16.0,51.0,13.9,10.4,45.0,50.5,11.6,15.2,33.9,21.5,114.0,121.0,50.0,38.0,32.0,61.0,14.2,4.3,1.5,20.0,15.3,65.6,19.1,1.6,28.3,1.5,27.5,3.0,0.0,,0,0,0,,0,0,0,FC東京,川崎F,,,,,,,,,,,,left_only
第１８節第２日,j1_2026_12051300_千葉_鹿島,2026-12-05 13:00:00,フクアリ,千葉,鹿島,,,4.29,6.43,0.0,0.0,,,,,,,4.29,6.43,,,False,False,False,28.2,4.8,,,,True,11.4,3.7,8.7,1.0,414.3,76.3,12.1,50.0,9.1,38.6,12.5,14.4,52.2,47.2,8.5,16.1,29.6,21.6,119.0,122.0,39.0,41.0,34.0,52.0,16.6,5.0,1.7,27.9,16.5,60.9,17.6,1.7,31.5,1.7,29.8,2.0,0.0,11.8,3.7,13.6,1.6,521.5,81.2,8.2,44.6,15.2,51.8,12.8,13.4,55.3,54.6,11.0,14.4,32.8,25.6,113.0,136.0,53.0,45.0,35.0,69.0,12.1,2.9,0.5,19.3,17.7,61.0,19.9,1.9,19.0,1.0,18.2,11.0,0.0,,0,0,0,,0,0,0,千葉,鹿島,,,,,,,,,,,,left_only
第１８節第２日,j1_2026_12051400_東京V_京都,2026-12-05 14:00:00,味スタ,東京Ｖ,京都,,,5.3,6.86,0.0,0.0,,,,,,,5.3,6.86,,,False,False,False,28.2,4.8,,,,True,9.6,2.8,11.0,1.1,372.7,73.4,8.7,35.3,8.6,45.5,10.5,16.9,50.0,44.1,7.7,15.0,28.2,16.1,119.0,143.0,50.0,47.0,29.0,54.0,10.6,3.1,1.4,23.3,19.3,62.0,21.7,1.3,20.5,1.1,18.9,6.0,0.0,13.1,4.4,8.1,1.1,386.2,69.0,8.4,52.3,16.1,40.7,14.3,19.0,47.3,52.5,10.9,16.3,37.7,21.0,114.0,157.0,57.0,53.0,30.0,68.0,12.9,3.5,1.4,24.7,17.8,67.0,22.3,1.3,28.4,1.5,27.6,2.0,0.0,,0,0,0,,0,0,0,東京V,京都,,,,,,,,,,,,left_only
第１８節第２日,j1_2026_12051500_C大阪_水戸,2026-12-05 15:00:00,ハナサカ,Ｃ大阪,水戸,,,5.32,7.41,0.0,0.0,,,,,,,5.32,7.41,,,False,False,False,28.2,4.8,,,,True,11.6,4.1,12.4,1.4,449.3,76.7,10.7,57.5,19.7,44.8,13.6,14.7,53.7,50.2,11.2,16.7,34.3,24.6,121.0,142.0,54.0,44.0,35.0,71.0,13.9,3.8,1.1,29.8,18.0,58.6,23.9,1.2,29.7,1.6,26.5,6.0,0.0,10.9,3.2,9.6,1.1,439.2,77.1,11.3,47.8,8.8,45.6,11.4,14.1,45.8,50.3,8.7,14.9,31.2,18.0,117.0,127.0,47.0,41.0,32.0,56.0,11.9,4.3,1.9,20.5,15.2,62.8,20.2,1.7,26.1,1.4,22.9,2.0,0.0,,0,0,0,,0,0,0,C大阪,水戸,,,,,,,,,,,,left_only
第１８節第２日,j1_2026_12051500_長崎_清水,2026-12-05 15:00:00,ピースタ,長崎,清水,,,4.77,8.43,0.0,0.0,,,,,,,4.77,8.43,,,False,False,False,28.2,4.8,,,,True,10.9,3.4,10.2,1.1,404.4,73.9,10.3,49.7,10.5,44.4,9.7,15.8,49.1,48.1,8.8,14.9,33.2,23.0,112.0,133.0,46.0,42.0,28.0,58.0,15.0,4.9,1.6,26.8,15.4,63.9,20.3,2.5,30.0,1.6,27.6,3.0,0.0,10.7,2.8,9.9,1.1,408.3,70.9,7.7,46.8,12.6,44.9,14.6,21.6,47.8,49.6,8.4,14.2,37.9,21.0,112.0,126.0,47.0,37.0,29.0,59.0,12.3,3.9,1.2,24.1,16.2,65.3,19.8,1.9,25.1,1.3,24.3,3.0,0.0,,0,0,0,,0,0,0,長崎,清水,,,,,,,,,,,,left_only
第１８節第２日,j1_2026_12050000_柏_福岡,2026-12-05 00:00:00,三協Ｆ柏,柏,福岡,,,1.93,8.51,0.0,0.0,,,,,,,1.93,8.51,,,False,False,False,28.2,4.8,,,,True,12.8,3.6,9.1,1.2,564.8,82.2,12.8,51.7,19.6,52.3,15.7,11.3,53.1,55.5,13.3,18.6,32.7,25.6,120.0,137.0,58.0,46.0,40.0,70.0,11.6,3.8,1.3,20.5,16.9,70.8,16.4,1.3,22.4,1.2,20.8,5.0,0.0,10.8,3.2,8.7,0.9,340.2,71.0,10.1,44.8,9.4,44.1,10.1,17.0,46.7,42.8,8.3,15.3,33.3,17.3,116.0,112.0,35.0,40.0,28.0,46.0,11.8,3.5,1.5,26.2,17.8,60.9,19.1,1.8,21.6,1.2,20.8,2.0,0.0,,0,0,0,,0,0,0,柏,福岡,,,,,,,,,,,,left_only
第１８節第３日,j1_2026_12061400_町田_岡山,2026-12-06 14:00:00,Ｇスタ,町田,岡山,,,1.98,8.78,0.0,0.0,2026-04-26,,224,,long_haul,,1.98,8.78,,,False,False,False,28.2,4.8,,,,True,11.4,3.7,11.2,1.3,412.2,77.6,11.9,55.1,9.2,50.0,11.8,13.8,50.4,45.3,8.6,17.8,30.9,20.3,118.0,113.0,42.0,35.0,31.0,50.0,11.5,3.7,1.1,18.0,16.8,67.0,18.8,1.3,20.4,1.1,18.0,7.0,0.0,11.7,3.6,11.4,1.3,316.9,65.8,10.5,50.8,10.9,51.0,16.6,20.6,53.2,42.8,9.3,14.9,34.2,23.6,113.0,138.0,54.0,44.0,27.0,65.0,11.4,4.2,1.4,27.2,16.4,58.4,22.8,1.6,21.1,1.1,20.3,5.0,0.0,,0,0,0,,0,0,0,町田,岡山,,,,,,,,,,,,left_only
第１８節第３日,j1_2026_12061400_広島_神戸,2026-12-06 14:00:00,Ｅピース,広島,神戸,,,5.6,5.81,0.0,0.0,,2026-04-16,,234,,long_haul,5.6,5.81,,,False,False,False,28.2,4.8,,,,True,16.1,4.5,10.0,1.6,457.5,74.0,9.2,51.2,17.4,45.4,17.5,19.0,51.1,52.6,13.0,15.7,40.8,33.5,111.0,131.0,56.0,40.0,31.0,65.0,9.8,3.1,1.2,18.8,16.6,66.1,21.7,1.5,20.0,1.1,19.2,4.0,0.0,12.9,4.2,11.6,1.5,461.1,74.1,7.2,49.2,10.9,50.0,15.3,25.6,52.1,53.8,9.8,13.7,38.1,30.2,115.0,136.0,47.0,41.0,32.0,58.0,10.8,3.9,1.2,24.8,16.4,61.8,20.2,1.7,19.9,1.1,19.0,6.0,0.0,,0,0,0,,0,0,0,広島,神戸,,,,,,,,,,,,left_only
第１９節第１日,j1_2026_12121400_清水_神戸,2026-12-12 14:00:00,アイスタ,清水,神戸,,,4.94,6.8,0.0,0.0,,2026-04-16,,240,,long_haul,4.94,6.8,,,False,False,False,28.2,4.8,,,,True,10.7,2.8,9.9,1.1,408.3,70.9,7.7,46.8,12.6,44.9,14.6,21.6,47.8,49.6,8.4,14.2,37.9,21.0,112.0,126.0,47.0,37.0,29.0,59.0,12.3,3.9,1.2,24.1,16.2,65.3,19.8,1.9,25.1,1.3,24.3,3.0,0.0,12.9,4.2,11.6,1.5,461.1,74.1,7.2,49.2,10.9,50.0,15.3,25.6,52.1,53.8,9.8,13.7,38.1,30.2,115.0,136.0,47.0,41.0,32.0,58.0,10.8,3.9,1.2,24.8,16.4,61.8,20.2,1.7,19.9,1.1,19.0,6.0,0.0,,0,0,0,,0,0,0,清水,神戸,,,,,,,,,,,,left_only
第１９節第１日,j1_2026_12121400_C大阪_町田,2026-12-12 14:00:00,ハナサカ,Ｃ大阪,町田,,,4.53,5.53,0.0,0.0,,2026-04-26,,230,,long_haul,4.53,5.53,,,False,False,False,28.2,4.8,,,,True,11.6,4.1,12.4,1.4,449.3,76.7,10.7,57.5,19.7,44.8,13.6,14.7,53.7,50.2,11.2,16.7,34.3,24.6,121.0,142.0,54.0,44.0,35.0,71.0,13.9,3.8,1.1,29.8,18.0,58.6,23.9,1.2,29.7,1.6,26.5,6.0,0.0,11.4,3.7,11.2,1.3,412.2,77.6,11.9,55.1,9.2,50.0,11.8,13.8,50.4,45.3,8.6,17.8,30.9,20.3,118.0,113.0,42.0,35.0,31.0,50.0,11.5,3.7,1.1,18.0,16.8,67.0,18.8,1.3,20.4,1.1,18.0,7.0,0.0,,0,0,0,,0,0,0,C大阪,町田,,,,,,,,,,,,left_only
第１９節第２日,j1_2026_12131400_京都_千葉,2026-12-13 14:00:00,サンガＳ,京都,千葉,,,3.54,7.49,0.0,0.0,,,,,,,3.54,7.49,,,False,False,False,28.2,4.8,,,,True,13.1,4.4,8.1,1.1,386.2,69.0,8.4,52.3,16.1,40.7,14.3,19.0,47.3,52.5,10.9,16.3,37.7,21.0,114.0,157.0,57.0,53.0,30.0,68.0,12.9,3.5,1.4,24.7,17.8,67.0,22.3,1.3,28.4,1.5,27.6,2.0,0.0,11.4,3.7,8.7,1.0,414.3,76.3,12.1,50.0,9.1,38.6,12.5,14.4,52.2,47.2,8.5,16.1,29.6,21.6,119.0,122.0,39.0,41.0,34.0,52.0,16.6,5.0,1.7,27.9,16.5,60.9,17.6,1.7,31.5,1.7,29.8,2.0,0.0,,0,0,0,,0,0,0,京都,千葉,,,,,,,,,,,,left_only
第１９節第２日,j1_2026_12131400_岡山_柏,2026-12-13 14:00:00,ＪＦＥス,岡山,柏,,,5.29,5.49,0.0,0.0,,,,,,,5.29,5.49,,,False,False,False,28.2,4.8,,,,True,11.7,3.6,11.4,1.3,316.9,65.8,10.5,50.8,10.9,51.0,16.6,20.6,53.2,42.8,9.3,14.9,34.2,23.6,113.0,138.0,54.0,44.0,27.0,65.0,11.4,4.2,1.4,27.2,16.4,58.4,22.8,1.6,21.1,1.1,20.3,5.0,0.0,12.8,3.6,9.1,1.2,564.8,82.2,12.8,51.7,19.6,52.3,15.7,11.3,53.1,55.5,13.3,18.6,32.7,25.6,120.0,137.0,58.0,46.0,40.0,70.0,11.6,3.8,1.3,20.5,16.9,70.8,16.4,1.3,22.4,1.2,20.8,5.0,0.0,,0,0,0,,0,0,0,岡山,柏,,,,,,,,,,,,left_only
第１９節第２日,j1_2026_12131400_広島_鹿島,2026-12-13 14:00:00,Ｅピース,広島,鹿島,,,4.75,7.2,0.0,0.0,,,,,,,4.75,7.2,,,False,False,False,28.2,4.8,,,,True,16.1,4.5,10.0,1.6,457.5,74.0,9.2,51.2,17.4,45.4,17.5,19.0,51.1,52.6,13.0,15.7,40.8,33.5,111.0,131.0,56.0,40.0,31.0,65.0,9.8,3.1,1.2,18.8,16.6,66.1,21.7,1.5,20.0,1.1,19.2,4.0,0.0,11.8,3.7,13.6,1.6,521.5,81.2,8.2,44.6,15.2,51.8,12.8,13.4,55.3,54.6,11.0,14.4,32.8,25.6,113.0,136.0,53.0,45.0,35.0,69.0,12.1,2.9,0.5,19.3,17.7,61.0,19.9,1.9,19.0,1.0,18.2,11.0,0.0,,0,0,0,,0,0,0,広島,鹿島,,,,,,,,,,,,left_only
第１９節第２日,j1_2026_12131500_名古屋_水戸,2026-12-13 15:00:00,豊田ス,名古屋,水戸,,,4.78,8.0,0.0,0.0,,,,,,,4.78,8.0,,,False,False,False,28.2,4.8,,,,True,13.3,4.5,12.9,1.7,443.2,76.3,10.6,59.7,14.2,45.7,17.0,15.3,51.9,52.2,11.7,19.2,35.9,26.7,113.0,138.0,54.0,45.0,32.0,68.0,14.2,5.0,1.6,22.8,18.9,67.9,20.1,1.4,25.0,1.3,24.2,5.0,0.0,10.9,3.2,9.6,1.1,439.2,77.1,11.3,47.8,8.8,45.6,11.4,14.1,45.8,50.3,8.7,14.9,31.2,18.0,117.0,127.0,47.0,41.0,32.0,56.0,11.9,4.3,1.9,20.5,15.2,62.8,20.2,1.7,26.1,1.4,22.9,2.0,0.0,,0,0,0,,0,0,0,名古屋,水戸,,,,,,,,,,,,left_only
第１９節第２日,j1_2026_12131500_福岡_FC東京,2026-12-13 15:00:00,ベススタ,福岡,FC東京,,,5.04,7.26,0.0,0.0,,,,,,,5.04,7.26,,,False,False,False,28.2,4.8,,,,True,10.8,3.2,8.7,0.9,340.2,71.0,10.1,44.8,9.4,44.1,10.1,17.0,46.7,42.8,8.3,15.3,33.3,17.3,116.0,112.0,35.0,40.0,28.0,46.0,11.8,3.5,1.5,26.2,17.8,60.9,19.1,1.8,21.6,1.2,20.8,2.0,0.0,15.8,5.0,9.9,1.6,475.4,78.9,11.6,54.8,15.8,50.5,15.2,12.6,51.5,52.2,12.9,17.3,35.4,29.1,118.0,148.0,67.0,46.0,36.0,82.0,10.2,2.8,0.9,21.0,17.2,63.5,17.4,2.0,16.0,0.8,16.0,6.0,0.0,,0,0,0,,0,0,0,福岡,FC東京,,,,,,,,,,,,left_only
第１６節第２日,j1_2026_12160000_京都_神戸,2026-12-16 00:00:00,サンガＳ,京都,神戸,,,3.96,8.28,0.0,0.0,,2026-04-16,,244,,long_haul,3.96,8.28,,,False,False,False,28.2,4.8,,,,True,13.1,4.4,8.1,1.1,386.2,69.0,8.4,52.3,16.1,40.7,14.3,19.0,47.3,52.5,10.9,16.3,37.7,21.0,114.0,157.0,57.0,53.0,30.0,68.0,12.9,3.5,1.4,24.7,17.8,67.0,22.3,1.3,28.4,1.5,27.6,2.0,0.0,12.9,4.2,11.6,1.5,461.1,74.1,7.2,49.2,10.9,50.0,15.3,25.6,52.1,53.8,9.8,13.7,38.1,30.2,115.0,136.0,47.0,41.0,32.0,58.0,10.8,3.9,1.2,24.8,16.4,61.8,20.2,1.7,19.9,1.1,19.0,6.0,0.0,,0,0,0,,0,0,0,京都,神戸,,,,,,,,,,,,left_only
第２０節第１日,j1_2026_12191300_千葉_C大阪,2026-12-19 13:00:00,フクアリ,千葉,Ｃ大阪,,,4.29,7.6,0.0,0.0,,,,,,,4.29,7.6,,,False,False,False,28.2,4.8,,,,True,11.4,3.7,8.7,1.0,414.3,76.3,12.1,50.0,9.1,38.6,12.5,14.4,52.2,47.2,8.5,16.1,29.6,21.6,119.0,122.0,39.0,41.0,34.0,52.0,16.6,5.0,1.7,27.9,16.5,60.9,17.6,1.7,31.5,1.7,29.8,2.0,0.0,11.6,4.1,12.4,1.4,449.3,76.7,10.7,57.5,19.7,44.8,13.6,14.7,53.7,50.2,11.2,16.7,34.3,24.6,121.0,142.0,54.0,44.0,35.0,71.0,13.9,3.8,1.1,29.8,18.0,58.6,23.9,1.2,29.7,1.6,26.5,6.0,0.0,,0,0,0,,0,0,0,千葉,C大阪,,,,,,,,,,,,left_only
第２０節第１日,j1_2026_12191400_水戸_FC東京,2026-12-19 14:00:00,水戸信ス,水戸,FC東京,,,4.74,8.09,0.0,0.0,,,,,,,4.74,8.09,,,False,False,False,28.2,4.8,,,,True,10.9,3.2,9.6,1.1,439.2,77.1,11.3,47.8,8.8,45.6,11.4,14.1,45.8,50.3,8.7,14.9,31.2,18.0,117.0,127.0,47.0,41.0,32.0,56.0,11.9,4.3,1.9,20.5,15.2,62.8,20.2,1.7,26.1,1.4,22.9,2.0,0.0,15.8,5.0,9.9,1.6,475.4,78.9,11.6,54.8,15.8,50.5,15.2,12.6,51.5,52.2,12.9,17.3,35.4,29.1,118.0,148.0,67.0,46.0,36.0,82.0,10.2,2.8,0.9,21.0,17.2,63.5,17.4,2.0,16.0,0.8,16.0,6.0,0.0,,0,0,0,,0,0,0,水戸,FC東京,,,,,,,,,,,,left_only
第２０節第１日,j1_2026_12191400_名古屋_広島,2026-12-19 14:00:00,パロ瑞穂,名古屋,広島,,,3.86,7.76,0.0,0.0,,,,,,,3.86,7.76,,,False,False,False,28.2,4.8,,,,True,13.3,4.5,12.9,1.7,443.2,76.3,10.6,59.7,14.2,45.7,17.0,15.3,51.9,52.2,11.7,19.2,35.9,26.7,113.0,138.0,54.0,45.0,32.0,68.0,14.2,5.0,1.6,22.8,18.9,67.9,20.1,1.4,25.0,1.3,24.2,5.0,0.0,16.1,4.5,10.0,1.6,457.5,74.0,9.2,51.2,17.4,45.4,17.5,19.0,51.1,52.6,13.0,15.7,40.8,33.5,111.0,131.0,56.0,40.0,31.0,65.0,9.8,3.1,1.2,18.8,16.6,66.1,21.7,1.5,20.0,1.1,19.2,4.0,0.0,,0,0,0,,0,0,0,名古屋,広島,,,,,,,,,,,,left_only
第２０節第１日,j1_2026_12191430_福岡_清水,2026-12-19 14:30:00,ベススタ,福岡,清水,,,4.28,8.0,0.0,0.0,,,,,,,4.28,8.0,,,False,False,False,28.2,4.8,,,,True,10.8,3.2,8.7,0.9,340.2,71.0,10.1,44.8,9.4,44.1,10.1,17.0,46.7,42.8,8.3,15.3,33.3,17.3,116.0,112.0,35.0,40.0,28.0,46.0,11.8,3.5,1.5,26.2,17.8,60.9,19.1,1.8,21.6,1.2,20.8,2.0,0.0,10.7,2.8,9.9,1.1,408.3,70.9,7.7,46.8,12.6,44.9,14.6,21.6,47.8,49.6,8.4,14.2,37.9,21.0,112.0,126.0,47.0,37.0,29.0,59.0,12.3,3.9,1.2,24.1,16.2,65.3,19.8,1.9,25.1,1.3,24.3,3.0,0.0,,0,0,0,,0,0,0,福岡,清水,,,,,,,,,,,,left_only
第２０節第１日,j1_2026_12191430_長崎_浦和,2026-12-19 14:30:00,ピースタ,長崎,浦和,,,4.56,7.44,0.0,0.0,,,,,,,4.56,7.44,,,False,False,False,28.2,4.8,,,,True,10.9,3.4,10.2,1.1,404.4,73.9,10.3,49.7,10.5,44.4,9.7,15.8,49.1,48.1,8.8,14.9,33.2,23.0,112.0,133.0,46.0,42.0,28.0,58.0,15.0,4.9,1.6,26.8,15.4,63.9,20.3,2.5,30.0,1.6,27.6,3.0,0.0,13.9,4.2,10.0,1.4,474.2,79.3,11.6,54.8,14.3,53.7,13.3,12.9,50.1,52.3,10.7,18.5,32.2,25.2,116.0,143.0,52.0,47.0,33.0,65.0,12.4,3.1,1.0,20.3,18.7,65.2,19.3,1.6,20.5,1.1,18.1,7.0,0.0,,0,0,0,,0,0,0,長崎,浦和,,,,,,,,,,,,left_only
第２０節第１日,j1_2026_12191500_神戸_横浜FM,2026-12-19 15:00:00,ノエスタ,神戸,横浜FM,,,5.34,7.71,0.0,0.0,2026-04-16,,247,,long_haul,,5.34,7.71,,,False,False,False,28.2,4.8,,,,True,12.9,4.2,11.6,1.5,461.1,74.1,7.2,49.2,10.9,50.0,15.3,25.6,52.1,53.8,9.8,13.7,38.1,30.2,115.0,136.0,47.0,41.0,32.0,58.0,10.8,3.9,1.2,24.8,16.4,61.8,20.2,1.7,19.9,1.1,19.0,6.0,0.0,11.8,3.0,13.2,1.6,384.9,73.3,10.4,50.5,12.5,46.7,14.1,14.8,48.0,47.6,9.4,16.8,26.7,22.3,117.0,135.0,46.0,37.0,30.0,53.0,10.4,3.5,1.6,21.6,17.8,64.7,17.8,1.1,20.4,1.1,18.8,3.0,0.0,,0,0,0,,0,0,0,神戸,横浜FM,,,,,,,,,,,,left_only
第２０節第１日,j1_2026_12191600_川崎F_柏,2026-12-19 16:00:00,Ｕ等々力,川崎Ｆ,柏,,,5.03,8.76,0.0,0.0,,,,,,,5.03,8.76,,,False,False,False,28.2,4.8,,,,True,11.9,3.5,10.7,1.3,511.2,81.3,9.9,52.2,16.0,51.0,13.9,10.4,45.0,50.5,11.6,15.2,33.9,21.5,114.0,121.0,50.0,38.0,32.0,61.0,14.2,4.3,1.5,20.0,15.3,65.6,19.1,1.6,28.3,1.5,27.5,3.0,0.0,12.8,3.6,9.1,1.2,564.8,82.2,12.8,51.7,19.6,52.3,15.7,11.3,53.1,55.5,13.3,18.6,32.7,25.6,120.0,137.0,58.0,46.0,40.0,70.0,11.6,3.8,1.3,20.5,16.9,70.8,16.4,1.3,22.4,1.2,20.8,5.0,0.0,,0,0,0,,0,0,0,川崎F,柏,,,,,,,,,,,,left_only
第２１節第１日,j1_2026_02130000_柏_清水,2027-02-13 00:00:00,三協Ｆ柏,柏,清水,,,5.03,8.63,0.0,0.0,,,,,,,5.03,8.63,,,False,False,False,28.2,4.8,,,,True,12.8,3.6,9.1,1.2,564.8,82.2,12.8,51.7,19.6,52.3,15.7,11.3,53.1,55.5,13.3,18.6,32.7,25.6,120.0,137.0,58.0,46.0,40.0,70.0,11.6,3.8,1.3,20.5,16.9,70.8,16.4,1.3,22.4,1.2,20.8,5.0,0.0,10.7,2.8,9.9,1.1,408.3,70.9,7.7,46.8,12.6,44.9,14.6,21.6,47.8,49.6,8.4,14.2,37.9,21.0,112.0,126.0,47.0,37.0,29.0,59.0,12.3,3.9,1.2,24.1,16.2,65.3,19.8,1.9,25.1,1.3,24.3,3.0,0.0,,0,0,0,,0,0,0,柏,清水,,,,,,,,,,,,left_only
第２１節第１日,j1_2026_02130000_町田_千葉,2027-02-13 00:00:00,Ｇスタ,町田,千葉,,,4.88,7.43,0.0,0.0,2026-04-26,,293,,long_haul,,4.88,7.43,,,False,False,False,28.2,4.8,,,,True,11.4,3.7,11.2,1.3,412.2,77.6,11.9,55.1,9.2,50.0,11.8,13.8,50.4,45.3,8.6,17.8,30.9,20.3,118.0,113.0,42.0,35.0,31.0,50.0,11.5,3.7,1.1,18.0,16.8,67.0,18.8,1.3,20.4,1.1,18.0,7.0,0.0,11.4,3.7,8.7,1.0,414.3,76.3,12.1,50.0,9.1,38.6,12.5,14.4,52.2,47.2,8.5,16.1,29.6,21.6,119.0,122.0,39.0,41.0,34.0,52.0,16.6,5.0,1.7,27.9,16.5,60.9,17.6,1.7,31.5,1.7,29.8,2.0,0.0,,0,0,0,,0,0,0,町田,千葉,,,,,,,,,,,,left_only
第２１節第１日,j1_2026_02130000_名古屋_FC東京,2027-02-13 00:00:00,●未定●,名古屋,FC東京,,,3.13,8.69,0.0,0.0,,,,,,,3.13,8.69,,,False,False,False,28.2,4.8,,,,True,13.3,4.5,12.9,1.7,443.2,76.3,10.6,59.7,14.2,45.7,17.0,15.3,51.9,52.2,11.7,19.2,35.9,26.7,113.0,138.0,54.0,45.0,32.0,68.0,14.2,5.0,1.6,22.8,18.9,67.9,20.1,1.4,25.0,1.3,24.2,5.0,0.0,15.8,5.0,9.9,1.6,475.4,78.9,11.6,54.8,15.8,50.5,15.2,12.6,51.5,52.2,12.9,17.3,35.4,29.1,118.0,148.0,67.0,46.0,36.0,82.0,10.2,2.8,0.9,21.0,17.2,63.5,17.4,2.0,16.0,0.8,16.0,6.0,0.0,,0,0,0,,0,0,0,名古屋,FC東京,,,,,,,,,,,,left_only
第２１節第１日,j1_2026_02130000_京都_横浜FM,2027-02-13 00:00:00,サンガＳ,京都,横浜FM,,,2.78,8.42,0.0,0.0,,,,,,,2.78,8.42,,,False,False,False,28.2,4.8,,,,True,13.1,4.4,8.1,1.1,386.2,69.0,8.4,52.3,16.1,40.7,14.3,19.0,47.3,52.5,10.9,16.3,37.7,21.0,114.0,157.0,57.0,53.0,30.0,68.0,12.9,3.5,1.4,24.7,17.8,67.0,22.3,1.3,28.4,1.5,27.6,2.0,0.0,11.8,3.0,13.2,1.6,384.9,73.3,10.4,50.5,12.5,46.7,14.1,14.8,48.0,47.6,9.4,16.8,26.7,22.3,117.0,135.0,46.0,37.0,30.0,53.0,10.4,3.5,1.6,21.6,17.8,64.7,17.8,1.1,20.4,1.1,18.8,3.0,0.0,,0,0,0,,0,0,0,京都,横浜FM,,,,,,,,,,,,left_only
第２１節第１日,j1_2026_02130000_C大阪_G大阪,2027-02-13 00:00:00,●未定●,Ｃ大阪,Ｇ大阪,,,4.1,5.89,0.0,0.0,,2026-05-17,,272,,long_haul,4.1,5.89,,,False,False,False,28.2,4.8,,,,True,11.6,4.1,12.4,1.4,449.3,76.7,10.7,57.5,19.7,44.8,13.6,14.7,53.7,50.2,11.2,16.7,34.3,24.6,121.0,142.0,54.0,44.0,35.0,71.0,13.9,3.8,1.1,29.8,18.0,58.6,23.9,1.2,29.7,1.6,26.5,6.0,0.0,13.0,5.2,11.1,1.4,467.6,76.5,12.4,51.8,15.7,49.3,13.1,15.6,47.9,55.6,11.6,17.6,41.3,25.1,113.0,123.0,44.0,41.0,33.0,59.0,11.9,4.0,1.2,23.8,16.2,68.8,21.9,1.7,25.0,1.3,22.6,4.0,0.0,,0,0,0,,0,0,0,C大阪,G大阪,,,,,,,,,,,,left_only
第２１節第１日,j1_2026_02130000_神戸_川崎F,2027-02-13 00:00:00,ノエスタ,神戸,川崎Ｆ,,,4.2,8.23,0.0,0.0,2026-04-16,,303,,long_haul,,4.2,8.23,,,False,False,False,28.2,4.8,,,,True,12.9,4.2,11.6,1.5,461.1,74.1,7.2,49.2,10.9,50.0,15.3,25.6,52.1,53.8,9.8,13.7,38.1,30.2,115.0,136.0,47.0,41.0,32.0,58.0,10.8,3.9,1.2,24.8,16.4,61.8,20.2,1.7,19.9,1.1,19.0,6.0,0.0,11.9,3.5,10.7,1.3,511.2,81.3,9.9,52.2,16.0,51.0,13.9,10.4,45.0,50.5,11.6,15.2,33.9,21.5,114.0,121.0,50.0,38.0,32.0,61.0,14.2,4.3,1.5,20.0,15.3,65.6,19.1,1.6,28.3,1.5,27.5,3.0,0.0,,0,0,0,,0,0,0,神戸,川崎F,,,,,,,,,,,,left_only
第２１節第１日,j1_2026_02130000_広島_岡山,2027-02-13 00:00:00,Ｅピース,広島,岡山,,,4.22,8.5,0.0,0.0,,,,,,,4.22,8.5,,,False,False,False,28.2,4.8,,,,True,16.1,4.5,10.0,1.6,457.5,74.0,9.2,51.2,17.4,45.4,17.5,19.0,51.1,52.6,13.0,15.7,40.8,33.5,111.0,131.0,56.0,40.0,31.0,65.0,9.8,3.1,1.2,18.8,16.6,66.1,21.7,1.5,20.0,1.1,19.2,4.0,0.0,11.7,3.6,11.4,1.3,316.9,65.8,10.5,50.8,10.9,51.0,16.6,20.6,53.2,42.8,9.3,14.9,34.2,23.6,113.0,138.0,54.0,44.0,27.0,65.0,11.4,4.2,1.4,27.2,16.4,58.4,22.8,1.6,21.1,1.1,20.3,5.0,0.0,,0,0,0,,0,0,0,広島,岡山,,,,,,,,,,,,left_only
第２１節第１日,j1_2026_02130000_長崎_福岡,2027-02-13 00:00:00,ピースタ,長崎,福岡,,,3.65,7.36,0.0,0.0,,,,,,,3.65,7.36,,,False,False,False,28.2,4.8,,,,True,10.9,3.4,10.2,1.1,404.4,73.9,10.3,49.7,10.5,44.4,9.7,15.8,49.1,48.1,8.8,14.9,33.2,23.0,112.0,133.0,46.0,42.0,28.0,58.0,15.0,4.9,1.6,26.8,15.4,63.9,20.3,2.5,30.0,1.6,27.6,3.0,0.0,10.8,3.2,8.7,0.9,340.2,71.0,10.1,44.8,9.4,44.1,10.1,17.0,46.7,42.8,8.3,15.3,33.3,17.3,116.0,112.0,35.0,40.0,28.0,46.0,11.8,3.5,1.5,26.2,17.8,60.9,19.1,1.8,21.6,1.2,20.8,2.0,0.0,,0,0,0,,0,0,0,長崎,福岡,,,,,,,,,,,,left_only
第２１節第２日,j1_2026_02140000_東京V_浦和,2027-02-14 00:00:00,MUFG国立,東京Ｖ,浦和,,,5.38,7.96,0.0,0.0,,,,,,,5.38,7.96,,,False,False,False,28.2,4.8,,,,True,9.6,2.8,11.0,1.1,372.7,73.4,8.7,35.3,8.6,45.5,10.5,16.9,50.0,44.1,7.7,15.0,28.2,16.1,119.0,143.0,50.0,47.0,29.0,54.0,10.6,3.1,1.4,23.3,19.3,62.0,21.7,1.3,20.5,1.1,18.9,6.0,0.0,13.9,4.2,10.0,1.4,474.2,79.3,11.6,54.8,14.3,53.7,13.3,12.9,50.1,52.3,10.7,18.5,32.2,25.2,116.0,143.0,52.0,47.0,33.0,65.0,12.4,3.1,1.0,20.3,18.7,65.2,19.3,1.6,20.5,1.1,18.1,7.0,0.0,,0,0,0,,0,0,0,東京V,浦和,,,,,,,,,,,,left_only
第２２節第１日,j1_2026_02200000_水戸_柏,2027-02-20 00:00:00,水戸信ス,水戸,柏,,,4.55,8.22,0.0,0.0,,,,,,,4.55,8.22,,,False,False,False,28.2,4.8,,,,True,10.9,3.2,9.6,1.1,439.2,77.1,11.3,47.8,8.8,45.6,11.4,14.1,45.8,50.3,8.7,14.9,31.2,18.0,117.0,127.0,47.0,41.0,32.0,56.0,11.9,4.3,1.9,20.5,15.2,62.8,20.2,1.7,26.1,1.4,22.9,2.0,0.0,12.8,3.6,9.1,1.2,564.8,82.2,12.8,51.7,19.6,52.3,15.7,11.3,53.1,55.5,13.3,18.6,32.7,25.6,120.0,137.0,58.0,46.0,40.0,70.0,11.6,3.8,1.3,20.5,16.9,70.8,16.4,1.3,22.4,1.2,20.8,5.0,0.0,,0,0,0,,0,0,0,水戸,柏,,,,,,,,,,,,left_only
第２２節第１日,j1_2026_02200000_千葉_川崎F,2027-02-20 00:00:00,フクアリ,千葉,川崎Ｆ,,,4.21,8.74,0.0,0.0,,,,,,,4.21,8.74,,,False,False,False,28.2,4.8,,,,True,11.4,3.7,8.7,1.0,414.3,76.3,12.1,50.0,9.1,38.6,12.5,14.4,52.2,47.2,8.5,16.1,29.6,21.6,119.0,122.0,39.0,41.0,34.0,52.0,16.6,5.0,1.7,27.9,16.5,60.9,17.6,1.7,31.5,1.7,29.8,2.0,0.0,11.9,3.5,10.7,1.3,511.2,81.3,9.9,52.2,16.0,51.0,13.9,10.4,45.0,50.5,11.6,15.2,33.9,21.5,114.0,121.0,50.0,38.0,32.0,61.0,14.2,4.3,1.5,20.0,15.3,65.6,19.1,1.6,28.3,1.5,27.5,3.0,0.0,,0,0,0,,0,0,0,千葉,川崎F,,,,,,,,,,,,left_only
第２２節第１日,j1_2026_02200000_FC東京_長崎,2027-02-20 00:00:00,MUFG国立,FC東京,長崎,,,5.38,6.97,0.0,0.0,,,,,,,5.38,6.97,,,False,False,False,28.2,4.8,,,,True,15.8,5.0,9.9,1.6,475.4,78.9,11.6,54.8,15.8,50.5,15.2,12.6,51.5,52.2,12.9,17.3,35.4,29.1,118.0,148.0,67.0,46.0,36.0,82.0,10.2,2.8,0.9,21.0,17.2,63.5,17.4,2.0,16.0,0.8,16.0,6.0,0.0,10.9,3.4,10.2,1.1,404.4,73.9,10.3,49.7,10.5,44.4,9.7,15.8,49.1,48.1,8.8,14.9,33.2,23.0,112.0,133.0,46.0,42.0,28.0,58.0,15.0,4.9,1.6,26.8,15.4,63.9,20.3,2.5,30.0,1.6,27.6,3.0,0.0,,0,0,0,,0,0,0,FC東京,長崎,,,,,,,,,,,,left_only
第２２節第１日,j1_2026_02200000_清水_京都,2027-02-20 00:00:00,アイスタ,清水,京都,,,5.11,6.12,0.0,0.0,,,,,,,5.11,6.12,,,False,False,False,28.2,4.8,,,,True,10.7,2.8,9.9,1.1,408.3,70.9,7.7,46.8,12.6,44.9,14.6,21.6,47.8,49.6,8.4,14.2,37.9,21.0,112.0,126.0,47.0,37.0,29.0,59.0,12.3,3.9,1.2,24.1,16.2,65.3,19.8,1.9,25.1,1.3,24.3,3.0,0.0,13.1,4.4,8.1,1.1,386.2,69.0,8.4,52.3,16.1,40.7,14.3,19.0,47.3,52.5,10.9,16.3,37.7,21.0,114.0,157.0,57.0,53.0,30.0,68.0,12.9,3.5,1.4,24.7,17.8,67.0,22.3,1.3,28.4,1.5,27.6,2.0,0.0,,0,0,0,,0,0,0,清水,京都,,,,,,,,,,,,left_only
第２２節第１日,j1_2026_02200000_C大阪_神戸,2027-02-20 00:00:00,ハナサカ,Ｃ大阪,神戸,,,3.41,7.37,0.0,0.0,,2026-04-16,,310,,long_haul,3.41,7.37,,,False,False,False,28.2,4.8,,,,True,11.6,4.1,12.4,1.4,449.3,76.7,10.7,57.5,19.7,44.8,13.6,14.7,53.7,50.2,11.2,16.7,34.3,24.6,121.0,142.0,54.0,44.0,35.0,71.0,13.9,3.8,1.1,29.8,18.0,58.6,23.9,1.2,29.7,1.6,26.5,6.0,0.0,12.9,4.2,11.6,1.5,461.1,74.1,7.2,49.2,10.9,50.0,15.3,25.6,52.1,53.8,9.8,13.7,38.1,30.2,115.0,136.0,47.0,41.0,32.0,58.0,10.8,3.9,1.2,24.8,16.4,61.8,20.2,1.7,19.9,1.1,19.0,6.0,0.0,,0,0,0,,0,0,0,C大阪,神戸,,,,,,,,,,,,left_only
第２２節第１日,j1_2026_02200000_岡山_G大阪,2027-02-20 00:00:00,ＪＦＥス,岡山,Ｇ大阪,,,4.91,6.92,0.0,0.0,,2026-05-17,,279,,long_haul,4.91,6.92,,,False,False,False,28.2,4.8,,,,True,11.7,3.6,11.4,1.3,316.9,65.8,10.5,50.8,10.9,51.0,16.6,20.6,53.2,42.8,9.3,14.9,34.2,23.6,113.0,138.0,54.0,44.0,27.0,65.0,11.4,4.2,1.4,27.2,16.4,58.4,22.8,1.6,21.1,1.1,20.3,5.0,0.0,13.0,5.2,11.1,1.4,467.6,76.5,12.4,51.8,15.7,49.3,13.1,15.6,47.9,55.6,11.6,17.6,41.3,25.1,113.0,123.0,44.0,41.0,33.0,59.0,11.9,4.0,1.2,23.8,16.2,68.8,21.9,1.7,25.0,1.3,22.6,4.0,0.0,,0,0,0,,0,0,0,岡山,G大阪,,,,,,,,,,,,left_only
第２２節第１日,j1_2026_02200000_広島_東京V,2027-02-20 00:00:00,Ｅピース,広島,東京Ｖ,,,3.5,8.53,0.0,0.0,,,,,,,3.5,8.53,,,False,False,False,28.2,4.8,,,,True,16.1,4.5,10.0,1.6,457.5,74.0,9.2,51.2,17.4,45.4,17.5,19.0,51.1,52.6,13.0,15.7,40.8,33.5,111.0,131.0,56.0,40.0,31.0,65.0,9.8,3.1,1.2,18.8,16.6,66.1,21.7,1.5,20.0,1.1,19.2,4.0,0.0,9.6,2.8,11.0,1.1,372.7,73.4,8.7,35.3,8.6,45.5,10.5,16.9,50.0,44.1,7.7,15.0,28.2,16.1,119.0,143.0,50.0,47.0,29.0,54.0,10.6,3.1,1.4,23.3,19.3,62.0,21.7,1.3,20.5,1.1,18.9,6.0,0.0,,0,0,0,,0,0,0,広島,東京V,,,,,,,,,,,,left_only
第２２節第１日,j1_2026_02200000_福岡_名古屋,2027-02-20 00:00:00,ベススタ,福岡,名古屋,,,3.94,6.35,0.0,0.0,,,,,,,3.94,6.35,,,False,False,False,28.2,4.8,,,,True,10.8,3.2,8.7,0.9,340.2,71.0,10.1,44.8,9.4,44.1,10.1,17.0,46.7,42.8,8.3,15.3,33.3,17.3,116.0,112.0,35.0,40.0,28.0,46.0,11.8,3.5,1.5,26.2,17.8,60.9,19.1,1.8,21.6,1.2,20.8,2.0,0.0,13.3,4.5,12.9,1.7,443.2,76.3,10.6,59.7,14.2,45.7,17.0,15.3,51.9,52.2,11.7,19.2,35.9,26.7,113.0,138.0,54.0,45.0,32.0,68.0,14.2,5.0,1.6,22.8,18.9,67.9,20.1,1.4,25.0,1.3,24.2,5.0,0.0,,0,0,0,,0,0,0,福岡,名古屋,,,,,,,,,,,,left_only
第２３節第１日,j1_2026_02270000_水戸_神戸,2027-02-27 00:00:00,水戸信ス,水戸,神戸,,,3.67,7.95,0.0,0.0,,2026-04-16,,317,,long_haul,3.67,7.95,,,False,False,False,28.2,4.8,,,,True,10.9,3.2,9.6,1.1,439.2,77.1,11.3,47.8,8.8,45.6,11.4,14.1,45.8,50.3,8.7,14.9,31.2,18.0,117.0,127.0,47.0,41.0,32.0,56.0,11.9,4.3,1.9,20.5,15.2,62.8,20.2,1.7,26.1,1.4,22.9,2.0,0.0,12.9,4.2,11.6,1.5,461.1,74.1,7.2,49.2,10.9,50.0,15.3,25.6,52.1,53.8,9.8,13.7,38.1,30.2,115.0,136.0,47.0,41.0,32.0,58.0,10.8,3.9,1.2,24.8,16.4,61.8,20.2,1.7,19.9,1.1,19.0,6.0,0.0,,0,0,0,,0,0,0,水戸,神戸,,,,,,,,,,,,left_only
第２３節第１日,j1_2026_02270000_千葉_FC東京,2027-02-27 00:00:00,フクアリ,千葉,FC東京,,,3.39,8.43,0.0,0.0,,,,,,,3.39,8.43,,,False,False,False,28.2,4.8,,,,True,11.4,3.7,8.7,1.0,414.3,76.3,12.1,50.0,9.1,38.6,12.5,14.4,52.2,47.2,8.5,16.1,29.6,21.6,119.0,122.0,39.0,41.0,34.0,52.0,16.6,5.0,1.7,27.9,16.5,60.9,17.6,1.7,31.5,1.7,29.8,2.0,0.0,15.8,5.0,9.9,1.6,475.4,78.9,11.6,54.8,15.8,50.5,15.2,12.6,51.5,52.2,12.9,17.3,35.4,29.1,118.0,148.0,67.0,46.0,36.0,82.0,10.2,2.8,0.9,21.0,17.2,63.5,17.4,2.0,16.0,0.8,16.0,6.0,0.0,,0,0,0,,0,0,0,千葉,FC東京,,,,,,,,,,,,left_only
第２３節第１日,j1_2026_02270000_川崎F_町田,2027-02-27 00:00:00,MUFG国立,川崎Ｆ,町田,,,5.21,8.67,0.0,0.0,,2026-04-26,,307,,long_haul,5.21,8.67,,,False,False,False,28.2,4.8,,,,True,11.9,3.5,10.7,1.3,511.2,81.3,9.9,52.2,16.0,51.0,13.9,10.4,45.0,50.5,11.6,15.2,33.9,21.5,114.0,121.0,50.0,38.0,32.0,61.0,14.2,4.3,1.5,20.0,15.3,65.6,19.1,1.6,28.3,1.5,27.5,3.0,0.0,11.4,3.7,11.2,1.3,412.2,77.6,11.9,55.1,9.2,50.0,11.8,13.8,50.4,45.3,8.6,17.8,30.9,20.3,118.0,113.0,42.0,35.0,31.0,50.0,11.5,3.7,1.1,18.0,16.8,67.0,18.8,1.3,20.4,1.1,18.0,7.0,0.0,,0,0,0,,0,0,0,川崎F,町田,,,,,,,,,,,,left_only
第２３節第１日,j1_2026_02270000_清水_広島,2027-02-27 00:00:00,アイスタ,清水,広島,,,4.31,6.85,0.0,0.0,,,,,,,4.31,6.85,,,False,False,False,28.2,4.8,,,,True,10.7,2.8,9.9,1.1,408.3,70.9,7.7,46.8,12.6,44.9,14.6,21.6,47.8,49.6,8.4,14.2,37.9,21.0,112.0,126.0,47.0,37.0,29.0,59.0,12.3,3.9,1.2,24.1,16.2,65.3,19.8,1.9,25.1,1.3,24.3,3.0,0.0,16.1,4.5,10.0,1.6,457.5,74.0,9.2,51.2,17.4,45.4,17.5,19.0,51.1,52.6,13.0,15.7,40.8,33.5,111.0,131.0,56.0,40.0,31.0,65.0,9.8,3.1,1.2,18.8,16.6,66.1,21.7,1.5,20.0,1.1,19.2,4.0,0.0,,0,0,0,,0,0,0,清水,広島,,,,,,,,,,,,left_only
第２３節第１日,j1_2026_02270000_名古屋_浦和,2027-02-27 00:00:00,●未定●,名古屋,浦和,,,3.23,7.98,0.0,0.0,,,,,,,3.23,7.98,,,False,False,False,28.2,4.8,,,,True,13.3,4.5,12.9,1.7,443.2,76.3,10.6,59.7,14.2,45.7,17.0,15.3,51.9,52.2,11.7,19.2,35.9,26.7,113.0,138.0,54.0,45.0,32.0,68.0,14.2,5.0,1.6,22.8,18.9,67.9,20.1,1.4,25.0,1.3,24.2,5.0,0.0,13.9,4.2,10.0,1.4,474.2,79.3,11.6,54.8,14.3,53.7,13.3,12.9,50.1,52.3,10.7,18.5,32.2,25.2,116.0,143.0,52.0,47.0,33.0,65.0,12.4,3.1,1.0,20.3,18.7,65.2,19.3,1.6,20.5,1.1,18.1,7.0,0.0,,0,0,0,,0,0,0,名古屋,浦和,,,,,,,,,,,,left_only
第２３節第１日,j1_2026_02270000_京都_東京V,2027-02-27 00:00:00,サンガＳ,京都,東京Ｖ,,,3.09,8.96,0.0,0.0,,,,,,,3.09,8.96,,,False,False,False,28.2,4.8,,,,True,13.1,4.4,8.1,1.1,386.2,69.0,8.4,52.3,16.1,40.7,14.3,19.0,47.3,52.5,10.9,16.3,37.7,21.0,114.0,157.0,57.0,53.0,30.0,68.0,12.9,3.5,1.4,24.7,17.8,67.0,22.3,1.3,28.4,1.5,27.6,2.0,0.0,9.6,2.8,11.0,1.1,372.7,73.4,8.7,35.3,8.6,45.5,10.5,16.9,50.0,44.1,7.7,15.0,28.2,16.1,119.0,143.0,50.0,47.0,29.0,54.0,10.6,3.1,1.4,23.3,19.3,62.0,21.7,1.3,20.5,1.1,18.9,6.0,0.0,,0,0,0,,0,0,0,京都,東京V,,,,,,,,,,,,left_only
第２３節第１日,j1_2026_02270000_岡山_鹿島,2027-02-27 00:00:00,ＪＦＥス,岡山,鹿島,,,3.95,7.42,0.0,0.0,,,,,,,3.95,7.42,,,False,False,False,28.2,4.8,,,,True,11.7,3.6,11.4,1.3,316.9,65.8,10.5,50.8,10.9,51.0,16.6,20.6,53.2,42.8,9.3,14.9,34.2,23.6,113.0,138.0,54.0,44.0,27.0,65.0,11.4,4.2,1.4,27.2,16.4,58.4,22.8,1.6,21.1,1.1,20.3,5.0,0.0,11.8,3.7,13.6,1.6,521.5,81.2,8.2,44.6,15.2,51.8,12.8,13.4,55.3,54.6,11.0,14.4,32.8,25.6,113.0,136.0,53.0,45.0,35.0,69.0,12.1,2.9,0.5,19.3,17.7,61.0,19.9,1.9,19.0,1.0,18.2,11.0,0.0,,0,0,0,,0,0,0,岡山,鹿島,,,,,,,,,,,,left_only
第２３節第１日,j1_2026_02270000_長崎_柏,2027-02-27 00:00:00,ピースタ,長崎,柏,,,3.63,8.76,0.0,0.0,,,,,,,3.63,8.76,,,False,False,False,28.2,4.8,,,,True,10.9,3.4,10.2,1.1,404.4,73.9,10.3,49.7,10.5,44.4,9.7,15.8,49.1,48.1,8.8,14.9,33.2,23.0,112.0,133.0,46.0,42.0,28.0,58.0,15.0,4.9,1.6,26.8,15.4,63.9,20.3,2.5,30.0,1.6,27.6,3.0,0.0,12.8,3.6,9.1,1.2,564.8,82.2,12.8,51.7,19.6,52.3,15.7,11.3,53.1,55.5,13.3,18.6,32.7,25.6,120.0,137.0,58.0,46.0,40.0,70.0,11.6,3.8,1.3,20.5,16.9,70.8,16.4,1.3,22.4,1.2,20.8,5.0,0.0,,0,0,0,,0,0,0,長崎,柏,,,,,,,,,,,,left_only
第２４節第１日,j1_2026_03060000_東京V_横浜FM,2027-03-06 00:00:00,MUFG国立,東京Ｖ,横浜FM,,,5.38,7.3,0.0,0.0,,,,,,,5.38,7.3,,,False,False,False,28.2,4.8,,,,True,9.6,2.8,11.0,1.1,372.7,73.4,8.7,35.3,8.6,45.5,10.5,16.9,50.0,44.1,7.7,15.0,28.2,16.1,119.0,143.0,50.0,47.0,29.0,54.0,10.6,3.1,1.4,23.3,19.3,62.0,21.7,1.3,20.5,1.1,18.9,6.0,0.0,11.8,3.0,13.2,1.6,384.9,73.3,10.4,50.5,12.5,46.7,14.1,14.8,48.0,47.6,9.4,16.8,26.7,22.3,117.0,135.0,46.0,37.0,30.0,53.0,10.4,3.5,1.6,21.6,17.8,64.7,17.8,1.1,20.4,1.1,18.8,3.0,0.0,,0,0,0,,0,0,0,東京V,横浜FM,,,,,,,,,,,,left_only
第２４節第１日,j1_2026_03060000_町田_清水,2027-03-06 00:00:00,Ｇスタ,町田,清水,,,5.14,7.4,0.0,0.0,2026-04-26,,314,,long_haul,,5.14,7.4,,,False,False,False,28.2,4.8,,,,True,11.4,3.7,11.2,1.3,412.2,77.6,11.9,55.1,9.2,50.0,11.8,13.8,50.4,45.3,8.6,17.8,30.9,20.3,118.0,113.0,42.0,35.0,31.0,50.0,11.5,3.7,1.1,18.0,16.8,67.0,18.8,1.3,20.4,1.1,18.0,7.0,0.0,10.7,2.8,9.9,1.1,408.3,70.9,7.7,46.8,12.6,44.9,14.6,21.6,47.8,49.6,8.4,14.2,37.9,21.0,112.0,126.0,47.0,37.0,29.0,59.0,12.3,3.9,1.2,24.1,16.2,65.3,19.8,1.9,25.1,1.3,24.3,3.0,0.0,,0,0,0,,0,0,0,町田,清水,,,,,,,,,,,,left_only
第２４節第１日,j1_2026_03060000_川崎F_浦和,2027-03-06 00:00:00,Ｕ等々力,川崎Ｆ,浦和,,,4.39,8.53,0.0,0.0,,,,,,,4.39,8.53,,,False,False,False,28.2,4.8,,,,True,11.9,3.5,10.7,1.3,511.2,81.3,9.9,52.2,16.0,51.0,13.9,10.4,45.0,50.5,11.6,15.2,33.9,21.5,114.0,121.0,50.0,38.0,32.0,61.0,14.2,4.3,1.5,20.0,15.3,65.6,19.1,1.6,28.3,1.5,27.5,3.0,0.0,13.9,4.2,10.0,1.4,474.2,79.3,11.6,54.8,14.3,53.7,13.3,12.9,50.1,52.3,10.7,18.5,32.2,25.2,116.0,143.0,52.0,47.0,33.0,65.0,12.4,3.1,1.0,20.3,18.7,65.2,19.3,1.6,20.5,1.1,18.1,7.0,0.0,,0,0,0,,0,0,0,川崎F,浦和,,,,,,,,,,,,left_only
第２４節第１日,j1_2026_03060000_京都_FC東京,2027-03-06 00:00:00,サンガＳ,京都,FC東京,,,2.58,8.9,0.0,0.0,,,,,,,2.58,8.9,,,False,False,False,28.2,4.8,,,,True,13.1,4.4,8.1,1.1,386.2,69.0,8.4,52.3,16.1,40.7,14.3,19.0,47.3,52.5,10.9,16.3,37.7,21.0,114.0,157.0,57.0,53.0,30.0,68.0,12.9,3.5,1.4,24.7,17.8,67.0,22.3,1.3,28.4,1.5,27.6,2.0,0.0,15.8,5.0,9.9,1.6,475.4,78.9,11.6,54.8,15.8,50.5,15.2,12.6,51.5,52.2,12.9,17.3,35.4,29.1,118.0,148.0,67.0,46.0,36.0,82.0,10.2,2.8,0.9,21.0,17.2,63.5,17.4,2.0,16.0,0.8,16.0,6.0,0.0,,0,0,0,,0,0,0,京都,FC東京,,,,,,,,,,,,left_only
第２４節第１日,j1_2026_03060000_C大阪_広島,2027-03-06 00:00:00,ハナサカ,Ｃ大阪,広島,,,3.46,7.52,0.0,0.0,,,,,,,3.46,7.52,,,False,False,False,28.2,4.8,,,,True,11.6,4.1,12.4,1.4,449.3,76.7,10.7,57.5,19.7,44.8,13.6,14.7,53.7,50.2,11.2,16.7,34.3,24.6,121.0,142.0,54.0,44.0,35.0,71.0,13.9,3.8,1.1,29.8,18.0,58.6,23.9,1.2,29.7,1.6,26.5,6.0,0.0,16.1,4.5,10.0,1.6,457.5,74.0,9.2,51.2,17.4,45.4,17.5,19.0,51.1,52.6,13.0,15.7,40.8,33.5,111.0,131.0,56.0,40.0,31.0,65.0,9.8,3.1,1.2,18.8,16.6,66.1,21.7,1.5,20.0,1.1,19.2,4.0,0.0,,0,0,0,,0,0,0,C大阪,広島,,,,,,,,,,,,left_only
第２４節第１日,j1_2026_03060000_神戸_岡山,2027-03-06 00:00:00,ノエスタ,神戸,岡山,,,4.68,7.21,0.0,0.0,2026-04-16,,324,,long_haul,,4.68,7.21,,,False,False,False,28.2,4.8,,,,True,12.9,4.2,11.6,1.5,461.1,74.1,7.2,49.2,10.9,50.0,15.3,25.6,52.1,53.8,9.8,13.7,38.1,30.2,115.0,136.0,47.0,41.0,32.0,58.0,10.8,3.9,1.2,24.8,16.4,61.8,20.2,1.7,19.9,1.1,19.0,6.0,0.0,11.7,3.6,11.4,1.3,316.9,65.8,10.5,50.8,10.9,51.0,16.6,20.6,53.2,42.8,9.3,14.9,34.2,23.6,113.0,138.0,54.0,44.0,27.0,65.0,11.4,4.2,1.4,27.2,16.4,58.4,22.8,1.6,21.1,1.1,20.3,5.0,0.0,,0,0,0,,0,0,0,神戸,岡山,,,,,,,,,,,,left_only
第２４節第１日,j1_2026_03060000_福岡_柏,2027-03-06 00:00:00,ベススタ,福岡,柏,,,4.07,9.21,0.0,0.0,,,,,,,4.07,9.21,,,False,False,False,28.2,4.8,,,,True,10.8,3.2,8.7,0.9,340.2,71.0,10.1,44.8,9.4,44.1,10.1,17.0,46.7,42.8,8.3,15.3,33.3,17.3,116.0,112.0,35.0,40.0,28.0,46.0,11.8,3.5,1.5,26.2,17.8,60.9,19.1,1.8,21.6,1.2,20.8,2.0,0.0,12.8,3.6,9.1,1.2,564.8,82.2,12.8,51.7,19.6,52.3,15.7,11.3,53.1,55.5,13.3,18.6,32.7,25.6,120.0,137.0,58.0,46.0,40.0,70.0,11.6,3.8,1.3,20.5,16.9,70.8,16.4,1.3,22.4,1.2,20.8,5.0,0.0,,0,0,0,,0,0,0,福岡,柏,,,,,,,,,,,,left_only
第２４節第１日,j1_2026_03060000_長崎_水戸,2027-03-06 00:00:00,ピースタ,長崎,水戸,,,3.03,6.99,0.0,0.0,,,,,,,3.03,6.99,,,False,False,False,28.2,4.8,,,,True,10.9,3.4,10.2,1.1,404.4,73.9,10.3,49.7,10.5,44.4,9.7,15.8,49.1,48.1,8.8,14.9,33.2,23.0,112.0,133.0,46.0,42.0,28.0,58.0,15.0,4.9,1.6,26.8,15.4,63.9,20.3,2.5,30.0,1.6,27.6,3.0,0.0,10.9,3.2,9.6,1.1,439.2,77.1,11.3,47.8,8.8,45.6,11.4,14.1,45.8,50.3,8.7,14.9,31.2,18.0,117.0,127.0,47.0,41.0,32.0,56.0,11.9,4.3,1.9,20.5,15.2,62.8,20.2,1.7,26.1,1.4,22.9,2.0,0.0,,0,0,0,,0,0,0,長崎,水戸,,,,,,,,,,,,left_only
第２５節第１日,j1_2026_03100000_水戸_C大阪,2027-03-10 00:00:00,水戸信ス,水戸,Ｃ大阪,,,3.64,6.91,0.0,0.0,,,,,,,3.64,6.91,,,False,False,False,28.2,4.8,,,,True,10.9,3.2,9.6,1.1,439.2,77.1,11.3,47.8,8.8,45.6,11.4,14.1,45.8,50.3,8.7,14.9,31.2,18.0,117.0,127.0,47.0,41.0,32.0,56.0,11.9,4.3,1.9,20.5,15.2,62.8,20.2,1.7,26.1,1.4,22.9,2.0,0.0,11.6,4.1,12.4,1.4,449.3,76.7,10.7,57.5,19.7,44.8,13.6,14.7,53.7,50.2,11.2,16.7,34.3,24.6,121.0,142.0,54.0,44.0,35.0,71.0,13.9,3.8,1.1,29.8,18.0,58.6,23.9,1.2,29.7,1.6,26.5,6.0,0.0,,0,0,0,,0,0,0,水戸,C大阪,,,,,,,,,,,,left_only
第２５節第１日,j1_2026_03100000_千葉_東京V,2027-03-10 00:00:00,フクアリ,千葉,東京Ｖ,,,3.47,8.53,0.0,0.0,,,,,,,3.47,8.53,,,False,False,False,28.2,4.8,,,,True,11.4,3.7,8.7,1.0,414.3,76.3,12.1,50.0,9.1,38.6,12.5,14.4,52.2,47.2,8.5,16.1,29.6,21.6,119.0,122.0,39.0,41.0,34.0,52.0,16.6,5.0,1.7,27.9,16.5,60.9,17.6,1.7,31.5,1.7,29.8,2.0,0.0,9.6,2.8,11.0,1.1,372.7,73.4,8.7,35.3,8.6,45.5,10.5,16.9,50.0,44.1,7.7,15.0,28.2,16.1,119.0,143.0,50.0,47.0,29.0,54.0,10.6,3.1,1.4,23.3,19.3,62.0,21.7,1.3,20.5,1.1,18.9,6.0,0.0,,0,0,0,,0,0,0,千葉,東京V,,,,,,,,,,,,left_only
第２５節第１日,j1_2026_03100000_柏_京都,2027-03-10 00:00:00,三協Ｆ柏,柏,京都,,,5.8,6.14,0.0,0.0,,,,,,,5.8,6.14,,,False,False,False,28.2,4.8,,,,True,12.8,3.6,9.1,1.2,564.8,82.2,12.8,51.7,19.6,52.3,15.7,11.3,53.1,55.5,13.3,18.6,32.7,25.6,120.0,137.0,58.0,46.0,40.0,70.0,11.6,3.8,1.3,20.5,16.9,70.8,16.4,1.3,22.4,1.2,20.8,5.0,0.0,13.1,4.4,8.1,1.1,386.2,69.0,8.4,52.3,16.1,40.7,14.3,19.0,47.3,52.5,10.9,16.3,37.7,21.0,114.0,157.0,57.0,53.0,30.0,68.0,12.9,3.5,1.4,24.7,17.8,67.0,22.3,1.3,28.4,1.5,27.6,2.0,0.0,,0,0,0,,0,0,0,柏,京都,,,,,,,,,,,,left_only
第２５節第１日,j1_2026_03100000_町田_鹿島,2027-03-10 00:00:00,Ｇスタ,町田,鹿島,,,4.34,7.62,0.0,0.0,2026-04-26,,318,,long_haul,,4.34,7.62,,,False,False,False,28.2,4.8,,,,True,11.4,3.7,11.2,1.3,412.2,77.6,11.9,55.1,9.2,50.0,11.8,13.8,50.4,45.3,8.6,17.8,30.9,20.3,118.0,113.0,42.0,35.0,31.0,50.0,11.5,3.7,1.1,18.0,16.8,67.0,18.8,1.3,20.4,1.1,18.0,7.0,0.0,11.8,3.7,13.6,1.6,521.5,81.2,8.2,44.6,15.2,51.8,12.8,13.4,55.3,54.6,11.0,14.4,32.8,25.6,113.0,136.0,53.0,45.0,35.0,69.0,12.1,2.9,0.5,19.3,17.7,61.0,19.9,1.9,19.0,1.0,18.2,11.0,0.0,,0,0,0,,0,0,0,町田,鹿島,,,,,,,,,,,,left_only
第２５節第１日,j1_2026_03100000_清水_川崎F,2027-03-10 00:00:00,アイスタ,清水,川崎Ｆ,,,3.96,7.45,0.0,0.0,,,,,,,3.96,7.45,,,False,False,False,28.2,4.8,,,,True,10.7,2.8,9.9,1.1,408.3,70.9,7.7,46.8,12.6,44.9,14.6,21.6,47.8,49.6,8.4,14.2,37.9,21.0,112.0,126.0,47.0,37.0,29.0,59.0,12.3,3.9,1.2,24.1,16.2,65.3,19.8,1.9,25.1,1.3,24.3,3.0,0.0,11.9,3.5,10.7,1.3,511.2,81.3,9.9,52.2,16.0,51.0,13.9,10.4,45.0,50.5,11.6,15.2,33.9,21.5,114.0,121.0,50.0,38.0,32.0,61.0,14.2,4.3,1.5,20.0,15.3,65.6,19.1,1.6,28.3,1.5,27.5,3.0,0.0,,0,0,0,,0,0,0,清水,川崎F,,,,,,,,,,,,left_only
第２５節第１日,j1_2026_03100000_名古屋_長崎,2027-03-10 00:00:00,●未定●,名古屋,長崎,,,3.63,6.48,0.0,0.0,,,,,,,3.63,6.48,,,False,False,False,28.2,4.8,,,,True,13.3,4.5,12.9,1.7,443.2,76.3,10.6,59.7,14.2,45.7,17.0,15.3,51.9,52.2,11.7,19.2,35.9,26.7,113.0,138.0,54.0,45.0,32.0,68.0,14.2,5.0,1.6,22.8,18.9,67.9,20.1,1.4,25.0,1.3,24.2,5.0,0.0,10.9,3.4,10.2,1.1,404.4,73.9,10.3,49.7,10.5,44.4,9.7,15.8,49.1,48.1,8.8,14.9,33.2,23.0,112.0,133.0,46.0,42.0,28.0,58.0,15.0,4.9,1.6,26.8,15.4,63.9,20.3,2.5,30.0,1.6,27.6,3.0,0.0,,0,0,0,,0,0,0,名古屋,長崎,,,,,,,,,,,,left_only
第２５節第１日,j1_2026_03100000_神戸_G大阪,2027-03-10 00:00:00,ノエスタ,神戸,Ｇ大阪,,,3.96,6.64,0.0,0.0,2026-04-16,2026-05-17,328,297,long_haul,long_haul,3.96,6.64,,,False,False,False,28.2,4.8,,,,True,12.9,4.2,11.6,1.5,461.1,74.1,7.2,49.2,10.9,50.0,15.3,25.6,52.1,53.8,9.8,13.7,38.1,30.2,115.0,136.0,47.0,41.0,32.0,58.0,10.8,3.9,1.2,24.8,16.4,61.8,20.2,1.7,19.9,1.1,19.0,6.0,0.0,13.0,5.2,11.1,1.4,467.6,76.5,12.4,51.8,15.7,49.3,13.1,15.6,47.9,55.6,11.6,17.6,41.3,25.1,113.0,123.0,44.0,41.0,33.0,59.0,11.9,4.0,1.2,23.8,16.2,68.8,21.9,1.7,25.0,1.3,22.6,4.0,0.0,,0,0,0,,0,0,0,神戸,G大阪,,,,,,,,,,,,left_only
第２５節第１日,j1_2026_03100000_岡山_横浜FM,2027-03-10 00:00:00,ＪＦＥス,岡山,横浜FM,,,3.81,7.89,0.0,0.0,,,,,,,3.81,7.89,,,False,False,False,28.2,4.8,,,,True,11.7,3.6,11.4,1.3,316.9,65.8,10.5,50.8,10.9,51.0,16.6,20.6,53.2,42.8,9.3,14.9,34.2,23.6,113.0,138.0,54.0,44.0,27.0,65.0,11.4,4.2,1.4,27.2,16.4,58.4,22.8,1.6,21.1,1.1,20.3,5.0,0.0,11.8,3.0,13.2,1.6,384.9,73.3,10.4,50.5,12.5,46.7,14.1,14.8,48.0,47.6,9.4,16.8,26.7,22.3,117.0,135.0,46.0,37.0,30.0,53.0,10.4,3.5,1.6,21.6,17.8,64.7,17.8,1.1,20.4,1.1,18.8,3.0,0.0,,0,0,0,,0,0,0,岡山,横浜FM,,,,,,,,,,,,left_only
第２５節第１日,j1_2026_03100000_広島_福岡,2027-03-10 00:00:00,Ｅピース,広島,福岡,,,4.35,7.27,0.0,0.0,,,,,,,4.35,7.27,,,False,False,False,28.2,4.8,,,,True,16.1,4.5,10.0,1.6,457.5,74.0,9.2,51.2,17.4,45.4,17.5,19.0,51.1,52.6,13.0,15.7,40.8,33.5,111.0,131.0,56.0,40.0,31.0,65.0,9.8,3.1,1.2,18.8,16.6,66.1,21.7,1.5,20.0,1.1,19.2,4.0,0.0,10.8,3.2,8.7,0.9,340.2,71.0,10.1,44.8,9.4,44.1,10.1,17.0,46.7,42.8,8.3,15.3,33.3,17.3,116.0,112.0,35.0,40.0,28.0,46.0,11.8,3.5,1.5,26.2,17.8,60.9,19.1,1.8,21.6,1.2,20.8,2.0,0.0,,0,0,0,,0,0,0,広島,福岡,,,,,,,,,,,,left_only
第２６節第１日,j1_2026_03130000_柏_岡山,2027-03-13 00:00:00,三協Ｆ柏,柏,岡山,,,5.25,7.67,0.0,0.0,,,,,,,5.25,7.67,,,False,False,False,28.2,4.8,,,,True,12.8,3.6,9.1,1.2,564.8,82.2,12.8,51.7,19.6,52.3,15.7,11.3,53.1,55.5,13.3,18.6,32.7,25.6,120.0,137.0,58.0,46.0,40.0,70.0,11.6,3.8,1.3,20.5,16.9,70.8,16.4,1.3,22.4,1.2,20.8,5.0,0.0,11.7,3.6,11.4,1.3,316.9,65.8,10.5,50.8,10.9,51.0,16.6,20.6,53.2,42.8,9.3,14.9,34.2,23.6,113.0,138.0,54.0,44.0,27.0,65.0,11.4,4.2,1.4,27.2,16.4,58.4,22.8,1.6,21.1,1.1,20.3,5.0,0.0,,0,0,0,,0,0,0,柏,岡山,,,,,,,,,,,,left_only
第２６節第１日,j1_2026_03130000_FC東京_C大阪,2027-03-13 00:00:00,味スタ,FC東京,Ｃ大阪,,,6.39,8.29,0.0,0.0,,,,,,,6.39,8.29,,,False,False,False,28.2,4.8,,,,True,15.8,5.0,9.9,1.6,475.4,78.9,11.6,54.8,15.8,50.5,15.2,12.6,51.5,52.2,12.9,17.3,35.4,29.1,118.0,148.0,67.0,46.0,36.0,82.0,10.2,2.8,0.9,21.0,17.2,63.5,17.4,2.0,16.0,0.8,16.0,6.0,0.0,11.6,4.1,12.4,1.4,449.3,76.7,10.7,57.5,19.7,44.8,13.6,14.7,53.7,50.2,11.2,16.7,34.3,24.6,121.0,142.0,54.0,44.0,35.0,71.0,13.9,3.8,1.1,29.8,18.0,58.6,23.9,1.2,29.7,1.6,26.5,6.0,0.0,,0,0,0,,0,0,0,FC東京,C大阪,,,,,,,,,,,,left_only
第２６節第１日,j1_2026_03130000_東京V_水戸,2027-03-13 00:00:00,味スタ,東京Ｖ,水戸,,,5.46,7.54,0.0,0.0,,,,,,,5.46,7.54,,,False,False,False,28.2,4.8,,,,True,9.6,2.8,11.0,1.1,372.7,73.4,8.7,35.3,8.6,45.5,10.5,16.9,50.0,44.1,7.7,15.0,28.2,16.1,119.0,143.0,50.0,47.0,29.0,54.0,10.6,3.1,1.4,23.3,19.3,62.0,21.7,1.3,20.5,1.1,18.9,6.0,0.0,10.9,3.2,9.6,1.1,439.2,77.1,11.3,47.8,8.8,45.6,11.4,14.1,45.8,50.3,8.7,14.9,31.2,18.0,117.0,127.0,47.0,41.0,32.0,56.0,11.9,4.3,1.9,20.5,15.2,62.8,20.2,1.7,26.1,1.4,22.9,2.0,0.0,,0,0,0,,0,0,0,東京V,水戸,,,,,,,,,,,,left_only
第２６節第１日,j1_2026_03130000_町田_名古屋,2027-03-13 00:00:00,Ｇスタ,町田,名古屋,,,3.91,7.44,0.0,0.0,2026-04-26,,321,,long_haul,,3.91,7.44,,,False,False,False,28.2,4.8,,,,True,11.4,3.7,11.2,1.3,412.2,77.6,11.9,55.1,9.2,50.0,11.8,13.8,50.4,45.3,8.6,17.8,30.9,20.3,118.0,113.0,42.0,35.0,31.0,50.0,11.5,3.7,1.1,18.0,16.8,67.0,18.8,1.3,20.4,1.1,18.0,7.0,0.0,13.3,4.5,12.9,1.7,443.2,76.3,10.6,59.7,14.2,45.7,17.0,15.3,51.9,52.2,11.7,19.2,35.9,26.7,113.0,138.0,54.0,45.0,32.0,68.0,14.2,5.0,1.6,22.8,18.9,67.9,20.1,1.4,25.0,1.3,24.2,5.0,0.0,,0,0,0,,0,0,0,町田,名古屋,,,,,,,,,,,,left_only
第２６節第１日,j1_2026_03130000_京都_川崎F,2027-03-13 00:00:00,サンガＳ,京都,川崎Ｆ,,,3.47,8.51,0.0,0.0,,,,,,,3.47,8.51,,,False,False,False,28.2,4.8,,,,True,13.1,4.4,8.1,1.1,386.2,69.0,8.4,52.3,16.1,40.7,14.3,19.0,47.3,52.5,10.9,16.3,37.7,21.0,114.0,157.0,57.0,53.0,30.0,68.0,12.9,3.5,1.4,24.7,17.8,67.0,22.3,1.3,28.4,1.5,27.6,2.0,0.0,11.9,3.5,10.7,1.3,511.2,81.3,9.9,52.2,16.0,51.0,13.9,10.4,45.0,50.5,11.6,15.2,33.9,21.5,114.0,121.0,50.0,38.0,32.0,61.0,14.2,4.3,1.5,20.0,15.3,65.6,19.1,1.6,28.3,1.5,27.5,3.0,0.0,,0,0,0,,0,0,0,京都,川崎F,,,,,,,,,,,,left_only
第２６節第１日,j1_2026_03130000_神戸_清水,2027-03-13 00:00:00,ノエスタ,神戸,清水,,,3.62,7.8,0.0,0.0,2026-04-16,,331,,long_haul,,3.62,7.8,,,False,False,False,28.2,4.8,,,,True,12.9,4.2,11.6,1.5,461.1,74.1,7.2,49.2,10.9,50.0,15.3,25.6,52.1,53.8,9.8,13.7,38.1,30.2,115.0,136.0,47.0,41.0,32.0,58.0,10.8,3.9,1.2,24.8,16.4,61.8,20.2,1.7,19.9,1.1,19.0,6.0,0.0,10.7,2.8,9.9,1.1,408.3,70.9,7.7,46.8,12.6,44.9,14.6,21.6,47.8,49.6,8.4,14.2,37.9,21.0,112.0,126.0,47.0,37.0,29.0,59.0,12.3,3.9,1.2,24.1,16.2,65.3,19.8,1.9,25.1,1.3,24.3,3.0,0.0,,0,0,0,,0,0,0,神戸,清水,,,,,,,,,,,,left_only
第２６節第２日,j1_2026_03140000_千葉_浦和,2027-03-14 00:00:00,MUFG国立,千葉,浦和,,,2.91,8.27,0.0,0.0,,,,,,,2.91,8.27,,,False,False,False,28.2,4.8,,,,True,11.4,3.7,8.7,1.0,414.3,76.3,12.1,50.0,9.1,38.6,12.5,14.4,52.2,47.2,8.5,16.1,29.6,21.6,119.0,122.0,39.0,41.0,34.0,52.0,16.6,5.0,1.7,27.9,16.5,60.9,17.6,1.7,31.5,1.7,29.8,2.0,0.0,13.9,4.2,10.0,1.4,474.2,79.3,11.6,54.8,14.3,53.7,13.3,12.9,50.1,52.3,10.7,18.5,32.2,25.2,116.0,143.0,52.0,47.0,33.0,65.0,12.4,3.1,1.0,20.3,18.7,65.2,19.3,1.6,20.5,1.1,18.1,7.0,0.0,,0,0,0,,0,0,0,千葉,浦和,,,,,,,,,,,,left_only
第２７節第１日,j1_2026_03200000_柏_東京V,2027-03-20 00:00:00,三協Ｆ柏,柏,東京Ｖ,,,3.92,8.15,0.0,0.0,,,,,,,3.92,8.15,,,False,False,False,28.2,4.8,,,,True,12.8,3.6,9.1,1.2,564.8,82.2,12.8,51.7,19.6,52.3,15.7,11.3,53.1,55.5,13.3,18.6,32.7,25.6,120.0,137.0,58.0,46.0,40.0,70.0,11.6,3.8,1.3,20.5,16.9,70.8,16.4,1.3,22.4,1.2,20.8,5.0,0.0,9.6,2.8,11.0,1.1,372.7,73.4,8.7,35.3,8.6,45.5,10.5,16.9,50.0,44.1,7.7,15.0,28.2,16.1,119.0,143.0,50.0,47.0,29.0,54.0,10.6,3.1,1.4,23.3,19.3,62.0,21.7,1.3,20.5,1.1,18.9,6.0,0.0,,0,0,0,,0,0,0,柏,東京V,,,,,,,,,,,,left_only
第２７節第１日,j1_2026_03200000_町田_水戸,2027-03-20 00:00:00,Ｇスタ,町田,水戸,,,2.75,8.06,0.0,0.0,2026-04-26,,328,,long_haul,,2.75,8.06,,,False,False,False,28.2,4.8,,,,True,11.4,3.7,11.2,1.3,412.2,77.6,11.9,55.1,9.2,50.0,11.8,13.8,50.4,45.3,8.6,17.8,30.9,20.3,118.0,113.0,42.0,35.0,31.0,50.0,11.5,3.7,1.1,18.0,16.8,67.0,18.8,1.3,20.4,1.1,18.0,7.0,0.0,10.9,3.2,9.6,1.1,439.2,77.1,11.3,47.8,8.8,45.6,11.4,14.1,45.8,50.3,8.7,14.9,31.2,18.0,117.0,127.0,47.0,41.0,32.0,56.0,11.9,4.3,1.9,20.5,15.2,62.8,20.2,1.7,26.1,1.4,22.9,2.0,0.0,,0,0,0,,0,0,0,町田,水戸,,,,,,,,,,,,left_only
第２７節第１日,j1_2026_03200000_川崎F_FC東京,2027-03-20 00:00:00,Ｕ等々力,川崎Ｆ,FC東京,,,4.91,8.99,0.0,0.0,,,,,,,4.91,8.99,,,False,False,False,28.2,4.8,,,,True,11.9,3.5,10.7,1.3,511.2,81.3,9.9,52.2,16.0,51.0,13.9,10.4,45.0,50.5,11.6,15.2,33.9,21.5,114.0,121.0,50.0,38.0,32.0,61.0,14.2,4.3,1.5,20.0,15.3,65.6,19.1,1.6,28.3,1.5,27.5,3.0,0.0,15.8,5.0,9.9,1.6,475.4,78.9,11.6,54.8,15.8,50.5,15.2,12.6,51.5,52.2,12.9,17.3,35.4,29.1,118.0,148.0,67.0,46.0,36.0,82.0,10.2,2.8,0.9,21.0,17.2,63.5,17.4,2.0,16.0,0.8,16.0,6.0,0.0,,0,0,0,,0,0,0,川崎F,FC東京,,,,,,,,,,,,left_only
第２７節第１日,j1_2026_03200000_名古屋_神戸,2027-03-20 00:00:00,●未定●,名古屋,神戸,,,4.0,6.53,0.0,0.0,,2026-04-16,,338,,long_haul,4.0,6.53,,,False,False,False,28.2,4.8,,,,True,13.3,4.5,12.9,1.7,443.2,76.3,10.6,59.7,14.2,45.7,17.0,15.3,51.9,52.2,11.7,19.2,35.9,26.7,113.0,138.0,54.0,45.0,32.0,68.0,14.2,5.0,1.6,22.8,18.9,67.9,20.1,1.4,25.0,1.3,24.2,5.0,0.0,12.9,4.2,11.6,1.5,461.1,74.1,7.2,49.2,10.9,50.0,15.3,25.6,52.1,53.8,9.8,13.7,38.1,30.2,115.0,136.0,47.0,41.0,32.0,58.0,10.8,3.9,1.2,24.8,16.4,61.8,20.2,1.7,19.9,1.1,19.0,6.0,0.0,,0,0,0,,0,0,0,名古屋,神戸,,,,,,,,,,,,left_only
第２７節第１日,j1_2026_03200000_C大阪_京都,2027-03-20 00:00:00,ハナサカ,Ｃ大阪,京都,,,4.63,6.7,0.0,0.0,,,,,,,4.63,6.7,,,False,False,False,28.2,4.8,,,,True,11.6,4.1,12.4,1.4,449.3,76.7,10.7,57.5,19.7,44.8,13.6,14.7,53.7,50.2,11.2,16.7,34.3,24.6,121.0,142.0,54.0,44.0,35.0,71.0,13.9,3.8,1.1,29.8,18.0,58.6,23.9,1.2,29.7,1.6,26.5,6.0,0.0,13.1,4.4,8.1,1.1,386.2,69.0,8.4,52.3,16.1,40.7,14.3,19.0,47.3,52.5,10.9,16.3,37.7,21.0,114.0,157.0,57.0,53.0,30.0,68.0,12.9,3.5,1.4,24.7,17.8,67.0,22.3,1.3,28.4,1.5,27.6,2.0,0.0,,0,0,0,,0,0,0,C大阪,京都,,,,,,,,,,,,left_only
第２７節第１日,j1_2026_03200000_広島_G大阪,2027-03-20 00:00:00,Ｅピース,広島,Ｇ大阪,,,4.5,7.02,0.0,0.0,,2026-05-17,,307,,long_haul,4.5,7.02,,,False,False,False,28.2,4.8,,,,True,16.1,4.5,10.0,1.6,457.5,74.0,9.2,51.2,17.4,45.4,17.5,19.0,51.1,52.6,13.0,15.7,40.8,33.5,111.0,131.0,56.0,40.0,31.0,65.0,9.8,3.1,1.2,18.8,16.6,66.1,21.7,1.5,20.0,1.1,19.2,4.0,0.0,13.0,5.2,11.1,1.4,467.6,76.5,12.4,51.8,15.7,49.3,13.1,15.6,47.9,55.6,11.6,17.6,41.3,25.1,113.0,123.0,44.0,41.0,33.0,59.0,11.9,4.0,1.2,23.8,16.2,68.8,21.9,1.7,25.0,1.3,22.6,4.0,0.0,,0,0,0,,0,0,0,広島,G大阪,,,,,,,,,,,,left_only
第２７節第１日,j1_2026_03200000_福岡_千葉,2027-03-20 00:00:00,ベススタ,福岡,千葉,,,4.87,6.39,0.0,0.0,,,,,,,4.87,6.39,,,False,False,False,28.2,4.8,,,,True,10.8,3.2,8.7,0.9,340.2,71.0,10.1,44.8,9.4,44.1,10.1,17.0,46.7,42.8,8.3,15.3,33.3,17.3,116.0,112.0,35.0,40.0,28.0,46.0,11.8,3.5,1.5,26.2,17.8,60.9,19.1,1.8,21.6,1.2,20.8,2.0,0.0,11.4,3.7,8.7,1.0,414.3,76.3,12.1,50.0,9.1,38.6,12.5,14.4,52.2,47.2,8.5,16.1,29.6,21.6,119.0,122.0,39.0,41.0,34.0,52.0,16.6,5.0,1.7,27.9,16.5,60.9,17.6,1.7,31.5,1.7,29.8,2.0,0.0,,0,0,0,,0,0,0,福岡,千葉,,,,,,,,,,,,left_only
第２７節第１日,j1_2026_03200000_長崎_岡山,2027-03-20 00:00:00,ピースタ,長崎,岡山,,,4.31,8.17,0.0,0.0,,,,,,,4.31,8.17,,,False,False,False,28.2,4.8,,,,True,10.9,3.4,10.2,1.1,404.4,73.9,10.3,49.7,10.5,44.4,9.7,15.8,49.1,48.1,8.8,14.9,33.2,23.0,112.0,133.0,46.0,42.0,28.0,58.0,15.0,4.9,1.6,26.8,15.4,63.9,20.3,2.5,30.0,1.6,27.6,3.0,0.0,11.7,3.6,11.4,1.3,316.9,65.8,10.5,50.8,10.9,51.0,16.6,20.6,53.2,42.8,9.3,14.9,34.2,23.6,113.0,138.0,54.0,44.0,27.0,65.0,11.4,4.2,1.4,27.2,16.4,58.4,22.8,1.6,21.1,1.1,20.3,5.0,0.0,,0,0,0,,0,0,0,長崎,岡山,,,,,,,,,,,,left_only
第２７節第２日,j1_2026_03210000_清水_鹿島,2027-03-21 00:00:00,MUFG国立,清水,鹿島,,,4.26,7.61,0.0,0.0,,,,,,,4.26,7.61,,,False,False,False,28.2,4.8,,,,True,10.7,2.8,9.9,1.1,408.3,70.9,7.7,46.8,12.6,44.9,14.6,21.6,47.8,49.6,8.4,14.2,37.9,21.0,112.0,126.0,47.0,37.0,29.0,59.0,12.3,3.9,1.2,24.1,16.2,65.3,19.8,1.9,25.1,1.3,24.3,3.0,0.0,11.8,3.7,13.6,1.6,521.5,81.2,8.2,44.6,15.2,51.8,12.8,13.4,55.3,54.6,11.0,14.4,32.8,25.6,113.0,136.0,53.0,45.0,35.0,69.0,12.1,2.9,0.5,19.3,17.7,61.0,19.9,1.9,19.0,1.0,18.2,11.0,0.0,,0,0,0,,0,0,0,清水,鹿島,,,,,,,,,,,,left_only
第２８節第１日,j1_2026_04030000_水戸_千葉,2027-04-03 00:00:00,水戸信ス,水戸,千葉,,,4.69,7.16,0.0,0.0,,,,,,,4.69,7.16,,,False,False,False,28.2,4.8,,,,True,10.9,3.2,9.6,1.1,439.2,77.1,11.3,47.8,8.8,45.6,11.4,14.1,45.8,50.3,8.7,14.9,31.2,18.0,117.0,127.0,47.0,41.0,32.0,56.0,11.9,4.3,1.9,20.5,15.2,62.8,20.2,1.7,26.1,1.4,22.9,2.0,0.0,11.4,3.7,8.7,1.0,414.3,76.3,12.1,50.0,9.1,38.6,12.5,14.4,52.2,47.2,8.5,16.1,29.6,21.6,119.0,122.0,39.0,41.0,34.0,52.0,16.6,5.0,1.7,27.9,16.5,60.9,17.6,1.7,31.5,1.7,29.8,2.0,0.0,,0,0,0,,0,0,0,水戸,千葉,,,,,,,,,,,,left_only
第２８節第１日,j1_2026_04030000_柏_C大阪,2027-04-03 00:00:00,三協Ｆ柏,柏,Ｃ大阪,,,3.0,7.97,0.0,0.0,,,,,,,3.0,7.97,,,False,False,False,28.2,4.8,,,,True,12.8,3.6,9.1,1.2,564.8,82.2,12.8,51.7,19.6,52.3,15.7,11.3,53.1,55.5,13.3,18.6,32.7,25.6,120.0,137.0,58.0,46.0,40.0,70.0,11.6,3.8,1.3,20.5,16.9,70.8,16.4,1.3,22.4,1.2,20.8,5.0,0.0,11.6,4.1,12.4,1.4,449.3,76.7,10.7,57.5,19.7,44.8,13.6,14.7,53.7,50.2,11.2,16.7,34.3,24.6,121.0,142.0,54.0,44.0,35.0,71.0,13.9,3.8,1.1,29.8,18.0,58.6,23.9,1.2,29.7,1.6,26.5,6.0,0.0,,0,0,0,,0,0,0,柏,C大阪,,,,,,,,,,,,left_only
第２８節第１日,j1_2026_04030000_FC東京_福岡,2027-04-03 00:00:00,味スタ,FC東京,福岡,,,5.36,8.15,0.0,0.0,,,,,,,5.36,8.15,,,False,False,False,28.2,4.8,,,,True,15.8,5.0,9.9,1.6,475.4,78.9,11.6,54.8,15.8,50.5,15.2,12.6,51.5,52.2,12.9,17.3,35.4,29.1,118.0,148.0,67.0,46.0,36.0,82.0,10.2,2.8,0.9,21.0,17.2,63.5,17.4,2.0,16.0,0.8,16.0,6.0,0.0,10.8,3.2,8.7,0.9,340.2,71.0,10.1,44.8,9.4,44.1,10.1,17.0,46.7,42.8,8.3,15.3,33.3,17.3,116.0,112.0,35.0,40.0,28.0,46.0,11.8,3.5,1.5,26.2,17.8,60.9,19.1,1.8,21.6,1.2,20.8,2.0,0.0,,0,0,0,,0,0,0,FC東京,福岡,,,,,,,,,,,,left_only
第２８節第１日,j1_2026_04030000_東京V_町田,2027-04-03 00:00:00,味スタ,東京Ｖ,町田,,,4.8,6.18,0.0,0.0,,2026-04-26,,342,,long_haul,4.8,6.18,,,False,False,False,28.2,4.8,,,,True,9.6,2.8,11.0,1.1,372.7,73.4,8.7,35.3,8.6,45.5,10.5,16.9,50.0,44.1,7.7,15.0,28.2,16.1,119.0,143.0,50.0,47.0,29.0,54.0,10.6,3.1,1.4,23.3,19.3,62.0,21.7,1.3,20.5,1.1,18.9,6.0,0.0,11.4,3.7,11.2,1.3,412.2,77.6,11.9,55.1,9.2,50.0,11.8,13.8,50.4,45.3,8.6,17.8,30.9,20.3,118.0,113.0,42.0,35.0,31.0,50.0,11.5,3.7,1.1,18.0,16.8,67.0,18.8,1.3,20.4,1.1,18.0,7.0,0.0,,0,0,0,,0,0,0,東京V,町田,,,,,,,,,,,,left_only
第２８節第１日,j1_2026_04030000_京都_長崎,2027-04-03 00:00:00,サンガＳ,京都,長崎,,,3.65,7.7,0.0,0.0,,,,,,,3.65,7.7,,,False,False,False,28.2,4.8,,,,True,13.1,4.4,8.1,1.1,386.2,69.0,8.4,52.3,16.1,40.7,14.3,19.0,47.3,52.5,10.9,16.3,37.7,21.0,114.0,157.0,57.0,53.0,30.0,68.0,12.9,3.5,1.4,24.7,17.8,67.0,22.3,1.3,28.4,1.5,27.6,2.0,0.0,10.9,3.4,10.2,1.1,404.4,73.9,10.3,49.7,10.5,44.4,9.7,15.8,49.1,48.1,8.8,14.9,33.2,23.0,112.0,133.0,46.0,42.0,28.0,58.0,15.0,4.9,1.6,26.8,15.4,63.9,20.3,2.5,30.0,1.6,27.6,3.0,0.0,,0,0,0,,0,0,0,京都,長崎,,,,,,,,,,,,left_only
第２８節第１日,j1_2026_04030000_神戸_広島,2027-04-03 00:00:00,ノエスタ,神戸,広島,,,3.4,7.65,0.0,0.0,2026-04-16,,352,,long_haul,,3.4,7.65,,,False,False,False,28.2,4.8,,,,True,12.9,4.2,11.6,1.5,461.1,74.1,7.2,49.2,10.9,50.0,15.3,25.6,52.1,53.8,9.8,13.7,38.1,30.2,115.0,136.0,47.0,41.0,32.0,58.0,10.8,3.9,1.2,24.8,16.4,61.8,20.2,1.7,19.9,1.1,19.0,6.0,0.0,16.1,4.5,10.0,1.6,457.5,74.0,9.2,51.2,17.4,45.4,17.5,19.0,51.1,52.6,13.0,15.7,40.8,33.5,111.0,131.0,56.0,40.0,31.0,65.0,9.8,3.1,1.2,18.8,16.6,66.1,21.7,1.5,20.0,1.1,19.2,4.0,0.0,,0,0,0,,0,0,0,神戸,広島,,,,,,,,,,,,left_only
第２８節第１日,j1_2026_04030000_岡山_名古屋,2027-04-03 00:00:00,ＪＦＥス,岡山,名古屋,,,4.77,7.25,0.0,0.0,,,,,,,4.77,7.25,,,False,False,False,28.2,4.8,,,,True,11.7,3.6,11.4,1.3,316.9,65.8,10.5,50.8,10.9,51.0,16.6,20.6,53.2,42.8,9.3,14.9,34.2,23.6,113.0,138.0,54.0,44.0,27.0,65.0,11.4,4.2,1.4,27.2,16.4,58.4,22.8,1.6,21.1,1.1,20.3,5.0,0.0,13.3,4.5,12.9,1.7,443.2,76.3,10.6,59.7,14.2,45.7,17.0,15.3,51.9,52.2,11.7,19.2,35.9,26.7,113.0,138.0,54.0,45.0,32.0,68.0,14.2,5.0,1.6,22.8,18.9,67.9,20.1,1.4,25.0,1.3,24.2,5.0,0.0,,0,0,0,,0,0,0,岡山,名古屋,,,,,,,,,,,,left_only
第２９節第１日,j1_2026_04090000_C大阪_福岡,2027-04-09 00:00:00,ハナサカ,Ｃ大阪,福岡,,,4.54,8.68,0.0,0.0,,,,,,,4.54,8.68,,,False,False,False,28.2,4.8,,,,True,11.6,4.1,12.4,1.4,449.3,76.7,10.7,57.5,19.7,44.8,13.6,14.7,53.7,50.2,11.2,16.7,34.3,24.6,121.0,142.0,54.0,44.0,35.0,71.0,13.9,3.8,1.1,29.8,18.0,58.6,23.9,1.2,29.7,1.6,26.5,6.0,0.0,10.8,3.2,8.7,0.9,340.2,71.0,10.1,44.8,9.4,44.1,10.1,17.0,46.7,42.8,8.3,15.3,33.3,17.3,116.0,112.0,35.0,40.0,28.0,46.0,11.8,3.5,1.5,26.2,17.8,60.9,19.1,1.8,21.6,1.2,20.8,2.0,0.0,,0,0,0,,0,0,0,C大阪,福岡,,,,,,,,,,,,left_only
第２９節第２日,j1_2026_04100000_千葉_京都,2027-04-10 00:00:00,フクアリ,千葉,京都,,,4.08,6.97,0.0,0.0,,,,,,,4.08,6.97,,,False,False,False,28.2,4.8,,,,True,11.4,3.7,8.7,1.0,414.3,76.3,12.1,50.0,9.1,38.6,12.5,14.4,52.2,47.2,8.5,16.1,29.6,21.6,119.0,122.0,39.0,41.0,34.0,52.0,16.6,5.0,1.7,27.9,16.5,60.9,17.6,1.7,31.5,1.7,29.8,2.0,0.0,13.1,4.4,8.1,1.1,386.2,69.0,8.4,52.3,16.1,40.7,14.3,19.0,47.3,52.5,10.9,16.3,37.7,21.0,114.0,157.0,57.0,53.0,30.0,68.0,12.9,3.5,1.4,24.7,17.8,67.0,22.3,1.3,28.4,1.5,27.6,2.0,0.0,,0,0,0,,0,0,0,千葉,京都,,,,,,,,,,,,left_only
第２９節第２日,j1_2026_04100000_FC東京_岡山,2027-04-10 00:00:00,味スタ,FC東京,岡山,,,4.31,8.07,0.0,0.0,,,,,,,4.31,8.07,,,False,False,False,28.2,4.8,,,,True,15.8,5.0,9.9,1.6,475.4,78.9,11.6,54.8,15.8,50.5,15.2,12.6,51.5,52.2,12.9,17.3,35.4,29.1,118.0,148.0,67.0,46.0,36.0,82.0,10.2,2.8,0.9,21.0,17.2,63.5,17.4,2.0,16.0,0.8,16.0,6.0,0.0,11.7,3.6,11.4,1.3,316.9,65.8,10.5,50.8,10.9,51.0,16.6,20.6,53.2,42.8,9.3,14.9,34.2,23.6,113.0,138.0,54.0,44.0,27.0,65.0,11.4,4.2,1.4,27.2,16.4,58.4,22.8,1.6,21.1,1.1,20.3,5.0,0.0,,0,0,0,,0,0,0,FC東京,岡山,,,,,,,,,,,,left_only
第２９節第２日,j1_2026_04100000_東京V_G大阪,2027-04-10 00:00:00,味スタ,東京Ｖ,Ｇ大阪,,,3.86,7.16,0.0,0.0,,2026-05-17,,328,,long_haul,3.86,7.16,,,False,False,False,28.2,4.8,,,,True,9.6,2.8,11.0,1.1,372.7,73.4,8.7,35.3,8.6,45.5,10.5,16.9,50.0,44.1,7.7,15.0,28.2,16.1,119.0,143.0,50.0,47.0,29.0,54.0,10.6,3.1,1.4,23.3,19.3,62.0,21.7,1.3,20.5,1.1,18.9,6.0,0.0,13.0,5.2,11.1,1.4,467.6,76.5,12.4,51.8,15.7,49.3,13.1,15.6,47.9,55.6,11.6,17.6,41.3,25.1,113.0,123.0,44.0,41.0,33.0,59.0,11.9,4.0,1.2,23.8,16.2,68.8,21.9,1.7,25.0,1.3,22.6,4.0,0.0,,0,0,0,,0,0,0,東京V,G大阪,,,,,,,,,,,,left_only
第２９節第２日,j1_2026_04100000_町田_神戸,2027-04-10 00:00:00,Ｇスタ,町田,神戸,,,3.11,6.86,0.0,0.0,2026-04-26,2026-04-16,349,359,long_haul,long_haul,3.11,6.86,,,False,False,False,28.2,4.8,,,,True,11.4,3.7,11.2,1.3,412.2,77.6,11.9,55.1,9.2,50.0,11.8,13.8,50.4,45.3,8.6,17.8,30.9,20.3,118.0,113.0,42.0,35.0,31.0,50.0,11.5,3.7,1.1,18.0,16.8,67.0,18.8,1.3,20.4,1.1,18.0,7.0,0.0,12.9,4.2,11.6,1.5,461.1,74.1,7.2,49.2,10.9,50.0,15.3,25.6,52.1,53.8,9.8,13.7,38.1,30.2,115.0,136.0,47.0,41.0,32.0,58.0,10.8,3.9,1.2,24.8,16.4,61.8,20.2,1.7,19.9,1.1,19.0,6.0,0.0,,0,0,0,,0,0,0,町田,神戸,,,,,,,,,,,,left_only
第２９節第２日,j1_2026_04100000_川崎F_長崎,2027-04-10 00:00:00,Ｕ等々力,川崎Ｆ,長崎,,,4.69,8.33,0.0,0.0,,,,,,,4.69,8.33,,,False,False,False,28.2,4.8,,,,True,11.9,3.5,10.7,1.3,511.2,81.3,9.9,52.2,16.0,51.0,13.9,10.4,45.0,50.5,11.6,15.2,33.9,21.5,114.0,121.0,50.0,38.0,32.0,61.0,14.2,4.3,1.5,20.0,15.3,65.6,19.1,1.6,28.3,1.5,27.5,3.0,0.0,10.9,3.4,10.2,1.1,404.4,73.9,10.3,49.7,10.5,44.4,9.7,15.8,49.1,48.1,8.8,14.9,33.2,23.0,112.0,133.0,46.0,42.0,28.0,58.0,15.0,4.9,1.6,26.8,15.4,63.9,20.3,2.5,30.0,1.6,27.6,3.0,0.0,,0,0,0,,0,0,0,川崎F,長崎,,,,,,,,,,,,left_only
第２９節第２日,j1_2026_04100000_清水_水戸,2027-04-10 00:00:00,アイスタ,清水,水戸,,,4.24,8.01,0.0,0.0,,,,,,,4.24,8.01,,,False,False,False,28.2,4.8,,,,True,10.7,2.8,9.9,1.1,408.3,70.9,7.7,46.8,12.6,44.9,14.6,21.6,47.8,49.6,8.4,14.2,37.9,21.0,112.0,126.0,47.0,37.0,29.0,59.0,12.3,3.9,1.2,24.1,16.2,65.3,19.8,1.9,25.1,1.3,24.3,3.0,0.0,10.9,3.2,9.6,1.1,439.2,77.1,11.3,47.8,8.8,45.6,11.4,14.1,45.8,50.3,8.7,14.9,31.2,18.0,117.0,127.0,47.0,41.0,32.0,56.0,11.9,4.3,1.9,20.5,15.2,62.8,20.2,1.7,26.1,1.4,22.9,2.0,0.0,,0,0,0,,0,0,0,清水,水戸,,,,,,,,,,,,left_only
第２９節第２日,j1_2026_04100000_名古屋_鹿島,2027-04-10 00:00:00,●未定●,名古屋,鹿島,,,4.08,7.53,0.0,0.0,,,,,,,4.08,7.53,,,False,False,False,28.2,4.8,,,,True,13.3,4.5,12.9,1.7,443.2,76.3,10.6,59.7,14.2,45.7,17.0,15.3,51.9,52.2,11.7,19.2,35.9,26.7,113.0,138.0,54.0,45.0,32.0,68.0,14.2,5.0,1.6,22.8,18.9,67.9,20.1,1.4,25.0,1.3,24.2,5.0,0.0,11.8,3.7,13.6,1.6,521.5,81.2,8.2,44.6,15.2,51.8,12.8,13.4,55.3,54.6,11.0,14.4,32.8,25.6,113.0,136.0,53.0,45.0,35.0,69.0,12.1,2.9,0.5,19.3,17.7,61.0,19.9,1.9,19.0,1.0,18.2,11.0,0.0,,0,0,0,,0,0,0,名古屋,鹿島,,,,,,,,,,,,left_only
第３０節第１日,j1_2026_04160000_広島_FC東京,2027-04-16 00:00:00,Ｅピース,広島,FC東京,,,4.92,7.48,0.0,0.0,,,,,,,4.92,7.48,,,False,False,False,28.2,4.8,,,,True,16.1,4.5,10.0,1.6,457.5,74.0,9.2,51.2,17.4,45.4,17.5,19.0,51.1,52.6,13.0,15.7,40.8,33.5,111.0,131.0,56.0,40.0,31.0,65.0,9.8,3.1,1.2,18.8,16.6,66.1,21.7,1.5,20.0,1.1,19.2,4.0,0.0,15.8,5.0,9.9,1.6,475.4,78.9,11.6,54.8,15.8,50.5,15.2,12.6,51.5,52.2,12.9,17.3,35.4,29.1,118.0,148.0,67.0,46.0,36.0,82.0,10.2,2.8,0.9,21.0,17.2,63.5,17.4,2.0,16.0,0.8,16.0,6.0,0.0,,0,0,0,,0,0,0,広島,FC東京,,,,,,,,,,,,left_only
第３０節第２日,j1_2026_04170000_水戸_京都,2027-04-17 00:00:00,水戸信ス,水戸,京都,,,4.55,7.84,0.0,0.0,,,,,,,4.55,7.84,,,False,False,False,28.2,4.8,,,,True,10.9,3.2,9.6,1.1,439.2,77.1,11.3,47.8,8.8,45.6,11.4,14.1,45.8,50.3,8.7,14.9,31.2,18.0,117.0,127.0,47.0,41.0,32.0,56.0,11.9,4.3,1.9,20.5,15.2,62.8,20.2,1.7,26.1,1.4,22.9,2.0,0.0,13.1,4.4,8.1,1.1,386.2,69.0,8.4,52.3,16.1,40.7,14.3,19.0,47.3,52.5,10.9,16.3,37.7,21.0,114.0,157.0,57.0,53.0,30.0,68.0,12.9,3.5,1.4,24.7,17.8,67.0,22.3,1.3,28.4,1.5,27.6,2.0,0.0,,0,0,0,,0,0,0,水戸,京都,,,,,,,,,,,,left_only
第３０節第２日,j1_2026_04170000_川崎F_東京V,2027-04-17 00:00:00,Ｕ等々力,川崎Ｆ,東京Ｖ,,,3.77,7.12,0.0,0.0,,,,,,,3.77,7.12,,,False,False,False,28.2,4.8,,,,True,11.9,3.5,10.7,1.3,511.2,81.3,9.9,52.2,16.0,51.0,13.9,10.4,45.0,50.5,11.6,15.2,33.9,21.5,114.0,121.0,50.0,38.0,32.0,61.0,14.2,4.3,1.5,20.0,15.3,65.6,19.1,1.6,28.3,1.5,27.5,3.0,0.0,9.6,2.8,11.0,1.1,372.7,73.4,8.7,35.3,8.6,45.5,10.5,16.9,50.0,44.1,7.7,15.0,28.2,16.1,119.0,143.0,50.0,47.0,29.0,54.0,10.6,3.1,1.4,23.3,19.3,62.0,21.7,1.3,20.5,1.1,18.9,6.0,0.0,,0,0,0,,0,0,0,川崎F,東京V,,,,,,,,,,,,left_only
第３０節第２日,j1_2026_04170000_清水_名古屋,2027-04-17 00:00:00,アイスタ,清水,名古屋,,,3.4,7.28,0.0,0.0,,,,,,,3.4,7.28,,,False,False,False,28.2,4.8,,,,True,10.7,2.8,9.9,1.1,408.3,70.9,7.7,46.8,12.6,44.9,14.6,21.6,47.8,49.6,8.4,14.2,37.9,21.0,112.0,126.0,47.0,37.0,29.0,59.0,12.3,3.9,1.2,24.1,16.2,65.3,19.8,1.9,25.1,1.3,24.3,3.0,0.0,13.3,4.5,12.9,1.7,443.2,76.3,10.6,59.7,14.2,45.7,17.0,15.3,51.9,52.2,11.7,19.2,35.9,26.7,113.0,138.0,54.0,45.0,32.0,68.0,14.2,5.0,1.6,22.8,18.9,67.9,20.1,1.4,25.0,1.3,24.2,5.0,0.0,,0,0,0,,0,0,0,清水,名古屋,,,,,,,,,,,,left_only
第３０節第２日,j1_2026_04170000_C大阪_鹿島,2027-04-17 00:00:00,ハナサカ,Ｃ大阪,鹿島,,,3.65,8.27,0.0,0.0,,,,,,,3.65,8.27,,,False,False,False,28.2,4.8,,,,True,11.6,4.1,12.4,1.4,449.3,76.7,10.7,57.5,19.7,44.8,13.6,14.7,53.7,50.2,11.2,16.7,34.3,24.6,121.0,142.0,54.0,44.0,35.0,71.0,13.9,3.8,1.1,29.8,18.0,58.6,23.9,1.2,29.7,1.6,26.5,6.0,0.0,11.8,3.7,13.6,1.6,521.5,81.2,8.2,44.6,15.2,51.8,12.8,13.4,55.3,54.6,11.0,14.4,32.8,25.6,113.0,136.0,53.0,45.0,35.0,69.0,12.1,2.9,0.5,19.3,17.7,61.0,19.9,1.9,19.0,1.0,18.2,11.0,0.0,,0,0,0,,0,0,0,C大阪,鹿島,,,,,,,,,,,,left_only
第３０節第２日,j1_2026_04170000_岡山_浦和,2027-04-17 00:00:00,ＪＦＥス,岡山,浦和,,,4.6,7.46,0.0,0.0,,,,,,,4.6,7.46,,,False,False,False,28.2,4.8,,,,True,11.7,3.6,11.4,1.3,316.9,65.8,10.5,50.8,10.9,51.0,16.6,20.6,53.2,42.8,9.3,14.9,34.2,23.6,113.0,138.0,54.0,44.0,27.0,65.0,11.4,4.2,1.4,27.2,16.4,58.4,22.8,1.6,21.1,1.1,20.3,5.0,0.0,13.9,4.2,10.0,1.4,474.2,79.3,11.6,54.8,14.3,53.7,13.3,12.9,50.1,52.3,10.7,18.5,32.2,25.2,116.0,143.0,52.0,47.0,33.0,65.0,12.4,3.1,1.0,20.3,18.7,65.2,19.3,1.6,20.5,1.1,18.1,7.0,0.0,,0,0,0,,0,0,0,岡山,浦和,,,,,,,,,,,,left_only
第３０節第２日,j1_2026_04170000_福岡_町田,2027-04-17 00:00:00,ベススタ,福岡,町田,,,5.16,6.6,0.0,0.0,,2026-04-26,,356,,long_haul,5.16,6.6,,,False,False,False,28.2,4.8,,,,True,10.8,3.2,8.7,0.9,340.2,71.0,10.1,44.8,9.4,44.1,10.1,17.0,46.7,42.8,8.3,15.3,33.3,17.3,116.0,112.0,35.0,40.0,28.0,46.0,11.8,3.5,1.5,26.2,17.8,60.9,19.1,1.8,21.6,1.2,20.8,2.0,0.0,11.4,3.7,11.2,1.3,412.2,77.6,11.9,55.1,9.2,50.0,11.8,13.8,50.4,45.3,8.6,17.8,30.9,20.3,118.0,113.0,42.0,35.0,31.0,50.0,11.5,3.7,1.1,18.0,16.8,67.0,18.8,1.3,20.4,1.1,18.0,7.0,0.0,,0,0,0,,0,0,0,福岡,町田,,,,,,,,,,,,left_only
第３０節第２日,j1_2026_04170000_長崎_神戸,2027-04-17 00:00:00,ピースタ,長崎,神戸,,,4.89,7.73,0.0,0.0,,2026-04-16,,366,,long_haul,4.89,7.73,,,False,False,False,28.2,4.8,,,,True,10.9,3.4,10.2,1.1,404.4,73.9,10.3,49.7,10.5,44.4,9.7,15.8,49.1,48.1,8.8,14.9,33.2,23.0,112.0,133.0,46.0,42.0,28.0,58.0,15.0,4.9,1.6,26.8,15.4,63.9,20.3,2.5,30.0,1.6,27.6,3.0,0.0,12.9,4.2,11.6,1.5,461.1,74.1,7.2,49.2,10.9,50.0,15.3,25.6,52.1,53.8,9.8,13.7,38.1,30.2,115.0,136.0,47.0,41.0,32.0,58.0,10.8,3.9,1.2,24.8,16.4,61.8,20.2,1.7,19.9,1.1,19.0,6.0,0.0,,0,0,0,,0,0,0,長崎,神戸,,,,,,,,,,,,left_only
第３１節第１日,j1_2026_04240000_柏_G大阪,2027-04-24 00:00:00,三協Ｆ柏,柏,Ｇ大阪,,,4.1,7.22,0.0,0.0,,2026-05-17,,342,,long_haul,4.1,7.22,,,False,False,False,28.2,4.8,,,,True,12.8,3.6,9.1,1.2,564.8,82.2,12.8,51.7,19.6,52.3,15.7,11.3,53.1,55.5,13.3,18.6,32.7,25.6,120.0,137.0,58.0,46.0,40.0,70.0,11.6,3.8,1.3,20.5,16.9,70.8,16.4,1.3,22.4,1.2,20.8,5.0,0.0,13.0,5.2,11.1,1.4,467.6,76.5,12.4,51.8,15.7,49.3,13.1,15.6,47.9,55.6,11.6,17.6,41.3,25.1,113.0,123.0,44.0,41.0,33.0,59.0,11.9,4.0,1.2,23.8,16.2,68.8,21.9,1.7,25.0,1.3,22.6,4.0,0.0,,0,0,0,,0,0,0,柏,G大阪,,,,,,,,,,,,left_only
第３１節第１日,j1_2026_04240000_FC東京_横浜FM,2027-04-24 00:00:00,味スタ,FC東京,横浜FM,,,4.02,6.63,0.0,0.0,,,,,,,4.02,6.63,,,False,False,False,28.2,4.8,,,,True,15.8,5.0,9.9,1.6,475.4,78.9,11.6,54.8,15.8,50.5,15.2,12.6,51.5,52.2,12.9,17.3,35.4,29.1,118.0,148.0,67.0,46.0,36.0,82.0,10.2,2.8,0.9,21.0,17.2,63.5,17.4,2.0,16.0,0.8,16.0,6.0,0.0,11.8,3.0,13.2,1.6,384.9,73.3,10.4,50.5,12.5,46.7,14.1,14.8,48.0,47.6,9.4,16.8,26.7,22.3,117.0,135.0,46.0,37.0,30.0,53.0,10.4,3.5,1.6,21.6,17.8,64.7,17.8,1.1,20.4,1.1,18.8,3.0,0.0,,0,0,0,,0,0,0,FC東京,横浜FM,,,,,,,,,,,,left_only
第３１節第１日,j1_2026_04240000_東京V_清水,2027-04-24 00:00:00,味スタ,東京Ｖ,清水,,,3.74,6.78,0.0,0.0,,,,,,,3.74,6.78,,,False,False,False,28.2,4.8,,,,True,9.6,2.8,11.0,1.1,372.7,73.4,8.7,35.3,8.6,45.5,10.5,16.9,50.0,44.1,7.7,15.0,28.2,16.1,119.0,143.0,50.0,47.0,29.0,54.0,10.6,3.1,1.4,23.3,19.3,62.0,21.7,1.3,20.5,1.1,18.9,6.0,0.0,10.7,2.8,9.9,1.1,408.3,70.9,7.7,46.8,12.6,44.9,14.6,21.6,47.8,49.6,8.4,14.2,37.9,21.0,112.0,126.0,47.0,37.0,29.0,59.0,12.3,3.9,1.2,24.1,16.2,65.3,19.8,1.9,25.1,1.3,24.3,3.0,0.0,,0,0,0,,0,0,0,東京V,清水,,,,,,,,,,,,left_only
第３１節第１日,j1_2026_04240000_名古屋_川崎F,2027-04-24 00:00:00,●未定●,名古屋,川崎Ｆ,,,4.09,7.07,0.0,0.0,,,,,,,4.09,7.07,,,False,False,False,28.2,4.8,,,,True,13.3,4.5,12.9,1.7,443.2,76.3,10.6,59.7,14.2,45.7,17.0,15.3,51.9,52.2,11.7,19.2,35.9,26.7,113.0,138.0,54.0,45.0,32.0,68.0,14.2,5.0,1.6,22.8,18.9,67.9,20.1,1.4,25.0,1.3,24.2,5.0,0.0,11.9,3.5,10.7,1.3,511.2,81.3,9.9,52.2,16.0,51.0,13.9,10.4,45.0,50.5,11.6,15.2,33.9,21.5,114.0,121.0,50.0,38.0,32.0,61.0,14.2,4.3,1.5,20.0,15.3,65.6,19.1,1.6,28.3,1.5,27.5,3.0,0.0,,0,0,0,,0,0,0,名古屋,川崎F,,,,,,,,,,,,left_only
第３１節第１日,j1_2026_04240000_神戸_福岡,2027-04-24 00:00:00,ノエスタ,神戸,福岡,,,4.42,8.36,0.0,0.0,2026-04-16,,373,,long_haul,,4.42,8.36,,,False,False,False,28.2,4.8,,,,True,12.9,4.2,11.6,1.5,461.1,74.1,7.2,49.2,10.9,50.0,15.3,25.6,52.1,53.8,9.8,13.7,38.1,30.2,115.0,136.0,47.0,41.0,32.0,58.0,10.8,3.9,1.2,24.8,16.4,61.8,20.2,1.7,19.9,1.1,19.0,6.0,0.0,10.8,3.2,8.7,0.9,340.2,71.0,10.1,44.8,9.4,44.1,10.1,17.0,46.7,42.8,8.3,15.3,33.3,17.3,116.0,112.0,35.0,40.0,28.0,46.0,11.8,3.5,1.5,26.2,17.8,60.9,19.1,1.8,21.6,1.2,20.8,2.0,0.0,,0,0,0,,0,0,0,神戸,福岡,,,,,,,,,,,,left_only
第３１節第１日,j1_2026_04240000_岡山_C大阪,2027-04-24 00:00:00,ＪＦＥス,岡山,Ｃ大阪,,,3.7,6.98,0.0,0.0,,,,,,,3.7,6.98,,,False,False,False,28.2,4.8,,,,True,11.7,3.6,11.4,1.3,316.9,65.8,10.5,50.8,10.9,51.0,16.6,20.6,53.2,42.8,9.3,14.9,34.2,23.6,113.0,138.0,54.0,44.0,27.0,65.0,11.4,4.2,1.4,27.2,16.4,58.4,22.8,1.6,21.1,1.1,20.3,5.0,0.0,11.6,4.1,12.4,1.4,449.3,76.7,10.7,57.5,19.7,44.8,13.6,14.7,53.7,50.2,11.2,16.7,34.3,24.6,121.0,142.0,54.0,44.0,35.0,71.0,13.9,3.8,1.1,29.8,18.0,58.6,23.9,1.2,29.7,1.6,26.5,6.0,0.0,,0,0,0,,0,0,0,岡山,C大阪,,,,,,,,,,,,left_only
第３１節第１日,j1_2026_04240000_広島_町田,2027-04-24 00:00:00,Ｅピース,広島,町田,,,4.17,7.55,0.0,0.0,,2026-04-26,,363,,long_haul,4.17,7.55,,,False,False,False,28.2,4.8,,,,True,16.1,4.5,10.0,1.6,457.5,74.0,9.2,51.2,17.4,45.4,17.5,19.0,51.1,52.6,13.0,15.7,40.8,33.5,111.0,131.0,56.0,40.0,31.0,65.0,9.8,3.1,1.2,18.8,16.6,66.1,21.7,1.5,20.0,1.1,19.2,4.0,0.0,11.4,3.7,11.2,1.3,412.2,77.6,11.9,55.1,9.2,50.0,11.8,13.8,50.4,45.3,8.6,17.8,30.9,20.3,118.0,113.0,42.0,35.0,31.0,50.0,11.5,3.7,1.1,18.0,16.8,67.0,18.8,1.3,20.4,1.1,18.0,7.0,0.0,,0,0,0,,0,0,0,広島,町田,,,,,,,,,,,,left_only
第３１節第１日,j1_2026_04240000_長崎_千葉,2027-04-24 00:00:00,ピースタ,長崎,千葉,,,4.15,8.16,0.0,0.0,,,,,,,4.15,8.16,,,False,False,False,28.2,4.8,,,,True,10.9,3.4,10.2,1.1,404.4,73.9,10.3,49.7,10.5,44.4,9.7,15.8,49.1,48.1,8.8,14.9,33.2,23.0,112.0,133.0,46.0,42.0,28.0,58.0,15.0,4.9,1.6,26.8,15.4,63.9,20.3,2.5,30.0,1.6,27.6,3.0,0.0,11.4,3.7,8.7,1.0,414.3,76.3,12.1,50.0,9.1,38.6,12.5,14.4,52.2,47.2,8.5,16.1,29.6,21.6,119.0,122.0,39.0,41.0,34.0,52.0,16.6,5.0,1.7,27.9,16.5,60.9,17.6,1.7,31.5,1.7,29.8,2.0,0.0,,0,0,0,,0,0,0,長崎,千葉,,,,,,,,,,,,left_only
第３２節第１日,j1_2026_04290000_千葉_広島,2027-04-29 00:00:00,フクアリ,千葉,広島,,,4.76,7.28,0.0,0.0,,,,,,,4.76,7.28,,,False,False,False,28.2,4.8,,,,True,11.4,3.7,8.7,1.0,414.3,76.3,12.1,50.0,9.1,38.6,12.5,14.4,52.2,47.2,8.5,16.1,29.6,21.6,119.0,122.0,39.0,41.0,34.0,52.0,16.6,5.0,1.7,27.9,16.5,60.9,17.6,1.7,31.5,1.7,29.8,2.0,0.0,16.1,4.5,10.0,1.6,457.5,74.0,9.2,51.2,17.4,45.4,17.5,19.0,51.1,52.6,13.0,15.7,40.8,33.5,111.0,131.0,56.0,40.0,31.0,65.0,9.8,3.1,1.2,18.8,16.6,66.1,21.7,1.5,20.0,1.1,19.2,4.0,0.0,,0,0,0,,0,0,0,千葉,広島,,,,,,,,,,,,left_only
第３２節第１日,j1_2026_04290000_柏_FC東京,2027-04-29 00:00:00,三協Ｆ柏,柏,FC東京,,,3.51,7.33,0.0,0.0,,,,,,,3.51,7.33,,,False,False,False,28.2,4.8,,,,True,12.8,3.6,9.1,1.2,564.8,82.2,12.8,51.7,19.6,52.3,15.7,11.3,53.1,55.5,13.3,18.6,32.7,25.6,120.0,137.0,58.0,46.0,40.0,70.0,11.6,3.8,1.3,20.5,16.9,70.8,16.4,1.3,22.4,1.2,20.8,5.0,0.0,15.8,5.0,9.9,1.6,475.4,78.9,11.6,54.8,15.8,50.5,15.2,12.6,51.5,52.2,12.9,17.3,35.4,29.1,118.0,148.0,67.0,46.0,36.0,82.0,10.2,2.8,0.9,21.0,17.2,63.5,17.4,2.0,16.0,0.8,16.0,6.0,0.0,,0,0,0,,0,0,0,柏,FC東京,,,,,,,,,,,,left_only
第３２節第１日,j1_2026_04290000_川崎F_水戸,2027-04-29 00:00:00,Ｕ等々力,川崎Ｆ,水戸,,,3.7,8.39,0.0,0.0,,,,,,,3.7,8.39,,,False,False,False,28.2,4.8,,,,True,11.9,3.5,10.7,1.3,511.2,81.3,9.9,52.2,16.0,51.0,13.9,10.4,45.0,50.5,11.6,15.2,33.9,21.5,114.0,121.0,50.0,38.0,32.0,61.0,14.2,4.3,1.5,20.0,15.3,65.6,19.1,1.6,28.3,1.5,27.5,3.0,0.0,10.9,3.2,9.6,1.1,439.2,77.1,11.3,47.8,8.8,45.6,11.4,14.1,45.8,50.3,8.7,14.9,31.2,18.0,117.0,127.0,47.0,41.0,32.0,56.0,11.9,4.3,1.9,20.5,15.2,62.8,20.2,1.7,26.1,1.4,22.9,2.0,0.0,,0,0,0,,0,0,0,川崎F,水戸,,,,,,,,,,,,left_only
第３２節第１日,j1_2026_04290000_清水_岡山,2027-04-29 00:00:00,アイスタ,清水,岡山,,,3.48,7.02,0.0,0.0,,,,,,,3.48,7.02,,,False,False,False,28.2,4.8,,,,True,10.7,2.8,9.9,1.1,408.3,70.9,7.7,46.8,12.6,44.9,14.6,21.6,47.8,49.6,8.4,14.2,37.9,21.0,112.0,126.0,47.0,37.0,29.0,59.0,12.3,3.9,1.2,24.1,16.2,65.3,19.8,1.9,25.1,1.3,24.3,3.0,0.0,11.7,3.6,11.4,1.3,316.9,65.8,10.5,50.8,10.9,51.0,16.6,20.6,53.2,42.8,9.3,14.9,34.2,23.6,113.0,138.0,54.0,44.0,27.0,65.0,11.4,4.2,1.4,27.2,16.4,58.4,22.8,1.6,21.1,1.1,20.3,5.0,0.0,,0,0,0,,0,0,0,清水,岡山,,,,,,,,,,,,left_only
第３２節第１日,j1_2026_04290000_京都_G大阪,2027-04-29 00:00:00,サンガＳ,京都,Ｇ大阪,,,5.24,8.04,0.0,0.0,,2026-05-17,,347,,long_haul,5.24,8.04,,,False,False,False,28.2,4.8,,,,True,13.1,4.4,8.1,1.1,386.2,69.0,8.4,52.3,16.1,40.7,14.3,19.0,47.3,52.5,10.9,16.3,37.7,21.0,114.0,157.0,57.0,53.0,30.0,68.0,12.9,3.5,1.4,24.7,17.8,67.0,22.3,1.3,28.4,1.5,27.6,2.0,0.0,13.0,5.2,11.1,1.4,467.6,76.5,12.4,51.8,15.7,49.3,13.1,15.6,47.9,55.6,11.6,17.6,41.3,25.1,113.0,123.0,44.0,41.0,33.0,59.0,11.9,4.0,1.2,23.8,16.2,68.8,21.9,1.7,25.0,1.3,22.6,4.0,0.0,,0,0,0,,0,0,0,京都,G大阪,,,,,,,,,,,,left_only
第３２節第１日,j1_2026_04290000_C大阪_長崎,2027-04-29 00:00:00,ハナサカ,Ｃ大阪,長崎,,,3.63,7.26,0.0,0.0,,,,,,,3.63,7.26,,,False,False,False,28.2,4.8,,,,True,11.6,4.1,12.4,1.4,449.3,76.7,10.7,57.5,19.7,44.8,13.6,14.7,53.7,50.2,11.2,16.7,34.3,24.6,121.0,142.0,54.0,44.0,35.0,71.0,13.9,3.8,1.1,29.8,18.0,58.6,23.9,1.2,29.7,1.6,26.5,6.0,0.0,10.9,3.4,10.2,1.1,404.4,73.9,10.3,49.7,10.5,44.4,9.7,15.8,49.1,48.1,8.8,14.9,33.2,23.0,112.0,133.0,46.0,42.0,28.0,58.0,15.0,4.9,1.6,26.8,15.4,63.9,20.3,2.5,30.0,1.6,27.6,3.0,0.0,,0,0,0,,0,0,0,C大阪,長崎,,,,,,,,,,,,left_only
第３２節第１日,j1_2026_04290000_福岡_東京V,2027-04-29 00:00:00,ベススタ,福岡,東京Ｖ,,,4.82,7.12,0.0,0.0,,,,,,,4.82,7.12,,,False,False,False,28.2,4.8,,,,True,10.8,3.2,8.7,0.9,340.2,71.0,10.1,44.8,9.4,44.1,10.1,17.0,46.7,42.8,8.3,15.3,33.3,17.3,116.0,112.0,35.0,40.0,28.0,46.0,11.8,3.5,1.5,26.2,17.8,60.9,19.1,1.8,21.6,1.2,20.8,2.0,0.0,9.6,2.8,11.0,1.1,372.7,73.4,8.7,35.3,8.6,45.5,10.5,16.9,50.0,44.1,7.7,15.0,28.2,16.1,119.0,143.0,50.0,47.0,29.0,54.0,10.6,3.1,1.4,23.3,19.3,62.0,21.7,1.3,20.5,1.1,18.9,6.0,0.0,,0,0,0,,0,0,0,福岡,東京V,,,,,,,,,,,,left_only
第３３節第１日,j1_2026_05030000_水戸_福岡,2027-05-03 00:00:00,水戸信ス,水戸,福岡,,,4.93,7.88,0.0,0.0,,,,,,,4.93,7.88,,,False,False,False,28.2,4.8,,,,True,10.9,3.2,9.6,1.1,439.2,77.1,11.3,47.8,8.8,45.6,11.4,14.1,45.8,50.3,8.7,14.9,31.2,18.0,117.0,127.0,47.0,41.0,32.0,56.0,11.9,4.3,1.9,20.5,15.2,62.8,20.2,1.7,26.1,1.4,22.9,2.0,0.0,10.8,3.2,8.7,0.9,340.2,71.0,10.1,44.8,9.4,44.1,10.1,17.0,46.7,42.8,8.3,15.3,33.3,17.3,116.0,112.0,35.0,40.0,28.0,46.0,11.8,3.5,1.5,26.2,17.8,60.9,19.1,1.8,21.6,1.2,20.8,2.0,0.0,,0,0,0,,0,0,0,水戸,福岡,,,,,,,,,,,,left_only
第３３節第１日,j1_2026_05030000_FC東京_清水,2027-05-03 00:00:00,味スタ,FC東京,清水,,,4.12,6.91,0.0,0.0,,,,,,,4.12,6.91,,,False,False,False,28.2,4.8,,,,True,15.8,5.0,9.9,1.6,475.4,78.9,11.6,54.8,15.8,50.5,15.2,12.6,51.5,52.2,12.9,17.3,35.4,29.1,118.0,148.0,67.0,46.0,36.0,82.0,10.2,2.8,0.9,21.0,17.2,63.5,17.4,2.0,16.0,0.8,16.0,6.0,0.0,10.7,2.8,9.9,1.1,408.3,70.9,7.7,46.8,12.6,44.9,14.6,21.6,47.8,49.6,8.4,14.2,37.9,21.0,112.0,126.0,47.0,37.0,29.0,59.0,12.3,3.9,1.2,24.1,16.2,65.3,19.8,1.9,25.1,1.3,24.3,3.0,0.0,,0,0,0,,0,0,0,FC東京,清水,,,,,,,,,,,,left_only
第３３節第１日,j1_2026_05030000_東京V_C大阪,2027-05-03 00:00:00,味スタ,東京Ｖ,Ｃ大阪,,,3.95,7.03,0.0,0.0,,,,,,,3.95,7.03,,,False,False,False,28.2,4.8,,,,True,9.6,2.8,11.0,1.1,372.7,73.4,8.7,35.3,8.6,45.5,10.5,16.9,50.0,44.1,7.7,15.0,28.2,16.1,119.0,143.0,50.0,47.0,29.0,54.0,10.6,3.1,1.4,23.3,19.3,62.0,21.7,1.3,20.5,1.1,18.9,6.0,0.0,11.6,4.1,12.4,1.4,449.3,76.7,10.7,57.5,19.7,44.8,13.6,14.7,53.7,50.2,11.2,16.7,34.3,24.6,121.0,142.0,54.0,44.0,35.0,71.0,13.9,3.8,1.1,29.8,18.0,58.6,23.9,1.2,29.7,1.6,26.5,6.0,0.0,,0,0,0,,0,0,0,東京V,C大阪,,,,,,,,,,,,left_only
第３３節第１日,j1_2026_05030000_町田_京都,2027-05-03 00:00:00,Ｇスタ,町田,京都,,,5.06,8.32,0.0,0.0,2026-04-26,,372,,long_haul,,5.06,8.32,,,False,False,False,28.2,4.8,,,,True,11.4,3.7,11.2,1.3,412.2,77.6,11.9,55.1,9.2,50.0,11.8,13.8,50.4,45.3,8.6,17.8,30.9,20.3,118.0,113.0,42.0,35.0,31.0,50.0,11.5,3.7,1.1,18.0,16.8,67.0,18.8,1.3,20.4,1.1,18.0,7.0,0.0,13.1,4.4,8.1,1.1,386.2,69.0,8.4,52.3,16.1,40.7,14.3,19.0,47.3,52.5,10.9,16.3,37.7,21.0,114.0,157.0,57.0,53.0,30.0,68.0,12.9,3.5,1.4,24.7,17.8,67.0,22.3,1.3,28.4,1.5,27.6,2.0,0.0,,0,0,0,,0,0,0,町田,京都,,,,,,,,,,,,left_only
第３３節第１日,j1_2026_05030000_名古屋_千葉,2027-05-03 00:00:00,●未定●,名古屋,千葉,,,4.1,8.05,0.0,0.0,,,,,,,4.1,8.05,,,False,False,False,28.2,4.8,,,,True,13.3,4.5,12.9,1.7,443.2,76.3,10.6,59.7,14.2,45.7,17.0,15.3,51.9,52.2,11.7,19.2,35.9,26.7,113.0,138.0,54.0,45.0,32.0,68.0,14.2,5.0,1.6,22.8,18.9,67.9,20.1,1.4,25.0,1.3,24.2,5.0,0.0,11.4,3.7,8.7,1.0,414.3,76.3,12.1,50.0,9.1,38.6,12.5,14.4,52.2,47.2,8.5,16.1,29.6,21.6,119.0,122.0,39.0,41.0,34.0,52.0,16.6,5.0,1.7,27.9,16.5,60.9,17.6,1.7,31.5,1.7,29.8,2.0,0.0,,0,0,0,,0,0,0,名古屋,千葉,,,,,,,,,,,,left_only
第３３節第１日,j1_2026_05030000_神戸_柏,2027-05-03 00:00:00,ノエスタ,神戸,柏,,,4.38,6.77,0.0,0.0,2026-04-16,,382,,long_haul,,4.38,6.77,,,False,False,False,28.2,4.8,,,,True,12.9,4.2,11.6,1.5,461.1,74.1,7.2,49.2,10.9,50.0,15.3,25.6,52.1,53.8,9.8,13.7,38.1,30.2,115.0,136.0,47.0,41.0,32.0,58.0,10.8,3.9,1.2,24.8,16.4,61.8,20.2,1.7,19.9,1.1,19.0,6.0,0.0,12.8,3.6,9.1,1.2,564.8,82.2,12.8,51.7,19.6,52.3,15.7,11.3,53.1,55.5,13.3,18.6,32.7,25.6,120.0,137.0,58.0,46.0,40.0,70.0,11.6,3.8,1.3,20.5,16.9,70.8,16.4,1.3,22.4,1.2,20.8,5.0,0.0,,0,0,0,,0,0,0,神戸,柏,,,,,,,,,,,,left_only
第３３節第１日,j1_2026_05030000_岡山_川崎F,2027-05-03 00:00:00,ＪＦＥス,岡山,川崎Ｆ,,,3.66,7.08,0.0,0.0,,,,,,,3.66,7.08,,,False,False,False,28.2,4.8,,,,True,11.7,3.6,11.4,1.3,316.9,65.8,10.5,50.8,10.9,51.0,16.6,20.6,53.2,42.8,9.3,14.9,34.2,23.6,113.0,138.0,54.0,44.0,27.0,65.0,11.4,4.2,1.4,27.2,16.4,58.4,22.8,1.6,21.1,1.1,20.3,5.0,0.0,11.9,3.5,10.7,1.3,511.2,81.3,9.9,52.2,16.0,51.0,13.9,10.4,45.0,50.5,11.6,15.2,33.9,21.5,114.0,121.0,50.0,38.0,32.0,61.0,14.2,4.3,1.5,20.0,15.3,65.6,19.1,1.6,28.3,1.5,27.5,3.0,0.0,,0,0,0,,0,0,0,岡山,川崎F,,,,,,,,,,,,left_only
第３３節第１日,j1_2026_05030000_広島_浦和,2027-05-03 00:00:00,Ｅピース,広島,浦和,,,3.87,6.72,0.0,0.0,,,,,,,3.87,6.72,,,False,False,False,28.2,4.8,,,,True,16.1,4.5,10.0,1.6,457.5,74.0,9.2,51.2,17.4,45.4,17.5,19.0,51.1,52.6,13.0,15.7,40.8,33.5,111.0,131.0,56.0,40.0,31.0,65.0,9.8,3.1,1.2,18.8,16.6,66.1,21.7,1.5,20.0,1.1,19.2,4.0,0.0,13.9,4.2,10.0,1.4,474.2,79.3,11.6,54.8,14.3,53.7,13.3,12.9,50.1,52.3,10.7,18.5,32.2,25.2,116.0,143.0,52.0,47.0,33.0,65.0,12.4,3.1,1.0,20.3,18.7,65.2,19.3,1.6,20.5,1.1,18.1,7.0,0.0,,0,0,0,,0,0,0,広島,浦和,,,,,,,,,,,,left_only
第３３節第１日,j1_2026_05030000_長崎_横浜FM,2027-05-03 00:00:00,ピースタ,長崎,横浜FM,,,3.86,6.82,0.0,0.0,,,,,,,3.86,6.82,,,False,False,False,28.2,4.8,,,,True,10.9,3.4,10.2,1.1,404.4,73.9,10.3,49.7,10.5,44.4,9.7,15.8,49.1,48.1,8.8,14.9,33.2,23.0,112.0,133.0,46.0,42.0,28.0,58.0,15.0,4.9,1.6,26.8,15.4,63.9,20.3,2.5,30.0,1.6,27.6,3.0,0.0,11.8,3.0,13.2,1.6,384.9,73.3,10.4,50.5,12.5,46.7,14.1,14.8,48.0,47.6,9.4,16.8,26.7,22.3,117.0,135.0,46.0,37.0,30.0,53.0,10.4,3.5,1.6,21.6,17.8,64.7,17.8,1.1,20.4,1.1,18.8,3.0,0.0,,0,0,0,,0,0,0,長崎,横浜FM,,,,,,,,,,,,left_only
第３４節第１日,j1_2026_05090000_水戸_岡山,2027-05-09 00:00:00,水戸信ス,水戸,岡山,,,4.17,7.05,0.0,0.0,,,,,,,4.17,7.05,,,False,False,False,28.2,4.8,,,,True,10.9,3.2,9.6,1.1,439.2,77.1,11.3,47.8,8.8,45.6,11.4,14.1,45.8,50.3,8.7,14.9,31.2,18.0,117.0,127.0,47.0,41.0,32.0,56.0,11.9,4.3,1.9,20.5,15.2,62.8,20.2,1.7,26.1,1.4,22.9,2.0,0.0,11.7,3.6,11.4,1.3,316.9,65.8,10.5,50.8,10.9,51.0,16.6,20.6,53.2,42.8,9.3,14.9,34.2,23.6,113.0,138.0,54.0,44.0,27.0,65.0,11.4,4.2,1.4,27.2,16.4,58.4,22.8,1.6,21.1,1.1,20.3,5.0,0.0,,0,0,0,,0,0,0,水戸,岡山,,,,,,,,,,,,left_only
第３４節第１日,j1_2026_05090000_千葉_清水,2027-05-09 00:00:00,フクアリ,千葉,清水,,,4.58,7.79,0.0,0.0,,,,,,,4.58,7.79,,,False,False,False,28.2,4.8,,,,True,11.4,3.7,8.7,1.0,414.3,76.3,12.1,50.0,9.1,38.6,12.5,14.4,52.2,47.2,8.5,16.1,29.6,21.6,119.0,122.0,39.0,41.0,34.0,52.0,16.6,5.0,1.7,27.9,16.5,60.9,17.6,1.7,31.5,1.7,29.8,2.0,0.0,10.7,2.8,9.9,1.1,408.3,70.9,7.7,46.8,12.6,44.9,14.6,21.6,47.8,49.6,8.4,14.2,37.9,21.0,112.0,126.0,47.0,37.0,29.0,59.0,12.3,3.9,1.2,24.1,16.2,65.3,19.8,1.9,25.1,1.3,24.3,3.0,0.0,,0,0,0,,0,0,0,千葉,清水,,,,,,,,,,,,left_only
第３４節第１日,j1_2026_05090000_柏_町田,2027-05-09 00:00:00,三協Ｆ柏,柏,町田,,,3.48,8.18,0.0,0.0,,2026-04-26,,378,,long_haul,3.48,8.18,,,False,False,False,28.2,4.8,,,,True,12.8,3.6,9.1,1.2,564.8,82.2,12.8,51.7,19.6,52.3,15.7,11.3,53.1,55.5,13.3,18.6,32.7,25.6,120.0,137.0,58.0,46.0,40.0,70.0,11.6,3.8,1.3,20.5,16.9,70.8,16.4,1.3,22.4,1.2,20.8,5.0,0.0,11.4,3.7,11.2,1.3,412.2,77.6,11.9,55.1,9.2,50.0,11.8,13.8,50.4,45.3,8.6,17.8,30.9,20.3,118.0,113.0,42.0,35.0,31.0,50.0,11.5,3.7,1.1,18.0,16.8,67.0,18.8,1.3,20.4,1.1,18.0,7.0,0.0,,0,0,0,,0,0,0,柏,町田,,,,,,,,,,,,left_only
第３４節第１日,j1_2026_05090000_FC東京_東京V,2027-05-09 00:00:00,味スタ,FC東京,東京Ｖ,,,3.31,7.18,0.0,0.0,,,,,,,3.31,7.18,,,False,False,False,28.2,4.8,,,,True,15.8,5.0,9.9,1.6,475.4,78.9,11.6,54.8,15.8,50.5,15.2,12.6,51.5,52.2,12.9,17.3,35.4,29.1,118.0,148.0,67.0,46.0,36.0,82.0,10.2,2.8,0.9,21.0,17.2,63.5,17.4,2.0,16.0,0.8,16.0,6.0,0.0,9.6,2.8,11.0,1.1,372.7,73.4,8.7,35.3,8.6,45.5,10.5,16.9,50.0,44.1,7.7,15.0,28.2,16.1,119.0,143.0,50.0,47.0,29.0,54.0,10.6,3.1,1.4,23.3,19.3,62.0,21.7,1.3,20.5,1.1,18.9,6.0,0.0,,0,0,0,,0,0,0,FC東京,東京V,,,,,,,,,,,,left_only
第３４節第１日,j1_2026_05090000_C大阪_名古屋,2027-05-09 00:00:00,ハナサカ,Ｃ大阪,名古屋,,,3.88,7.3,0.0,0.0,,,,,,,3.88,7.3,,,False,False,False,28.2,4.8,,,,True,11.6,4.1,12.4,1.4,449.3,76.7,10.7,57.5,19.7,44.8,13.6,14.7,53.7,50.2,11.2,16.7,34.3,24.6,121.0,142.0,54.0,44.0,35.0,71.0,13.9,3.8,1.1,29.8,18.0,58.6,23.9,1.2,29.7,1.6,26.5,6.0,0.0,13.3,4.5,12.9,1.7,443.2,76.3,10.6,59.7,14.2,45.7,17.0,15.3,51.9,52.2,11.7,19.2,35.9,26.7,113.0,138.0,54.0,45.0,32.0,68.0,14.2,5.0,1.6,22.8,18.9,67.9,20.1,1.4,25.0,1.3,24.2,5.0,0.0,,0,0,0,,0,0,0,C大阪,名古屋,,,,,,,,,,,,left_only
第３４節第１日,j1_2026_05090000_広島_長崎,2027-05-09 00:00:00,Ｅピース,広島,長崎,,,3.23,7.22,0.0,0.0,,,,,,,3.23,7.22,,,False,False,False,28.2,4.8,,,,True,16.1,4.5,10.0,1.6,457.5,74.0,9.2,51.2,17.4,45.4,17.5,19.0,51.1,52.6,13.0,15.7,40.8,33.5,111.0,131.0,56.0,40.0,31.0,65.0,9.8,3.1,1.2,18.8,16.6,66.1,21.7,1.5,20.0,1.1,19.2,4.0,0.0,10.9,3.4,10.2,1.1,404.4,73.9,10.3,49.7,10.5,44.4,9.7,15.8,49.1,48.1,8.8,14.9,33.2,23.0,112.0,133.0,46.0,42.0,28.0,58.0,15.0,4.9,1.6,26.8,15.4,63.9,20.3,2.5,30.0,1.6,27.6,3.0,0.0,,0,0,0,,0,0,0,広島,長崎,,,,,,,,,,,,left_only
第３４節第１日,j1_2026_05090000_福岡_京都,2027-05-09 00:00:00,ベススタ,福岡,京都,,,4.56,8.81,0.0,0.0,,,,,,,4.56,8.81,,,False,False,False,28.2,4.8,,,,True,10.8,3.2,8.7,0.9,340.2,71.0,10.1,44.8,9.4,44.1,10.1,17.0,46.7,42.8,8.3,15.3,33.3,17.3,116.0,112.0,35.0,40.0,28.0,46.0,11.8,3.5,1.5,26.2,17.8,60.9,19.1,1.8,21.6,1.2,20.8,2.0,0.0,13.1,4.4,8.1,1.1,386.2,69.0,8.4,52.3,16.1,40.7,14.3,19.0,47.3,52.5,10.9,16.3,37.7,21.0,114.0,157.0,57.0,53.0,30.0,68.0,12.9,3.5,1.4,24.7,17.8,67.0,22.3,1.3,28.4,1.5,27.6,2.0,0.0,,0,0,0,,0,0,0,福岡,京都,,,,,,,,,,,,left_only
第３５節第１日,j1_2026_05150000_町田_FC東京,2027-05-15 00:00:00,●未定●,町田,FC東京,,,4.7,6.72,0.0,0.0,2026-04-26,,384,,long_haul,,4.7,6.72,,,False,False,False,28.2,4.8,,,,True,11.4,3.7,11.2,1.3,412.2,77.6,11.9,55.1,9.2,50.0,11.8,13.8,50.4,45.3,8.6,17.8,30.9,20.3,118.0,113.0,42.0,35.0,31.0,50.0,11.5,3.7,1.1,18.0,16.8,67.0,18.8,1.3,20.4,1.1,18.0,7.0,0.0,15.8,5.0,9.9,1.6,475.4,78.9,11.6,54.8,15.8,50.5,15.2,12.6,51.5,52.2,12.9,17.3,35.4,29.1,118.0,148.0,67.0,46.0,36.0,82.0,10.2,2.8,0.9,21.0,17.2,63.5,17.4,2.0,16.0,0.8,16.0,6.0,0.0,,0,0,0,,0,0,0,町田,FC東京,,,,,,,,,,,,left_only
第３５節第１日,j1_2026_05150000_川崎F_横浜FM,2027-05-15 00:00:00,Ｕ等々力,川崎Ｆ,横浜FM,,,4.56,7.0,0.0,0.0,,,,,,,4.56,7.0,,,False,False,False,28.2,4.8,,,,True,11.9,3.5,10.7,1.3,511.2,81.3,9.9,52.2,16.0,51.0,13.9,10.4,45.0,50.5,11.6,15.2,33.9,21.5,114.0,121.0,50.0,38.0,32.0,61.0,14.2,4.3,1.5,20.0,15.3,65.6,19.1,1.6,28.3,1.5,27.5,3.0,0.0,11.8,3.0,13.2,1.6,384.9,73.3,10.4,50.5,12.5,46.7,14.1,14.8,48.0,47.6,9.4,16.8,26.7,22.3,117.0,135.0,46.0,37.0,30.0,53.0,10.4,3.5,1.6,21.6,17.8,64.7,17.8,1.1,20.4,1.1,18.8,3.0,0.0,,0,0,0,,0,0,0,川崎F,横浜FM,,,,,,,,,,,,left_only
第３５節第１日,j1_2026_05150000_清水_C大阪,2027-05-15 00:00:00,アイスタ,清水,Ｃ大阪,,,4.46,7.13,0.0,0.0,,,,,,,4.46,7.13,,,False,False,False,28.2,4.8,,,,True,10.7,2.8,9.9,1.1,408.3,70.9,7.7,46.8,12.6,44.9,14.6,21.6,47.8,49.6,8.4,14.2,37.9,21.0,112.0,126.0,47.0,37.0,29.0,59.0,12.3,3.9,1.2,24.1,16.2,65.3,19.8,1.9,25.1,1.3,24.3,3.0,0.0,11.6,4.1,12.4,1.4,449.3,76.7,10.7,57.5,19.7,44.8,13.6,14.7,53.7,50.2,11.2,16.7,34.3,24.6,121.0,142.0,54.0,44.0,35.0,71.0,13.9,3.8,1.1,29.8,18.0,58.6,23.9,1.2,29.7,1.6,26.5,6.0,0.0,,0,0,0,,0,0,0,清水,C大阪,,,,,,,,,,,,left_only
第３５節第１日,j1_2026_05150000_名古屋_柏,2027-05-15 00:00:00,●未定●,名古屋,柏,,,4.11,6.92,0.0,0.0,,,,,,,4.11,6.92,,,False,False,False,28.2,4.8,,,,True,13.3,4.5,12.9,1.7,443.2,76.3,10.6,59.7,14.2,45.7,17.0,15.3,51.9,52.2,11.7,19.2,35.9,26.7,113.0,138.0,54.0,45.0,32.0,68.0,14.2,5.0,1.6,22.8,18.9,67.9,20.1,1.4,25.0,1.3,24.2,5.0,0.0,12.8,3.6,9.1,1.2,564.8,82.2,12.8,51.7,19.6,52.3,15.7,11.3,53.1,55.5,13.3,18.6,32.7,25.6,120.0,137.0,58.0,46.0,40.0,70.0,11.6,3.8,1.3,20.5,16.9,70.8,16.4,1.3,22.4,1.2,20.8,5.0,0.0,,0,0,0,,0,0,0,名古屋,柏,,,,,,,,,,,,left_only
第３５節第１日,j1_2026_05150000_京都_広島,2027-05-15 00:00:00,サンガＳ,京都,広島,,,5.27,6.63,0.0,0.0,,,,,,,5.27,6.63,,,False,False,False,28.2,4.8,,,,True,13.1,4.4,8.1,1.1,386.2,69.0,8.4,52.3,16.1,40.7,14.3,19.0,47.3,52.5,10.9,16.3,37.7,21.0,114.0,157.0,57.0,53.0,30.0,68.0,12.9,3.5,1.4,24.7,17.8,67.0,22.3,1.3,28.4,1.5,27.6,2.0,0.0,16.1,4.5,10.0,1.6,457.5,74.0,9.2,51.2,17.4,45.4,17.5,19.0,51.1,52.6,13.0,15.7,40.8,33.5,111.0,131.0,56.0,40.0,31.0,65.0,9.8,3.1,1.2,18.8,16.6,66.1,21.7,1.5,20.0,1.1,19.2,4.0,0.0,,0,0,0,,0,0,0,京都,広島,,,,,,,,,,,,left_only
第３５節第１日,j1_2026_05150000_神戸_東京V,2027-05-15 00:00:00,ノエスタ,神戸,東京Ｖ,,,4.29,8.02,0.0,0.0,2026-04-16,,394,,long_haul,,4.29,8.02,,,False,False,False,28.2,4.8,,,,True,12.9,4.2,11.6,1.5,461.1,74.1,7.2,49.2,10.9,50.0,15.3,25.6,52.1,53.8,9.8,13.7,38.1,30.2,115.0,136.0,47.0,41.0,32.0,58.0,10.8,3.9,1.2,24.8,16.4,61.8,20.2,1.7,19.9,1.1,19.0,6.0,0.0,9.6,2.8,11.0,1.1,372.7,73.4,8.7,35.3,8.6,45.5,10.5,16.9,50.0,44.1,7.7,15.0,28.2,16.1,119.0,143.0,50.0,47.0,29.0,54.0,10.6,3.1,1.4,23.3,19.3,62.0,21.7,1.3,20.5,1.1,18.9,6.0,0.0,,0,0,0,,0,0,0,神戸,東京V,,,,,,,,,,,,left_only
第３５節第１日,j1_2026_05150000_岡山_千葉,2027-05-15 00:00:00,ＪＦＥス,岡山,千葉,,,3.9,7.69,0.0,0.0,,,,,,,3.9,7.69,,,False,False,False,28.2,4.8,,,,True,11.7,3.6,11.4,1.3,316.9,65.8,10.5,50.8,10.9,51.0,16.6,20.6,53.2,42.8,9.3,14.9,34.2,23.6,113.0,138.0,54.0,44.0,27.0,65.0,11.4,4.2,1.4,27.2,16.4,58.4,22.8,1.6,21.1,1.1,20.3,5.0,0.0,11.4,3.7,8.7,1.0,414.3,76.3,12.1,50.0,9.1,38.6,12.5,14.4,52.2,47.2,8.5,16.1,29.6,21.6,119.0,122.0,39.0,41.0,34.0,52.0,16.6,5.0,1.7,27.9,16.5,60.9,17.6,1.7,31.5,1.7,29.8,2.0,0.0,,0,0,0,,0,0,0,岡山,千葉,,,,,,,,,,,,left_only
第３５節第１日,j1_2026_05150000_長崎_鹿島,2027-05-15 00:00:00,ピースタ,長崎,鹿島,,,4.02,7.2,0.0,0.0,,,,,,,4.02,7.2,,,False,False,False,28.2,4.8,,,,True,10.9,3.4,10.2,1.1,404.4,73.9,10.3,49.7,10.5,44.4,9.7,15.8,49.1,48.1,8.8,14.9,33.2,23.0,112.0,133.0,46.0,42.0,28.0,58.0,15.0,4.9,1.6,26.8,15.4,63.9,20.3,2.5,30.0,1.6,27.6,3.0,0.0,11.8,3.7,13.6,1.6,521.5,81.2,8.2,44.6,15.2,51.8,12.8,13.4,55.3,54.6,11.0,14.4,32.8,25.6,113.0,136.0,53.0,45.0,35.0,69.0,12.1,2.9,0.5,19.3,17.7,61.0,19.9,1.9,19.0,1.0,18.2,11.0,0.0,,0,0,0,,0,0,0,長崎,鹿島,,,,,,,,,,,,left_only
第３６節第１日,j1_2026_05220000_水戸_名古屋,2027-05-22 00:00:00,水戸信ス,水戸,名古屋,,,3.88,7.31,0.0,0.0,,,,,,,3.88,7.31,,,False,False,False,28.2,4.8,,,,True,10.9,3.2,9.6,1.1,439.2,77.1,11.3,47.8,8.8,45.6,11.4,14.1,45.8,50.3,8.7,14.9,31.2,18.0,117.0,127.0,47.0,41.0,32.0,56.0,11.9,4.3,1.9,20.5,15.2,62.8,20.2,1.7,26.1,1.4,22.9,2.0,0.0,13.3,4.5,12.9,1.7,443.2,76.3,10.6,59.7,14.2,45.7,17.0,15.3,51.9,52.2,11.7,19.2,35.9,26.7,113.0,138.0,54.0,45.0,32.0,68.0,14.2,5.0,1.6,22.8,18.9,67.9,20.1,1.4,25.0,1.3,24.2,5.0,0.0,,0,0,0,,0,0,0,水戸,名古屋,,,,,,,,,,,,left_only
第３６節第１日,j1_2026_05220000_千葉_神戸,2027-05-22 00:00:00,フクアリ,千葉,神戸,,,4.41,7.45,0.0,0.0,,2026-04-16,,401,,long_haul,4.41,7.45,,,False,False,False,28.2,4.8,,,,True,11.4,3.7,8.7,1.0,414.3,76.3,12.1,50.0,9.1,38.6,12.5,14.4,52.2,47.2,8.5,16.1,29.6,21.6,119.0,122.0,39.0,41.0,34.0,52.0,16.6,5.0,1.7,27.9,16.5,60.9,17.6,1.7,31.5,1.7,29.8,2.0,0.0,12.9,4.2,11.6,1.5,461.1,74.1,7.2,49.2,10.9,50.0,15.3,25.6,52.1,53.8,9.8,13.7,38.1,30.2,115.0,136.0,47.0,41.0,32.0,58.0,10.8,3.9,1.2,24.8,16.4,61.8,20.2,1.7,19.9,1.1,19.0,6.0,0.0,,0,0,0,,0,0,0,千葉,神戸,,,,,,,,,,,,left_only
第３６節第１日,j1_2026_05220000_FC東京_G大阪,2027-05-22 00:00:00,味スタ,FC東京,Ｇ大阪,,,3.42,7.64,0.0,0.0,,2026-05-17,,370,,long_haul,3.42,7.64,,,False,False,False,28.2,4.8,,,,True,15.8,5.0,9.9,1.6,475.4,78.9,11.6,54.8,15.8,50.5,15.2,12.6,51.5,52.2,12.9,17.3,35.4,29.1,118.0,148.0,67.0,46.0,36.0,82.0,10.2,2.8,0.9,21.0,17.2,63.5,17.4,2.0,16.0,0.8,16.0,6.0,0.0,13.0,5.2,11.1,1.4,467.6,76.5,12.4,51.8,15.7,49.3,13.1,15.6,47.9,55.6,11.6,17.6,41.3,25.1,113.0,123.0,44.0,41.0,33.0,59.0,11.9,4.0,1.2,23.8,16.2,68.8,21.9,1.7,25.0,1.3,22.6,4.0,0.0,,0,0,0,,0,0,0,FC東京,G大阪,,,,,,,,,,,,left_only
第３６節第１日,j1_2026_05220000_東京V_長崎,2027-05-22 00:00:00,味スタ,東京Ｖ,長崎,,,4.64,7.24,0.0,0.0,,,,,,,4.64,7.24,,,False,False,False,28.2,4.8,,,,True,9.6,2.8,11.0,1.1,372.7,73.4,8.7,35.3,8.6,45.5,10.5,16.9,50.0,44.1,7.7,15.0,28.2,16.1,119.0,143.0,50.0,47.0,29.0,54.0,10.6,3.1,1.4,23.3,19.3,62.0,21.7,1.3,20.5,1.1,18.9,6.0,0.0,10.9,3.4,10.2,1.1,404.4,73.9,10.3,49.7,10.5,44.4,9.7,15.8,49.1,48.1,8.8,14.9,33.2,23.0,112.0,133.0,46.0,42.0,28.0,58.0,15.0,4.9,1.6,26.8,15.4,63.9,20.3,2.5,30.0,1.6,27.6,3.0,0.0,,0,0,0,,0,0,0,東京V,長崎,,,,,,,,,,,,left_only
第３６節第１日,j1_2026_05220000_川崎F_C大阪,2027-05-22 00:00:00,Ｕ等々力,川崎Ｆ,Ｃ大阪,,,3.89,7.97,0.0,0.0,,,,,,,3.89,7.97,,,False,False,False,28.2,4.8,,,,True,11.9,3.5,10.7,1.3,511.2,81.3,9.9,52.2,16.0,51.0,13.9,10.4,45.0,50.5,11.6,15.2,33.9,21.5,114.0,121.0,50.0,38.0,32.0,61.0,14.2,4.3,1.5,20.0,15.3,65.6,19.1,1.6,28.3,1.5,27.5,3.0,0.0,11.6,4.1,12.4,1.4,449.3,76.7,10.7,57.5,19.7,44.8,13.6,14.7,53.7,50.2,11.2,16.7,34.3,24.6,121.0,142.0,54.0,44.0,35.0,71.0,13.9,3.8,1.1,29.8,18.0,58.6,23.9,1.2,29.7,1.6,26.5,6.0,0.0,,0,0,0,,0,0,0,川崎F,C大阪,,,,,,,,,,,,left_only
第３６節第１日,j1_2026_05220000_岡山_町田,2027-05-22 00:00:00,ＪＦＥス,岡山,町田,,,3.14,7.79,0.0,0.0,,2026-04-26,,391,,long_haul,3.14,7.79,,,False,False,False,28.2,4.8,,,,True,11.7,3.6,11.4,1.3,316.9,65.8,10.5,50.8,10.9,51.0,16.6,20.6,53.2,42.8,9.3,14.9,34.2,23.6,113.0,138.0,54.0,44.0,27.0,65.0,11.4,4.2,1.4,27.2,16.4,58.4,22.8,1.6,21.1,1.1,20.3,5.0,0.0,11.4,3.7,11.2,1.3,412.2,77.6,11.9,55.1,9.2,50.0,11.8,13.8,50.4,45.3,8.6,17.8,30.9,20.3,118.0,113.0,42.0,35.0,31.0,50.0,11.5,3.7,1.1,18.0,16.8,67.0,18.8,1.3,20.4,1.1,18.0,7.0,0.0,,0,0,0,,0,0,0,岡山,町田,,,,,,,,,,,,left_only
第３６節第１日,j1_2026_05220000_広島_柏,2027-05-22 00:00:00,Ｅピース,広島,柏,,,3.35,7.8,0.0,0.0,,,,,,,3.35,7.8,,,False,False,False,28.2,4.8,,,,True,16.1,4.5,10.0,1.6,457.5,74.0,9.2,51.2,17.4,45.4,17.5,19.0,51.1,52.6,13.0,15.7,40.8,33.5,111.0,131.0,56.0,40.0,31.0,65.0,9.8,3.1,1.2,18.8,16.6,66.1,21.7,1.5,20.0,1.1,19.2,4.0,0.0,12.8,3.6,9.1,1.2,564.8,82.2,12.8,51.7,19.6,52.3,15.7,11.3,53.1,55.5,13.3,18.6,32.7,25.6,120.0,137.0,58.0,46.0,40.0,70.0,11.6,3.8,1.3,20.5,16.9,70.8,16.4,1.3,22.4,1.2,20.8,5.0,0.0,,0,0,0,,0,0,0,広島,柏,,,,,,,,,,,,left_only
第３６節第１日,j1_2026_05220000_福岡_鹿島,2027-05-22 00:00:00,ベススタ,福岡,鹿島,,,4.38,8.01,0.0,0.0,,,,,,,4.38,8.01,,,False,False,False,28.2,4.8,,,,True,10.8,3.2,8.7,0.9,340.2,71.0,10.1,44.8,9.4,44.1,10.1,17.0,46.7,42.8,8.3,15.3,33.3,17.3,116.0,112.0,35.0,40.0,28.0,46.0,11.8,3.5,1.5,26.2,17.8,60.9,19.1,1.8,21.6,1.2,20.8,2.0,0.0,11.8,3.7,13.6,1.6,521.5,81.2,8.2,44.6,15.2,51.8,12.8,13.4,55.3,54.6,11.0,14.4,32.8,25.6,113.0,136.0,53.0,45.0,35.0,69.0,12.1,2.9,0.5,19.3,17.7,61.0,19.9,1.9,19.0,1.0,18.2,11.0,0.0,,0,0,0,,0,0,0,福岡,鹿島,,,,,,,,,,,,left_only
第３７節第１日,j1_2026_05290000_柏_鹿島,2027-05-29 00:00:00,三協Ｆ柏,柏,鹿島,,,4.46,8.63,0.0,0.0,,,,,,,4.46,8.63,,,False,False,False,28.2,4.8,,,,True,12.8,3.6,9.1,1.2,564.8,82.2,12.8,51.7,19.6,52.3,15.7,11.3,53.1,55.5,13.3,18.6,32.7,25.6,120.0,137.0,58.0,46.0,40.0,70.0,11.6,3.8,1.3,20.5,16.9,70.8,16.4,1.3,22.4,1.2,20.8,5.0,0.0,11.8,3.7,13.6,1.6,521.5,81.2,8.2,44.6,15.2,51.8,12.8,13.4,55.3,54.6,11.0,14.4,32.8,25.6,113.0,136.0,53.0,45.0,35.0,69.0,12.1,2.9,0.5,19.3,17.7,61.0,19.9,1.9,19.0,1.0,18.2,11.0,0.0,,0,0,0,,0,0,0,柏,鹿島,,,,,,,,,,,,left_only
第３７節第１日,j1_2026_05290000_FC東京_神戸,2027-05-29 00:00:00,味スタ,FC東京,神戸,,,2.87,8.22,0.0,0.0,,2026-04-16,,408,,long_haul,2.87,8.22,,,False,False,False,28.2,4.8,,,,True,15.8,5.0,9.9,1.6,475.4,78.9,11.6,54.8,15.8,50.5,15.2,12.6,51.5,52.2,12.9,17.3,35.4,29.1,118.0,148.0,67.0,46.0,36.0,82.0,10.2,2.8,0.9,21.0,17.2,63.5,17.4,2.0,16.0,0.8,16.0,6.0,0.0,12.9,4.2,11.6,1.5,461.1,74.1,7.2,49.2,10.9,50.0,15.3,25.6,52.1,53.8,9.8,13.7,38.1,30.2,115.0,136.0,47.0,41.0,32.0,58.0,10.8,3.9,1.2,24.8,16.4,61.8,20.2,1.7,19.9,1.1,19.0,6.0,0.0,,0,0,0,,0,0,0,FC東京,神戸,,,,,,,,,,,,left_only
第３７節第１日,j1_2026_05290000_東京V_岡山,2027-05-29 00:00:00,味スタ,東京Ｖ,岡山,,,3.94,6.59,0.0,0.0,,,,,,,3.94,6.59,,,False,False,False,28.2,4.8,,,,True,9.6,2.8,11.0,1.1,372.7,73.4,8.7,35.3,8.6,45.5,10.5,16.9,50.0,44.1,7.7,15.0,28.2,16.1,119.0,143.0,50.0,47.0,29.0,54.0,10.6,3.1,1.4,23.3,19.3,62.0,21.7,1.3,20.5,1.1,18.9,6.0,0.0,11.7,3.6,11.4,1.3,316.9,65.8,10.5,50.8,10.9,51.0,16.6,20.6,53.2,42.8,9.3,14.9,34.2,23.6,113.0,138.0,54.0,44.0,27.0,65.0,11.4,4.2,1.4,27.2,16.4,58.4,22.8,1.6,21.1,1.1,20.3,5.0,0.0,,0,0,0,,0,0,0,東京V,岡山,,,,,,,,,,,,left_only
第３７節第１日,j1_2026_05290000_京都_名古屋,2027-05-29 00:00:00,サンガＳ,京都,名古屋,,,4.89,8.11,0.0,0.0,,,,,,,4.89,8.11,,,False,False,False,28.2,4.8,,,,True,13.1,4.4,8.1,1.1,386.2,69.0,8.4,52.3,16.1,40.7,14.3,19.0,47.3,52.5,10.9,16.3,37.7,21.0,114.0,157.0,57.0,53.0,30.0,68.0,12.9,3.5,1.4,24.7,17.8,67.0,22.3,1.3,28.4,1.5,27.6,2.0,0.0,13.3,4.5,12.9,1.7,443.2,76.3,10.6,59.7,14.2,45.7,17.0,15.3,51.9,52.2,11.7,19.2,35.9,26.7,113.0,138.0,54.0,45.0,32.0,68.0,14.2,5.0,1.6,22.8,18.9,67.9,20.1,1.4,25.0,1.3,24.2,5.0,0.0,,0,0,0,,0,0,0,京都,名古屋,,,,,,,,,,,,left_only
第３７節第１日,j1_2026_05290000_C大阪_浦和,2027-05-29 00:00:00,ハナサカ,Ｃ大阪,浦和,,,4.61,5.74,0.0,0.0,,,,,,,4.61,5.74,,,False,False,False,28.2,4.8,,,,True,11.6,4.1,12.4,1.4,449.3,76.7,10.7,57.5,19.7,44.8,13.6,14.7,53.7,50.2,11.2,16.7,34.3,24.6,121.0,142.0,54.0,44.0,35.0,71.0,13.9,3.8,1.1,29.8,18.0,58.6,23.9,1.2,29.7,1.6,26.5,6.0,0.0,13.9,4.2,10.0,1.4,474.2,79.3,11.6,54.8,14.3,53.7,13.3,12.9,50.1,52.3,10.7,18.5,32.2,25.2,116.0,143.0,52.0,47.0,33.0,65.0,12.4,3.1,1.0,20.3,18.7,65.2,19.3,1.6,20.5,1.1,18.1,7.0,0.0,,0,0,0,,0,0,0,C大阪,浦和,,,,,,,,,,,,left_only
第３７節第１日,j1_2026_05290000_広島_水戸,2027-05-29 00:00:00,Ｅピース,広島,水戸,,,2.82,7.23,0.0,0.0,,,,,,,2.82,7.23,,,False,False,False,28.2,4.8,,,,True,16.1,4.5,10.0,1.6,457.5,74.0,9.2,51.2,17.4,45.4,17.5,19.0,51.1,52.6,13.0,15.7,40.8,33.5,111.0,131.0,56.0,40.0,31.0,65.0,9.8,3.1,1.2,18.8,16.6,66.1,21.7,1.5,20.0,1.1,19.2,4.0,0.0,10.9,3.2,9.6,1.1,439.2,77.1,11.3,47.8,8.8,45.6,11.4,14.1,45.8,50.3,8.7,14.9,31.2,18.0,117.0,127.0,47.0,41.0,32.0,56.0,11.9,4.3,1.9,20.5,15.2,62.8,20.2,1.7,26.1,1.4,22.9,2.0,0.0,,0,0,0,,0,0,0,広島,水戸,,,,,,,,,,,,left_only
第３７節第１日,j1_2026_05290000_福岡_川崎F,2027-05-29 00:00:00,ベススタ,福岡,川崎Ｆ,,,3.52,7.07,0.0,0.0,,,,,,,3.52,7.07,,,False,False,False,28.2,4.8,,,,True,10.8,3.2,8.7,0.9,340.2,71.0,10.1,44.8,9.4,44.1,10.1,17.0,46.7,42.8,8.3,15.3,33.3,17.3,116.0,112.0,35.0,40.0,28.0,46.0,11.8,3.5,1.5,26.2,17.8,60.9,19.1,1.8,21.6,1.2,20.8,2.0,0.0,11.9,3.5,10.7,1.3,511.2,81.3,9.9,52.2,16.0,51.0,13.9,10.4,45.0,50.5,11.6,15.2,33.9,21.5,114.0,121.0,50.0,38.0,32.0,61.0,14.2,4.3,1.5,20.0,15.3,65.6,19.1,1.6,28.3,1.5,27.5,3.0,0.0,,0,0,0,,0,0,0,福岡,川崎F,,,,,,,,,,,,left_only
第３７節第１日,j1_2026_05290000_長崎_町田,2027-05-29 00:00:00,ピースタ,長崎,町田,,,4.06,8.49,0.0,0.0,,2026-04-26,,398,,long_haul,4.06,8.49,,,False,False,False,28.2,4.8,,,,True,10.9,3.4,10.2,1.1,404.4,73.9,10.3,49.7,10.5,44.4,9.7,15.8,49.1,48.1,8.8,14.9,33.2,23.0,112.0,133.0,46.0,42.0,28.0,58.0,15.0,4.9,1.6,26.8,15.4,63.9,20.3,2.5,30.0,1.6,27.6,3.0,0.0,11.4,3.7,11.2,1.3,412.2,77.6,11.9,55.1,9.2,50.0,11.8,13.8,50.4,45.3,8.6,17.8,30.9,20.3,118.0,113.0,42.0,35.0,31.0,50.0,11.5,3.7,1.1,18.0,16.8,67.0,18.8,1.3,20.4,1.1,18.0,7.0,0.0,,0,0,0,,0,0,0,長崎,町田,,,,,,,,,,,,left_only
第３８節第１日,j1_2026_06060000_水戸_横浜FM,2027-06-06 00:00:00,水戸信ス,水戸,横浜FM,,,4.03,6.57,0.0,0.0,,,,,,,4.03,6.57,,,False,False,False,28.2,4.8,,,,True,10.9,3.2,9.6,1.1,439.2,77.1,11.3,47.8,8.8,45.6,11.4,14.1,45.8,50.3,8.7,14.9,31.2,18.0,117.0,127.0,47.0,41.0,32.0,56.0,11.9,4.3,1.9,20.5,15.2,62.8,20.2,1.7,26.1,1.4,22.9,2.0,0.0,11.8,3.0,13.2,1.6,384.9,73.3,10.4,50.5,12.5,46.7,14.1,14.8,48.0,47.6,9.4,16.8,26.7,22.3,117.0,135.0,46.0,37.0,30.0,53.0,10.4,3.5,1.6,21.6,17.8,64.7,17.8,1.1,20.4,1.1,18.8,3.0,0.0,,0,0,0,,0,0,0,水戸,横浜FM,,,,,,,,,,,,left_only
第３８節第１日,j1_2026_06060000_千葉_柏,2027-06-06 00:00:00,フクアリ,千葉,柏,,,4.29,7.81,0.0,0.0,,,,,,,4.29,7.81,,,False,False,False,28.2,4.8,,,,True,11.4,3.7,8.7,1.0,414.3,76.3,12.1,50.0,9.1,38.6,12.5,14.4,52.2,47.2,8.5,16.1,29.6,21.6,119.0,122.0,39.0,41.0,34.0,52.0,16.6,5.0,1.7,27.9,16.5,60.9,17.6,1.7,31.5,1.7,29.8,2.0,0.0,12.8,3.6,9.1,1.2,564.8,82.2,12.8,51.7,19.6,52.3,15.7,11.3,53.1,55.5,13.3,18.6,32.7,25.6,120.0,137.0,58.0,46.0,40.0,70.0,11.6,3.8,1.3,20.5,16.9,70.8,16.4,1.3,22.4,1.2,20.8,5.0,0.0,,0,0,0,,0,0,0,千葉,柏,,,,,,,,,,,,left_only
第３８節第１日,j1_2026_06060000_町田_C大阪,2027-06-06 00:00:00,Ｇスタ,町田,Ｃ大阪,,,5.0,7.92,0.0,0.0,2026-04-26,,406,,long_haul,,5.0,7.92,,,False,False,False,28.2,4.8,,,,True,11.4,3.7,11.2,1.3,412.2,77.6,11.9,55.1,9.2,50.0,11.8,13.8,50.4,45.3,8.6,17.8,30.9,20.3,118.0,113.0,42.0,35.0,31.0,50.0,11.5,3.7,1.1,18.0,16.8,67.0,18.8,1.3,20.4,1.1,18.0,7.0,0.0,11.6,4.1,12.4,1.4,449.3,76.7,10.7,57.5,19.7,44.8,13.6,14.7,53.7,50.2,11.2,16.7,34.3,24.6,121.0,142.0,54.0,44.0,35.0,71.0,13.9,3.8,1.1,29.8,18.0,58.6,23.9,1.2,29.7,1.6,26.5,6.0,0.0,,0,0,0,,0,0,0,町田,C大阪,,,,,,,,,,,,left_only
第３８節第１日,j1_2026_06060000_川崎F_広島,2027-06-06 00:00:00,Ｕ等々力,川崎Ｆ,広島,,,3.71,6.32,0.0,0.0,,,,,,,3.71,6.32,,,False,False,False,28.2,4.8,,,,True,11.9,3.5,10.7,1.3,511.2,81.3,9.9,52.2,16.0,51.0,13.9,10.4,45.0,50.5,11.6,15.2,33.9,21.5,114.0,121.0,50.0,38.0,32.0,61.0,14.2,4.3,1.5,20.0,15.3,65.6,19.1,1.6,28.3,1.5,27.5,3.0,0.0,16.1,4.5,10.0,1.6,457.5,74.0,9.2,51.2,17.4,45.4,17.5,19.0,51.1,52.6,13.0,15.7,40.8,33.5,111.0,131.0,56.0,40.0,31.0,65.0,9.8,3.1,1.2,18.8,16.6,66.1,21.7,1.5,20.0,1.1,19.2,4.0,0.0,,0,0,0,,0,0,0,川崎F,広島,,,,,,,,,,,,left_only
第３８節第１日,j1_2026_06060000_清水_長崎,2027-06-06 00:00:00,アイスタ,清水,長崎,,,4.95,7.27,0.0,0.0,,,,,,,4.95,7.27,,,False,False,False,28.2,4.8,,,,True,10.7,2.8,9.9,1.1,408.3,70.9,7.7,46.8,12.6,44.9,14.6,21.6,47.8,49.6,8.4,14.2,37.9,21.0,112.0,126.0,47.0,37.0,29.0,59.0,12.3,3.9,1.2,24.1,16.2,65.3,19.8,1.9,25.1,1.3,24.3,3.0,0.0,10.9,3.4,10.2,1.1,404.4,73.9,10.3,49.7,10.5,44.4,9.7,15.8,49.1,48.1,8.8,14.9,33.2,23.0,112.0,133.0,46.0,42.0,28.0,58.0,15.0,4.9,1.6,26.8,15.4,63.9,20.3,2.5,30.0,1.6,27.6,3.0,0.0,,0,0,0,,0,0,0,清水,長崎,,,,,,,,,,,,left_only
第３８節第１日,j1_2026_06060000_名古屋_東京V,2027-06-06 00:00:00,●未定●,名古屋,東京Ｖ,,,4.71,7.11,0.0,0.0,,,,,,,4.71,7.11,,,False,False,False,28.2,4.8,,,,True,13.3,4.5,12.9,1.7,443.2,76.3,10.6,59.7,14.2,45.7,17.0,15.3,51.9,52.2,11.7,19.2,35.9,26.7,113.0,138.0,54.0,45.0,32.0,68.0,14.2,5.0,1.6,22.8,18.9,67.9,20.1,1.4,25.0,1.3,24.2,5.0,0.0,9.6,2.8,11.0,1.1,372.7,73.4,8.7,35.3,8.6,45.5,10.5,16.9,50.0,44.1,7.7,15.0,28.2,16.1,119.0,143.0,50.0,47.0,29.0,54.0,10.6,3.1,1.4,23.3,19.3,62.0,21.7,1.3,20.5,1.1,18.9,6.0,0.0,,0,0,0,,0,0,0,名古屋,東京V,,,,,,,,,,,,left_only
第３８節第１日,j1_2026_06060000_神戸_京都,2027-06-06 00:00:00,ノエスタ,神戸,京都,,,4.79,7.93,0.0,0.0,2026-04-16,,416,,long_haul,,4.79,7.93,,,False,False,False,28.2,4.8,,,,True,12.9,4.2,11.6,1.5,461.1,74.1,7.2,49.2,10.9,50.0,15.3,25.6,52.1,53.8,9.8,13.7,38.1,30.2,115.0,136.0,47.0,41.0,32.0,58.0,10.8,3.9,1.2,24.8,16.4,61.8,20.2,1.7,19.9,1.1,19.0,6.0,0.0,13.1,4.4,8.1,1.1,386.2,69.0,8.4,52.3,16.1,40.7,14.3,19.0,47.3,52.5,10.9,16.3,37.7,21.0,114.0,157.0,57.0,53.0,30.0,68.0,12.9,3.5,1.4,24.7,17.8,67.0,22.3,1.3,28.4,1.5,27.6,2.0,0.0,,0,0,0,,0,0,0,神戸,京都,,,,,,,,,,,,left_only
第３８節第１日,j1_2026_06060000_岡山_福岡,2027-06-06 00:00:00,ＪＦＥス,岡山,福岡,,,3.32,6.87,0.0,0.0,,,,,,,3.32,6.87,,,False,False,False,28.2,4.8,,,,True,11.7,3.6,11.4,1.3,316.9,65.8,10.5,50.8,10.9,51.0,16.6,20.6,53.2,42.8,9.3,14.9,34.2,23.6,113.0,138.0,54.0,44.0,27.0,65.0,11.4,4.2,1.4,27.2,16.4,58.4,22.8,1.6,21.1,1.1,20.3,5.0,0.0,10.8,3.2,8.7,0.9,340.2,71.0,10.1,44.8,9.4,44.1,10.1,17.0,46.7,42.8,8.3,15.3,33.3,17.3,116.0,112.0,35.0,40.0,28.0,46.0,11.8,3.5,1.5,26.2,17.8,60.9,19.1,1.8,21.6,1.2,20.8,2.0,0.0,,0,0,0,,0,0,0,岡山,福岡,,,,,,,,,,,,left_only
第２０節第２日,j1_2026_round_第20節第2日_京都_岡山,,サンガＳ,京都,岡山,,,,,0.0,0.0,,,,,,,0.0,0.0,,,False,False,False,28.2,4.8,,,,True,13.1,4.4,8.1,1.1,386.2,69.0,8.4,52.3,16.1,40.7,14.3,19.0,47.3,52.5,10.9,16.3,37.7,21.0,114.0,157.0,57.0,53.0,30.0,68.0,12.9,3.5,1.4,24.7,17.8,67.0,22.3,1.3,28.4,1.5,27.6,2.0,0.0,11.7,3.6,11.4,1.3,316.9,65.8,10.5,50.8,10.9,51.0,16.6,20.6,53.2,42.8,9.3,14.9,34.2,23.6,113.0,138.0,54.0,44.0,27.0,65.0,11.4,4.2,1.4,27.2,16.4,58.4,22.8,1.6,21.1,1.1,20.3,5.0,0.0,,0,0,0,,0,0,0,京都,岡山,,,,,,,,,,,,left_only
