kind,H_cnt,D_cnt,A_cnt,total,H_pct,D_pct,A_pct,filter
pred,3,2,2,7,42.857142857142854,28.571428571428573,28.571428571428573,round_no=4 (from 節)
