ticket,hits,total,hit_rate
ticket01,5,13,0.38461538461538464
ticket02,5,13,0.38461538461538464
ticket03,4,13,0.3076923076923077
ticket04,7,13,0.5384615384615384
ticket05,6,13,0.46153846153846156
ticket06,3,13,0.23076923076923078
ticket07,3,13,0.23076923076923078
ticket08,4,13,0.3076923076923077
ticket09,4,13,0.3076923076923077
ticket10,7,13,0.5384615384615384
