{
  "league": "j1",
  "feature_profile": "j1_full",
  "rows": 380,
  "avg_prob_draw": 0.22759384031632962,
  "actual_D_rate": 0.25526315789473686,
  "draw_diff_pp": -2.766931757840724
}