{
  "accuracy": 0.543859649122807,
  "logloss": 0.9849438908863745,
  "confusion": [
    [
      37,
      10,
      4
    ],
    [
      11,
      13,
      9
    ],
    [
      7,
      11,
      12
    ]
  ]
}