{
  "league": "j1",
  "feature_profile": "j1_core",
  "rows": 16,
  "avg_prob_draw": 0.9999999999993281,
  "actual_D_rate": 1.0,
  "draw_diff_pp": -6.719069745031447e-11
}