{
  "accuracy": 0.43859649122807015,
  "logloss": 1.0665160744698639,
  "confusion": [
    [
      54,
      15,
      25
    ],
    [
      22,
      12,
      31
    ],
    [
      20,
      15,
      34
    ]
  ]
}