{
  "accuracy": 0.4298245614035088,
  "logloss": 1.0662624296562897,
  "confusion": [
    [
      32,
      0,
      12
    ],
    [
      17,
      0,
      14
    ],
    [
      22,
      0,
      17
    ]
  ]
}