{
  "accuracy": 0.5350877192982456,
  "logloss": 0.9964620419475817,
  "confusion": [
    [
      37,
      11,
      3
    ],
    [
      12,
      11,
      10
    ],
    [
      9,
      8,
      13
    ]
  ]
}