{
  "league": "j2",
  "feature_profile": "j2_core",
  "rows": 6,
  "avg_prob_draw": 0.9999999999986793,
  "actual_D_rate": 1.0,
  "draw_diff_pp": -1.3207213100940862e-10
}