{
  "accuracy": 0.5263157894736842,
  "logloss": 0.9888244497336475,
  "confusion": [
    [
      36,
      11,
      4
    ],
    [
      12,
      12,
      9
    ],
    [
      9,
      9,
      12
    ]
  ]
}