{
  "accuracy": 0.45614035087719296,
  "logloss": 1.0727699586081276,
  "confusion": [
    [
      51,
      0,
      0
    ],
    [
      31,
      0,
      2
    ],
    [
      29,
      0,
      1
    ]
  ]
}