{
  "accuracy": 0.5087719298245614,
  "logloss": 1.0653851975381294,
  "confusion": [
    [
      47,
      0,
      4
    ],
    [
      26,
      0,
      7
    ],
    [
      19,
      0,
      11
    ]
  ]
}