{
  "accuracy": 0.43859649122807015,
  "logloss": 1.0731948947652117,
  "confusion": [
    [
      25,
      7,
      12
    ],
    [
      11,
      6,
      14
    ],
    [
      12,
      8,
      19
    ]
  ]
}