{
  "accuracy": 0.4473684210526316,
  "logloss": 1.0338775177575088,
  "confusion": [
    [
      24,
      8,
      12
    ],
    [
      9,
      7,
      15
    ],
    [
      5,
      14,
      20
    ]
  ]
}