{
  "accuracy": 0.49122807017543857,
  "logloss": 1.0489102668092458,
  "confusion": [
    [
      32,
      6,
      13
    ],
    [
      11,
      7,
      15
    ],
    [
      8,
      5,
      17
    ]
  ]
}