ticket,hits,total,hit_rate
ticket01,7,13,0.5384615384615384
ticket02,6,13,0.46153846153846156
ticket03,6,13,0.46153846153846156
ticket04,7,13,0.5384615384615384
ticket05,6,13,0.46153846153846156
ticket06,5,13,0.38461538461538464
ticket07,5,13,0.38461538461538464
ticket08,6,13,0.46153846153846156
ticket09,4,13,0.3076923076923077
ticket10,9,13,0.6923076923076923
