ticket,hits,total,hit_rate
ticket01,4,13,0.3076923076923077
ticket02,4,13,0.3076923076923077
ticket03,4,13,0.3076923076923077
ticket04,5,13,0.38461538461538464
ticket05,5,13,0.38461538461538464
ticket06,5,13,0.38461538461538464
ticket07,3,13,0.23076923076923078
ticket08,3,13,0.23076923076923078
ticket09,4,13,0.3076923076923077
ticket10,3,13,0.23076923076923078
