team_name,player_name,position_norm,appearances,goals,minutes,team_matches,regular_rate,attack_share_raw,attack_share,defense_share_raw,defense_share
TeamA,A_GK,GK,30,0,2700,31,0.967741935483871,0.0,0.0,1.0,0.967741935483871
TeamA,A_DF1,DF,31,2,2790,31,1.0,0.0,0.0,0.8,0.8
TeamA,A_MF1,MF,29,6,2500,31,0.9354838709677419,0.3,0.2806451612903226,0.4,0.3741935483870968
TeamA,A_FW1,FW,27,12,2200,31,0.8709677419354839,0.6,0.5225806451612903,0.2,0.17419354838709677
TeamB,B_GK,GK,32,0,2880,32,1.0,0.0,0.0,1.0,1.0
TeamB,B_DF1,DF,25,1,2100,32,0.78125,0.0,0.0,0.8,0.625
TeamB,B_MF1,MF,30,4,2450,32,0.9375,0.2857142857142857,0.26785714285714285,0.4,0.375
TeamB,B_FW1,FW,0,9,1800,32,0.625,0.6428571428571429,0.4017857142857143,0.2,0.125
