ticket,hits,total,hit_rate
ticket01,8,13,0.6153846153846154
ticket02,7,13,0.5384615384615384
ticket03,6,13,0.46153846153846156
ticket04,5,13,0.38461538461538464
ticket05,6,13,0.46153846153846156
ticket06,9,13,0.6923076923076923
ticket07,6,13,0.46153846153846156
ticket08,5,13,0.38461538461538464
ticket09,4,13,0.3076923076923077
ticket10,6,13,0.46153846153846156
