snapshot_date,asof_date,league,season,source_file,page_label,title,section_title,table_index,team_name,team_key,headers_json,values_json
20260802,20260609,j2,,AGI KAGI.html,"リーグサマリー:2026特別 J2J3百年構想リーグ AGI,KAGI | データによってサッカーはもっと輝く | Football LAB","リーグサマリー:2026特別 J2J3百年構想リーグ AGI,KAGI | データによってサッカーはもっと輝く | Football LAB",AGI,1,鹿児島,鹿児島,"[""AGI"", ""ゴール"", ""シュート"", ""成績順位""]","[""63.8"", ""1.25"", ""14.7"", ""2""]"
20260802,20260609,j2,,AGI KAGI.html,"リーグサマリー:2026特別 J2J3百年構想リーグ AGI,KAGI | データによってサッカーはもっと輝く | Football LAB","リーグサマリー:2026特別 J2J3百年構想リーグ AGI,KAGI | データによってサッカーはもっと輝く | Football LAB",AGI,1,FC大阪,FC大阪,"[""AGI"", ""ゴール"", ""シュート"", ""成績順位""]","[""59.8"", ""0.85"", ""15.45"", ""8""]"
20260802,20260609,j2,,AGI KAGI.html,"リーグサマリー:2026特別 J2J3百年構想リーグ AGI,KAGI | データによってサッカーはもっと輝く | Football LAB","リーグサマリー:2026特別 J2J3百年構想リーグ AGI,KAGI | データによってサッカーはもっと輝く | Football LAB",AGI,1,秋田,秋田,"[""AGI"", ""ゴール"", ""シュート"", ""成績順位""]","[""59.3"", ""1.1"", ""12.5"", ""2""]"
20260802,20260609,j2,,AGI KAGI.html,"リーグサマリー:2026特別 J2J3百年構想リーグ AGI,KAGI | データによってサッカーはもっと輝く | Football LAB","リーグサマリー:2026特別 J2J3百年構想リーグ AGI,KAGI | データによってサッカーはもっと輝く | Football LAB",AGI,1,いわき,いわき,"[""AGI"", ""ゴール"", ""シュート"", ""成績順位""]","[""59.0"", ""1.2"", ""15.5"", ""3""]"
20260802,20260609,j2,,AGI KAGI.html,"リーグサマリー:2026特別 J2J3百年構想リーグ AGI,KAGI | データによってサッカーはもっと輝く | Football LAB","リーグサマリー:2026特別 J2J3百年構想リーグ AGI,KAGI | データによってサッカーはもっと輝く | Football LAB",AGI,1,富山,富山,"[""AGI"", ""ゴール"", ""シュート"", ""成績順位""]","[""56.5"", ""1.9"", ""17.95"", ""1""]"
20260802,20260609,j2,,AGI KAGI.html,"リーグサマリー:2026特別 J2J3百年構想リーグ AGI,KAGI | データによってサッカーはもっと輝く | Football LAB","リーグサマリー:2026特別 J2J3百年構想リーグ AGI,KAGI | データによってサッカーはもっと輝く | Football LAB",AGI,1,相模原,相模原,"[""AGI"", ""ゴール"", ""シュート"", ""成績順位""]","[""56.4"", ""1.85"", ""13.45"", ""5""]"
20260802,20260609,j2,,AGI KAGI.html,"リーグサマリー:2026特別 J2J3百年構想リーグ AGI,KAGI | データによってサッカーはもっと輝く | Football LAB","リーグサマリー:2026特別 J2J3百年構想リーグ AGI,KAGI | データによってサッカーはもっと輝く | Football LAB",AGI,1,八戸,八戸,"[""AGI"", ""ゴール"", ""シュート"", ""成績順位""]","[""55.3"", ""0.75"", ""12.35"", ""9""]"
20260802,20260609,j2,,AGI KAGI.html,"リーグサマリー:2026特別 J2J3百年構想リーグ AGI,KAGI | データによってサッカーはもっと輝く | Football LAB","リーグサマリー:2026特別 J2J3百年構想リーグ AGI,KAGI | データによってサッカーはもっと輝く | Football LAB",AGI,1,岐阜,岐阜,"[""AGI"", ""ゴール"", ""シュート"", ""成績順位""]","[""54.1"", ""1.3"", ""14.8"", ""6""]"
20260802,20260609,j2,,AGI KAGI.html,"リーグサマリー:2026特別 J2J3百年構想リーグ AGI,KAGI | データによってサッカーはもっと輝く | Football LAB","リーグサマリー:2026特別 J2J3百年構想リーグ AGI,KAGI | データによってサッカーはもっと輝く | Football LAB",AGI,1,大宮,大宮,"[""AGI"", ""ゴール"", ""シュート"", ""成績順位""]","[""53.4"", ""2.05"", ""15.55"", ""4""]"
20260802,20260609,j2,,AGI KAGI.html,"リーグサマリー:2026特別 J2J3百年構想リーグ AGI,KAGI | データによってサッカーはもっと輝く | Football LAB","リーグサマリー:2026特別 J2J3百年構想リーグ AGI,KAGI | データによってサッカーはもっと輝く | Football LAB",AGI,1,愛媛,愛媛,"[""AGI"", ""ゴール"", ""シュート"", ""成績順位""]","[""53.2"", ""1.1"", ""13.45"", ""5""]"
20260802,20260609,j2,,AGI KAGI.html,"リーグサマリー:2026特別 J2J3百年構想リーグ AGI,KAGI | データによってサッカーはもっと輝く | Football LAB","リーグサマリー:2026特別 J2J3百年構想リーグ AGI,KAGI | データによってサッカーはもっと輝く | Football LAB",AGI,1,金沢,金沢,"[""AGI"", ""ゴール"", ""シュート"", ""成績順位""]","[""52.7"", ""0.95"", ""12.6"", ""6""]"
20260802,20260609,j2,,AGI KAGI.html,"リーグサマリー:2026特別 J2J3百年構想リーグ AGI,KAGI | データによってサッカーはもっと輝く | Football LAB","リーグサマリー:2026特別 J2J3百年構想リーグ AGI,KAGI | データによってサッカーはもっと輝く | Football LAB",AGI,1,横浜FC,横浜FC,"[""AGI"", ""ゴール"", ""シュート"", ""成績順位""]","[""52.1"", ""1.8"", ""16.75"", ""4""]"
20260802,20260609,j2,,AGI KAGI.html,"リーグサマリー:2026特別 J2J3百年構想リーグ AGI,KAGI | データによってサッカーはもっと輝く | Football LAB","リーグサマリー:2026特別 J2J3百年構想リーグ AGI,KAGI | データによってサッカーはもっと輝く | Football LAB",AGI,1,松本,松本,"[""AGI"", ""ゴール"", ""シュート"", ""成績順位""]","[""51.6"", ""1.65"", ""13.85"", ""7""]"
20260802,20260609,j2,,AGI KAGI.html,"リーグサマリー:2026特別 J2J3百年構想リーグ AGI,KAGI | データによってサッカーはもっと輝く | Football LAB","リーグサマリー:2026特別 J2J3百年構想リーグ AGI,KAGI | データによってサッカーはもっと輝く | Football LAB",AGI,1,藤枝,藤枝,"[""AGI"", ""ゴール"", ""シュート"", ""成績順位""]","[""50.4"", ""1.25"", ""12.75"", ""5""]"
20260802,20260609,j2,,AGI KAGI.html,"リーグサマリー:2026特別 J2J3百年構想リーグ AGI,KAGI | データによってサッカーはもっと輝く | Football LAB","リーグサマリー:2026特別 J2J3百年構想リーグ AGI,KAGI | データによってサッカーはもっと輝く | Football LAB",AGI,1,宮崎,宮崎,"[""AGI"", ""ゴール"", ""シュート"", ""成績順位""]","[""50.3"", ""1.8"", ""12.65"", ""1""]"
20260802,20260609,j2,,AGI KAGI.html,"リーグサマリー:2026特別 J2J3百年構想リーグ AGI,KAGI | データによってサッカーはもっと輝く | Football LAB","リーグサマリー:2026特別 J2J3百年構想リーグ AGI,KAGI | データによってサッカーはもっと輝く | Football LAB",AGI,1,湘南,湘南,"[""AGI"", ""ゴール"", ""シュート"", ""成績順位""]","[""50.1"", ""1.2"", ""10.75"", ""3""]"
20260802,20260609,j2,,AGI KAGI.html,"リーグサマリー:2026特別 J2J3百年構想リーグ AGI,KAGI | データによってサッカーはもっと輝く | Football LAB","リーグサマリー:2026特別 J2J3百年構想リーグ AGI,KAGI | データによってサッカーはもっと輝く | Football LAB",AGI,1,磐田,磐田,"[""AGI"", ""ゴール"", ""シュート"", ""成績順位""]","[""49.9"", ""1"", ""11.2"", ""8""]"
20260802,20260609,j2,,AGI KAGI.html,"リーグサマリー:2026特別 J2J3百年構想リーグ AGI,KAGI | データによってサッカーはもっと輝く | Football LAB","リーグサマリー:2026特別 J2J3百年構想リーグ AGI,KAGI | データによってサッカーはもっと輝く | Football LAB",AGI,1,甲府,甲府,"[""AGI"", ""ゴール"", ""シュート"", ""成績順位""]","[""49.8"", ""1.05"", ""9.8"", ""1""]"
20260802,20260609,j2,,AGI KAGI.html,"リーグサマリー:2026特別 J2J3百年構想リーグ AGI,KAGI | データによってサッカーはもっと輝く | Football LAB","リーグサマリー:2026特別 J2J3百年構想リーグ AGI,KAGI | データによってサッカーはもっと輝く | Football LAB",AGI,1,栃木SC,栃木SC,"[""AGI"", ""ゴール"", ""シュート"", ""成績順位""]","[""49.7"", ""1.2"", ""12.6"", ""10""]"
20260802,20260609,j2,,AGI KAGI.html,"リーグサマリー:2026特別 J2J3百年構想リーグ AGI,KAGI | データによってサッカーはもっと輝く | Football LAB","リーグサマリー:2026特別 J2J3百年構想リーグ AGI,KAGI | データによってサッカーはもっと輝く | Football LAB",AGI,1,今治,今治,"[""AGI"", ""ゴール"", ""シュート"", ""成績順位""]","[""49.3"", ""0.8"", ""11.9"", ""9""]"
20260802,20260609,j2,,AGI KAGI.html,"リーグサマリー:2026特別 J2J3百年構想リーグ AGI,KAGI | データによってサッカーはもっと輝く | Football LAB","リーグサマリー:2026特別 J2J3百年構想リーグ AGI,KAGI | データによってサッカーはもっと輝く | Football LAB",AGI,1,山口,山口,"[""AGI"", ""ゴール"", ""シュート"", ""成績順位""]","[""49.3"", ""1.35"", ""12.7"", ""4""]"
20260802,20260609,j2,,AGI KAGI.html,"リーグサマリー:2026特別 J2J3百年構想リーグ AGI,KAGI | データによってサッカーはもっと輝く | Football LAB","リーグサマリー:2026特別 J2J3百年構想リーグ AGI,KAGI | データによってサッカーはもっと輝く | Football LAB",AGI,1,滋賀,滋賀,"[""AGI"", ""ゴール"", ""シュート"", ""成績順位""]","[""48.8"", ""0.85"", ""10.3"", ""8""]"
20260802,20260609,j2,,AGI KAGI.html,"リーグサマリー:2026特別 J2J3百年構想リーグ AGI,KAGI | データによってサッカーはもっと輝く | Football LAB","リーグサマリー:2026特別 J2J3百年構想リーグ AGI,KAGI | データによってサッカーはもっと輝く | Football LAB",AGI,1,讃岐,讃岐,"[""AGI"", ""ゴール"", ""シュート"", ""成績順位""]","[""48.4"", ""0.8"", ""10.5"", ""10""]"
20260802,20260609,j2,,AGI KAGI.html,"リーグサマリー:2026特別 J2J3百年構想リーグ AGI,KAGI | データによってサッカーはもっと輝く | Football LAB","リーグサマリー:2026特別 J2J3百年構想リーグ AGI,KAGI | データによってサッカーはもっと輝く | Football LAB",AGI,1,鳥栖,鳥栖,"[""AGI"", ""ゴール"", ""シュート"", ""成績順位""]","[""48.3"", ""1.3"", ""13.75"", ""3""]"
20260802,20260609,j2,,AGI KAGI.html,"リーグサマリー:2026特別 J2J3百年構想リーグ AGI,KAGI | データによってサッカーはもっと輝く | Football LAB","リーグサマリー:2026特別 J2J3百年構想リーグ AGI,KAGI | データによってサッカーはもっと輝く | Football LAB",AGI,1,仙台,仙台,"[""AGI"", ""ゴール"", ""シュート"", ""成績順位""]","[""48.2"", ""1.7"", ""14.5"", ""1""]"
20260802,20260609,j2,,AGI KAGI.html,"リーグサマリー:2026特別 J2J3百年構想リーグ AGI,KAGI | データによってサッカーはもっと輝く | Football LAB","リーグサマリー:2026特別 J2J3百年構想リーグ AGI,KAGI | データによってサッカーはもっと輝く | Football LAB",AGI,1,大分,大分,"[""AGI"", ""ゴール"", ""シュート"", ""成績順位""]","[""48.2"", ""1.05"", ""11.8"", ""7""]"
20260802,20260609,j2,,AGI KAGI.html,"リーグサマリー:2026特別 J2J3百年構想リーグ AGI,KAGI | データによってサッカーはもっと輝く | Football LAB","リーグサマリー:2026特別 J2J3百年構想リーグ AGI,KAGI | データによってサッカーはもっと輝く | Football LAB",AGI,1,新潟,新潟,"[""AGI"", ""ゴール"", ""シュート"", ""成績順位""]","[""48.1"", ""1.05"", ""10.5"", ""2""]"
20260802,20260609,j2,,AGI KAGI.html,"リーグサマリー:2026特別 J2J3百年構想リーグ AGI,KAGI | データによってサッカーはもっと輝く | Football LAB","リーグサマリー:2026特別 J2J3百年構想リーグ AGI,KAGI | データによってサッカーはもっと輝く | Football LAB",AGI,1,栃木C,栃木C,"[""AGI"", ""ゴール"", ""シュート"", ""成績順位""]","[""47.6"", ""1.3"", ""12.15"", ""8""]"
20260802,20260609,j2,,AGI KAGI.html,"リーグサマリー:2026特別 J2J3百年構想リーグ AGI,KAGI | データによってサッカーはもっと輝く | Football LAB","リーグサマリー:2026特別 J2J3百年構想リーグ AGI,KAGI | データによってサッカーはもっと輝く | Football LAB",AGI,1,福島,福島,"[""AGI"", ""ゴール"", ""シュート"", ""成績順位""]","[""47.3"", ""1.5"", ""12.35"", ""9""]"
20260802,20260609,j2,,AGI KAGI.html,"リーグサマリー:2026特別 J2J3百年構想リーグ AGI,KAGI | データによってサッカーはもっと輝く | Football LAB","リーグサマリー:2026特別 J2J3百年構想リーグ AGI,KAGI | データによってサッカーはもっと輝く | Football LAB",AGI,1,札幌,札幌,"[""AGI"", ""ゴール"", ""シュート"", ""成績順位""]","[""47.2"", ""1.35"", ""12.7"", ""2""]"
20260802,20260609,j2,,AGI KAGI.html,"リーグサマリー:2026特別 J2J3百年構想リーグ AGI,KAGI | データによってサッカーはもっと輝く | Football LAB","リーグサマリー:2026特別 J2J3百年構想リーグ AGI,KAGI | データによってサッカーはもっと輝く | Football LAB",AGI,1,熊本,熊本,"[""AGI"", ""ゴール"", ""シュート"", ""成績順位""]","[""46.3"", ""1"", ""10.85"", ""5""]"
20260802,20260609,j2,,AGI KAGI.html,"リーグサマリー:2026特別 J2J3百年構想リーグ AGI,KAGI | データによってサッカーはもっと輝く | Football LAB","リーグサマリー:2026特別 J2J3百年構想リーグ AGI,KAGI | データによってサッカーはもっと輝く | Football LAB",AGI,1,長野,長野,"[""AGI"", ""ゴール"", ""シュート"", ""成績順位""]","[""46.2"", ""0.7"", ""9.05"", ""10""]"
20260802,20260609,j2,,AGI KAGI.html,"リーグサマリー:2026特別 J2J3百年構想リーグ AGI,KAGI | データによってサッカーはもっと輝く | Football LAB","リーグサマリー:2026特別 J2J3百年構想リーグ AGI,KAGI | データによってサッカーはもっと輝く | Football LAB",AGI,1,琉球,琉球,"[""AGI"", ""ゴール"", ""シュート"", ""成績順位""]","[""45.8"", ""0.8"", ""11.05"", ""9""]"
20260802,20260609,j2,,AGI KAGI.html,"リーグサマリー:2026特別 J2J3百年構想リーグ AGI,KAGI | データによってサッカーはもっと輝く | Football LAB","リーグサマリー:2026特別 J2J3百年構想リーグ AGI,KAGI | データによってサッカーはもっと輝く | Football LAB",AGI,1,山形,山形,"[""AGI"", ""ゴール"", ""シュート"", ""成績順位""]","[""44.9"", ""1.05"", ""10.85"", ""7""]"
20260802,20260609,j2,,AGI KAGI.html,"リーグサマリー:2026特別 J2J3百年構想リーグ AGI,KAGI | データによってサッカーはもっと輝く | Football LAB","リーグサマリー:2026特別 J2J3百年構想リーグ AGI,KAGI | データによってサッカーはもっと輝く | Football LAB",AGI,1,徳島,徳島,"[""AGI"", ""ゴール"", ""シュート"", ""成績順位""]","[""44.2"", ""2.05"", ""11.15"", ""3""]"
20260802,20260609,j2,,AGI KAGI.html,"リーグサマリー:2026特別 J2J3百年構想リーグ AGI,KAGI | データによってサッカーはもっと輝く | Football LAB","リーグサマリー:2026特別 J2J3百年構想リーグ AGI,KAGI | データによってサッカーはもっと輝く | Football LAB",AGI,1,高知,高知,"[""AGI"", ""ゴール"", ""シュート"", ""成績順位""]","[""44.1"", ""1.3"", ""11.5"", ""4""]"
20260802,20260609,j2,,AGI KAGI.html,"リーグサマリー:2026特別 J2J3百年構想リーグ AGI,KAGI | データによってサッカーはもっと輝く | Football LAB","リーグサマリー:2026特別 J2J3百年構想リーグ AGI,KAGI | データによってサッカーはもっと輝く | Football LAB",AGI,1,北九州,北九州,"[""AGI"", ""ゴール"", ""シュート"", ""成績順位""]","[""44.1"", ""0.95"", ""10.65"", ""10""]"
20260802,20260609,j2,,AGI KAGI.html,"リーグサマリー:2026特別 J2J3百年構想リーグ AGI,KAGI | データによってサッカーはもっと輝く | Football LAB","リーグサマリー:2026特別 J2J3百年構想リーグ AGI,KAGI | データによってサッカーはもっと輝く | Football LAB",AGI,1,群馬,群馬,"[""AGI"", ""ゴール"", ""シュート"", ""成績順位""]","[""44.0"", ""1.3"", ""11.2"", ""6""]"
20260802,20260609,j2,,AGI KAGI.html,"リーグサマリー:2026特別 J2J3百年構想リーグ AGI,KAGI | データによってサッカーはもっと輝く | Football LAB","リーグサマリー:2026特別 J2J3百年構想リーグ AGI,KAGI | データによってサッカーはもっと輝く | Football LAB",AGI,1,奈良,奈良,"[""AGI"", ""ゴール"", ""シュート"", ""成績順位""]","[""42.7"", ""1.55"", ""9.8"", ""7""]"
20260802,20260609,j2,,AGI KAGI.html,"リーグサマリー:2026特別 J2J3百年構想リーグ AGI,KAGI | データによってサッカーはもっと輝く | Football LAB","リーグサマリー:2026特別 J2J3百年構想リーグ AGI,KAGI | データによってサッカーはもっと輝く | Football LAB",AGI,1,鳥取,鳥取,"[""AGI"", ""ゴール"", ""シュート"", ""成績順位""]","[""39.5"", ""1.2"", ""9.95"", ""6""]"
20260802,20260609,j2,,AGI KAGI.html,"リーグサマリー:2026特別 J2J3百年構想リーグ AGI,KAGI | データによってサッカーはもっと輝く | Football LAB","リーグサマリー:2026特別 J2J3百年構想リーグ AGI,KAGI | データによってサッカーはもっと輝く | Football LAB",KAGI,2,鹿児島,鹿児島,"[""KAGI"", ""被ゴール"", ""被シュート"", ""成績順位""]","[""65.7"", ""0.7"", ""6.45"", ""2""]"
20260802,20260609,j2,,AGI KAGI.html,"リーグサマリー:2026特別 J2J3百年構想リーグ AGI,KAGI | データによってサッカーはもっと輝く | Football LAB","リーグサマリー:2026特別 J2J3百年構想リーグ AGI,KAGI | データによってサッカーはもっと輝く | Football LAB",KAGI,2,鳥栖,鳥栖,"[""KAGI"", ""被ゴール"", ""被シュート"", ""成績順位""]","[""56.0"", ""0.85"", ""8.8"", ""3""]"
20260802,20260609,j2,,AGI KAGI.html,"リーグサマリー:2026特別 J2J3百年構想リーグ AGI,KAGI | データによってサッカーはもっと輝く | Football LAB","リーグサマリー:2026特別 J2J3百年構想リーグ AGI,KAGI | データによってサッカーはもっと輝く | Football LAB",KAGI,2,仙台,仙台,"[""KAGI"", ""被ゴール"", ""被シュート"", ""成績順位""]","[""54.4"", ""0.8"", ""9.9"", ""1""]"
20260802,20260609,j2,,AGI KAGI.html,"リーグサマリー:2026特別 J2J3百年構想リーグ AGI,KAGI | データによってサッカーはもっと輝く | Football LAB","リーグサマリー:2026特別 J2J3百年構想リーグ AGI,KAGI | データによってサッカーはもっと輝く | Football LAB",KAGI,2,八戸,八戸,"[""KAGI"", ""被ゴール"", ""被シュート"", ""成績順位""]","[""54.0"", ""1"", ""9"", ""9""]"
20260802,20260609,j2,,AGI KAGI.html,"リーグサマリー:2026特別 J2J3百年構想リーグ AGI,KAGI | データによってサッカーはもっと輝く | Football LAB","リーグサマリー:2026特別 J2J3百年構想リーグ AGI,KAGI | データによってサッカーはもっと輝く | Football LAB",KAGI,2,宮崎,宮崎,"[""KAGI"", ""被ゴール"", ""被シュート"", ""成績順位""]","[""53.6"", ""0.65"", ""9.8"", ""1""]"
20260802,20260609,j2,,AGI KAGI.html,"リーグサマリー:2026特別 J2J3百年構想リーグ AGI,KAGI | データによってサッカーはもっと輝く | Football LAB","リーグサマリー:2026特別 J2J3百年構想リーグ AGI,KAGI | データによってサッカーはもっと輝く | Football LAB",KAGI,2,岐阜,岐阜,"[""KAGI"", ""被ゴール"", ""被シュート"", ""成績順位""]","[""53.4"", ""1.3"", ""10"", ""6""]"
20260802,20260609,j2,,AGI KAGI.html,"リーグサマリー:2026特別 J2J3百年構想リーグ AGI,KAGI | データによってサッカーはもっと輝く | Football LAB","リーグサマリー:2026特別 J2J3百年構想リーグ AGI,KAGI | データによってサッカーはもっと輝く | Football LAB",KAGI,2,大分,大分,"[""KAGI"", ""被ゴール"", ""被シュート"", ""成績順位""]","[""53.3"", ""1.1"", ""12.1"", ""7""]"
20260802,20260609,j2,,AGI KAGI.html,"リーグサマリー:2026特別 J2J3百年構想リーグ AGI,KAGI | データによってサッカーはもっと輝く | Football LAB","リーグサマリー:2026特別 J2J3百年構想リーグ AGI,KAGI | データによってサッカーはもっと輝く | Football LAB",KAGI,2,FC大阪,FC大阪,"[""KAGI"", ""被ゴール"", ""被シュート"", ""成績順位""]","[""52.9"", ""1"", ""10.3"", ""8""]"
20260802,20260609,j2,,AGI KAGI.html,"リーグサマリー:2026特別 J2J3百年構想リーグ AGI,KAGI | データによってサッカーはもっと輝く | Football LAB","リーグサマリー:2026特別 J2J3百年構想リーグ AGI,KAGI | データによってサッカーはもっと輝く | Football LAB",KAGI,2,栃木SC,栃木SC,"[""KAGI"", ""被ゴール"", ""被シュート"", ""成績順位""]","[""52.8"", ""1.45"", ""10.45"", ""10""]"
20260802,20260609,j2,,AGI KAGI.html,"リーグサマリー:2026特別 J2J3百年構想リーグ AGI,KAGI | データによってサッカーはもっと輝く | Football LAB","リーグサマリー:2026特別 J2J3百年構想リーグ AGI,KAGI | データによってサッカーはもっと輝く | Football LAB",KAGI,2,新潟,新潟,"[""KAGI"", ""被ゴール"", ""被シュート"", ""成績順位""]","[""52.5"", ""0.8"", ""12.4"", ""2""]"
20260802,20260609,j2,,AGI KAGI.html,"リーグサマリー:2026特別 J2J3百年構想リーグ AGI,KAGI | データによってサッカーはもっと輝く | Football LAB","リーグサマリー:2026特別 J2J3百年構想リーグ AGI,KAGI | データによってサッカーはもっと輝く | Football LAB",KAGI,2,松本,松本,"[""KAGI"", ""被ゴール"", ""被シュート"", ""成績順位""]","[""51.9"", ""1.2"", ""11.8"", ""7""]"
20260802,20260609,j2,,AGI KAGI.html,"リーグサマリー:2026特別 J2J3百年構想リーグ AGI,KAGI | データによってサッカーはもっと輝く | Football LAB","リーグサマリー:2026特別 J2J3百年構想リーグ AGI,KAGI | データによってサッカーはもっと輝く | Football LAB",KAGI,2,横浜FC,横浜FC,"[""KAGI"", ""被ゴール"", ""被シュート"", ""成績順位""]","[""51.8"", ""1.35"", ""10.3"", ""4""]"
20260802,20260609,j2,,AGI KAGI.html,"リーグサマリー:2026特別 J2J3百年構想リーグ AGI,KAGI | データによってサッカーはもっと輝く | Football LAB","リーグサマリー:2026特別 J2J3百年構想リーグ AGI,KAGI | データによってサッカーはもっと輝く | Football LAB",KAGI,2,高知,高知,"[""KAGI"", ""被ゴール"", ""被シュート"", ""成績順位""]","[""51.4"", ""1.3"", ""10.95"", ""4""]"
20260802,20260609,j2,,AGI KAGI.html,"リーグサマリー:2026特別 J2J3百年構想リーグ AGI,KAGI | データによってサッカーはもっと輝く | Football LAB","リーグサマリー:2026特別 J2J3百年構想リーグ AGI,KAGI | データによってサッカーはもっと輝く | Football LAB",KAGI,2,熊本,熊本,"[""KAGI"", ""被ゴール"", ""被シュート"", ""成績順位""]","[""51.4"", ""1.15"", ""12.2"", ""5""]"
20260802,20260609,j2,,AGI KAGI.html,"リーグサマリー:2026特別 J2J3百年構想リーグ AGI,KAGI | データによってサッカーはもっと輝く | Football LAB","リーグサマリー:2026特別 J2J3百年構想リーグ AGI,KAGI | データによってサッカーはもっと輝く | Football LAB",KAGI,2,今治,今治,"[""KAGI"", ""被ゴール"", ""被シュート"", ""成績順位""]","[""51.3"", ""1.05"", ""11.2"", ""9""]"
20260802,20260609,j2,,AGI KAGI.html,"リーグサマリー:2026特別 J2J3百年構想リーグ AGI,KAGI | データによってサッカーはもっと輝く | Football LAB","リーグサマリー:2026特別 J2J3百年構想リーグ AGI,KAGI | データによってサッカーはもっと輝く | Football LAB",KAGI,2,金沢,金沢,"[""KAGI"", ""被ゴール"", ""被シュート"", ""成績順位""]","[""51.3"", ""1.25"", ""12.95"", ""6""]"
20260802,20260609,j2,,AGI KAGI.html,"リーグサマリー:2026特別 J2J3百年構想リーグ AGI,KAGI | データによってサッカーはもっと輝く | Football LAB","リーグサマリー:2026特別 J2J3百年構想リーグ AGI,KAGI | データによってサッカーはもっと輝く | Football LAB",KAGI,2,磐田,磐田,"[""KAGI"", ""被ゴール"", ""被シュート"", ""成績順位""]","[""50.9"", ""1.4"", ""11.95"", ""8""]"
20260802,20260609,j2,,AGI KAGI.html,"リーグサマリー:2026特別 J2J3百年構想リーグ AGI,KAGI | データによってサッカーはもっと輝く | Football LAB","リーグサマリー:2026特別 J2J3百年構想リーグ AGI,KAGI | データによってサッカーはもっと輝く | Football LAB",KAGI,2,札幌,札幌,"[""KAGI"", ""被ゴール"", ""被シュート"", ""成績順位""]","[""50.9"", ""1.15"", ""12.95"", ""2""]"
20260802,20260609,j2,,AGI KAGI.html,"リーグサマリー:2026特別 J2J3百年構想リーグ AGI,KAGI | データによってサッカーはもっと輝く | Football LAB","リーグサマリー:2026特別 J2J3百年構想リーグ AGI,KAGI | データによってサッカーはもっと輝く | Football LAB",KAGI,2,愛媛,愛媛,"[""KAGI"", ""被ゴール"", ""被シュート"", ""成績順位""]","[""50.6"", ""1"", ""11.75"", ""5""]"
20260802,20260609,j2,,AGI KAGI.html,"リーグサマリー:2026特別 J2J3百年構想リーグ AGI,KAGI | データによってサッカーはもっと輝く | Football LAB","リーグサマリー:2026特別 J2J3百年構想リーグ AGI,KAGI | データによってサッカーはもっと輝く | Football LAB",KAGI,2,甲府,甲府,"[""KAGI"", ""被ゴール"", ""被シュート"", ""成績順位""]","[""50.3"", ""0.8"", ""12.85"", ""1""]"
20260802,20260609,j2,,AGI KAGI.html,"リーグサマリー:2026特別 J2J3百年構想リーグ AGI,KAGI | データによってサッカーはもっと輝く | Football LAB","リーグサマリー:2026特別 J2J3百年構想リーグ AGI,KAGI | データによってサッカーはもっと輝く | Football LAB",KAGI,2,讃岐,讃岐,"[""KAGI"", ""被ゴール"", ""被シュート"", ""成績順位""]","[""50.1"", ""1.55"", ""12.7"", ""10""]"
20260802,20260609,j2,,AGI KAGI.html,"リーグサマリー:2026特別 J2J3百年構想リーグ AGI,KAGI | データによってサッカーはもっと輝く | Football LAB","リーグサマリー:2026特別 J2J3百年構想リーグ AGI,KAGI | データによってサッカーはもっと輝く | Football LAB",KAGI,2,秋田,秋田,"[""KAGI"", ""被ゴール"", ""被シュート"", ""成績順位""]","[""50.1"", ""0.85"", ""11.35"", ""2""]"
20260802,20260609,j2,,AGI KAGI.html,"リーグサマリー:2026特別 J2J3百年構想リーグ AGI,KAGI | データによってサッカーはもっと輝く | Football LAB","リーグサマリー:2026特別 J2J3百年構想リーグ AGI,KAGI | データによってサッカーはもっと輝く | Football LAB",KAGI,2,いわき,いわき,"[""KAGI"", ""被ゴール"", ""被シュート"", ""成績順位""]","[""50.1"", ""1.05"", ""10.5"", ""3""]"
20260802,20260609,j2,,AGI KAGI.html,"リーグサマリー:2026特別 J2J3百年構想リーグ AGI,KAGI | データによってサッカーはもっと輝く | Football LAB","リーグサマリー:2026特別 J2J3百年構想リーグ AGI,KAGI | データによってサッカーはもっと輝く | Football LAB",KAGI,2,富山,富山,"[""KAGI"", ""被ゴール"", ""被シュート"", ""成績順位""]","[""50.1"", ""1.2"", ""11.75"", ""1""]"
20260802,20260609,j2,,AGI KAGI.html,"リーグサマリー:2026特別 J2J3百年構想リーグ AGI,KAGI | データによってサッカーはもっと輝く | Football LAB","リーグサマリー:2026特別 J2J3百年構想リーグ AGI,KAGI | データによってサッカーはもっと輝く | Football LAB",KAGI,2,藤枝,藤枝,"[""KAGI"", ""被ゴール"", ""被シュート"", ""成績順位""]","[""49.6"", ""1.05"", ""12.35"", ""5""]"
20260802,20260609,j2,,AGI KAGI.html,"リーグサマリー:2026特別 J2J3百年構想リーグ AGI,KAGI | データによってサッカーはもっと輝く | Football LAB","リーグサマリー:2026特別 J2J3百年構想リーグ AGI,KAGI | データによってサッカーはもっと輝く | Football LAB",KAGI,2,大宮,大宮,"[""KAGI"", ""被ゴール"", ""被シュート"", ""成績順位""]","[""49.6"", ""1.5"", ""13.35"", ""4""]"
20260802,20260609,j2,,AGI KAGI.html,"リーグサマリー:2026特別 J2J3百年構想リーグ AGI,KAGI | データによってサッカーはもっと輝く | Football LAB","リーグサマリー:2026特別 J2J3百年構想リーグ AGI,KAGI | データによってサッカーはもっと輝く | Football LAB",KAGI,2,滋賀,滋賀,"[""KAGI"", ""被ゴール"", ""被シュート"", ""成績順位""]","[""49.4"", ""1.55"", ""14.55"", ""8""]"
20260802,20260609,j2,,AGI KAGI.html,"リーグサマリー:2026特別 J2J3百年構想リーグ AGI,KAGI | データによってサッカーはもっと輝く | Football LAB","リーグサマリー:2026特別 J2J3百年構想リーグ AGI,KAGI | データによってサッカーはもっと輝く | Football LAB",KAGI,2,鳥取,鳥取,"[""KAGI"", ""被ゴール"", ""被シュート"", ""成績順位""]","[""49.1"", ""1.3"", ""14.85"", ""6""]"
20260802,20260609,j2,,AGI KAGI.html,"リーグサマリー:2026特別 J2J3百年構想リーグ AGI,KAGI | データによってサッカーはもっと輝く | Football LAB","リーグサマリー:2026特別 J2J3百年構想リーグ AGI,KAGI | データによってサッカーはもっと輝く | Football LAB",KAGI,2,湘南,湘南,"[""KAGI"", ""被ゴール"", ""被シュート"", ""成績順位""]","[""48.9"", ""1.1"", ""13.75"", ""3""]"
20260802,20260609,j2,,AGI KAGI.html,"リーグサマリー:2026特別 J2J3百年構想リーグ AGI,KAGI | データによってサッカーはもっと輝く | Football LAB","リーグサマリー:2026特別 J2J3百年構想リーグ AGI,KAGI | データによってサッカーはもっと輝く | Football LAB",KAGI,2,長野,長野,"[""KAGI"", ""被ゴール"", ""被シュート"", ""成績順位""]","[""48.9"", ""1.65"", ""14.6"", ""10""]"
20260802,20260609,j2,,AGI KAGI.html,"リーグサマリー:2026特別 J2J3百年構想リーグ AGI,KAGI | データによってサッカーはもっと輝く | Football LAB","リーグサマリー:2026特別 J2J3百年構想リーグ AGI,KAGI | データによってサッカーはもっと輝く | Football LAB",KAGI,2,相模原,相模原,"[""KAGI"", ""被ゴール"", ""被シュート"", ""成績順位""]","[""48.5"", ""1.75"", ""14.3"", ""5""]"
20260802,20260609,j2,,AGI KAGI.html,"リーグサマリー:2026特別 J2J3百年構想リーグ AGI,KAGI | データによってサッカーはもっと輝く | Football LAB","リーグサマリー:2026特別 J2J3百年構想リーグ AGI,KAGI | データによってサッカーはもっと輝く | Football LAB",KAGI,2,山口,山口,"[""KAGI"", ""被ゴール"", ""被シュート"", ""成績順位""]","[""48.1"", ""1.2"", ""12.9"", ""4""]"
20260802,20260609,j2,,AGI KAGI.html,"リーグサマリー:2026特別 J2J3百年構想リーグ AGI,KAGI | データによってサッカーはもっと輝く | Football LAB","リーグサマリー:2026特別 J2J3百年構想リーグ AGI,KAGI | データによってサッカーはもっと輝く | Football LAB",KAGI,2,徳島,徳島,"[""KAGI"", ""被ゴール"", ""被シュート"", ""成績順位""]","[""47.0"", ""1.15"", ""12.9"", ""3""]"
20260802,20260609,j2,,AGI KAGI.html,"リーグサマリー:2026特別 J2J3百年構想リーグ AGI,KAGI | データによってサッカーはもっと輝く | Football LAB","リーグサマリー:2026特別 J2J3百年構想リーグ AGI,KAGI | データによってサッカーはもっと輝く | Football LAB",KAGI,2,群馬,群馬,"[""KAGI"", ""被ゴール"", ""被シュート"", ""成績順位""]","[""46.1"", ""1.95"", ""15.9"", ""6""]"
20260802,20260609,j2,,AGI KAGI.html,"リーグサマリー:2026特別 J2J3百年構想リーグ AGI,KAGI | データによってサッカーはもっと輝く | Football LAB","リーグサマリー:2026特別 J2J3百年構想リーグ AGI,KAGI | データによってサッカーはもっと輝く | Football LAB",KAGI,2,北九州,北九州,"[""KAGI"", ""被ゴール"", ""被シュート"", ""成績順位""]","[""45.9"", ""1.8"", ""15.05"", ""10""]"
20260802,20260609,j2,,AGI KAGI.html,"リーグサマリー:2026特別 J2J3百年構想リーグ AGI,KAGI | データによってサッカーはもっと輝く | Football LAB","リーグサマリー:2026特別 J2J3百年構想リーグ AGI,KAGI | データによってサッカーはもっと輝く | Football LAB",KAGI,2,栃木C,栃木C,"[""KAGI"", ""被ゴール"", ""被シュート"", ""成績順位""]","[""45.8"", ""1.7"", ""15.5"", ""8""]"
20260802,20260609,j2,,AGI KAGI.html,"リーグサマリー:2026特別 J2J3百年構想リーグ AGI,KAGI | データによってサッカーはもっと輝く | Football LAB","リーグサマリー:2026特別 J2J3百年構想リーグ AGI,KAGI | データによってサッカーはもっと輝く | Football LAB",KAGI,2,琉球,琉球,"[""KAGI"", ""被ゴール"", ""被シュート"", ""成績順位""]","[""45.2"", ""1.35"", ""15.2"", ""9""]"
20260802,20260609,j2,,AGI KAGI.html,"リーグサマリー:2026特別 J2J3百年構想リーグ AGI,KAGI | データによってサッカーはもっと輝く | Football LAB","リーグサマリー:2026特別 J2J3百年構想リーグ AGI,KAGI | データによってサッカーはもっと輝く | Football LAB",KAGI,2,山形,山形,"[""KAGI"", ""被ゴール"", ""被シュート"", ""成績順位""]","[""44.5"", ""1.3"", ""15.55"", ""7""]"
20260802,20260609,j2,,AGI KAGI.html,"リーグサマリー:2026特別 J2J3百年構想リーグ AGI,KAGI | データによってサッカーはもっと輝く | Football LAB","リーグサマリー:2026特別 J2J3百年構想リーグ AGI,KAGI | データによってサッカーはもっと輝く | Football LAB",KAGI,2,奈良,奈良,"[""KAGI"", ""被ゴール"", ""被シュート"", ""成績順位""]","[""44.5"", ""1.85"", ""16.55"", ""7""]"
20260802,20260609,j2,,AGI KAGI.html,"リーグサマリー:2026特別 J2J3百年構想リーグ AGI,KAGI | データによってサッカーはもっと輝く | Football LAB","リーグサマリー:2026特別 J2J3百年構想リーグ AGI,KAGI | データによってサッカーはもっと輝く | Football LAB",KAGI,2,福島,福島,"[""KAGI"", ""被ゴール"", ""被シュート"", ""成績順位""]","[""42.2"", ""2.05"", ""16.15"", ""9""]"
20260802,20260609,j2,,クロス.html,リーグサマリー:2026特別 J2J3百年構想リーグ チャンスビルディングポイント クロスポイント ランキング | データによってサッカーはもっと輝く | Football LAB,リーグサマリー:2026特別 J2J3百年構想リーグ チャンスビルディングポイント クロスポイント ランキング | データによってサッカーはもっと輝く | Football LAB,リーグサマリー:2026特別 J2J3百年構想リーグ チャンスビルディングポイント クロスポイント ランキング | データによってサッカーはもっと輝く | Football LAB,1,FC大阪,FC大阪,"[""クロスポイント"", ""試合平均"", ""最近5試合"", ""順位"", ""勝点"", ""得点"", ""失点""]","[""53.87"", ""2.69"", ""14.46"", ""8"", ""20"", ""15"", ""18""]"
20260802,20260609,j2,,クロス.html,リーグサマリー:2026特別 J2J3百年構想リーグ チャンスビルディングポイント クロスポイント ランキング | データによってサッカーはもっと輝く | Football LAB,リーグサマリー:2026特別 J2J3百年構想リーグ チャンスビルディングポイント クロスポイント ランキング | データによってサッカーはもっと輝く | Football LAB,リーグサマリー:2026特別 J2J3百年構想リーグ チャンスビルディングポイント クロスポイント ランキング | データによってサッカーはもっと輝く | Football LAB,1,岐阜,岐阜,"[""クロスポイント"", ""試合平均"", ""最近5試合"", ""順位"", ""勝点"", ""得点"", ""失点""]","[""47.36"", ""2.37"", ""7.89"", ""6"", ""28"", ""24"", ""26""]"
20260802,20260609,j2,,クロス.html,リーグサマリー:2026特別 J2J3百年構想リーグ チャンスビルディングポイント クロスポイント ランキング | データによってサッカーはもっと輝く | Football LAB,リーグサマリー:2026特別 J2J3百年構想リーグ チャンスビルディングポイント クロスポイント ランキング | データによってサッカーはもっと輝く | Football LAB,リーグサマリー:2026特別 J2J3百年構想リーグ チャンスビルディングポイント クロスポイント ランキング | データによってサッカーはもっと輝く | Football LAB,1,大宮,大宮,"[""クロスポイント"", ""試合平均"", ""最近5試合"", ""順位"", ""勝点"", ""得点"", ""失点""]","[""46.55"", ""2.33"", ""9.24"", ""4"", ""30"", ""38"", ""28""]"
20260802,20260609,j2,,クロス.html,リーグサマリー:2026特別 J2J3百年構想リーグ チャンスビルディングポイント クロスポイント ランキング | データによってサッカーはもっと輝く | Football LAB,リーグサマリー:2026特別 J2J3百年構想リーグ チャンスビルディングポイント クロスポイント ランキング | データによってサッカーはもっと輝く | Football LAB,リーグサマリー:2026特別 J2J3百年構想リーグ チャンスビルディングポイント クロスポイント ランキング | データによってサッカーはもっと輝く | Football LAB,1,鹿児島,鹿児島,"[""クロスポイント"", ""試合平均"", ""最近5試合"", ""順位"", ""勝点"", ""得点"", ""失点""]","[""42.85"", ""2.14"", ""11.76"", ""2"", ""33"", ""23"", ""15""]"
20260802,20260609,j2,,クロス.html,リーグサマリー:2026特別 J2J3百年構想リーグ チャンスビルディングポイント クロスポイント ランキング | データによってサッカーはもっと輝く | Football LAB,リーグサマリー:2026特別 J2J3百年構想リーグ チャンスビルディングポイント クロスポイント ランキング | データによってサッカーはもっと輝く | Football LAB,リーグサマリー:2026特別 J2J3百年構想リーグ チャンスビルディングポイント クロスポイント ランキング | データによってサッカーはもっと輝く | Football LAB,1,八戸,八戸,"[""クロスポイント"", ""試合平均"", ""最近5試合"", ""順位"", ""勝点"", ""得点"", ""失点""]","[""42.03"", ""2.10"", ""13.96"", ""9"", ""20"", ""15"", ""19""]"
20260802,20260609,j2,,クロス.html,リーグサマリー:2026特別 J2J3百年構想リーグ チャンスビルディングポイント クロスポイント ランキング | データによってサッカーはもっと輝く | Football LAB,リーグサマリー:2026特別 J2J3百年構想リーグ チャンスビルディングポイント クロスポイント ランキング | データによってサッカーはもっと輝く | Football LAB,リーグサマリー:2026特別 J2J3百年構想リーグ チャンスビルディングポイント クロスポイント ランキング | データによってサッカーはもっと輝く | Football LAB,1,相模原,相模原,"[""クロスポイント"", ""試合平均"", ""最近5試合"", ""順位"", ""勝点"", ""得点"", ""失点""]","[""41.93"", ""2.10"", ""12.82"", ""5"", ""28"", ""31"", ""33""]"
20260802,20260609,j2,,クロス.html,リーグサマリー:2026特別 J2J3百年構想リーグ チャンスビルディングポイント クロスポイント ランキング | データによってサッカーはもっと輝く | Football LAB,リーグサマリー:2026特別 J2J3百年構想リーグ チャンスビルディングポイント クロスポイント ランキング | データによってサッカーはもっと輝く | Football LAB,リーグサマリー:2026特別 J2J3百年構想リーグ チャンスビルディングポイント クロスポイント ランキング | データによってサッカーはもっと輝く | Football LAB,1,いわき,いわき,"[""クロスポイント"", ""試合平均"", ""最近5試合"", ""順位"", ""勝点"", ""得点"", ""失点""]","[""41.17"", ""2.06"", ""9.18"", ""3"", ""31"", ""22"", ""18""]"
20260802,20260609,j2,,クロス.html,リーグサマリー:2026特別 J2J3百年構想リーグ チャンスビルディングポイント クロスポイント ランキング | データによってサッカーはもっと輝く | Football LAB,リーグサマリー:2026特別 J2J3百年構想リーグ チャンスビルディングポイント クロスポイント ランキング | データによってサッカーはもっと輝く | Football LAB,リーグサマリー:2026特別 J2J3百年構想リーグ チャンスビルディングポイント クロスポイント ランキング | データによってサッカーはもっと輝く | Football LAB,1,山口,山口,"[""クロスポイント"", ""試合平均"", ""最近5試合"", ""順位"", ""勝点"", ""得点"", ""失点""]","[""40.43"", ""2.02"", ""8.94"", ""4"", ""29"", ""24"", ""22""]"
20260802,20260609,j2,,クロス.html,リーグサマリー:2026特別 J2J3百年構想リーグ チャンスビルディングポイント クロスポイント ランキング | データによってサッカーはもっと輝く | Football LAB,リーグサマリー:2026特別 J2J3百年構想リーグ チャンスビルディングポイント クロスポイント ランキング | データによってサッカーはもっと輝く | Football LAB,リーグサマリー:2026特別 J2J3百年構想リーグ チャンスビルディングポイント クロスポイント ランキング | データによってサッカーはもっと輝く | Football LAB,1,藤枝,藤枝,"[""クロスポイント"", ""試合平均"", ""最近5試合"", ""順位"", ""勝点"", ""得点"", ""失点""]","[""39.00"", ""1.95"", ""9.21"", ""5"", ""30"", ""21"", ""17""]"
20260802,20260609,j2,,クロス.html,リーグサマリー:2026特別 J2J3百年構想リーグ チャンスビルディングポイント クロスポイント ランキング | データによってサッカーはもっと輝く | Football LAB,リーグサマリー:2026特別 J2J3百年構想リーグ チャンスビルディングポイント クロスポイント ランキング | データによってサッカーはもっと輝く | Football LAB,リーグサマリー:2026特別 J2J3百年構想リーグ チャンスビルディングポイント クロスポイント ランキング | データによってサッカーはもっと輝く | Football LAB,1,金沢,金沢,"[""クロスポイント"", ""試合平均"", ""最近5試合"", ""順位"", ""勝点"", ""得点"", ""失点""]","[""39.00"", ""1.95"", ""8.27"", ""6"", ""27"", ""15"", ""21""]"
20260802,20260609,j2,,クロス.html,リーグサマリー:2026特別 J2J3百年構想リーグ チャンスビルディングポイント クロスポイント ランキング | データによってサッカーはもっと輝く | Football LAB,リーグサマリー:2026特別 J2J3百年構想リーグ チャンスビルディングポイント クロスポイント ランキング | データによってサッカーはもっと輝く | Football LAB,リーグサマリー:2026特別 J2J3百年構想リーグ チャンスビルディングポイント クロスポイント ランキング | データによってサッカーはもっと輝く | Football LAB,1,横浜FC,横浜FC,"[""クロスポイント"", ""試合平均"", ""最近5試合"", ""順位"", ""勝点"", ""得点"", ""失点""]","[""38.12"", ""1.91"", ""5.91"", ""4"", ""29"", ""34"", ""27""]"
20260802,20260609,j2,,クロス.html,リーグサマリー:2026特別 J2J3百年構想リーグ チャンスビルディングポイント クロスポイント ランキング | データによってサッカーはもっと輝く | Football LAB,リーグサマリー:2026特別 J2J3百年構想リーグ チャンスビルディングポイント クロスポイント ランキング | データによってサッカーはもっと輝く | Football LAB,リーグサマリー:2026特別 J2J3百年構想リーグ チャンスビルディングポイント クロスポイント ランキング | データによってサッカーはもっと輝く | Football LAB,1,群馬,群馬,"[""クロスポイント"", ""試合平均"", ""最近5試合"", ""順位"", ""勝点"", ""得点"", ""失点""]","[""37.84"", ""1.89"", ""5.84"", ""6"", ""23"", ""26"", ""36""]"
20260802,20260609,j2,,クロス.html,リーグサマリー:2026特別 J2J3百年構想リーグ チャンスビルディングポイント クロスポイント ランキング | データによってサッカーはもっと輝く | Football LAB,リーグサマリー:2026特別 J2J3百年構想リーグ チャンスビルディングポイント クロスポイント ランキング | データによってサッカーはもっと輝く | Football LAB,リーグサマリー:2026特別 J2J3百年構想リーグ チャンスビルディングポイント クロスポイント ランキング | データによってサッカーはもっと輝く | Football LAB,1,富山,富山,"[""クロスポイント"", ""試合平均"", ""最近5試合"", ""順位"", ""勝点"", ""得点"", ""失点""]","[""37.75"", ""1.89"", ""10.60"", ""1"", ""38"", ""37"", ""24""]"
20260802,20260609,j2,,クロス.html,リーグサマリー:2026特別 J2J3百年構想リーグ チャンスビルディングポイント クロスポイント ランキング | データによってサッカーはもっと輝く | Football LAB,リーグサマリー:2026特別 J2J3百年構想リーグ チャンスビルディングポイント クロスポイント ランキング | データによってサッカーはもっと輝く | Football LAB,リーグサマリー:2026特別 J2J3百年構想リーグ チャンスビルディングポイント クロスポイント ランキング | データによってサッカーはもっと輝く | Football LAB,1,今治,今治,"[""クロスポイント"", ""試合平均"", ""最近5試合"", ""順位"", ""勝点"", ""得点"", ""失点""]","[""37.74"", ""1.89"", ""13.01"", ""9"", ""20"", ""14"", ""18""]"
20260802,20260609,j2,,クロス.html,リーグサマリー:2026特別 J2J3百年構想リーグ チャンスビルディングポイント クロスポイント ランキング | データによってサッカーはもっと輝く | Football LAB,リーグサマリー:2026特別 J2J3百年構想リーグ チャンスビルディングポイント クロスポイント ランキング | データによってサッカーはもっと輝く | Football LAB,リーグサマリー:2026特別 J2J3百年構想リーグ チャンスビルディングポイント クロスポイント ランキング | データによってサッカーはもっと輝く | Football LAB,1,札幌,札幌,"[""クロスポイント"", ""試合平均"", ""最近5試合"", ""順位"", ""勝点"", ""得点"", ""失点""]","[""37.26"", ""1.86"", ""7.38"", ""2"", ""31"", ""26"", ""22""]"
20260802,20260609,j2,,クロス.html,リーグサマリー:2026特別 J2J3百年構想リーグ チャンスビルディングポイント クロスポイント ランキング | データによってサッカーはもっと輝く | Football LAB,リーグサマリー:2026特別 J2J3百年構想リーグ チャンスビルディングポイント クロスポイント ランキング | データによってサッカーはもっと輝く | Football LAB,リーグサマリー:2026特別 J2J3百年構想リーグ チャンスビルディングポイント クロスポイント ランキング | データによってサッカーはもっと輝く | Football LAB,1,栃木C,栃木C,"[""クロスポイント"", ""試合平均"", ""最近5試合"", ""順位"", ""勝点"", ""得点"", ""失点""]","[""36.98"", ""1.85"", ""11.92"", ""8"", ""21"", ""20"", ""33""]"
20260802,20260609,j2,,クロス.html,リーグサマリー:2026特別 J2J3百年構想リーグ チャンスビルディングポイント クロスポイント ランキング | データによってサッカーはもっと輝く | Football LAB,リーグサマリー:2026特別 J2J3百年構想リーグ チャンスビルディングポイント クロスポイント ランキング | データによってサッカーはもっと輝く | Football LAB,リーグサマリー:2026特別 J2J3百年構想リーグ チャンスビルディングポイント クロスポイント ランキング | データによってサッカーはもっと輝く | Football LAB,1,愛媛,愛媛,"[""クロスポイント"", ""試合平均"", ""最近5試合"", ""順位"", ""勝点"", ""得点"", ""失点""]","[""36.66"", ""1.83"", ""8.26"", ""5"", ""28"", ""25"", ""18""]"
20260802,20260609,j2,,クロス.html,リーグサマリー:2026特別 J2J3百年構想リーグ チャンスビルディングポイント クロスポイント ランキング | データによってサッカーはもっと輝く | Football LAB,リーグサマリー:2026特別 J2J3百年構想リーグ チャンスビルディングポイント クロスポイント ランキング | データによってサッカーはもっと輝く | Football LAB,リーグサマリー:2026特別 J2J3百年構想リーグ チャンスビルディングポイント クロスポイント ランキング | データによってサッカーはもっと輝く | Football LAB,1,磐田,磐田,"[""クロスポイント"", ""試合平均"", ""最近5試合"", ""順位"", ""勝点"", ""得点"", ""失点""]","[""36.46"", ""1.82"", ""9.09"", ""8"", ""25"", ""16"", ""23""]"
20260802,20260609,j2,,クロス.html,リーグサマリー:2026特別 J2J3百年構想リーグ チャンスビルディングポイント クロスポイント ランキング | データによってサッカーはもっと輝く | Football LAB,リーグサマリー:2026特別 J2J3百年構想リーグ チャンスビルディングポイント クロスポイント ランキング | データによってサッカーはもっと輝く | Football LAB,リーグサマリー:2026特別 J2J3百年構想リーグ チャンスビルディングポイント クロスポイント ランキング | データによってサッカーはもっと輝く | Football LAB,1,甲府,甲府,"[""クロスポイント"", ""試合平均"", ""最近5試合"", ""順位"", ""勝点"", ""得点"", ""失点""]","[""36.25"", ""1.81"", ""5.70"", ""1"", ""35"", ""21"", ""13""]"
20260802,20260609,j2,,クロス.html,リーグサマリー:2026特別 J2J3百年構想リーグ チャンスビルディングポイント クロスポイント ランキング | データによってサッカーはもっと輝く | Football LAB,リーグサマリー:2026特別 J2J3百年構想リーグ チャンスビルディングポイント クロスポイント ランキング | データによってサッカーはもっと輝く | Football LAB,リーグサマリー:2026特別 J2J3百年構想リーグ チャンスビルディングポイント クロスポイント ランキング | データによってサッカーはもっと輝く | Football LAB,1,秋田,秋田,"[""クロスポイント"", ""試合平均"", ""最近5試合"", ""順位"", ""勝点"", ""得点"", ""失点""]","[""36.22"", ""1.81"", ""12.10"", ""2"", ""35"", ""23"", ""14""]"
20260802,20260609,j2,,クロス.html,リーグサマリー:2026特別 J2J3百年構想リーグ チャンスビルディングポイント クロスポイント ランキング | データによってサッカーはもっと輝く | Football LAB,リーグサマリー:2026特別 J2J3百年構想リーグ チャンスビルディングポイント クロスポイント ランキング | データによってサッカーはもっと輝く | Football LAB,リーグサマリー:2026特別 J2J3百年構想リーグ チャンスビルディングポイント クロスポイント ランキング | データによってサッカーはもっと輝く | Football LAB,1,大分,大分,"[""クロスポイント"", ""試合平均"", ""最近5試合"", ""順位"", ""勝点"", ""得点"", ""失点""]","[""35.29"", ""1.76"", ""8.87"", ""7"", ""22"", ""18"", ""18""]"
20260802,20260609,j2,,クロス.html,リーグサマリー:2026特別 J2J3百年構想リーグ チャンスビルディングポイント クロスポイント ランキング | データによってサッカーはもっと輝く | Football LAB,リーグサマリー:2026特別 J2J3百年構想リーグ チャンスビルディングポイント クロスポイント ランキング | データによってサッカーはもっと輝く | Football LAB,リーグサマリー:2026特別 J2J3百年構想リーグ チャンスビルディングポイント クロスポイント ランキング | データによってサッカーはもっと輝く | Football LAB,1,宮崎,宮崎,"[""クロスポイント"", ""試合平均"", ""最近5試合"", ""順位"", ""勝点"", ""得点"", ""失点""]","[""34.10"", ""1.70"", ""8.35"", ""1"", ""47"", ""35"", ""11""]"
20260802,20260609,j2,,クロス.html,リーグサマリー:2026特別 J2J3百年構想リーグ チャンスビルディングポイント クロスポイント ランキング | データによってサッカーはもっと輝く | Football LAB,リーグサマリー:2026特別 J2J3百年構想リーグ チャンスビルディングポイント クロスポイント ランキング | データによってサッカーはもっと輝く | Football LAB,リーグサマリー:2026特別 J2J3百年構想リーグ チャンスビルディングポイント クロスポイント ランキング | データによってサッカーはもっと輝く | Football LAB,1,湘南,湘南,"[""クロスポイント"", ""試合平均"", ""最近5試合"", ""順位"", ""勝点"", ""得点"", ""失点""]","[""30.86"", ""1.54"", ""4.13"", ""3"", ""31"", ""25"", ""19""]"
20260802,20260609,j2,,クロス.html,リーグサマリー:2026特別 J2J3百年構想リーグ チャンスビルディングポイント クロスポイント ランキング | データによってサッカーはもっと輝く | Football LAB,リーグサマリー:2026特別 J2J3百年構想リーグ チャンスビルディングポイント クロスポイント ランキング | データによってサッカーはもっと輝く | Football LAB,リーグサマリー:2026特別 J2J3百年構想リーグ チャンスビルディングポイント クロスポイント ランキング | データによってサッカーはもっと輝く | Football LAB,1,松本,松本,"[""クロスポイント"", ""試合平均"", ""最近5試合"", ""順位"", ""勝点"", ""得点"", ""失点""]","[""30.25"", ""1.51"", ""9.18"", ""7"", ""26"", ""31"", ""21""]"
20260802,20260609,j2,,クロス.html,リーグサマリー:2026特別 J2J3百年構想リーグ チャンスビルディングポイント クロスポイント ランキング | データによってサッカーはもっと輝く | Football LAB,リーグサマリー:2026特別 J2J3百年構想リーグ チャンスビルディングポイント クロスポイント ランキング | データによってサッカーはもっと輝く | Football LAB,リーグサマリー:2026特別 J2J3百年構想リーグ チャンスビルディングポイント クロスポイント ランキング | データによってサッカーはもっと輝く | Football LAB,1,山形,山形,"[""クロスポイント"", ""試合平均"", ""最近5試合"", ""順位"", ""勝点"", ""得点"", ""失点""]","[""30.00"", ""1.50"", ""8.87"", ""7"", ""22"", ""20"", ""25""]"
20260802,20260609,j2,,クロス.html,リーグサマリー:2026特別 J2J3百年構想リーグ チャンスビルディングポイント クロスポイント ランキング | データによってサッカーはもっと輝く | Football LAB,リーグサマリー:2026特別 J2J3百年構想リーグ チャンスビルディングポイント クロスポイント ランキング | データによってサッカーはもっと輝く | Football LAB,リーグサマリー:2026特別 J2J3百年構想リーグ チャンスビルディングポイント クロスポイント ランキング | データによってサッカーはもっと輝く | Football LAB,1,琉球,琉球,"[""クロスポイント"", ""試合平均"", ""最近5試合"", ""順位"", ""勝点"", ""得点"", ""失点""]","[""29.21"", ""1.46"", ""8.84"", ""9"", ""17"", ""13"", ""25""]"
20260802,20260609,j2,,クロス.html,リーグサマリー:2026特別 J2J3百年構想リーグ チャンスビルディングポイント クロスポイント ランキング | データによってサッカーはもっと輝く | Football LAB,リーグサマリー:2026特別 J2J3百年構想リーグ チャンスビルディングポイント クロスポイント ランキング | データによってサッカーはもっと輝く | Football LAB,リーグサマリー:2026特別 J2J3百年構想リーグ チャンスビルディングポイント クロスポイント ランキング | データによってサッカーはもっと輝く | Football LAB,1,鳥栖,鳥栖,"[""クロスポイント"", ""試合平均"", ""最近5試合"", ""順位"", ""勝点"", ""得点"", ""失点""]","[""29.05"", ""1.45"", ""9.12"", ""3"", ""32"", ""24"", ""14""]"
20260802,20260609,j2,,クロス.html,リーグサマリー:2026特別 J2J3百年構想リーグ チャンスビルディングポイント クロスポイント ランキング | データによってサッカーはもっと輝く | Football LAB,リーグサマリー:2026特別 J2J3百年構想リーグ チャンスビルディングポイント クロスポイント ランキング | データによってサッカーはもっと輝く | Football LAB,リーグサマリー:2026特別 J2J3百年構想リーグ チャンスビルディングポイント クロスポイント ランキング | データによってサッカーはもっと輝く | Football LAB,1,栃木SC,栃木SC,"[""クロスポイント"", ""試合平均"", ""最近5試合"", ""順位"", ""勝点"", ""得点"", ""失点""]","[""28.95"", ""1.45"", ""10.89"", ""10"", ""18"", ""23"", ""28""]"
20260802,20260609,j2,,クロス.html,リーグサマリー:2026特別 J2J3百年構想リーグ チャンスビルディングポイント クロスポイント ランキング | データによってサッカーはもっと輝く | Football LAB,リーグサマリー:2026特別 J2J3百年構想リーグ チャンスビルディングポイント クロスポイント ランキング | データによってサッカーはもっと輝く | Football LAB,リーグサマリー:2026特別 J2J3百年構想リーグ チャンスビルディングポイント クロスポイント ランキング | データによってサッカーはもっと輝く | Football LAB,1,奈良,奈良,"[""クロスポイント"", ""試合平均"", ""最近5試合"", ""順位"", ""勝点"", ""得点"", ""失点""]","[""27.56"", ""1.38"", ""3.77"", ""7"", ""21"", ""25"", ""34""]"
20260802,20260609,j2,,クロス.html,リーグサマリー:2026特別 J2J3百年構想リーグ チャンスビルディングポイント クロスポイント ランキング | データによってサッカーはもっと輝く | Football LAB,リーグサマリー:2026特別 J2J3百年構想リーグ チャンスビルディングポイント クロスポイント ランキング | データによってサッカーはもっと輝く | Football LAB,リーグサマリー:2026特別 J2J3百年構想リーグ チャンスビルディングポイント クロスポイント ランキング | データによってサッカーはもっと輝く | Football LAB,1,高知,高知,"[""クロスポイント"", ""試合平均"", ""最近5試合"", ""順位"", ""勝点"", ""得点"", ""失点""]","[""27.48"", ""1.37"", ""8.09"", ""4"", ""30"", ""23"", ""21""]"
20260802,20260609,j2,,クロス.html,リーグサマリー:2026特別 J2J3百年構想リーグ チャンスビルディングポイント クロスポイント ランキング | データによってサッカーはもっと輝く | Football LAB,リーグサマリー:2026特別 J2J3百年構想リーグ チャンスビルディングポイント クロスポイント ランキング | データによってサッカーはもっと輝く | Football LAB,リーグサマリー:2026特別 J2J3百年構想リーグ チャンスビルディングポイント クロスポイント ランキング | データによってサッカーはもっと輝く | Football LAB,1,徳島,徳島,"[""クロスポイント"", ""試合平均"", ""最近5試合"", ""順位"", ""勝点"", ""得点"", ""失点""]","[""26.98"", ""1.35"", ""5.91"", ""3"", ""32"", ""36"", ""22""]"
20260802,20260609,j2,,クロス.html,リーグサマリー:2026特別 J2J3百年構想リーグ チャンスビルディングポイント クロスポイント ランキング | データによってサッカーはもっと輝く | Football LAB,リーグサマリー:2026特別 J2J3百年構想リーグ チャンスビルディングポイント クロスポイント ランキング | データによってサッカーはもっと輝く | Football LAB,リーグサマリー:2026特別 J2J3百年構想リーグ チャンスビルディングポイント クロスポイント ランキング | データによってサッカーはもっと輝く | Football LAB,1,鳥取,鳥取,"[""クロスポイント"", ""試合平均"", ""最近5試合"", ""順位"", ""勝点"", ""得点"", ""失点""]","[""26.95"", ""1.35"", ""8.96"", ""6"", ""27"", ""20"", ""24""]"
20260802,20260609,j2,,クロス.html,リーグサマリー:2026特別 J2J3百年構想リーグ チャンスビルディングポイント クロスポイント ランキング | データによってサッカーはもっと輝く | Football LAB,リーグサマリー:2026特別 J2J3百年構想リーグ チャンスビルディングポイント クロスポイント ランキング | データによってサッカーはもっと輝く | Football LAB,リーグサマリー:2026特別 J2J3百年構想リーグ チャンスビルディングポイント クロスポイント ランキング | データによってサッカーはもっと輝く | Football LAB,1,仙台,仙台,"[""クロスポイント"", ""試合平均"", ""最近5試合"", ""順位"", ""勝点"", ""得点"", ""失点""]","[""26.15"", ""1.31"", ""5.56"", ""1"", ""43"", ""32"", ""15""]"
20260802,20260609,j2,,クロス.html,リーグサマリー:2026特別 J2J3百年構想リーグ チャンスビルディングポイント クロスポイント ランキング | データによってサッカーはもっと輝く | Football LAB,リーグサマリー:2026特別 J2J3百年構想リーグ チャンスビルディングポイント クロスポイント ランキング | データによってサッカーはもっと輝く | Football LAB,リーグサマリー:2026特別 J2J3百年構想リーグ チャンスビルディングポイント クロスポイント ランキング | データによってサッカーはもっと輝く | Football LAB,1,熊本,熊本,"[""クロスポイント"", ""試合平均"", ""最近5試合"", ""順位"", ""勝点"", ""得点"", ""失点""]","[""25.74"", ""1.29"", ""3.29"", ""5"", ""27"", ""20"", ""20""]"
20260802,20260609,j2,,クロス.html,リーグサマリー:2026特別 J2J3百年構想リーグ チャンスビルディングポイント クロスポイント ランキング | データによってサッカーはもっと輝く | Football LAB,リーグサマリー:2026特別 J2J3百年構想リーグ チャンスビルディングポイント クロスポイント ランキング | データによってサッカーはもっと輝く | Football LAB,リーグサマリー:2026特別 J2J3百年構想リーグ チャンスビルディングポイント クロスポイント ランキング | データによってサッカーはもっと輝く | Football LAB,1,新潟,新潟,"[""クロスポイント"", ""試合平均"", ""最近5試合"", ""順位"", ""勝点"", ""得点"", ""失点""]","[""25.34"", ""1.27"", ""10.55"", ""2"", ""35"", ""21"", ""17""]"
20260802,20260609,j2,,クロス.html,リーグサマリー:2026特別 J2J3百年構想リーグ チャンスビルディングポイント クロスポイント ランキング | データによってサッカーはもっと輝く | Football LAB,リーグサマリー:2026特別 J2J3百年構想リーグ チャンスビルディングポイント クロスポイント ランキング | データによってサッカーはもっと輝く | Football LAB,リーグサマリー:2026特別 J2J3百年構想リーグ チャンスビルディングポイント クロスポイント ランキング | データによってサッカーはもっと輝く | Football LAB,1,滋賀,滋賀,"[""クロスポイント"", ""試合平均"", ""最近5試合"", ""順位"", ""勝点"", ""得点"", ""失点""]","[""24.35"", ""1.22"", ""9.56"", ""8"", ""21"", ""15"", ""28""]"
20260802,20260609,j2,,クロス.html,リーグサマリー:2026特別 J2J3百年構想リーグ チャンスビルディングポイント クロスポイント ランキング | データによってサッカーはもっと輝く | Football LAB,リーグサマリー:2026特別 J2J3百年構想リーグ チャンスビルディングポイント クロスポイント ランキング | データによってサッカーはもっと輝く | Football LAB,リーグサマリー:2026特別 J2J3百年構想リーグ チャンスビルディングポイント クロスポイント ランキング | データによってサッカーはもっと輝く | Football LAB,1,福島,福島,"[""クロスポイント"", ""試合平均"", ""最近5試合"", ""順位"", ""勝点"", ""得点"", ""失点""]","[""22.20"", ""1.11"", ""4.31"", ""9"", ""18"", ""28"", ""41""]"
20260802,20260609,j2,,クロス.html,リーグサマリー:2026特別 J2J3百年構想リーグ チャンスビルディングポイント クロスポイント ランキング | データによってサッカーはもっと輝く | Football LAB,リーグサマリー:2026特別 J2J3百年構想リーグ チャンスビルディングポイント クロスポイント ランキング | データによってサッカーはもっと輝く | Football LAB,リーグサマリー:2026特別 J2J3百年構想リーグ チャンスビルディングポイント クロスポイント ランキング | データによってサッカーはもっと輝く | Football LAB,1,長野,長野,"[""クロスポイント"", ""試合平均"", ""最近5試合"", ""順位"", ""勝点"", ""得点"", ""失点""]","[""21.58"", ""1.08"", ""5.18"", ""10"", ""16"", ""15"", ""33""]"
20260802,20260609,j2,,クロス.html,リーグサマリー:2026特別 J2J3百年構想リーグ チャンスビルディングポイント クロスポイント ランキング | データによってサッカーはもっと輝く | Football LAB,リーグサマリー:2026特別 J2J3百年構想リーグ チャンスビルディングポイント クロスポイント ランキング | データによってサッカーはもっと輝く | Football LAB,リーグサマリー:2026特別 J2J3百年構想リーグ チャンスビルディングポイント クロスポイント ランキング | データによってサッカーはもっと輝く | Football LAB,1,讃岐,讃岐,"[""クロスポイント"", ""試合平均"", ""最近5試合"", ""順位"", ""勝点"", ""得点"", ""失点""]","[""19.76"", ""0.99"", ""4.30"", ""10"", ""19"", ""14"", ""32""]"
20260802,20260609,j2,,クロス.html,リーグサマリー:2026特別 J2J3百年構想リーグ チャンスビルディングポイント クロスポイント ランキング | データによってサッカーはもっと輝く | Football LAB,リーグサマリー:2026特別 J2J3百年構想リーグ チャンスビルディングポイント クロスポイント ランキング | データによってサッカーはもっと輝く | Football LAB,リーグサマリー:2026特別 J2J3百年構想リーグ チャンスビルディングポイント クロスポイント ランキング | データによってサッカーはもっと輝く | Football LAB,1,北九州,北九州,"[""クロスポイント"", ""試合平均"", ""最近5試合"", ""順位"", ""勝点"", ""得点"", ""失点""]","[""18.83"", ""0.94"", ""5.37"", ""10"", ""15"", ""17"", ""32""]"
20260802,20260609,j2,,クロス.html,リーグサマリー:2026特別 J2J3百年構想リーグ チャンスビルディングポイント クロスポイント ランキング | データによってサッカーはもっと輝く | Football LAB,リーグサマリー:2026特別 J2J3百年構想リーグ チャンスビルディングポイント クロスポイント ランキング | データによってサッカーはもっと輝く | Football LAB,リーグサマリー:2026特別 J2J3百年構想リーグ チャンスビルディングポイント クロスポイント ランキング | データによってサッカーはもっと輝く | Football LAB,2,中村 優斗,中村優斗,"[""クロスポイント"", ""90分平均"", ""最近5試合"", ""出場試合"", ""攻撃CBP"", ""奪取P""]","["""", ""14.00"", ""0.75"", ""4.85"", ""20"", ""43.58"", ""124.66""]"
20260802,20260609,j2,,クロス.html,リーグサマリー:2026特別 J2J3百年構想リーグ チャンスビルディングポイント クロスポイント ランキング | データによってサッカーはもっと輝く | Football LAB,リーグサマリー:2026特別 J2J3百年構想リーグ チャンスビルディングポイント クロスポイント ランキング | データによってサッカーはもっと輝く | Football LAB,リーグサマリー:2026特別 J2J3百年構想リーグ チャンスビルディングポイント クロスポイント ランキング | データによってサッカーはもっと輝く | Football LAB,2,下川 陽太,下川陽太,"[""クロスポイント"", ""90分平均"", ""最近5試合"", ""出場試合"", ""攻撃CBP"", ""奪取P""]","["""", ""11.68"", ""0.62"", ""1.05"", ""20"", ""41.54"", ""148.90""]"
20260802,20260609,j2,,クロス.html,リーグサマリー:2026特別 J2J3百年構想リーグ チャンスビルディングポイント クロスポイント ランキング | データによってサッカーはもっと輝く | Football LAB,リーグサマリー:2026特別 J2J3百年構想リーグ チャンスビルディングポイント クロスポイント ランキング | データによってサッカーはもっと輝く | Football LAB,リーグサマリー:2026特別 J2J3百年構想リーグ チャンスビルディングポイント クロスポイント ランキング | データによってサッカーはもっと輝く | Football LAB,2,音泉 翔眞,音泉翔眞,"[""クロスポイント"", ""90分平均"", ""最近5試合"", ""出場試合"", ""攻撃CBP"", ""奪取P""]","["""", ""11.57"", ""0.60"", ""5.30"", ""19"", ""35.46"", ""151.88""]"
20260802,20260609,j2,,クロス.html,リーグサマリー:2026特別 J2J3百年構想リーグ チャンスビルディングポイント クロスポイント ランキング | データによってサッカーはもっと輝く | Football LAB,リーグサマリー:2026特別 J2J3百年構想リーグ チャンスビルディングポイント クロスポイント ランキング | データによってサッカーはもっと輝く | Football LAB,リーグサマリー:2026特別 J2J3百年構想リーグ チャンスビルディングポイント クロスポイント ランキング | データによってサッカーはもっと輝く | Football LAB,2,堤 奏一郎,堤奏一郎,"[""クロスポイント"", ""90分平均"", ""最近5試合"", ""出場試合"", ""攻撃CBP"", ""奪取P""]","["""", ""10.81"", ""0.60"", ""1.52"", ""18"", ""30.67"", ""139.20""]"
20260802,20260609,j2,,クロス.html,リーグサマリー:2026特別 J2J3百年構想リーグ チャンスビルディングポイント クロスポイント ランキング | データによってサッカーはもっと輝く | Football LAB,リーグサマリー:2026特別 J2J3百年構想リーグ チャンスビルディングポイント クロスポイント ランキング | データによってサッカーはもっと輝く | Football LAB,リーグサマリー:2026特別 J2J3百年構想リーグ チャンスビルディングポイント クロスポイント ランキング | データによってサッカーはもっと輝く | Football LAB,2,斉藤 涼優,斉藤涼優,"[""クロスポイント"", ""90分平均"", ""最近5試合"", ""出場試合"", ""攻撃CBP"", ""奪取P""]","["""", ""10.40"", ""0.68"", ""3.43"", ""20"", ""39.99"", ""135.32""]"
20260802,20260609,j2,,クロス.html,リーグサマリー:2026特別 J2J3百年構想リーグ チャンスビルディングポイント クロスポイント ランキング | データによってサッカーはもっと輝く | Football LAB,リーグサマリー:2026特別 J2J3百年構想リーグ チャンスビルディングポイント クロスポイント ランキング | データによってサッカーはもっと輝く | Football LAB,リーグサマリー:2026特別 J2J3百年構想リーグ チャンスビルディングポイント クロスポイント ランキング | データによってサッカーはもっと輝く | Football LAB,2,高野 遼,高野遼,"[""クロスポイント"", ""90分平均"", ""最近5試合"", ""出場試合"", ""攻撃CBP"", ""奪取P""]","["""", ""10.38"", ""0.83"", ""2.49"", ""17"", ""19.11"", ""91.84""]"
20260802,20260609,j2,,クロス.html,リーグサマリー:2026特別 J2J3百年構想リーグ チャンスビルディングポイント クロスポイント ランキング | データによってサッカーはもっと輝く | Football LAB,リーグサマリー:2026特別 J2J3百年構想リーグ チャンスビルディングポイント クロスポイント ランキング | データによってサッカーはもっと輝く | Football LAB,リーグサマリー:2026特別 J2J3百年構想リーグ チャンスビルディングポイント クロスポイント ランキング | データによってサッカーはもっと輝く | Football LAB,2,荒木 翔,荒木翔,"[""クロスポイント"", ""90分平均"", ""最近5試合"", ""出場試合"", ""攻撃CBP"", ""奪取P""]","["""", ""10.29"", ""0.65"", ""2.18"", ""18"", ""27.75"", ""148.87""]"
20260802,20260609,j2,,クロス.html,リーグサマリー:2026特別 J2J3百年構想リーグ チャンスビルディングポイント クロスポイント ランキング | データによってサッカーはもっと輝く | Football LAB,リーグサマリー:2026特別 J2J3百年構想リーグ チャンスビルディングポイント クロスポイント ランキング | データによってサッカーはもっと輝く | Football LAB,リーグサマリー:2026特別 J2J3百年構想リーグ チャンスビルディングポイント クロスポイント ランキング | データによってサッカーはもっと輝く | Football LAB,2,稲積 大介,稲積大介,"[""クロスポイント"", ""90分平均"", ""最近5試合"", ""出場試合"", ""攻撃CBP"", ""奪取P""]","["""", ""10.24"", ""0.62"", ""2.59"", ""19"", ""25.17"", ""139.87""]"
20260802,20260609,j2,,クロス.html,リーグサマリー:2026特別 J2J3百年構想リーグ チャンスビルディングポイント クロスポイント ランキング | データによってサッカーはもっと輝く | Football LAB,リーグサマリー:2026特別 J2J3百年構想リーグ チャンスビルディングポイント クロスポイント ランキング | データによってサッカーはもっと輝く | Football LAB,リーグサマリー:2026特別 J2J3百年構想リーグ チャンスビルディングポイント クロスポイント ランキング | データによってサッカーはもっと輝く | Football LAB,2,加藤 聖,加藤聖,"[""クロスポイント"", ""90分平均"", ""最近5試合"", ""出場試合"", ""攻撃CBP"", ""奪取P""]","["""", ""9.96"", ""0.65"", ""2.07"", ""19"", ""31.54"", ""158.35""]"
20260802,20260609,j2,,クロス.html,リーグサマリー:2026特別 J2J3百年構想リーグ チャンスビルディングポイント クロスポイント ランキング | データによってサッカーはもっと輝く | Football LAB,リーグサマリー:2026特別 J2J3百年構想リーグ チャンスビルディングポイント クロスポイント ランキング | データによってサッカーはもっと輝く | Football LAB,リーグサマリー:2026特別 J2J3百年構想リーグ チャンスビルディングポイント クロスポイント ランキング | データによってサッカーはもっと輝く | Football LAB,2,新保 海鈴,新保海鈴,"[""クロスポイント"", ""90分平均"", ""最近5試合"", ""出場試合"", ""攻撃CBP"", ""奪取P""]","["""", ""9.70"", ""0.54"", ""1.47"", ""19"", ""41.61"", ""172.83""]"
20260802,20260609,j2,,クロス.html,リーグサマリー:2026特別 J2J3百年構想リーグ チャンスビルディングポイント クロスポイント ランキング | データによってサッカーはもっと輝く | Football LAB,リーグサマリー:2026特別 J2J3百年構想リーグ チャンスビルディングポイント クロスポイント ランキング | データによってサッカーはもっと輝く | Football LAB,リーグサマリー:2026特別 J2J3百年構想リーグ チャンスビルディングポイント クロスポイント ランキング | データによってサッカーはもっと輝く | Football LAB,2,文 仁柱,文仁柱,"[""クロスポイント"", ""90分平均"", ""最近5試合"", ""出場試合"", ""攻撃CBP"", ""奪取P""]","["""", ""9.62"", ""0.55"", ""1.54"", ""18"", ""37.47"", ""160.43""]"
20260802,20260609,j2,,クロス.html,リーグサマリー:2026特別 J2J3百年構想リーグ チャンスビルディングポイント クロスポイント ランキング | データによってサッカーはもっと輝く | Football LAB,リーグサマリー:2026特別 J2J3百年構想リーグ チャンスビルディングポイント クロスポイント ランキング | データによってサッカーはもっと輝く | Football LAB,リーグサマリー:2026特別 J2J3百年構想リーグ チャンスビルディングポイント クロスポイント ランキング | データによってサッカーはもっと輝く | Football LAB,2,宇津元 伸弥,宇津元伸弥,"[""クロスポイント"", ""90分平均"", ""最近5試合"", ""出場試合"", ""攻撃CBP"", ""奪取P""]","["""", ""9.19"", ""0.54"", ""2.16"", ""19"", ""28.43"", ""77.73""]"
20260802,20260609,j2,,クロス.html,リーグサマリー:2026特別 J2J3百年構想リーグ チャンスビルディングポイント クロスポイント ランキング | データによってサッカーはもっと輝く | Football LAB,リーグサマリー:2026特別 J2J3百年構想リーグ チャンスビルディングポイント クロスポイント ランキング | データによってサッカーはもっと輝く | Football LAB,リーグサマリー:2026特別 J2J3百年構想リーグ チャンスビルディングポイント クロスポイント ランキング | データによってサッカーはもっと輝く | Football LAB,2,四宮 悠成,四宮悠成,"[""クロスポイント"", ""90分平均"", ""最近5試合"", ""出場試合"", ""攻撃CBP"", ""奪取P""]","["""", ""9.14"", ""0.62"", ""2.65"", ""19"", ""29.38"", ""100.94""]"
20260802,20260609,j2,,クロス.html,リーグサマリー:2026特別 J2J3百年構想リーグ チャンスビルディングポイント クロスポイント ランキング | データによってサッカーはもっと輝く | Football LAB,リーグサマリー:2026特別 J2J3百年構想リーグ チャンスビルディングポイント クロスポイント ランキング | データによってサッカーはもっと輝く | Football LAB,リーグサマリー:2026特別 J2J3百年構想リーグ チャンスビルディングポイント クロスポイント ランキング | データによってサッカーはもっと輝く | Football LAB,2,五十嵐 聖己,五十嵐聖己,"[""クロスポイント"", ""90分平均"", ""最近5試合"", ""出場試合"", ""攻撃CBP"", ""奪取P""]","["""", ""9.12"", ""0.53"", ""2.64"", ""18"", ""27.05"", ""109.68""]"
20260802,20260609,j2,,クロス.html,リーグサマリー:2026特別 J2J3百年構想リーグ チャンスビルディングポイント クロスポイント ランキング | データによってサッカーはもっと輝く | Football LAB,リーグサマリー:2026特別 J2J3百年構想リーグ チャンスビルディングポイント クロスポイント ランキング | データによってサッカーはもっと輝く | Football LAB,リーグサマリー:2026特別 J2J3百年構想リーグ チャンスビルディングポイント クロスポイント ランキング | データによってサッカーはもっと輝く | Football LAB,2,久保 吏久斗,久保吏久斗,"[""クロスポイント"", ""90分平均"", ""最近5試合"", ""出場試合"", ""攻撃CBP"", ""奪取P""]","["""", ""8.99"", ""0.60"", ""1.01"", ""17"", ""25.46"", ""99.43""]"
20260802,20260609,j2,,クロス.html,リーグサマリー:2026特別 J2J3百年構想リーグ チャンスビルディングポイント クロスポイント ランキング | データによってサッカーはもっと輝く | Football LAB,リーグサマリー:2026特別 J2J3百年構想リーグ チャンスビルディングポイント クロスポイント ランキング | データによってサッカーはもっと輝く | Football LAB,リーグサマリー:2026特別 J2J3百年構想リーグ チャンスビルディングポイント クロスポイント ランキング | データによってサッカーはもっと輝く | Football LAB,2,田村 亮介,田村亮介,"[""クロスポイント"", ""90分平均"", ""最近5試合"", ""出場試合"", ""攻撃CBP"", ""奪取P""]","["""", ""8.54"", ""0.54"", ""1.58"", ""20"", ""26.06"", ""50.15""]"
20260802,20260609,j2,,クロス.html,リーグサマリー:2026特別 J2J3百年構想リーグ チャンスビルディングポイント クロスポイント ランキング | データによってサッカーはもっと輝く | Football LAB,リーグサマリー:2026特別 J2J3百年構想リーグ チャンスビルディングポイント クロスポイント ランキング | データによってサッカーはもっと輝く | Football LAB,リーグサマリー:2026特別 J2J3百年構想リーグ チャンスビルディングポイント クロスポイント ランキング | データによってサッカーはもっと輝く | Football LAB,2,井上 怜,井上怜,"[""クロスポイント"", ""90分平均"", ""最近5試合"", ""出場試合"", ""攻撃CBP"", ""奪取P""]","["""", ""8.48"", ""0.61"", ""3.10"", ""19"", ""23.48"", ""71.85""]"
20260802,20260609,j2,,クロス.html,リーグサマリー:2026特別 J2J3百年構想リーグ チャンスビルディングポイント クロスポイント ランキング | データによってサッカーはもっと輝く | Football LAB,リーグサマリー:2026特別 J2J3百年構想リーグ チャンスビルディングポイント クロスポイント ランキング | データによってサッカーはもっと輝く | Football LAB,リーグサマリー:2026特別 J2J3百年構想リーグ チャンスビルディングポイント クロスポイント ランキング | データによってサッカーはもっと輝く | Football LAB,2,川﨑 一輝,川﨑一輝,"[""クロスポイント"", ""90分平均"", ""最近5試合"", ""出場試合"", ""攻撃CBP"", ""奪取P""]","["""", ""8.16"", ""0.75"", ""1.01"", ""17"", ""19.68"", ""99.46""]"
20260802,20260609,j2,,クロス.html,リーグサマリー:2026特別 J2J3百年構想リーグ チャンスビルディングポイント クロスポイント ランキング | データによってサッカーはもっと輝く | Football LAB,リーグサマリー:2026特別 J2J3百年構想リーグ チャンスビルディングポイント クロスポイント ランキング | データによってサッカーはもっと輝く | Football LAB,リーグサマリー:2026特別 J2J3百年構想リーグ チャンスビルディングポイント クロスポイント ランキング | データによってサッカーはもっと輝く | Football LAB,2,野瀬 龍世,野瀬龍世,"[""クロスポイント"", ""90分平均"", ""最近5試合"", ""出場試合"", ""攻撃CBP"", ""奪取P""]","["""", ""8.03"", ""0.86"", ""3.68"", ""19"", ""26.16"", ""41.26""]"
20260802,20260609,j2,,クロス.html,リーグサマリー:2026特別 J2J3百年構想リーグ チャンスビルディングポイント クロスポイント ランキング | データによってサッカーはもっと輝く | Football LAB,リーグサマリー:2026特別 J2J3百年構想リーグ チャンスビルディングポイント クロスポイント ランキング | データによってサッカーはもっと輝く | Football LAB,リーグサマリー:2026特別 J2J3百年構想リーグ チャンスビルディングポイント クロスポイント ランキング | データによってサッカーはもっと輝く | Football LAB,2,布施谷 翔,布施谷翔,"[""クロスポイント"", ""90分平均"", ""最近5試合"", ""出場試合"", ""攻撃CBP"", ""奪取P""]","["""", ""7.82"", ""0.48"", ""2.01"", ""18"", ""43.86"", ""197.15""]"
20260802,20260609,j2,,クロス.html,リーグサマリー:2026特別 J2J3百年構想リーグ チャンスビルディングポイント クロスポイント ランキング | データによってサッカーはもっと輝く | Football LAB,リーグサマリー:2026特別 J2J3百年構想リーグ チャンスビルディングポイント クロスポイント ランキング | データによってサッカーはもっと輝く | Football LAB,リーグサマリー:2026特別 J2J3百年構想リーグ チャンスビルディングポイント クロスポイント ランキング | データによってサッカーはもっと輝く | Football LAB,2,山中 惇希,山中惇希,"[""クロスポイント"", ""90分平均"", ""最近5試合"", ""出場試合"", ""攻撃CBP"", ""奪取P""]","["""", ""7.79"", ""0.54"", ""1.01"", ""19"", ""24.43"", ""115.55""]"
20260802,20260609,j2,,クロス.html,リーグサマリー:2026特別 J2J3百年構想リーグ チャンスビルディングポイント クロスポイント ランキング | データによってサッカーはもっと輝く | Football LAB,リーグサマリー:2026特別 J2J3百年構想リーグ チャンスビルディングポイント クロスポイント ランキング | データによってサッカーはもっと輝く | Football LAB,リーグサマリー:2026特別 J2J3百年構想リーグ チャンスビルディングポイント クロスポイント ランキング | データによってサッカーはもっと輝く | Football LAB,2,佐藤 大樹,佐藤大樹,"[""クロスポイント"", ""90分平均"", ""最近5試合"", ""出場試合"", ""攻撃CBP"", ""奪取P""]","["""", ""7.73"", ""0.46"", ""1.56"", ""18"", ""21.83"", ""95.26""]"
20260802,20260609,j2,,クロス.html,リーグサマリー:2026特別 J2J3百年構想リーグ チャンスビルディングポイント クロスポイント ランキング | データによってサッカーはもっと輝く | Football LAB,リーグサマリー:2026特別 J2J3百年構想リーグ チャンスビルディングポイント クロスポイント ランキング | データによってサッカーはもっと輝く | Football LAB,リーグサマリー:2026特別 J2J3百年構想リーグ チャンスビルディングポイント クロスポイント ランキング | データによってサッカーはもっと輝く | Football LAB,2,杉井 颯,杉井颯,"[""クロスポイント"", ""90分平均"", ""最近5試合"", ""出場試合"", ""攻撃CBP"", ""奪取P""]","["""", ""7.69"", ""0.42"", ""1.61"", ""19"", ""31.10"", ""215.83""]"
20260802,20260609,j2,,クロス.html,リーグサマリー:2026特別 J2J3百年構想リーグ チャンスビルディングポイント クロスポイント ランキング | データによってサッカーはもっと輝く | Football LAB,リーグサマリー:2026特別 J2J3百年構想リーグ チャンスビルディングポイント クロスポイント ランキング | データによってサッカーはもっと輝く | Football LAB,リーグサマリー:2026特別 J2J3百年構想リーグ チャンスビルディングポイント クロスポイント ランキング | データによってサッカーはもっと輝く | Football LAB,2,嵯峨 理久,嵯峨理久,"[""クロスポイント"", ""90分平均"", ""最近5試合"", ""出場試合"", ""攻撃CBP"", ""奪取P""]","["""", ""7.39"", ""0.42"", ""3.19"", ""18"", ""24.48"", ""122.28""]"
20260802,20260609,j2,,クロス.html,リーグサマリー:2026特別 J2J3百年構想リーグ チャンスビルディングポイント クロスポイント ランキング | データによってサッカーはもっと輝く | Football LAB,リーグサマリー:2026特別 J2J3百年構想リーグ チャンスビルディングポイント クロスポイント ランキング | データによってサッカーはもっと輝く | Football LAB,リーグサマリー:2026特別 J2J3百年構想リーグ チャンスビルディングポイント クロスポイント ランキング | データによってサッカーはもっと輝く | Football LAB,2,梅木 怜,梅木怜,"[""クロスポイント"", ""90分平均"", ""最近5試合"", ""出場試合"", ""攻撃CBP"", ""奪取P""]","["""", ""7.34"", ""0.46"", ""1.67"", ""16"", ""27.72"", ""152.90""]"
20260802,20260609,j2,,クロス.html,リーグサマリー:2026特別 J2J3百年構想リーグ チャンスビルディングポイント クロスポイント ランキング | データによってサッカーはもっと輝く | Football LAB,リーグサマリー:2026特別 J2J3百年構想リーグ チャンスビルディングポイント クロスポイント ランキング | データによってサッカーはもっと輝く | Football LAB,リーグサマリー:2026特別 J2J3百年構想リーグ チャンスビルディングポイント クロスポイント ランキング | データによってサッカーはもっと輝く | Football LAB,2,中山 陸,中山陸,"[""クロスポイント"", ""90分平均"", ""最近5試合"", ""出場試合"", ""攻撃CBP"", ""奪取P""]","["""", ""7.32"", ""0.50"", ""0.46"", ""18"", ""20.94"", ""127.95""]"
20260802,20260609,j2,,クロス.html,リーグサマリー:2026特別 J2J3百年構想リーグ チャンスビルディングポイント クロスポイント ランキング | データによってサッカーはもっと輝く | Football LAB,リーグサマリー:2026特別 J2J3百年構想リーグ チャンスビルディングポイント クロスポイント ランキング | データによってサッカーはもっと輝く | Football LAB,リーグサマリー:2026特別 J2J3百年構想リーグ チャンスビルディングポイント クロスポイント ランキング | データによってサッカーはもっと輝く | Football LAB,2,荒木 遼太,荒木遼太,"[""クロスポイント"", ""90分平均"", ""最近5試合"", ""出場試合"", ""攻撃CBP"", ""奪取P""]","["""", ""7.11"", ""0.39"", ""1.55"", ""19"", ""19.02"", ""128.75""]"
20260802,20260609,j2,,クロス.html,リーグサマリー:2026特別 J2J3百年構想リーグ チャンスビルディングポイント クロスポイント ランキング | データによってサッカーはもっと輝く | Football LAB,リーグサマリー:2026特別 J2J3百年構想リーグ チャンスビルディングポイント クロスポイント ランキング | データによってサッカーはもっと輝く | Football LAB,リーグサマリー:2026特別 J2J3百年構想リーグ チャンスビルディングポイント クロスポイント ランキング | データによってサッカーはもっと輝く | Football LAB,2,藤井 智也,藤井智也,"[""クロスポイント"", ""90分平均"", ""最近5試合"", ""出場試合"", ""攻撃CBP"", ""奪取P""]","["""", ""7.08"", ""0.59"", ""1.12"", ""18"", ""23.34"", ""62.32""]"
20260802,20260609,j2,,クロス.html,リーグサマリー:2026特別 J2J3百年構想リーグ チャンスビルディングポイント クロスポイント ランキング | データによってサッカーはもっと輝く | Football LAB,リーグサマリー:2026特別 J2J3百年構想リーグ チャンスビルディングポイント クロスポイント ランキング | データによってサッカーはもっと輝く | Football LAB,リーグサマリー:2026特別 J2J3百年構想リーグ チャンスビルディングポイント クロスポイント ランキング | データによってサッカーはもっと輝く | Football LAB,2,川名 連介,川名連介,"[""クロスポイント"", ""90分平均"", ""最近5試合"", ""出場試合"", ""攻撃CBP"", ""奪取P""]","["""", ""6.70"", ""0.61"", ""2.53"", ""14"", ""24.99"", ""65.94""]"
20260802,20260609,j2,,クロス.html,リーグサマリー:2026特別 J2J3百年構想リーグ チャンスビルディングポイント クロスポイント ランキング | データによってサッカーはもっと輝く | Football LAB,リーグサマリー:2026特別 J2J3百年構想リーグ チャンスビルディングポイント クロスポイント ランキング | データによってサッカーはもっと輝く | Football LAB,リーグサマリー:2026特別 J2J3百年構想リーグ チャンスビルディングポイント クロスポイント ランキング | データによってサッカーはもっと輝く | Football LAB,2,岡田 優希,岡田優希,"[""クロスポイント"", ""90分平均"", ""最近5試合"", ""出場試合"", ""攻撃CBP"", ""奪取P""]","["""", ""6.64"", ""0.44"", ""1.11"", ""20"", ""31.29"", ""49.61""]"
20260802,20260609,j2,,ゴール.html,リーグサマリー:2026特別 J2J3百年構想リーグ チャンスビルディングポイント ゴールポイント ランキング | データによってサッカーはもっと輝く | Football LAB,リーグサマリー:2026特別 J2J3百年構想リーグ チャンスビルディングポイント ゴールポイント ランキング | データによってサッカーはもっと輝く | Football LAB,リーグサマリー:2026特別 J2J3百年構想リーグ チャンスビルディングポイント ゴールポイント ランキング | データによってサッカーはもっと輝く | Football LAB,1,徳島,徳島,"[""ゴールポイント"", ""試合平均"", ""最近5試合"", ""順位"", ""勝点"", ""得点"", ""失点""]","[""137.25"", ""6.86"", ""33.06"", ""3"", ""32"", ""36"", ""22""]"
20260802,20260609,j2,,ゴール.html,リーグサマリー:2026特別 J2J3百年構想リーグ チャンスビルディングポイント ゴールポイント ランキング | データによってサッカーはもっと輝く | Football LAB,リーグサマリー:2026特別 J2J3百年構想リーグ チャンスビルディングポイント ゴールポイント ランキング | データによってサッカーはもっと輝く | Football LAB,リーグサマリー:2026特別 J2J3百年構想リーグ チャンスビルディングポイント ゴールポイント ランキング | データによってサッカーはもっと輝く | Football LAB,1,大宮,大宮,"[""ゴールポイント"", ""試合平均"", ""最近5試合"", ""順位"", ""勝点"", ""得点"", ""失点""]","[""124.32"", ""6.22"", ""25.98"", ""4"", ""30"", ""38"", ""28""]"
20260802,20260609,j2,,ゴール.html,リーグサマリー:2026特別 J2J3百年構想リーグ チャンスビルディングポイント ゴールポイント ランキング | データによってサッカーはもっと輝く | Football LAB,リーグサマリー:2026特別 J2J3百年構想リーグ チャンスビルディングポイント ゴールポイント ランキング | データによってサッカーはもっと輝く | Football LAB,リーグサマリー:2026特別 J2J3百年構想リーグ チャンスビルディングポイント ゴールポイント ランキング | データによってサッカーはもっと輝く | Football LAB,1,宮崎,宮崎,"[""ゴールポイント"", ""試合平均"", ""最近5試合"", ""順位"", ""勝点"", ""得点"", ""失点""]","[""116.84"", ""5.84"", ""23.12"", ""1"", ""47"", ""35"", ""11""]"
20260802,20260609,j2,,ゴール.html,リーグサマリー:2026特別 J2J3百年構想リーグ チャンスビルディングポイント ゴールポイント ランキング | データによってサッカーはもっと輝く | Football LAB,リーグサマリー:2026特別 J2J3百年構想リーグ チャンスビルディングポイント ゴールポイント ランキング | データによってサッカーはもっと輝く | Football LAB,リーグサマリー:2026特別 J2J3百年構想リーグ チャンスビルディングポイント ゴールポイント ランキング | データによってサッカーはもっと輝く | Football LAB,1,富山,富山,"[""ゴールポイント"", ""試合平均"", ""最近5試合"", ""順位"", ""勝点"", ""得点"", ""失点""]","[""114.52"", ""5.73"", ""19.18"", ""1"", ""38"", ""37"", ""24""]"
20260802,20260609,j2,,ゴール.html,リーグサマリー:2026特別 J2J3百年構想リーグ チャンスビルディングポイント ゴールポイント ランキング | データによってサッカーはもっと輝く | Football LAB,リーグサマリー:2026特別 J2J3百年構想リーグ チャンスビルディングポイント ゴールポイント ランキング | データによってサッカーはもっと輝く | Football LAB,リーグサマリー:2026特別 J2J3百年構想リーグ チャンスビルディングポイント ゴールポイント ランキング | データによってサッカーはもっと輝く | Football LAB,1,仙台,仙台,"[""ゴールポイント"", ""試合平均"", ""最近5試合"", ""順位"", ""勝点"", ""得点"", ""失点""]","[""107.69"", ""5.38"", ""18.04"", ""1"", ""43"", ""32"", ""15""]"
20260802,20260609,j2,,ゴール.html,リーグサマリー:2026特別 J2J3百年構想リーグ チャンスビルディングポイント ゴールポイント ランキング | データによってサッカーはもっと輝く | Football LAB,リーグサマリー:2026特別 J2J3百年構想リーグ チャンスビルディングポイント ゴールポイント ランキング | データによってサッカーはもっと輝く | Football LAB,リーグサマリー:2026特別 J2J3百年構想リーグ チャンスビルディングポイント ゴールポイント ランキング | データによってサッカーはもっと輝く | Football LAB,1,奈良,奈良,"[""ゴールポイント"", ""試合平均"", ""最近5試合"", ""順位"", ""勝点"", ""得点"", ""失点""]","[""106.66"", ""5.33"", ""57.69"", ""7"", ""21"", ""25"", ""34""]"
20260802,20260609,j2,,ゴール.html,リーグサマリー:2026特別 J2J3百年構想リーグ チャンスビルディングポイント ゴールポイント ランキング | データによってサッカーはもっと輝く | Football LAB,リーグサマリー:2026特別 J2J3百年構想リーグ チャンスビルディングポイント ゴールポイント ランキング | データによってサッカーはもっと輝く | Football LAB,リーグサマリー:2026特別 J2J3百年構想リーグ チャンスビルディングポイント ゴールポイント ランキング | データによってサッカーはもっと輝く | Football LAB,1,松本,松本,"[""ゴールポイント"", ""試合平均"", ""最近5試合"", ""順位"", ""勝点"", ""得点"", ""失点""]","[""103.98"", ""5.20"", ""18.83"", ""7"", ""26"", ""31"", ""21""]"
20260802,20260609,j2,,ゴール.html,リーグサマリー:2026特別 J2J3百年構想リーグ チャンスビルディングポイント ゴールポイント ランキング | データによってサッカーはもっと輝く | Football LAB,リーグサマリー:2026特別 J2J3百年構想リーグ チャンスビルディングポイント ゴールポイント ランキング | データによってサッカーはもっと輝く | Football LAB,リーグサマリー:2026特別 J2J3百年構想リーグ チャンスビルディングポイント ゴールポイント ランキング | データによってサッカーはもっと輝く | Football LAB,1,相模原,相模原,"[""ゴールポイント"", ""試合平均"", ""最近5試合"", ""順位"", ""勝点"", ""得点"", ""失点""]","[""100.27"", ""5.01"", ""29.63"", ""5"", ""28"", ""31"", ""33""]"
20260802,20260609,j2,,ゴール.html,リーグサマリー:2026特別 J2J3百年構想リーグ チャンスビルディングポイント ゴールポイント ランキング | データによってサッカーはもっと輝く | Football LAB,リーグサマリー:2026特別 J2J3百年構想リーグ チャンスビルディングポイント ゴールポイント ランキング | データによってサッカーはもっと輝く | Football LAB,リーグサマリー:2026特別 J2J3百年構想リーグ チャンスビルディングポイント ゴールポイント ランキング | データによってサッカーはもっと輝く | Football LAB,1,横浜FC,横浜FC,"[""ゴールポイント"", ""試合平均"", ""最近5試合"", ""順位"", ""勝点"", ""得点"", ""失点""]","[""92.44"", ""4.62"", ""27.45"", ""4"", ""29"", ""34"", ""27""]"
20260802,20260609,j2,,ゴール.html,リーグサマリー:2026特別 J2J3百年構想リーグ チャンスビルディングポイント ゴールポイント ランキング | データによってサッカーはもっと輝く | Football LAB,リーグサマリー:2026特別 J2J3百年構想リーグ チャンスビルディングポイント ゴールポイント ランキング | データによってサッカーはもっと輝く | Football LAB,リーグサマリー:2026特別 J2J3百年構想リーグ チャンスビルディングポイント ゴールポイント ランキング | データによってサッカーはもっと輝く | Football LAB,1,鳥栖,鳥栖,"[""ゴールポイント"", ""試合平均"", ""最近5試合"", ""順位"", ""勝点"", ""得点"", ""失点""]","[""89.34"", ""4.47"", ""25.46"", ""3"", ""32"", ""24"", ""14""]"
20260802,20260609,j2,,ゴール.html,リーグサマリー:2026特別 J2J3百年構想リーグ チャンスビルディングポイント ゴールポイント ランキング | データによってサッカーはもっと輝く | Football LAB,リーグサマリー:2026特別 J2J3百年構想リーグ チャンスビルディングポイント ゴールポイント ランキング | データによってサッカーはもっと輝く | Football LAB,リーグサマリー:2026特別 J2J3百年構想リーグ チャンスビルディングポイント ゴールポイント ランキング | データによってサッカーはもっと輝く | Football LAB,1,高知,高知,"[""ゴールポイント"", ""試合平均"", ""最近5試合"", ""順位"", ""勝点"", ""得点"", ""失点""]","[""82.73"", ""4.14"", ""19.08"", ""4"", ""30"", ""23"", ""21""]"
20260802,20260609,j2,,ゴール.html,リーグサマリー:2026特別 J2J3百年構想リーグ チャンスビルディングポイント ゴールポイント ランキング | データによってサッカーはもっと輝く | Football LAB,リーグサマリー:2026特別 J2J3百年構想リーグ チャンスビルディングポイント ゴールポイント ランキング | データによってサッカーはもっと輝く | Football LAB,リーグサマリー:2026特別 J2J3百年構想リーグ チャンスビルディングポイント ゴールポイント ランキング | データによってサッカーはもっと輝く | Football LAB,1,栃木C,栃木C,"[""ゴールポイント"", ""試合平均"", ""最近5試合"", ""順位"", ""勝点"", ""得点"", ""失点""]","[""79.92"", ""4.00"", ""25.97"", ""8"", ""21"", ""20"", ""33""]"
20260802,20260609,j2,,ゴール.html,リーグサマリー:2026特別 J2J3百年構想リーグ チャンスビルディングポイント ゴールポイント ランキング | データによってサッカーはもっと輝く | Football LAB,リーグサマリー:2026特別 J2J3百年構想リーグ チャンスビルディングポイント ゴールポイント ランキング | データによってサッカーはもっと輝く | Football LAB,リーグサマリー:2026特別 J2J3百年構想リーグ チャンスビルディングポイント ゴールポイント ランキング | データによってサッカーはもっと輝く | Football LAB,1,鳥取,鳥取,"[""ゴールポイント"", ""試合平均"", ""最近5試合"", ""順位"", ""勝点"", ""得点"", ""失点""]","[""76.29"", ""3.81"", ""28.99"", ""6"", ""27"", ""20"", ""24""]"
20260802,20260609,j2,,ゴール.html,リーグサマリー:2026特別 J2J3百年構想リーグ チャンスビルディングポイント ゴールポイント ランキング | データによってサッカーはもっと輝く | Football LAB,リーグサマリー:2026特別 J2J3百年構想リーグ チャンスビルディングポイント ゴールポイント ランキング | データによってサッカーはもっと輝く | Football LAB,リーグサマリー:2026特別 J2J3百年構想リーグ チャンスビルディングポイント ゴールポイント ランキング | データによってサッカーはもっと輝く | Football LAB,1,山口,山口,"[""ゴールポイント"", ""試合平均"", ""最近5試合"", ""順位"", ""勝点"", ""得点"", ""失点""]","[""75.56"", ""3.78"", ""14.28"", ""4"", ""29"", ""24"", ""22""]"
20260802,20260609,j2,,ゴール.html,リーグサマリー:2026特別 J2J3百年構想リーグ チャンスビルディングポイント ゴールポイント ランキング | データによってサッカーはもっと輝く | Football LAB,リーグサマリー:2026特別 J2J3百年構想リーグ チャンスビルディングポイント ゴールポイント ランキング | データによってサッカーはもっと輝く | Football LAB,リーグサマリー:2026特別 J2J3百年構想リーグ チャンスビルディングポイント ゴールポイント ランキング | データによってサッカーはもっと輝く | Football LAB,1,栃木SC,栃木SC,"[""ゴールポイント"", ""試合平均"", ""最近5試合"", ""順位"", ""勝点"", ""得点"", ""失点""]","[""75.46"", ""3.77"", ""5.26"", ""10"", ""18"", ""23"", ""28""]"
20260802,20260609,j2,,ゴール.html,リーグサマリー:2026特別 J2J3百年構想リーグ チャンスビルディングポイント ゴールポイント ランキング | データによってサッカーはもっと輝く | Football LAB,リーグサマリー:2026特別 J2J3百年構想リーグ チャンスビルディングポイント ゴールポイント ランキング | データによってサッカーはもっと輝く | Football LAB,リーグサマリー:2026特別 J2J3百年構想リーグ チャンスビルディングポイント ゴールポイント ランキング | データによってサッカーはもっと輝く | Football LAB,1,湘南,湘南,"[""ゴールポイント"", ""試合平均"", ""最近5試合"", ""順位"", ""勝点"", ""得点"", ""失点""]","[""75.10"", ""3.76"", ""5.37"", ""3"", ""31"", ""25"", ""19""]"
20260802,20260609,j2,,ゴール.html,リーグサマリー:2026特別 J2J3百年構想リーグ チャンスビルディングポイント ゴールポイント ランキング | データによってサッカーはもっと輝く | Football LAB,リーグサマリー:2026特別 J2J3百年構想リーグ チャンスビルディングポイント ゴールポイント ランキング | データによってサッカーはもっと輝く | Football LAB,リーグサマリー:2026特別 J2J3百年構想リーグ チャンスビルディングポイント ゴールポイント ランキング | データによってサッカーはもっと輝く | Football LAB,1,福島,福島,"[""ゴールポイント"", ""試合平均"", ""最近5試合"", ""順位"", ""勝点"", ""得点"", ""失点""]","[""74.13"", ""3.71"", ""25.55"", ""9"", ""18"", ""28"", ""41""]"
20260802,20260609,j2,,ゴール.html,リーグサマリー:2026特別 J2J3百年構想リーグ チャンスビルディングポイント ゴールポイント ランキング | データによってサッカーはもっと輝く | Football LAB,リーグサマリー:2026特別 J2J3百年構想リーグ チャンスビルディングポイント ゴールポイント ランキング | データによってサッカーはもっと輝く | Football LAB,リーグサマリー:2026特別 J2J3百年構想リーグ チャンスビルディングポイント ゴールポイント ランキング | データによってサッカーはもっと輝く | Football LAB,1,鹿児島,鹿児島,"[""ゴールポイント"", ""試合平均"", ""最近5試合"", ""順位"", ""勝点"", ""得点"", ""失点""]","[""71.82"", ""3.59"", ""27.29"", ""2"", ""33"", ""23"", ""15""]"
20260802,20260609,j2,,ゴール.html,リーグサマリー:2026特別 J2J3百年構想リーグ チャンスビルディングポイント ゴールポイント ランキング | データによってサッカーはもっと輝く | Football LAB,リーグサマリー:2026特別 J2J3百年構想リーグ チャンスビルディングポイント ゴールポイント ランキング | データによってサッカーはもっと輝く | Football LAB,リーグサマリー:2026特別 J2J3百年構想リーグ チャンスビルディングポイント ゴールポイント ランキング | データによってサッカーはもっと輝く | Football LAB,1,岐阜,岐阜,"[""ゴールポイント"", ""試合平均"", ""最近5試合"", ""順位"", ""勝点"", ""得点"", ""失点""]","[""71.32"", ""3.57"", ""17.32"", ""6"", ""28"", ""24"", ""26""]"
20260802,20260609,j2,,ゴール.html,リーグサマリー:2026特別 J2J3百年構想リーグ チャンスビルディングポイント ゴールポイント ランキング | データによってサッカーはもっと輝く | Football LAB,リーグサマリー:2026特別 J2J3百年構想リーグ チャンスビルディングポイント ゴールポイント ランキング | データによってサッカーはもっと輝く | Football LAB,リーグサマリー:2026特別 J2J3百年構想リーグ チャンスビルディングポイント ゴールポイント ランキング | データによってサッカーはもっと輝く | Football LAB,1,藤枝,藤枝,"[""ゴールポイント"", ""試合平均"", ""最近5試合"", ""順位"", ""勝点"", ""得点"", ""失点""]","[""70.95"", ""3.55"", ""18.86"", ""5"", ""30"", ""21"", ""17""]"
20260802,20260609,j2,,ゴール.html,リーグサマリー:2026特別 J2J3百年構想リーグ チャンスビルディングポイント ゴールポイント ランキング | データによってサッカーはもっと輝く | Football LAB,リーグサマリー:2026特別 J2J3百年構想リーグ チャンスビルディングポイント ゴールポイント ランキング | データによってサッカーはもっと輝く | Football LAB,リーグサマリー:2026特別 J2J3百年構想リーグ チャンスビルディングポイント ゴールポイント ランキング | データによってサッカーはもっと輝く | Football LAB,1,群馬,群馬,"[""ゴールポイント"", ""試合平均"", ""最近5試合"", ""順位"", ""勝点"", ""得点"", ""失点""]","[""69.85"", ""3.49"", ""30.36"", ""6"", ""23"", ""26"", ""36""]"
20260802,20260609,j2,,ゴール.html,リーグサマリー:2026特別 J2J3百年構想リーグ チャンスビルディングポイント ゴールポイント ランキング | データによってサッカーはもっと輝く | Football LAB,リーグサマリー:2026特別 J2J3百年構想リーグ チャンスビルディングポイント ゴールポイント ランキング | データによってサッカーはもっと輝く | Football LAB,リーグサマリー:2026特別 J2J3百年構想リーグ チャンスビルディングポイント ゴールポイント ランキング | データによってサッカーはもっと輝く | Football LAB,1,山形,山形,"[""ゴールポイント"", ""試合平均"", ""最近5試合"", ""順位"", ""勝点"", ""得点"", ""失点""]","[""67.33"", ""3.37"", ""21.84"", ""7"", ""22"", ""20"", ""25""]"
20260802,20260609,j2,,ゴール.html,リーグサマリー:2026特別 J2J3百年構想リーグ チャンスビルディングポイント ゴールポイント ランキング | データによってサッカーはもっと輝く | Football LAB,リーグサマリー:2026特別 J2J3百年構想リーグ チャンスビルディングポイント ゴールポイント ランキング | データによってサッカーはもっと輝く | Football LAB,リーグサマリー:2026特別 J2J3百年構想リーグ チャンスビルディングポイント ゴールポイント ランキング | データによってサッカーはもっと輝く | Football LAB,1,甲府,甲府,"[""ゴールポイント"", ""試合平均"", ""最近5試合"", ""順位"", ""勝点"", ""得点"", ""失点""]","[""66.94"", ""3.35"", ""8.40"", ""1"", ""35"", ""21"", ""13""]"
20260802,20260609,j2,,ゴール.html,リーグサマリー:2026特別 J2J3百年構想リーグ チャンスビルディングポイント ゴールポイント ランキング | データによってサッカーはもっと輝く | Football LAB,リーグサマリー:2026特別 J2J3百年構想リーグ チャンスビルディングポイント ゴールポイント ランキング | データによってサッカーはもっと輝く | Football LAB,リーグサマリー:2026特別 J2J3百年構想リーグ チャンスビルディングポイント ゴールポイント ランキング | データによってサッカーはもっと輝く | Football LAB,1,いわき,いわき,"[""ゴールポイント"", ""試合平均"", ""最近5試合"", ""順位"", ""勝点"", ""得点"", ""失点""]","[""64.47"", ""3.22"", ""10.47"", ""3"", ""31"", ""22"", ""18""]"
20260802,20260609,j2,,ゴール.html,リーグサマリー:2026特別 J2J3百年構想リーグ チャンスビルディングポイント ゴールポイント ランキング | データによってサッカーはもっと輝く | Football LAB,リーグサマリー:2026特別 J2J3百年構想リーグ チャンスビルディングポイント ゴールポイント ランキング | データによってサッカーはもっと輝く | Football LAB,リーグサマリー:2026特別 J2J3百年構想リーグ チャンスビルディングポイント ゴールポイント ランキング | データによってサッカーはもっと輝く | Football LAB,1,秋田,秋田,"[""ゴールポイント"", ""試合平均"", ""最近5試合"", ""順位"", ""勝点"", ""得点"", ""失点""]","[""62.83"", ""3.14"", ""14.57"", ""2"", ""35"", ""23"", ""14""]"
20260802,20260609,j2,,ゴール.html,リーグサマリー:2026特別 J2J3百年構想リーグ チャンスビルディングポイント ゴールポイント ランキング | データによってサッカーはもっと輝く | Football LAB,リーグサマリー:2026特別 J2J3百年構想リーグ チャンスビルディングポイント ゴールポイント ランキング | データによってサッカーはもっと輝く | Football LAB,リーグサマリー:2026特別 J2J3百年構想リーグ チャンスビルディングポイント ゴールポイント ランキング | データによってサッカーはもっと輝く | Football LAB,1,熊本,熊本,"[""ゴールポイント"", ""試合平均"", ""最近5試合"", ""順位"", ""勝点"", ""得点"", ""失点""]","[""61.15"", ""3.06"", ""15.33"", ""5"", ""27"", ""20"", ""20""]"
20260802,20260609,j2,,ゴール.html,リーグサマリー:2026特別 J2J3百年構想リーグ チャンスビルディングポイント ゴールポイント ランキング | データによってサッカーはもっと輝く | Football LAB,リーグサマリー:2026特別 J2J3百年構想リーグ チャンスビルディングポイント ゴールポイント ランキング | データによってサッカーはもっと輝く | Football LAB,リーグサマリー:2026特別 J2J3百年構想リーグ チャンスビルディングポイント ゴールポイント ランキング | データによってサッカーはもっと輝く | Football LAB,1,大分,大分,"[""ゴールポイント"", ""試合平均"", ""最近5試合"", ""順位"", ""勝点"", ""得点"", ""失点""]","[""60.12"", ""3.01"", ""13.59"", ""7"", ""22"", ""18"", ""18""]"
20260802,20260609,j2,,ゴール.html,リーグサマリー:2026特別 J2J3百年構想リーグ チャンスビルディングポイント ゴールポイント ランキング | データによってサッカーはもっと輝く | Football LAB,リーグサマリー:2026特別 J2J3百年構想リーグ チャンスビルディングポイント ゴールポイント ランキング | データによってサッカーはもっと輝く | Football LAB,リーグサマリー:2026特別 J2J3百年構想リーグ チャンスビルディングポイント ゴールポイント ランキング | データによってサッカーはもっと輝く | Football LAB,1,愛媛,愛媛,"[""ゴールポイント"", ""試合平均"", ""最近5試合"", ""順位"", ""勝点"", ""得点"", ""失点""]","[""59.65"", ""2.98"", ""2.61"", ""5"", ""28"", ""25"", ""18""]"
20260802,20260609,j2,,ゴール.html,リーグサマリー:2026特別 J2J3百年構想リーグ チャンスビルディングポイント ゴールポイント ランキング | データによってサッカーはもっと輝く | Football LAB,リーグサマリー:2026特別 J2J3百年構想リーグ チャンスビルディングポイント ゴールポイント ランキング | データによってサッカーはもっと輝く | Football LAB,リーグサマリー:2026特別 J2J3百年構想リーグ チャンスビルディングポイント ゴールポイント ランキング | データによってサッカーはもっと輝く | Football LAB,1,札幌,札幌,"[""ゴールポイント"", ""試合平均"", ""最近5試合"", ""順位"", ""勝点"", ""得点"", ""失点""]","[""58.78"", ""2.94"", ""20.60"", ""2"", ""31"", ""26"", ""22""]"
20260802,20260609,j2,,ゴール.html,リーグサマリー:2026特別 J2J3百年構想リーグ チャンスビルディングポイント ゴールポイント ランキング | データによってサッカーはもっと輝く | Football LAB,リーグサマリー:2026特別 J2J3百年構想リーグ チャンスビルディングポイント ゴールポイント ランキング | データによってサッカーはもっと輝く | Football LAB,リーグサマリー:2026特別 J2J3百年構想リーグ チャンスビルディングポイント ゴールポイント ランキング | データによってサッカーはもっと輝く | Football LAB,1,新潟,新潟,"[""ゴールポイント"", ""試合平均"", ""最近5試合"", ""順位"", ""勝点"", ""得点"", ""失点""]","[""57.15"", ""2.86"", ""13.69"", ""2"", ""35"", ""21"", ""17""]"
20260802,20260609,j2,,ゴール.html,リーグサマリー:2026特別 J2J3百年構想リーグ チャンスビルディングポイント ゴールポイント ランキング | データによってサッカーはもっと輝く | Football LAB,リーグサマリー:2026特別 J2J3百年構想リーグ チャンスビルディングポイント ゴールポイント ランキング | データによってサッカーはもっと輝く | Football LAB,リーグサマリー:2026特別 J2J3百年構想リーグ チャンスビルディングポイント ゴールポイント ランキング | データによってサッカーはもっと輝く | Football LAB,1,北九州,北九州,"[""ゴールポイント"", ""試合平均"", ""最近5試合"", ""順位"", ""勝点"", ""得点"", ""失点""]","[""53.77"", ""2.69"", ""9.85"", ""10"", ""15"", ""17"", ""32""]"
20260802,20260609,j2,,ゴール.html,リーグサマリー:2026特別 J2J3百年構想リーグ チャンスビルディングポイント ゴールポイント ランキング | データによってサッカーはもっと輝く | Football LAB,リーグサマリー:2026特別 J2J3百年構想リーグ チャンスビルディングポイント ゴールポイント ランキング | データによってサッカーはもっと輝く | Football LAB,リーグサマリー:2026特別 J2J3百年構想リーグ チャンスビルディングポイント ゴールポイント ランキング | データによってサッカーはもっと輝く | Football LAB,1,磐田,磐田,"[""ゴールポイント"", ""試合平均"", ""最近5試合"", ""順位"", ""勝点"", ""得点"", ""失点""]","[""50.37"", ""2.52"", ""18.83"", ""8"", ""25"", ""16"", ""23""]"
20260802,20260609,j2,,ゴール.html,リーグサマリー:2026特別 J2J3百年構想リーグ チャンスビルディングポイント ゴールポイント ランキング | データによってサッカーはもっと輝く | Football LAB,リーグサマリー:2026特別 J2J3百年構想リーグ チャンスビルディングポイント ゴールポイント ランキング | データによってサッカーはもっと輝く | Football LAB,リーグサマリー:2026特別 J2J3百年構想リーグ チャンスビルディングポイント ゴールポイント ランキング | データによってサッカーはもっと輝く | Football LAB,1,琉球,琉球,"[""ゴールポイント"", ""試合平均"", ""最近5試合"", ""順位"", ""勝点"", ""得点"", ""失点""]","[""48.96"", ""2.45"", ""24.10"", ""9"", ""17"", ""13"", ""25""]"
20260802,20260609,j2,,ゴール.html,リーグサマリー:2026特別 J2J3百年構想リーグ チャンスビルディングポイント ゴールポイント ランキング | データによってサッカーはもっと輝く | Football LAB,リーグサマリー:2026特別 J2J3百年構想リーグ チャンスビルディングポイント ゴールポイント ランキング | データによってサッカーはもっと輝く | Football LAB,リーグサマリー:2026特別 J2J3百年構想リーグ チャンスビルディングポイント ゴールポイント ランキング | データによってサッカーはもっと輝く | Football LAB,1,今治,今治,"[""ゴールポイント"", ""試合平均"", ""最近5試合"", ""順位"", ""勝点"", ""得点"", ""失点""]","[""48.92"", ""2.45"", ""16.80"", ""9"", ""20"", ""14"", ""18""]"
20260802,20260609,j2,,ゴール.html,リーグサマリー:2026特別 J2J3百年構想リーグ チャンスビルディングポイント ゴールポイント ランキング | データによってサッカーはもっと輝く | Football LAB,リーグサマリー:2026特別 J2J3百年構想リーグ チャンスビルディングポイント ゴールポイント ランキング | データによってサッカーはもっと輝く | Football LAB,リーグサマリー:2026特別 J2J3百年構想リーグ チャンスビルディングポイント ゴールポイント ランキング | データによってサッカーはもっと輝く | Football LAB,1,金沢,金沢,"[""ゴールポイント"", ""試合平均"", ""最近5試合"", ""順位"", ""勝点"", ""得点"", ""失点""]","[""47.56"", ""2.38"", ""20.18"", ""6"", ""27"", ""15"", ""21""]"
20260802,20260609,j2,,ゴール.html,リーグサマリー:2026特別 J2J3百年構想リーグ チャンスビルディングポイント ゴールポイント ランキング | データによってサッカーはもっと輝く | Football LAB,リーグサマリー:2026特別 J2J3百年構想リーグ チャンスビルディングポイント ゴールポイント ランキング | データによってサッカーはもっと輝く | Football LAB,リーグサマリー:2026特別 J2J3百年構想リーグ チャンスビルディングポイント ゴールポイント ランキング | データによってサッカーはもっと輝く | Football LAB,1,滋賀,滋賀,"[""ゴールポイント"", ""試合平均"", ""最近5試合"", ""順位"", ""勝点"", ""得点"", ""失点""]","[""45.55"", ""2.28"", ""16.85"", ""8"", ""21"", ""15"", ""28""]"
20260802,20260609,j2,,ゴール.html,リーグサマリー:2026特別 J2J3百年構想リーグ チャンスビルディングポイント ゴールポイント ランキング | データによってサッカーはもっと輝く | Football LAB,リーグサマリー:2026特別 J2J3百年構想リーグ チャンスビルディングポイント ゴールポイント ランキング | データによってサッカーはもっと輝く | Football LAB,リーグサマリー:2026特別 J2J3百年構想リーグ チャンスビルディングポイント ゴールポイント ランキング | データによってサッカーはもっと輝く | Football LAB,1,長野,長野,"[""ゴールポイント"", ""試合平均"", ""最近5試合"", ""順位"", ""勝点"", ""得点"", ""失点""]","[""44.49"", ""2.22"", ""11.30"", ""10"", ""16"", ""15"", ""33""]"
20260802,20260609,j2,,ゴール.html,リーグサマリー:2026特別 J2J3百年構想リーグ チャンスビルディングポイント ゴールポイント ランキング | データによってサッカーはもっと輝く | Football LAB,リーグサマリー:2026特別 J2J3百年構想リーグ チャンスビルディングポイント ゴールポイント ランキング | データによってサッカーはもっと輝く | Football LAB,リーグサマリー:2026特別 J2J3百年構想リーグ チャンスビルディングポイント ゴールポイント ランキング | データによってサッカーはもっと輝く | Football LAB,1,FC大阪,FC大阪,"[""ゴールポイント"", ""試合平均"", ""最近5試合"", ""順位"", ""勝点"", ""得点"", ""失点""]","[""43.91"", ""2.20"", ""17.80"", ""8"", ""20"", ""15"", ""18""]"
20260802,20260609,j2,,ゴール.html,リーグサマリー:2026特別 J2J3百年構想リーグ チャンスビルディングポイント ゴールポイント ランキング | データによってサッカーはもっと輝く | Football LAB,リーグサマリー:2026特別 J2J3百年構想リーグ チャンスビルディングポイント ゴールポイント ランキング | データによってサッカーはもっと輝く | Football LAB,リーグサマリー:2026特別 J2J3百年構想リーグ チャンスビルディングポイント ゴールポイント ランキング | データによってサッカーはもっと輝く | Football LAB,1,八戸,八戸,"[""ゴールポイント"", ""試合平均"", ""最近5試合"", ""順位"", ""勝点"", ""得点"", ""失点""]","[""43.18"", ""2.16"", ""7.94"", ""9"", ""20"", ""15"", ""19""]"
20260802,20260609,j2,,ゴール.html,リーグサマリー:2026特別 J2J3百年構想リーグ チャンスビルディングポイント ゴールポイント ランキング | データによってサッカーはもっと輝く | Football LAB,リーグサマリー:2026特別 J2J3百年構想リーグ チャンスビルディングポイント ゴールポイント ランキング | データによってサッカーはもっと輝く | Football LAB,リーグサマリー:2026特別 J2J3百年構想リーグ チャンスビルディングポイント ゴールポイント ランキング | データによってサッカーはもっと輝く | Football LAB,1,讃岐,讃岐,"[""ゴールポイント"", ""試合平均"", ""最近5試合"", ""順位"", ""勝点"", ""得点"", ""失点""]","[""43.17"", ""2.16"", ""17.57"", ""10"", ""19"", ""14"", ""32""]"
20260802,20260609,j2,,ゴール.html,リーグサマリー:2026特別 J2J3百年構想リーグ チャンスビルディングポイント ゴールポイント ランキング | データによってサッカーはもっと輝く | Football LAB,リーグサマリー:2026特別 J2J3百年構想リーグ チャンスビルディングポイント ゴールポイント ランキング | データによってサッカーはもっと輝く | Football LAB,リーグサマリー:2026特別 J2J3百年構想リーグ チャンスビルディングポイント ゴールポイント ランキング | データによってサッカーはもっと輝く | Football LAB,2,田村 翔太,田村翔太,"[""ゴールポイント"", ""90分平均"", ""最近5試合"", ""出場試合"", ""攻撃CBP"", ""奪取P""]","["""", ""49.95"", ""2.87"", ""26.49"", ""20"", ""8.84"", ""21.35""]"
20260802,20260609,j2,,ゴール.html,リーグサマリー:2026特別 J2J3百年構想リーグ チャンスビルディングポイント ゴールポイント ランキング | データによってサッカーはもっと輝く | Football LAB,リーグサマリー:2026特別 J2J3百年構想リーグ チャンスビルディングポイント ゴールポイント ランキング | データによってサッカーはもっと輝く | Football LAB,リーグサマリー:2026特別 J2J3百年構想リーグ チャンスビルディングポイント ゴールポイント ランキング | データによってサッカーはもっと輝く | Football LAB,2,ルーカス バルセロス,ルーカスバルセロス,"[""ゴールポイント"", ""90分平均"", ""最近5試合"", ""出場試合"", ""攻撃CBP"", ""奪取P""]","["""", ""34.95"", ""2.80"", ""3.21"", ""16"", ""17.76"", ""48.18""]"
20260802,20260609,j2,,ゴール.html,リーグサマリー:2026特別 J2J3百年構想リーグ チャンスビルディングポイント ゴールポイント ランキング | データによってサッカーはもっと輝く | Football LAB,リーグサマリー:2026特別 J2J3百年構想リーグ チャンスビルディングポイント ゴールポイント ランキング | データによってサッカーはもっと輝く | Football LAB,リーグサマリー:2026特別 J2J3百年構想リーグ チャンスビルディングポイント ゴールポイント ランキング | データによってサッカーはもっと輝く | Football LAB,2,泉 柊椰,泉柊椰,"[""ゴールポイント"", ""90分平均"", ""最近5試合"", ""出場試合"", ""攻撃CBP"", ""奪取P""]","["""", ""31.64"", ""1.91"", ""0.00"", ""20"", ""34.77"", ""134.98""]"
20260802,20260609,j2,,ゴール.html,リーグサマリー:2026特別 J2J3百年構想リーグ チャンスビルディングポイント ゴールポイント ランキング | データによってサッカーはもっと輝く | Football LAB,リーグサマリー:2026特別 J2J3百年構想リーグ チャンスビルディングポイント ゴールポイント ランキング | データによってサッカーはもっと輝く | Football LAB,リーグサマリー:2026特別 J2J3百年構想リーグ チャンスビルディングポイント ゴールポイント ランキング | データによってサッカーはもっと輝く | Football LAB,2,山本 桜大,山本桜大,"[""ゴールポイント"", ""90分平均"", ""最近5試合"", ""出場試合"", ""攻撃CBP"", ""奪取P""]","["""", ""30.78"", ""1.77"", ""7.69"", ""19"", ""30.16"", ""170.79""]"
20260802,20260609,j2,,ゴール.html,リーグサマリー:2026特別 J2J3百年構想リーグ チャンスビルディングポイント ゴールポイント ランキング | データによってサッカーはもっと輝く | Football LAB,リーグサマリー:2026特別 J2J3百年構想リーグ チャンスビルディングポイント ゴールポイント ランキング | データによってサッカーはもっと輝く | Football LAB,リーグサマリー:2026特別 J2J3百年構想リーグ チャンスビルディングポイント ゴールポイント ランキング | データによってサッカーはもっと輝く | Football LAB,2,土信田 悠生,土信田悠生,"[""ゴールポイント"", ""90分平均"", ""最近5試合"", ""出場試合"", ""攻撃CBP"", ""奪取P""]","["""", ""28.62"", ""1.73"", ""7.98"", ""19"", ""8.68"", ""42.24""]"
20260802,20260609,j2,,ゴール.html,リーグサマリー:2026特別 J2J3百年構想リーグ チャンスビルディングポイント ゴールポイント ランキング | データによってサッカーはもっと輝く | Football LAB,リーグサマリー:2026特別 J2J3百年構想リーグ チャンスビルディングポイント ゴールポイント ランキング | データによってサッカーはもっと輝く | Football LAB,リーグサマリー:2026特別 J2J3百年構想リーグ チャンスビルディングポイント ゴールポイント ランキング | データによってサッカーはもっと輝く | Football LAB,2,川本 梨誉,川本梨誉,"[""ゴールポイント"", ""90分平均"", ""最近5試合"", ""出場試合"", ""攻撃CBP"", ""奪取P""]","["""", ""28.14"", ""1.64"", ""3.42"", ""19"", ""24.96"", ""102.13""]"
20260802,20260609,j2,,ゴール.html,リーグサマリー:2026特別 J2J3百年構想リーグ チャンスビルディングポイント ゴールポイント ランキング | データによってサッカーはもっと輝く | Football LAB,リーグサマリー:2026特別 J2J3百年構想リーグ チャンスビルディングポイント ゴールポイント ランキング | データによってサッカーはもっと輝く | Football LAB,リーグサマリー:2026特別 J2J3百年構想リーグ チャンスビルディングポイント ゴールポイント ランキング | データによってサッカーはもっと輝く | Football LAB,2,村越 凱光,村越凱光,"[""ゴールポイント"", ""90分平均"", ""最近5試合"", ""出場試合"", ""攻撃CBP"", ""奪取P""]","["""", ""27.55"", ""1.51"", ""4.94"", ""19"", ""26.69"", ""137.26""]"
20260802,20260609,j2,,ゴール.html,リーグサマリー:2026特別 J2J3百年構想リーグ チャンスビルディングポイント ゴールポイント ランキング | データによってサッカーはもっと輝く | Football LAB,リーグサマリー:2026特別 J2J3百年構想リーグ チャンスビルディングポイント ゴールポイント ランキング | データによってサッカーはもっと輝く | Football LAB,リーグサマリー:2026特別 J2J3百年構想リーグ チャンスビルディングポイント ゴールポイント ランキング | データによってサッカーはもっと輝く | Football LAB,2,山田 寛人,山田寛人,"[""ゴールポイント"", ""90分平均"", ""最近5試合"", ""出場試合"", ""攻撃CBP"", ""奪取P""]","["""", ""22.74"", ""1.46"", ""2.65"", ""19"", ""13.93"", ""46.83""]"
20260802,20260609,j2,,ゴール.html,リーグサマリー:2026特別 J2J3百年構想リーグ チャンスビルディングポイント ゴールポイント ランキング | データによってサッカーはもっと輝く | Football LAB,リーグサマリー:2026特別 J2J3百年構想リーグ チャンスビルディングポイント ゴールポイント ランキング | データによってサッカーはもっと輝く | Football LAB,リーグサマリー:2026特別 J2J3百年構想リーグ チャンスビルディングポイント ゴールポイント ランキング | データによってサッカーはもっと輝く | Football LAB,2,杉本 蓮,杉本蓮,"[""ゴールポイント"", ""90分平均"", ""最近5試合"", ""出場試合"", ""攻撃CBP"", ""奪取P""]","["""", ""22.04"", ""1.46"", ""8.76"", ""19"", ""28.03"", ""110.22""]"
20260802,20260609,j2,,ゴール.html,リーグサマリー:2026特別 J2J3百年構想リーグ チャンスビルディングポイント ゴールポイント ランキング | データによってサッカーはもっと輝く | Football LAB,リーグサマリー:2026特別 J2J3百年構想リーグ チャンスビルディングポイント ゴールポイント ランキング | データによってサッカーはもっと輝く | Football LAB,リーグサマリー:2026特別 J2J3百年構想リーグ チャンスビルディングポイント ゴールポイント ランキング | データによってサッカーはもっと輝く | Football LAB,2,カプリーニ,カプリーニ,"[""ゴールポイント"", ""90分平均"", ""最近5試合"", ""出場試合"", ""攻撃CBP"", ""奪取P""]","["""", ""21.60"", ""1.84"", ""2.61"", ""18"", ""20.17"", ""84.96""]"
20260802,20260609,j2,,ゴール.html,リーグサマリー:2026特別 J2J3百年構想リーグ チャンスビルディングポイント ゴールポイント ランキング | データによってサッカーはもっと輝く | Football LAB,リーグサマリー:2026特別 J2J3百年構想リーグ チャンスビルディングポイント ゴールポイント ランキング | データによってサッカーはもっと輝く | Football LAB,リーグサマリー:2026特別 J2J3百年構想リーグ チャンスビルディングポイント ゴールポイント ランキング | データによってサッカーはもっと輝く | Football LAB,2,高木 友也,高木友也,"[""ゴールポイント"", ""90分平均"", ""最近5試合"", ""出場試合"", ""攻撃CBP"", ""奪取P""]","["""", ""18.86"", ""1.22"", ""4.18"", ""18"", ""18.20"", ""104.37""]"
20260802,20260609,j2,,ゴール.html,リーグサマリー:2026特別 J2J3百年構想リーグ チャンスビルディングポイント ゴールポイント ランキング | データによってサッカーはもっと輝く | Football LAB,リーグサマリー:2026特別 J2J3百年構想リーグ チャンスビルディングポイント ゴールポイント ランキング | データによってサッカーはもっと輝く | Football LAB,リーグサマリー:2026特別 J2J3百年構想リーグ チャンスビルディングポイント ゴールポイント ランキング | データによってサッカーはもっと輝く | Football LAB,2,藤枝 康佑,藤枝康佑,"[""ゴールポイント"", ""90分平均"", ""最近5試合"", ""出場試合"", ""攻撃CBP"", ""奪取P""]","["""", ""18.80"", ""2.87"", ""1.29"", ""19"", ""4.71"", ""48.51""]"
20260802,20260609,j2,,ゴール.html,リーグサマリー:2026特別 J2J3百年構想リーグ チャンスビルディングポイント ゴールポイント ランキング | データによってサッカーはもっと輝く | Football LAB,リーグサマリー:2026特別 J2J3百年構想リーグ チャンスビルディングポイント ゴールポイント ランキング | データによってサッカーはもっと輝く | Football LAB,リーグサマリー:2026特別 J2J3百年構想リーグ チャンスビルディングポイント ゴールポイント ランキング | データによってサッカーはもっと輝く | Football LAB,2,田口 裕也,田口裕也,"[""ゴールポイント"", ""90分平均"", ""最近5試合"", ""出場試合"", ""攻撃CBP"", ""奪取P""]","["""", ""18.58"", ""1.67"", ""2.61"", ""20"", ""10.25"", ""25.71""]"
20260802,20260609,j2,,ゴール.html,リーグサマリー:2026特別 J2J3百年構想リーグ チャンスビルディングポイント ゴールポイント ランキング | データによってサッカーはもっと輝く | Football LAB,リーグサマリー:2026特別 J2J3百年構想リーグ チャンスビルディングポイント ゴールポイント ランキング | データによってサッカーはもっと輝く | Football LAB,リーグサマリー:2026特別 J2J3百年構想リーグ チャンスビルディングポイント ゴールポイント ランキング | データによってサッカーはもっと輝く | Football LAB,2,古川 真人,古川真人,"[""ゴールポイント"", ""90分平均"", ""最近5試合"", ""出場試合"", ""攻撃CBP"", ""奪取P""]","["""", ""18.51"", ""2.16"", ""3.42"", ""14"", ""16.62"", ""36.55""]"
20260802,20260609,j2,,ゴール.html,リーグサマリー:2026特別 J2J3百年構想リーグ チャンスビルディングポイント ゴールポイント ランキング | データによってサッカーはもっと輝く | Football LAB,リーグサマリー:2026特別 J2J3百年構想リーグ チャンスビルディングポイント ゴールポイント ランキング | データによってサッカーはもっと輝く | Football LAB,リーグサマリー:2026特別 J2J3百年構想リーグ チャンスビルディングポイント ゴールポイント ランキング | データによってサッカーはもっと輝く | Football LAB,2,宮崎 純真,宮崎純真,"[""ゴールポイント"", ""90分平均"", ""最近5試合"", ""出場試合"", ""攻撃CBP"", ""奪取P""]","["""", ""17.49"", ""1.21"", ""3.14"", ""18"", ""19.84"", ""110.10""]"
20260802,20260609,j2,,ゴール.html,リーグサマリー:2026特別 J2J3百年構想リーグ チャンスビルディングポイント ゴールポイント ランキング | データによってサッカーはもっと輝く | Football LAB,リーグサマリー:2026特別 J2J3百年構想リーグ チャンスビルディングポイント ゴールポイント ランキング | データによってサッカーはもっと輝く | Football LAB,リーグサマリー:2026特別 J2J3百年構想リーグ チャンスビルディングポイント ゴールポイント ランキング | データによってサッカーはもっと輝く | Football LAB,2,アダイウトン,アダイウトン,"[""ゴールポイント"", ""90分平均"", ""最近5試合"", ""出場試合"", ""攻撃CBP"", ""奪取P""]","["""", ""16.87"", ""3.71"", ""9.02"", ""16"", ""9.16"", ""50.38""]"
20260802,20260609,j2,,ゴール.html,リーグサマリー:2026特別 J2J3百年構想リーグ チャンスビルディングポイント ゴールポイント ランキング | データによってサッカーはもっと輝く | Football LAB,リーグサマリー:2026特別 J2J3百年構想リーグ チャンスビルディングポイント ゴールポイント ランキング | データによってサッカーはもっと輝く | Football LAB,リーグサマリー:2026特別 J2J3百年構想リーグ チャンスビルディングポイント ゴールポイント ランキング | データによってサッカーはもっと輝く | Football LAB,2,武田 英寿,武田英寿,"[""ゴールポイント"", ""90分平均"", ""最近5試合"", ""出場試合"", ""攻撃CBP"", ""奪取P""]","["""", ""16.81"", ""1.04"", ""0.00"", ""20"", ""22.67"", ""117.52""]"
20260802,20260609,j2,,ゴール.html,リーグサマリー:2026特別 J2J3百年構想リーグ チャンスビルディングポイント ゴールポイント ランキング | データによってサッカーはもっと輝く | Football LAB,リーグサマリー:2026特別 J2J3百年構想リーグ チャンスビルディングポイント ゴールポイント ランキング | データによってサッカーはもっと輝く | Football LAB,リーグサマリー:2026特別 J2J3百年構想リーグ チャンスビルディングポイント ゴールポイント ランキング | データによってサッカーはもっと輝く | Football LAB,2,横山 暁之,横山暁之,"[""ゴールポイント"", ""90分平均"", ""最近5試合"", ""出場試合"", ""攻撃CBP"", ""奪取P""]","["""", ""16.54"", ""1.50"", ""0.00"", ""14"", ""19.73"", ""44.80""]"
20260802,20260609,j2,,ゴール.html,リーグサマリー:2026特別 J2J3百年構想リーグ チャンスビルディングポイント ゴールポイント ランキング | データによってサッカーはもっと輝く | Football LAB,リーグサマリー:2026特別 J2J3百年構想リーグ チャンスビルディングポイント ゴールポイント ランキング | データによってサッカーはもっと輝く | Football LAB,リーグサマリー:2026特別 J2J3百年構想リーグ チャンスビルディングポイント ゴールポイント ランキング | データによってサッカーはもっと輝く | Football LAB,2,岩渕 弘人,岩渕弘人,"[""ゴールポイント"", ""90分平均"", ""最近5試合"", ""出場試合"", ""攻撃CBP"", ""奪取P""]","["""", ""16.54"", ""1.21"", ""0.00"", ""20"", ""13.10"", ""118.17""]"
20260802,20260609,j2,,ゴール.html,リーグサマリー:2026特別 J2J3百年構想リーグ チャンスビルディングポイント ゴールポイント ランキング | データによってサッカーはもっと輝く | Football LAB,リーグサマリー:2026特別 J2J3百年構想リーグ チャンスビルディングポイント ゴールポイント ランキング | データによってサッカーはもっと輝く | Football LAB,リーグサマリー:2026特別 J2J3百年構想リーグ チャンスビルディングポイント ゴールポイント ランキング | データによってサッカーはもっと輝く | Football LAB,2,キム ヒョンウ,キムヒョンウ,"[""ゴールポイント"", ""90分平均"", ""最近5試合"", ""出場試合"", ""攻撃CBP"", ""奪取P""]","["""", ""16.47"", ""1.51"", ""7.09"", ""16"", ""9.53"", ""46.30""]"
20260802,20260609,j2,,ゴール.html,リーグサマリー:2026特別 J2J3百年構想リーグ チャンスビルディングポイント ゴールポイント ランキング | データによってサッカーはもっと輝く | Football LAB,リーグサマリー:2026特別 J2J3百年構想リーグ チャンスビルディングポイント ゴールポイント ランキング | データによってサッカーはもっと輝く | Football LAB,リーグサマリー:2026特別 J2J3百年構想リーグ チャンスビルディングポイント ゴールポイント ランキング | データによってサッカーはもっと輝く | Football LAB,2,ジョアン パウロ,ジョアンパウロ,"[""ゴールポイント"", ""90分平均"", ""最近5試合"", ""出場試合"", ""攻撃CBP"", ""奪取P""]","["""", ""16.34"", ""1.09"", ""6.08"", ""19"", ""28.08"", ""87.30""]"
20260802,20260609,j2,,ゴール.html,リーグサマリー:2026特別 J2J3百年構想リーグ チャンスビルディングポイント ゴールポイント ランキング | データによってサッカーはもっと輝く | Football LAB,リーグサマリー:2026特別 J2J3百年構想リーグ チャンスビルディングポイント ゴールポイント ランキング | データによってサッカーはもっと輝く | Football LAB,リーグサマリー:2026特別 J2J3百年構想リーグ チャンスビルディングポイント ゴールポイント ランキング | データによってサッカーはもっと輝く | Football LAB,2,西野 太陽,西野太陽,"[""ゴールポイント"", ""90分平均"", ""最近5試合"", ""出場試合"", ""攻撃CBP"", ""奪取P""]","["""", ""16.18"", ""1.93"", ""0.00"", ""11"", ""12.25"", ""39.51""]"
20260802,20260609,j2,,ゴール.html,リーグサマリー:2026特別 J2J3百年構想リーグ チャンスビルディングポイント ゴールポイント ランキング | データによってサッカーはもっと輝く | Football LAB,リーグサマリー:2026特別 J2J3百年構想リーグ チャンスビルディングポイント ゴールポイント ランキング | データによってサッカーはもっと輝く | Football LAB,リーグサマリー:2026特別 J2J3百年構想リーグ チャンスビルディングポイント ゴールポイント ランキング | データによってサッカーはもっと輝く | Football LAB,2,内藤 大和,内藤大和,"[""ゴールポイント"", ""90分平均"", ""最近5試合"", ""出場試合"", ""攻撃CBP"", ""奪取P""]","["""", ""15.98"", ""2.39"", ""0.00"", ""12"", ""4.09"", ""5.94""]"
20260802,20260609,j2,,ゴール.html,リーグサマリー:2026特別 J2J3百年構想リーグ チャンスビルディングポイント ゴールポイント ランキング | データによってサッカーはもっと輝く | Football LAB,リーグサマリー:2026特別 J2J3百年構想リーグ チャンスビルディングポイント ゴールポイント ランキング | データによってサッカーはもっと輝く | Football LAB,リーグサマリー:2026特別 J2J3百年構想リーグ チャンスビルディングポイント ゴールポイント ランキング | データによってサッカーはもっと輝く | Football LAB,2,高橋 潤哉,高橋潤哉,"[""ゴールポイント"", ""90分平均"", ""最近5試合"", ""出場試合"", ""攻撃CBP"", ""奪取P""]","["""", ""15.94"", ""1.22"", ""9.99"", ""18"", ""11.99"", ""58.99""]"
20260802,20260609,j2,,ゴール.html,リーグサマリー:2026特別 J2J3百年構想リーグ チャンスビルディングポイント ゴールポイント ランキング | データによってサッカーはもっと輝く | Football LAB,リーグサマリー:2026特別 J2J3百年構想リーグ チャンスビルディングポイント ゴールポイント ランキング | データによってサッカーはもっと輝く | Football LAB,リーグサマリー:2026特別 J2J3百年構想リーグ チャンスビルディングポイント ゴールポイント ランキング | データによってサッカーはもっと輝く | Football LAB,2,山中 惇希,山中惇希,"[""ゴールポイント"", ""90分平均"", ""最近5試合"", ""出場試合"", ""攻撃CBP"", ""奪取P""]","["""", ""15.78"", ""1.09"", ""0.00"", ""19"", ""24.43"", ""115.55""]"
20260802,20260609,j2,,ゴール.html,リーグサマリー:2026特別 J2J3百年構想リーグ チャンスビルディングポイント ゴールポイント ランキング | データによってサッカーはもっと輝く | Football LAB,リーグサマリー:2026特別 J2J3百年構想リーグ チャンスビルディングポイント ゴールポイント ランキング | データによってサッカーはもっと輝く | Football LAB,リーグサマリー:2026特別 J2J3百年構想リーグ チャンスビルディングポイント ゴールポイント ランキング | データによってサッカーはもっと輝く | Football LAB,2,梶谷 政仁,梶谷政仁,"[""ゴールポイント"", ""90分平均"", ""最近5試合"", ""出場試合"", ""攻撃CBP"", ""奪取P""]","["""", ""15.75"", ""1.81"", ""11.76"", ""17"", ""8.43"", ""73.53""]"
20260802,20260609,j2,,ゴール.html,リーグサマリー:2026特別 J2J3百年構想リーグ チャンスビルディングポイント ゴールポイント ランキング | データによってサッカーはもっと輝く | Football LAB,リーグサマリー:2026特別 J2J3百年構想リーグ チャンスビルディングポイント ゴールポイント ランキング | データによってサッカーはもっと輝く | Football LAB,リーグサマリー:2026特別 J2J3百年構想リーグ チャンスビルディングポイント ゴールポイント ランキング | データによってサッカーはもっと輝く | Football LAB,2,真鍋 隼虎,真鍋隼虎,"[""ゴールポイント"", ""90分平均"", ""最近5試合"", ""出場試合"", ""攻撃CBP"", ""奪取P""]","["""", ""15.72"", ""0.96"", ""3.98"", ""20"", ""11.76"", ""81.42""]"
20260802,20260609,j2,,ゴール.html,リーグサマリー:2026特別 J2J3百年構想リーグ チャンスビルディングポイント ゴールポイント ランキング | データによってサッカーはもっと輝く | Football LAB,リーグサマリー:2026特別 J2J3百年構想リーグ チャンスビルディングポイント ゴールポイント ランキング | データによってサッカーはもっと輝く | Football LAB,リーグサマリー:2026特別 J2J3百年構想リーグ チャンスビルディングポイント ゴールポイント ランキング | データによってサッカーはもっと輝く | Football LAB,2,新谷 聖基,新谷聖基,"[""ゴールポイント"", ""90分平均"", ""最近5試合"", ""出場試合"", ""攻撃CBP"", ""奪取P""]","["""", ""15.69"", ""0.98"", ""5.20"", ""19"", ""14.43"", ""55.94""]"
20260802,20260609,j2,,ゴール.html,リーグサマリー:2026特別 J2J3百年構想リーグ チャンスビルディングポイント ゴールポイント ランキング | データによってサッカーはもっと輝く | Football LAB,リーグサマリー:2026特別 J2J3百年構想リーグ チャンスビルディングポイント ゴールポイント ランキング | データによってサッカーはもっと輝く | Football LAB,リーグサマリー:2026特別 J2J3百年構想リーグ チャンスビルディングポイント ゴールポイント ランキング | データによってサッカーはもっと輝く | Football LAB,2,中野 克哉,中野克哉,"[""ゴールポイント"", ""90分平均"", ""最近5試合"", ""出場試合"", ""攻撃CBP"", ""奪取P""]","["""", ""15.55"", ""1.02"", ""0.00"", ""18"", ""22.25"", ""134.28""]"
20260802,20260609,j2,,ゴール.html,リーグサマリー:2026特別 J2J3百年構想リーグ チャンスビルディングポイント ゴールポイント ランキング | データによってサッカーはもっと輝く | Football LAB,リーグサマリー:2026特別 J2J3百年構想リーグ チャンスビルディングポイント ゴールポイント ランキング | データによってサッカーはもっと輝く | Football LAB,リーグサマリー:2026特別 J2J3百年構想リーグ チャンスビルディングポイント ゴールポイント ランキング | データによってサッカーはもっと輝く | Football LAB,2,西澤 健太,西澤健太,"[""ゴールポイント"", ""90分平均"", ""最近5試合"", ""出場試合"", ""攻撃CBP"", ""奪取P""]","["""", ""15.53"", ""0.99"", ""2.65"", ""18"", ""29.44"", ""96.80""]"
20260802,20260609,j2,,ゴール期待値.html,リーグサマリー:2026特別 J2J3百年構想リーグ ゴール期待値 | データによってサッカーはもっと輝く | Football LAB,リーグサマリー:2026特別 J2J3百年構想リーグ ゴール期待値 | データによってサッカーはもっと輝く | Football LAB,ゴール期待値,1,横浜FC,横浜FC,"[""期待値"", ""ゴール"", ""差分"", ""成績順位""]","[""1.855"", ""1.8"", ""-0.055"", ""4""]"
20260802,20260609,j2,,ゴール期待値.html,リーグサマリー:2026特別 J2J3百年構想リーグ ゴール期待値 | データによってサッカーはもっと輝く | Football LAB,リーグサマリー:2026特別 J2J3百年構想リーグ ゴール期待値 | データによってサッカーはもっと輝く | Football LAB,ゴール期待値,1,大宮,大宮,"[""期待値"", ""ゴール"", ""差分"", ""成績順位""]","[""1.740"", ""2.05"", ""0.310"", ""4""]"
20260802,20260609,j2,,ゴール期待値.html,リーグサマリー:2026特別 J2J3百年構想リーグ ゴール期待値 | データによってサッカーはもっと輝く | Football LAB,リーグサマリー:2026特別 J2J3百年構想リーグ ゴール期待値 | データによってサッカーはもっと輝く | Football LAB,ゴール期待値,1,富山,富山,"[""期待値"", ""ゴール"", ""差分"", ""成績順位""]","[""1.708"", ""1.9"", ""0.192"", ""1""]"
20260802,20260609,j2,,ゴール期待値.html,リーグサマリー:2026特別 J2J3百年構想リーグ ゴール期待値 | データによってサッカーはもっと輝く | Football LAB,リーグサマリー:2026特別 J2J3百年構想リーグ ゴール期待値 | データによってサッカーはもっと輝く | Football LAB,ゴール期待値,1,いわき,いわき,"[""期待値"", ""ゴール"", ""差分"", ""成績順位""]","[""1.671"", ""1.2"", ""-0.471"", ""3""]"
20260802,20260609,j2,,ゴール期待値.html,リーグサマリー:2026特別 J2J3百年構想リーグ ゴール期待値 | データによってサッカーはもっと輝く | Football LAB,リーグサマリー:2026特別 J2J3百年構想リーグ ゴール期待値 | データによってサッカーはもっと輝く | Football LAB,ゴール期待値,1,岐阜,岐阜,"[""期待値"", ""ゴール"", ""差分"", ""成績順位""]","[""1.589"", ""1.3"", ""-0.289"", ""6""]"
20260802,20260609,j2,,ゴール期待値.html,リーグサマリー:2026特別 J2J3百年構想リーグ ゴール期待値 | データによってサッカーはもっと輝く | Football LAB,リーグサマリー:2026特別 J2J3百年構想リーグ ゴール期待値 | データによってサッカーはもっと輝く | Football LAB,ゴール期待値,1,相模原,相模原,"[""期待値"", ""ゴール"", ""差分"", ""成績順位""]","[""1.565"", ""1.85"", ""0.285"", ""5""]"
20260802,20260609,j2,,ゴール期待値.html,リーグサマリー:2026特別 J2J3百年構想リーグ ゴール期待値 | データによってサッカーはもっと輝く | Football LAB,リーグサマリー:2026特別 J2J3百年構想リーグ ゴール期待値 | データによってサッカーはもっと輝く | Football LAB,ゴール期待値,1,FC大阪,FC大阪,"[""期待値"", ""ゴール"", ""差分"", ""成績順位""]","[""1.551"", ""0.85"", ""-0.701"", ""8""]"
20260802,20260609,j2,,ゴール期待値.html,リーグサマリー:2026特別 J2J3百年構想リーグ ゴール期待値 | データによってサッカーはもっと輝く | Football LAB,リーグサマリー:2026特別 J2J3百年構想リーグ ゴール期待値 | データによってサッカーはもっと輝く | Football LAB,ゴール期待値,1,鹿児島,鹿児島,"[""期待値"", ""ゴール"", ""差分"", ""成績順位""]","[""1.480"", ""1.25"", ""-0.230"", ""2""]"
20260802,20260609,j2,,ゴール期待値.html,リーグサマリー:2026特別 J2J3百年構想リーグ ゴール期待値 | データによってサッカーはもっと輝く | Football LAB,リーグサマリー:2026特別 J2J3百年構想リーグ ゴール期待値 | データによってサッカーはもっと輝く | Football LAB,ゴール期待値,1,札幌,札幌,"[""期待値"", ""ゴール"", ""差分"", ""成績順位""]","[""1.466"", ""1.35"", ""-0.116"", ""2""]"
20260802,20260609,j2,,ゴール期待値.html,リーグサマリー:2026特別 J2J3百年構想リーグ ゴール期待値 | データによってサッカーはもっと輝く | Football LAB,リーグサマリー:2026特別 J2J3百年構想リーグ ゴール期待値 | データによってサッカーはもっと輝く | Football LAB,ゴール期待値,1,山口,山口,"[""期待値"", ""ゴール"", ""差分"", ""成績順位""]","[""1.452"", ""1.35"", ""-0.102"", ""4""]"
20260802,20260609,j2,,ゴール期待値.html,リーグサマリー:2026特別 J2J3百年構想リーグ ゴール期待値 | データによってサッカーはもっと輝く | Football LAB,リーグサマリー:2026特別 J2J3百年構想リーグ ゴール期待値 | データによってサッカーはもっと輝く | Football LAB,ゴール期待値,1,藤枝,藤枝,"[""期待値"", ""ゴール"", ""差分"", ""成績順位""]","[""1.379"", ""1.25"", ""-0.129"", ""5""]"
20260802,20260609,j2,,ゴール期待値.html,リーグサマリー:2026特別 J2J3百年構想リーグ ゴール期待値 | データによってサッカーはもっと輝く | Football LAB,リーグサマリー:2026特別 J2J3百年構想リーグ ゴール期待値 | データによってサッカーはもっと輝く | Football LAB,ゴール期待値,1,福島,福島,"[""期待値"", ""ゴール"", ""差分"", ""成績順位""]","[""1.348"", ""1.5"", ""0.152"", ""9""]"
20260802,20260609,j2,,ゴール期待値.html,リーグサマリー:2026特別 J2J3百年構想リーグ ゴール期待値 | データによってサッカーはもっと輝く | Football LAB,リーグサマリー:2026特別 J2J3百年構想リーグ ゴール期待値 | データによってサッカーはもっと輝く | Football LAB,ゴール期待値,1,仙台,仙台,"[""期待値"", ""ゴール"", ""差分"", ""成績順位""]","[""1.340"", ""1.7"", ""0.360"", ""1""]"
20260802,20260609,j2,,ゴール期待値.html,リーグサマリー:2026特別 J2J3百年構想リーグ ゴール期待値 | データによってサッカーはもっと輝く | Football LAB,リーグサマリー:2026特別 J2J3百年構想リーグ ゴール期待値 | データによってサッカーはもっと輝く | Football LAB,ゴール期待値,1,愛媛,愛媛,"[""期待値"", ""ゴール"", ""差分"", ""成績順位""]","[""1.335"", ""1.1"", ""-0.235"", ""5""]"
20260802,20260609,j2,,ゴール期待値.html,リーグサマリー:2026特別 J2J3百年構想リーグ ゴール期待値 | データによってサッカーはもっと輝く | Football LAB,リーグサマリー:2026特別 J2J3百年構想リーグ ゴール期待値 | データによってサッカーはもっと輝く | Football LAB,ゴール期待値,1,秋田,秋田,"[""期待値"", ""ゴール"", ""差分"", ""成績順位""]","[""1.325"", ""1.1"", ""-0.225"", ""2""]"
20260802,20260609,j2,,ゴール期待値.html,リーグサマリー:2026特別 J2J3百年構想リーグ ゴール期待値 | データによってサッカーはもっと輝く | Football LAB,リーグサマリー:2026特別 J2J3百年構想リーグ ゴール期待値 | データによってサッカーはもっと輝く | Football LAB,ゴール期待値,1,磐田,磐田,"[""期待値"", ""ゴール"", ""差分"", ""成績順位""]","[""1.318"", ""1"", ""-0.318"", ""8""]"
20260802,20260609,j2,,ゴール期待値.html,リーグサマリー:2026特別 J2J3百年構想リーグ ゴール期待値 | データによってサッカーはもっと輝く | Football LAB,リーグサマリー:2026特別 J2J3百年構想リーグ ゴール期待値 | データによってサッカーはもっと輝く | Football LAB,ゴール期待値,1,松本,松本,"[""期待値"", ""ゴール"", ""差分"", ""成績順位""]","[""1.316"", ""1.65"", ""0.334"", ""7""]"
20260802,20260609,j2,,ゴール期待値.html,リーグサマリー:2026特別 J2J3百年構想リーグ ゴール期待値 | データによってサッカーはもっと輝く | Football LAB,リーグサマリー:2026特別 J2J3百年構想リーグ ゴール期待値 | データによってサッカーはもっと輝く | Football LAB,ゴール期待値,1,宮崎,宮崎,"[""期待値"", ""ゴール"", ""差分"", ""成績順位""]","[""1.298"", ""1.8"", ""0.502"", ""1""]"
20260802,20260609,j2,,ゴール期待値.html,リーグサマリー:2026特別 J2J3百年構想リーグ ゴール期待値 | データによってサッカーはもっと輝く | Football LAB,リーグサマリー:2026特別 J2J3百年構想リーグ ゴール期待値 | データによってサッカーはもっと輝く | Football LAB,ゴール期待値,1,金沢,金沢,"[""期待値"", ""ゴール"", ""差分"", ""成績順位""]","[""1.275"", ""0.95"", ""-0.325"", ""6""]"
20260802,20260609,j2,,ゴール期待値.html,リーグサマリー:2026特別 J2J3百年構想リーグ ゴール期待値 | データによってサッカーはもっと輝く | Football LAB,リーグサマリー:2026特別 J2J3百年構想リーグ ゴール期待値 | データによってサッカーはもっと輝く | Football LAB,ゴール期待値,1,大分,大分,"[""期待値"", ""ゴール"", ""差分"", ""成績順位""]","[""1.261"", ""1.05"", ""-0.211"", ""7""]"
20260802,20260609,j2,,ゴール期待値.html,リーグサマリー:2026特別 J2J3百年構想リーグ ゴール期待値 | データによってサッカーはもっと輝く | Football LAB,リーグサマリー:2026特別 J2J3百年構想リーグ ゴール期待値 | データによってサッカーはもっと輝く | Football LAB,ゴール期待値,1,群馬,群馬,"[""期待値"", ""ゴール"", ""差分"", ""成績順位""]","[""1.237"", ""1.3"", ""0.063"", ""6""]"
20260802,20260609,j2,,ゴール期待値.html,リーグサマリー:2026特別 J2J3百年構想リーグ ゴール期待値 | データによってサッカーはもっと輝く | Football LAB,リーグサマリー:2026特別 J2J3百年構想リーグ ゴール期待値 | データによってサッカーはもっと輝く | Football LAB,ゴール期待値,1,鳥栖,鳥栖,"[""期待値"", ""ゴール"", ""差分"", ""成績順位""]","[""1.213"", ""1.3"", ""0.087"", ""3""]"
20260802,20260609,j2,,ゴール期待値.html,リーグサマリー:2026特別 J2J3百年構想リーグ ゴール期待値 | データによってサッカーはもっと輝く | Football LAB,リーグサマリー:2026特別 J2J3百年構想リーグ ゴール期待値 | データによってサッカーはもっと輝く | Football LAB,ゴール期待値,1,徳島,徳島,"[""期待値"", ""ゴール"", ""差分"", ""成績順位""]","[""1.175"", ""2.05"", ""0.875"", ""3""]"
20260802,20260609,j2,,ゴール期待値.html,リーグサマリー:2026特別 J2J3百年構想リーグ ゴール期待値 | データによってサッカーはもっと輝く | Football LAB,リーグサマリー:2026特別 J2J3百年構想リーグ ゴール期待値 | データによってサッカーはもっと輝く | Football LAB,ゴール期待値,1,今治,今治,"[""期待値"", ""ゴール"", ""差分"", ""成績順位""]","[""1.168"", ""0.8"", ""-0.368"", ""9""]"
20260802,20260609,j2,,ゴール期待値.html,リーグサマリー:2026特別 J2J3百年構想リーグ ゴール期待値 | データによってサッカーはもっと輝く | Football LAB,リーグサマリー:2026特別 J2J3百年構想リーグ ゴール期待値 | データによってサッカーはもっと輝く | Football LAB,ゴール期待値,1,八戸,八戸,"[""期待値"", ""ゴール"", ""差分"", ""成績順位""]","[""1.150"", ""0.75"", ""-0.400"", ""9""]"
20260802,20260609,j2,,ゴール期待値.html,リーグサマリー:2026特別 J2J3百年構想リーグ ゴール期待値 | データによってサッカーはもっと輝く | Football LAB,リーグサマリー:2026特別 J2J3百年構想リーグ ゴール期待値 | データによってサッカーはもっと輝く | Football LAB,ゴール期待値,1,栃木C,栃木C,"[""期待値"", ""ゴール"", ""差分"", ""成績順位""]","[""1.149"", ""1.3"", ""0.151"", ""8""]"
20260802,20260609,j2,,ゴール期待値.html,リーグサマリー:2026特別 J2J3百年構想リーグ ゴール期待値 | データによってサッカーはもっと輝く | Football LAB,リーグサマリー:2026特別 J2J3百年構想リーグ ゴール期待値 | データによってサッカーはもっと輝く | Football LAB,ゴール期待値,1,高知,高知,"[""期待値"", ""ゴール"", ""差分"", ""成績順位""]","[""1.099"", ""1.3"", ""0.201"", ""4""]"
20260802,20260609,j2,,ゴール期待値.html,リーグサマリー:2026特別 J2J3百年構想リーグ ゴール期待値 | データによってサッカーはもっと輝く | Football LAB,リーグサマリー:2026特別 J2J3百年構想リーグ ゴール期待値 | データによってサッカーはもっと輝く | Football LAB,ゴール期待値,1,栃木SC,栃木SC,"[""期待値"", ""ゴール"", ""差分"", ""成績順位""]","[""1.079"", ""1.2"", ""0.121"", ""10""]"
20260802,20260609,j2,,ゴール期待値.html,リーグサマリー:2026特別 J2J3百年構想リーグ ゴール期待値 | データによってサッカーはもっと輝く | Football LAB,リーグサマリー:2026特別 J2J3百年構想リーグ ゴール期待値 | データによってサッカーはもっと輝く | Football LAB,ゴール期待値,1,滋賀,滋賀,"[""期待値"", ""ゴール"", ""差分"", ""成績順位""]","[""1.054"", ""0.85"", ""-0.204"", ""8""]"
20260802,20260609,j2,,ゴール期待値.html,リーグサマリー:2026特別 J2J3百年構想リーグ ゴール期待値 | データによってサッカーはもっと輝く | Football LAB,リーグサマリー:2026特別 J2J3百年構想リーグ ゴール期待値 | データによってサッカーはもっと輝く | Football LAB,ゴール期待値,1,北九州,北九州,"[""期待値"", ""ゴール"", ""差分"", ""成績順位""]","[""1.049"", ""0.95"", ""-0.099"", ""10""]"
20260802,20260609,j2,,ゴール期待値.html,リーグサマリー:2026特別 J2J3百年構想リーグ ゴール期待値 | データによってサッカーはもっと輝く | Football LAB,リーグサマリー:2026特別 J2J3百年構想リーグ ゴール期待値 | データによってサッカーはもっと輝く | Football LAB,ゴール期待値,1,湘南,湘南,"[""期待値"", ""ゴール"", ""差分"", ""成績順位""]","[""1.030"", ""1.2"", ""0.170"", ""3""]"
20260802,20260609,j2,,ゴール期待値.html,リーグサマリー:2026特別 J2J3百年構想リーグ ゴール期待値 | データによってサッカーはもっと輝く | Football LAB,リーグサマリー:2026特別 J2J3百年構想リーグ ゴール期待値 | データによってサッカーはもっと輝く | Football LAB,ゴール期待値,1,讃岐,讃岐,"[""期待値"", ""ゴール"", ""差分"", ""成績順位""]","[""1.014"", ""0.8"", ""-0.214"", ""10""]"
20260802,20260609,j2,,ゴール期待値.html,リーグサマリー:2026特別 J2J3百年構想リーグ ゴール期待値 | データによってサッカーはもっと輝く | Football LAB,リーグサマリー:2026特別 J2J3百年構想リーグ ゴール期待値 | データによってサッカーはもっと輝く | Football LAB,ゴール期待値,1,鳥取,鳥取,"[""期待値"", ""ゴール"", ""差分"", ""成績順位""]","[""1.010"", ""1.2"", ""0.190"", ""6""]"
20260802,20260609,j2,,ゴール期待値.html,リーグサマリー:2026特別 J2J3百年構想リーグ ゴール期待値 | データによってサッカーはもっと輝く | Football LAB,リーグサマリー:2026特別 J2J3百年構想リーグ ゴール期待値 | データによってサッカーはもっと輝く | Football LAB,ゴール期待値,1,新潟,新潟,"[""期待値"", ""ゴール"", ""差分"", ""成績順位""]","[""0.972"", ""1.05"", ""0.078"", ""2""]"
20260802,20260609,j2,,ゴール期待値.html,リーグサマリー:2026特別 J2J3百年構想リーグ ゴール期待値 | データによってサッカーはもっと輝く | Football LAB,リーグサマリー:2026特別 J2J3百年構想リーグ ゴール期待値 | データによってサッカーはもっと輝く | Football LAB,ゴール期待値,1,奈良,奈良,"[""期待値"", ""ゴール"", ""差分"", ""成績順位""]","[""0.968"", ""1.55"", ""0.582"", ""7""]"
20260802,20260609,j2,,ゴール期待値.html,リーグサマリー:2026特別 J2J3百年構想リーグ ゴール期待値 | データによってサッカーはもっと輝く | Football LAB,リーグサマリー:2026特別 J2J3百年構想リーグ ゴール期待値 | データによってサッカーはもっと輝く | Football LAB,ゴール期待値,1,山形,山形,"[""期待値"", ""ゴール"", ""差分"", ""成績順位""]","[""0.967"", ""1.05"", ""0.083"", ""7""]"
20260802,20260609,j2,,ゴール期待値.html,リーグサマリー:2026特別 J2J3百年構想リーグ ゴール期待値 | データによってサッカーはもっと輝く | Football LAB,リーグサマリー:2026特別 J2J3百年構想リーグ ゴール期待値 | データによってサッカーはもっと輝く | Football LAB,ゴール期待値,1,琉球,琉球,"[""期待値"", ""ゴール"", ""差分"", ""成績順位""]","[""0.954"", ""0.8"", ""-0.154"", ""9""]"
20260802,20260609,j2,,ゴール期待値.html,リーグサマリー:2026特別 J2J3百年構想リーグ ゴール期待値 | データによってサッカーはもっと輝く | Football LAB,リーグサマリー:2026特別 J2J3百年構想リーグ ゴール期待値 | データによってサッカーはもっと輝く | Football LAB,ゴール期待値,1,甲府,甲府,"[""期待値"", ""ゴール"", ""差分"", ""成績順位""]","[""0.909"", ""1.05"", ""0.141"", ""1""]"
20260802,20260609,j2,,ゴール期待値.html,リーグサマリー:2026特別 J2J3百年構想リーグ ゴール期待値 | データによってサッカーはもっと輝く | Football LAB,リーグサマリー:2026特別 J2J3百年構想リーグ ゴール期待値 | データによってサッカーはもっと輝く | Football LAB,ゴール期待値,1,熊本,熊本,"[""期待値"", ""ゴール"", ""差分"", ""成績順位""]","[""0.888"", ""1"", ""0.112"", ""5""]"
20260802,20260609,j2,,ゴール期待値.html,リーグサマリー:2026特別 J2J3百年構想リーグ ゴール期待値 | データによってサッカーはもっと輝く | Football LAB,リーグサマリー:2026特別 J2J3百年構想リーグ ゴール期待値 | データによってサッカーはもっと輝く | Football LAB,ゴール期待値,1,長野,長野,"[""期待値"", ""ゴール"", ""差分"", ""成績順位""]","[""0.854"", ""0.7"", ""-0.154"", ""10""]"
20260802,20260609,j2,,ゴール期待値.html,リーグサマリー:2026特別 J2J3百年構想リーグ ゴール期待値 | データによってサッカーはもっと輝く | Football LAB,リーグサマリー:2026特別 J2J3百年構想リーグ ゴール期待値 | データによってサッカーはもっと輝く | Football LAB,被ゴール期待値,2,鹿児島,鹿児島,"[""期待値"", ""被ゴール"", ""差分"", ""成績順位""]","[""0.628"", ""0.7"", ""0.072"", ""2""]"
20260802,20260609,j2,,ゴール期待値.html,リーグサマリー:2026特別 J2J3百年構想リーグ ゴール期待値 | データによってサッカーはもっと輝く | Football LAB,リーグサマリー:2026特別 J2J3百年構想リーグ ゴール期待値 | データによってサッカーはもっと輝く | Football LAB,被ゴール期待値,2,鳥栖,鳥栖,"[""期待値"", ""被ゴール"", ""差分"", ""成績順位""]","[""0.806"", ""0.85"", ""0.044"", ""3""]"
20260802,20260609,j2,,ゴール期待値.html,リーグサマリー:2026特別 J2J3百年構想リーグ ゴール期待値 | データによってサッカーはもっと輝く | Football LAB,リーグサマリー:2026特別 J2J3百年構想リーグ ゴール期待値 | データによってサッカーはもっと輝く | Football LAB,被ゴール期待値,2,八戸,八戸,"[""期待値"", ""被ゴール"", ""差分"", ""成績順位""]","[""0.845"", ""1"", ""0.155"", ""9""]"
20260802,20260609,j2,,ゴール期待値.html,リーグサマリー:2026特別 J2J3百年構想リーグ ゴール期待値 | データによってサッカーはもっと輝く | Football LAB,リーグサマリー:2026特別 J2J3百年構想リーグ ゴール期待値 | データによってサッカーはもっと輝く | Football LAB,被ゴール期待値,2,宮崎,宮崎,"[""期待値"", ""被ゴール"", ""差分"", ""成績順位""]","[""0.860"", ""0.65"", ""-0.210"", ""1""]"
20260802,20260609,j2,,ゴール期待値.html,リーグサマリー:2026特別 J2J3百年構想リーグ ゴール期待値 | データによってサッカーはもっと輝く | Football LAB,リーグサマリー:2026特別 J2J3百年構想リーグ ゴール期待値 | データによってサッカーはもっと輝く | Football LAB,被ゴール期待値,2,仙台,仙台,"[""期待値"", ""被ゴール"", ""差分"", ""成績順位""]","[""0.906"", ""0.8"", ""-0.106"", ""1""]"
20260802,20260609,j2,,ゴール期待値.html,リーグサマリー:2026特別 J2J3百年構想リーグ ゴール期待値 | データによってサッカーはもっと輝く | Football LAB,リーグサマリー:2026特別 J2J3百年構想リーグ ゴール期待値 | データによってサッカーはもっと輝く | Football LAB,被ゴール期待値,2,横浜FC,横浜FC,"[""期待値"", ""被ゴール"", ""差分"", ""成績順位""]","[""0.925"", ""1.35"", ""0.425"", ""4""]"
20260802,20260609,j2,,ゴール期待値.html,リーグサマリー:2026特別 J2J3百年構想リーグ ゴール期待値 | データによってサッカーはもっと輝く | Football LAB,リーグサマリー:2026特別 J2J3百年構想リーグ ゴール期待値 | データによってサッカーはもっと輝く | Football LAB,被ゴール期待値,2,いわき,いわき,"[""期待値"", ""被ゴール"", ""差分"", ""成績順位""]","[""1.028"", ""1.05"", ""0.022"", ""3""]"
20260802,20260609,j2,,ゴール期待値.html,リーグサマリー:2026特別 J2J3百年構想リーグ ゴール期待値 | データによってサッカーはもっと輝く | Football LAB,リーグサマリー:2026特別 J2J3百年構想リーグ ゴール期待値 | データによってサッカーはもっと輝く | Football LAB,被ゴール期待値,2,FC大阪,FC大阪,"[""期待値"", ""被ゴール"", ""差分"", ""成績順位""]","[""1.032"", ""1"", ""-0.032"", ""8""]"
20260802,20260609,j2,,ゴール期待値.html,リーグサマリー:2026特別 J2J3百年構想リーグ ゴール期待値 | データによってサッカーはもっと輝く | Football LAB,リーグサマリー:2026特別 J2J3百年構想リーグ ゴール期待値 | データによってサッカーはもっと輝く | Football LAB,被ゴール期待値,2,新潟,新潟,"[""期待値"", ""被ゴール"", ""差分"", ""成績順位""]","[""1.051"", ""0.8"", ""-0.251"", ""2""]"
20260802,20260609,j2,,ゴール期待値.html,リーグサマリー:2026特別 J2J3百年構想リーグ ゴール期待値 | データによってサッカーはもっと輝く | Football LAB,リーグサマリー:2026特別 J2J3百年構想リーグ ゴール期待値 | データによってサッカーはもっと輝く | Football LAB,被ゴール期待値,2,大分,大分,"[""期待値"", ""被ゴール"", ""差分"", ""成績順位""]","[""1.060"", ""1.1"", ""0.040"", ""7""]"
20260802,20260609,j2,,ゴール期待値.html,リーグサマリー:2026特別 J2J3百年構想リーグ ゴール期待値 | データによってサッカーはもっと輝く | Football LAB,リーグサマリー:2026特別 J2J3百年構想リーグ ゴール期待値 | データによってサッカーはもっと輝く | Football LAB,被ゴール期待値,2,富山,富山,"[""期待値"", ""被ゴール"", ""差分"", ""成績順位""]","[""1.069"", ""1.2"", ""0.131"", ""1""]"
20260802,20260609,j2,,ゴール期待値.html,リーグサマリー:2026特別 J2J3百年構想リーグ ゴール期待値 | データによってサッカーはもっと輝く | Football LAB,リーグサマリー:2026特別 J2J3百年構想リーグ ゴール期待値 | データによってサッカーはもっと輝く | Football LAB,被ゴール期待値,2,今治,今治,"[""期待値"", ""被ゴール"", ""差分"", ""成績順位""]","[""1.078"", ""1.05"", ""-0.028"", ""9""]"
20260802,20260609,j2,,ゴール期待値.html,リーグサマリー:2026特別 J2J3百年構想リーグ ゴール期待値 | データによってサッカーはもっと輝く | Football LAB,リーグサマリー:2026特別 J2J3百年構想リーグ ゴール期待値 | データによってサッカーはもっと輝く | Football LAB,被ゴール期待値,2,栃木SC,栃木SC,"[""期待値"", ""被ゴール"", ""差分"", ""成績順位""]","[""1.079"", ""1.45"", ""0.371"", ""10""]"
20260802,20260609,j2,,ゴール期待値.html,リーグサマリー:2026特別 J2J3百年構想リーグ ゴール期待値 | データによってサッカーはもっと輝く | Football LAB,リーグサマリー:2026特別 J2J3百年構想リーグ ゴール期待値 | データによってサッカーはもっと輝く | Football LAB,被ゴール期待値,2,高知,高知,"[""期待値"", ""被ゴール"", ""差分"", ""成績順位""]","[""1.114"", ""1.3"", ""0.186"", ""4""]"
20260802,20260609,j2,,ゴール期待値.html,リーグサマリー:2026特別 J2J3百年構想リーグ ゴール期待値 | データによってサッカーはもっと輝く | Football LAB,リーグサマリー:2026特別 J2J3百年構想リーグ ゴール期待値 | データによってサッカーはもっと輝く | Football LAB,被ゴール期待値,2,秋田,秋田,"[""期待値"", ""被ゴール"", ""差分"", ""成績順位""]","[""1.162"", ""0.85"", ""-0.312"", ""2""]"
20260802,20260609,j2,,ゴール期待値.html,リーグサマリー:2026特別 J2J3百年構想リーグ ゴール期待値 | データによってサッカーはもっと輝く | Football LAB,リーグサマリー:2026特別 J2J3百年構想リーグ ゴール期待値 | データによってサッカーはもっと輝く | Football LAB,被ゴール期待値,2,岐阜,岐阜,"[""期待値"", ""被ゴール"", ""差分"", ""成績順位""]","[""1.170"", ""1.3"", ""0.130"", ""6""]"
20260802,20260609,j2,,ゴール期待値.html,リーグサマリー:2026特別 J2J3百年構想リーグ ゴール期待値 | データによってサッカーはもっと輝く | Football LAB,リーグサマリー:2026特別 J2J3百年構想リーグ ゴール期待値 | データによってサッカーはもっと輝く | Football LAB,被ゴール期待値,2,磐田,磐田,"[""期待値"", ""被ゴール"", ""差分"", ""成績順位""]","[""1.209"", ""1.4"", ""0.191"", ""8""]"
20260802,20260609,j2,,ゴール期待値.html,リーグサマリー:2026特別 J2J3百年構想リーグ ゴール期待値 | データによってサッカーはもっと輝く | Football LAB,リーグサマリー:2026特別 J2J3百年構想リーグ ゴール期待値 | データによってサッカーはもっと輝く | Football LAB,被ゴール期待値,2,山口,山口,"[""期待値"", ""被ゴール"", ""差分"", ""成績順位""]","[""1.222"", ""1.2"", ""-0.022"", ""4""]"
20260802,20260609,j2,,ゴール期待値.html,リーグサマリー:2026特別 J2J3百年構想リーグ ゴール期待値 | データによってサッカーはもっと輝く | Football LAB,リーグサマリー:2026特別 J2J3百年構想リーグ ゴール期待値 | データによってサッカーはもっと輝く | Football LAB,被ゴール期待値,2,愛媛,愛媛,"[""期待値"", ""被ゴール"", ""差分"", ""成績順位""]","[""1.227"", ""1"", ""-0.227"", ""5""]"
20260802,20260609,j2,,ゴール期待値.html,リーグサマリー:2026特別 J2J3百年構想リーグ ゴール期待値 | データによってサッカーはもっと輝く | Football LAB,リーグサマリー:2026特別 J2J3百年構想リーグ ゴール期待値 | データによってサッカーはもっと輝く | Football LAB,被ゴール期待値,2,湘南,湘南,"[""期待値"", ""被ゴール"", ""差分"", ""成績順位""]","[""1.229"", ""1.1"", ""-0.129"", ""3""]"
20260802,20260609,j2,,ゴール期待値.html,リーグサマリー:2026特別 J2J3百年構想リーグ ゴール期待値 | データによってサッカーはもっと輝く | Football LAB,リーグサマリー:2026特別 J2J3百年構想リーグ ゴール期待値 | データによってサッカーはもっと輝く | Football LAB,被ゴール期待値,2,松本,松本,"[""期待値"", ""被ゴール"", ""差分"", ""成績順位""]","[""1.246"", ""1.2"", ""-0.046"", ""7""]"
20260802,20260609,j2,,ゴール期待値.html,リーグサマリー:2026特別 J2J3百年構想リーグ ゴール期待値 | データによってサッカーはもっと輝く | Football LAB,リーグサマリー:2026特別 J2J3百年構想リーグ ゴール期待値 | データによってサッカーはもっと輝く | Football LAB,被ゴール期待値,2,金沢,金沢,"[""期待値"", ""被ゴール"", ""差分"", ""成績順位""]","[""1.248"", ""1.25"", ""0.002"", ""6""]"
20260802,20260609,j2,,ゴール期待値.html,リーグサマリー:2026特別 J2J3百年構想リーグ ゴール期待値 | データによってサッカーはもっと輝く | Football LAB,リーグサマリー:2026特別 J2J3百年構想リーグ ゴール期待値 | データによってサッカーはもっと輝く | Football LAB,被ゴール期待値,2,徳島,徳島,"[""期待値"", ""被ゴール"", ""差分"", ""成績順位""]","[""1.257"", ""1.15"", ""-0.107"", ""3""]"
20260802,20260609,j2,,ゴール期待値.html,リーグサマリー:2026特別 J2J3百年構想リーグ ゴール期待値 | データによってサッカーはもっと輝く | Football LAB,リーグサマリー:2026特別 J2J3百年構想リーグ ゴール期待値 | データによってサッカーはもっと輝く | Football LAB,被ゴール期待値,2,大宮,大宮,"[""期待値"", ""被ゴール"", ""差分"", ""成績順位""]","[""1.307"", ""1.5"", ""0.193"", ""4""]"
20260802,20260609,j2,,ゴール期待値.html,リーグサマリー:2026特別 J2J3百年構想リーグ ゴール期待値 | データによってサッカーはもっと輝く | Football LAB,リーグサマリー:2026特別 J2J3百年構想リーグ ゴール期待値 | データによってサッカーはもっと輝く | Football LAB,被ゴール期待値,2,熊本,熊本,"[""期待値"", ""被ゴール"", ""差分"", ""成績順位""]","[""1.310"", ""1.15"", ""-0.160"", ""5""]"
20260802,20260609,j2,,ゴール期待値.html,リーグサマリー:2026特別 J2J3百年構想リーグ ゴール期待値 | データによってサッカーはもっと輝く | Football LAB,リーグサマリー:2026特別 J2J3百年構想リーグ ゴール期待値 | データによってサッカーはもっと輝く | Football LAB,被ゴール期待値,2,札幌,札幌,"[""期待値"", ""被ゴール"", ""差分"", ""成績順位""]","[""1.373"", ""1.15"", ""-0.223"", ""2""]"
20260802,20260609,j2,,ゴール期待値.html,リーグサマリー:2026特別 J2J3百年構想リーグ ゴール期待値 | データによってサッカーはもっと輝く | Football LAB,リーグサマリー:2026特別 J2J3百年構想リーグ ゴール期待値 | データによってサッカーはもっと輝く | Football LAB,被ゴール期待値,2,藤枝,藤枝,"[""期待値"", ""被ゴール"", ""差分"", ""成績順位""]","[""1.376"", ""1.05"", ""-0.326"", ""5""]"
20260802,20260609,j2,,ゴール期待値.html,リーグサマリー:2026特別 J2J3百年構想リーグ ゴール期待値 | データによってサッカーはもっと輝く | Football LAB,リーグサマリー:2026特別 J2J3百年構想リーグ ゴール期待値 | データによってサッカーはもっと輝く | Football LAB,被ゴール期待値,2,鳥取,鳥取,"[""期待値"", ""被ゴール"", ""差分"", ""成績順位""]","[""1.430"", ""1.3"", ""-0.130"", ""6""]"
20260802,20260609,j2,,ゴール期待値.html,リーグサマリー:2026特別 J2J3百年構想リーグ ゴール期待値 | データによってサッカーはもっと輝く | Football LAB,リーグサマリー:2026特別 J2J3百年構想リーグ ゴール期待値 | データによってサッカーはもっと輝く | Football LAB,被ゴール期待値,2,讃岐,讃岐,"[""期待値"", ""被ゴール"", ""差分"", ""成績順位""]","[""1.432"", ""1.55"", ""0.118"", ""10""]"
20260802,20260609,j2,,ゴール期待値.html,リーグサマリー:2026特別 J2J3百年構想リーグ ゴール期待値 | データによってサッカーはもっと輝く | Football LAB,リーグサマリー:2026特別 J2J3百年構想リーグ ゴール期待値 | データによってサッカーはもっと輝く | Football LAB,被ゴール期待値,2,甲府,甲府,"[""期待値"", ""被ゴール"", ""差分"", ""成績順位""]","[""1.451"", ""0.8"", ""-0.651"", ""1""]"
20260802,20260609,j2,,ゴール期待値.html,リーグサマリー:2026特別 J2J3百年構想リーグ ゴール期待値 | データによってサッカーはもっと輝く | Football LAB,リーグサマリー:2026特別 J2J3百年構想リーグ ゴール期待値 | データによってサッカーはもっと輝く | Football LAB,被ゴール期待値,2,滋賀,滋賀,"[""期待値"", ""被ゴール"", ""差分"", ""成績順位""]","[""1.473"", ""1.55"", ""0.077"", ""8""]"
20260802,20260609,j2,,ゴール期待値.html,リーグサマリー:2026特別 J2J3百年構想リーグ ゴール期待値 | データによってサッカーはもっと輝く | Football LAB,リーグサマリー:2026特別 J2J3百年構想リーグ ゴール期待値 | データによってサッカーはもっと輝く | Football LAB,被ゴール期待値,2,相模原,相模原,"[""期待値"", ""被ゴール"", ""差分"", ""成績順位""]","[""1.492"", ""1.75"", ""0.258"", ""5""]"
20260802,20260609,j2,,ゴール期待値.html,リーグサマリー:2026特別 J2J3百年構想リーグ ゴール期待値 | データによってサッカーはもっと輝く | Football LAB,リーグサマリー:2026特別 J2J3百年構想リーグ ゴール期待値 | データによってサッカーはもっと輝く | Football LAB,被ゴール期待値,2,北九州,北九州,"[""期待値"", ""被ゴール"", ""差分"", ""成績順位""]","[""1.584"", ""1.8"", ""0.216"", ""10""]"
20260802,20260609,j2,,ゴール期待値.html,リーグサマリー:2026特別 J2J3百年構想リーグ ゴール期待値 | データによってサッカーはもっと輝く | Football LAB,リーグサマリー:2026特別 J2J3百年構想リーグ ゴール期待値 | データによってサッカーはもっと輝く | Football LAB,被ゴール期待値,2,長野,長野,"[""期待値"", ""被ゴール"", ""差分"", ""成績順位""]","[""1.589"", ""1.65"", ""0.061"", ""10""]"
20260802,20260609,j2,,ゴール期待値.html,リーグサマリー:2026特別 J2J3百年構想リーグ ゴール期待値 | データによってサッカーはもっと輝く | Football LAB,リーグサマリー:2026特別 J2J3百年構想リーグ ゴール期待値 | データによってサッカーはもっと輝く | Football LAB,被ゴール期待値,2,栃木C,栃木C,"[""期待値"", ""被ゴール"", ""差分"", ""成績順位""]","[""1.593"", ""1.7"", ""0.107"", ""8""]"
20260802,20260609,j2,,ゴール期待値.html,リーグサマリー:2026特別 J2J3百年構想リーグ ゴール期待値 | データによってサッカーはもっと輝く | Football LAB,リーグサマリー:2026特別 J2J3百年構想リーグ ゴール期待値 | データによってサッカーはもっと輝く | Football LAB,被ゴール期待値,2,山形,山形,"[""期待値"", ""被ゴール"", ""差分"", ""成績順位""]","[""1.616"", ""1.3"", ""-0.316"", ""7""]"
20260802,20260609,j2,,ゴール期待値.html,リーグサマリー:2026特別 J2J3百年構想リーグ ゴール期待値 | データによってサッカーはもっと輝く | Football LAB,リーグサマリー:2026特別 J2J3百年構想リーグ ゴール期待値 | データによってサッカーはもっと輝く | Football LAB,被ゴール期待値,2,福島,福島,"[""期待値"", ""被ゴール"", ""差分"", ""成績順位""]","[""1.644"", ""2.05"", ""0.406"", ""9""]"
20260802,20260609,j2,,ゴール期待値.html,リーグサマリー:2026特別 J2J3百年構想リーグ ゴール期待値 | データによってサッカーはもっと輝く | Football LAB,リーグサマリー:2026特別 J2J3百年構想リーグ ゴール期待値 | データによってサッカーはもっと輝く | Football LAB,被ゴール期待値,2,群馬,群馬,"[""期待値"", ""被ゴール"", ""差分"", ""成績順位""]","[""1.665"", ""1.95"", ""0.285"", ""6""]"
20260802,20260609,j2,,ゴール期待値.html,リーグサマリー:2026特別 J2J3百年構想リーグ ゴール期待値 | データによってサッカーはもっと輝く | Football LAB,リーグサマリー:2026特別 J2J3百年構想リーグ ゴール期待値 | データによってサッカーはもっと輝く | Football LAB,被ゴール期待値,2,琉球,琉球,"[""期待値"", ""被ゴール"", ""差分"", ""成績順位""]","[""1.686"", ""1.35"", ""-0.336"", ""9""]"
20260802,20260609,j2,,ゴール期待値.html,リーグサマリー:2026特別 J2J3百年構想リーグ ゴール期待値 | データによってサッカーはもっと輝く | Football LAB,リーグサマリー:2026特別 J2J3百年構想リーグ ゴール期待値 | データによってサッカーはもっと輝く | Football LAB,被ゴール期待値,2,奈良,奈良,"[""期待値"", ""被ゴール"", ""差分"", ""成績順位""]","[""1.740"", ""1.85"", ""0.110"", ""7""]"
20260802,20260609,j2,,シュート.html,リーグサマリー:2026特別 J2J3百年構想リーグ チャンスビルディングポイント シュートポイント ランキング | データによってサッカーはもっと輝く | Football LAB,リーグサマリー:2026特別 J2J3百年構想リーグ チャンスビルディングポイント シュートポイント ランキング | データによってサッカーはもっと輝く | Football LAB,リーグサマリー:2026特別 J2J3百年構想リーグ チャンスビルディングポイント シュートポイント ランキング | データによってサッカーはもっと輝く | Football LAB,1,富山,富山,"[""シュートポイント"", ""試合平均"", ""最近5試合"", ""順位"", ""勝点"", ""得点"", ""失点""]","[""236.37"", ""11.82"", ""54.36"", ""1"", ""38"", ""37"", ""24""]"
20260802,20260609,j2,,シュート.html,リーグサマリー:2026特別 J2J3百年構想リーグ チャンスビルディングポイント シュートポイント ランキング | データによってサッカーはもっと輝く | Football LAB,リーグサマリー:2026特別 J2J3百年構想リーグ チャンスビルディングポイント シュートポイント ランキング | データによってサッカーはもっと輝く | Football LAB,リーグサマリー:2026特別 J2J3百年構想リーグ チャンスビルディングポイント シュートポイント ランキング | データによってサッカーはもっと輝く | Football LAB,1,大宮,大宮,"[""シュートポイント"", ""試合平均"", ""最近5試合"", ""順位"", ""勝点"", ""得点"", ""失点""]","[""204.34"", ""10.22"", ""30.50"", ""4"", ""30"", ""38"", ""28""]"
20260802,20260609,j2,,シュート.html,リーグサマリー:2026特別 J2J3百年構想リーグ チャンスビルディングポイント シュートポイント ランキング | データによってサッカーはもっと輝く | Football LAB,リーグサマリー:2026特別 J2J3百年構想リーグ チャンスビルディングポイント シュートポイント ランキング | データによってサッカーはもっと輝く | Football LAB,リーグサマリー:2026特別 J2J3百年構想リーグ チャンスビルディングポイント シュートポイント ランキング | データによってサッカーはもっと輝く | Football LAB,1,横浜FC,横浜FC,"[""シュートポイント"", ""試合平均"", ""最近5試合"", ""順位"", ""勝点"", ""得点"", ""失点""]","[""198.22"", ""9.91"", ""43.30"", ""4"", ""29"", ""34"", ""27""]"
20260802,20260609,j2,,シュート.html,リーグサマリー:2026特別 J2J3百年構想リーグ チャンスビルディングポイント シュートポイント ランキング | データによってサッカーはもっと輝く | Football LAB,リーグサマリー:2026特別 J2J3百年構想リーグ チャンスビルディングポイント シュートポイント ランキング | データによってサッカーはもっと輝く | Football LAB,リーグサマリー:2026特別 J2J3百年構想リーグ チャンスビルディングポイント シュートポイント ランキング | データによってサッカーはもっと輝く | Football LAB,1,岐阜,岐阜,"[""シュートポイント"", ""試合平均"", ""最近5試合"", ""順位"", ""勝点"", ""得点"", ""失点""]","[""197.73"", ""9.89"", ""57.00"", ""6"", ""28"", ""24"", ""26""]"
20260802,20260609,j2,,シュート.html,リーグサマリー:2026特別 J2J3百年構想リーグ チャンスビルディングポイント シュートポイント ランキング | データによってサッカーはもっと輝く | Football LAB,リーグサマリー:2026特別 J2J3百年構想リーグ チャンスビルディングポイント シュートポイント ランキング | データによってサッカーはもっと輝く | Football LAB,リーグサマリー:2026特別 J2J3百年構想リーグ チャンスビルディングポイント シュートポイント ランキング | データによってサッカーはもっと輝く | Football LAB,1,仙台,仙台,"[""シュートポイント"", ""試合平均"", ""最近5試合"", ""順位"", ""勝点"", ""得点"", ""失点""]","[""180.86"", ""9.04"", ""42.18"", ""1"", ""43"", ""32"", ""15""]"
20260802,20260609,j2,,シュート.html,リーグサマリー:2026特別 J2J3百年構想リーグ チャンスビルディングポイント シュートポイント ランキング | データによってサッカーはもっと輝く | Football LAB,リーグサマリー:2026特別 J2J3百年構想リーグ チャンスビルディングポイント シュートポイント ランキング | データによってサッカーはもっと輝く | Football LAB,リーグサマリー:2026特別 J2J3百年構想リーグ チャンスビルディングポイント シュートポイント ランキング | データによってサッカーはもっと輝く | Football LAB,1,いわき,いわき,"[""シュートポイント"", ""試合平均"", ""最近5試合"", ""順位"", ""勝点"", ""得点"", ""失点""]","[""180.63"", ""9.03"", ""44.97"", ""3"", ""31"", ""22"", ""18""]"
20260802,20260609,j2,,シュート.html,リーグサマリー:2026特別 J2J3百年構想リーグ チャンスビルディングポイント シュートポイント ランキング | データによってサッカーはもっと輝く | Football LAB,リーグサマリー:2026特別 J2J3百年構想リーグ チャンスビルディングポイント シュートポイント ランキング | データによってサッカーはもっと輝く | Football LAB,リーグサマリー:2026特別 J2J3百年構想リーグ チャンスビルディングポイント シュートポイント ランキング | データによってサッカーはもっと輝く | Football LAB,1,鹿児島,鹿児島,"[""シュートポイント"", ""試合平均"", ""最近5試合"", ""順位"", ""勝点"", ""得点"", ""失点""]","[""178.99"", ""8.95"", ""55.63"", ""2"", ""33"", ""23"", ""15""]"
20260802,20260609,j2,,シュート.html,リーグサマリー:2026特別 J2J3百年構想リーグ チャンスビルディングポイント シュートポイント ランキング | データによってサッカーはもっと輝く | Football LAB,リーグサマリー:2026特別 J2J3百年構想リーグ チャンスビルディングポイント シュートポイント ランキング | データによってサッカーはもっと輝く | Football LAB,リーグサマリー:2026特別 J2J3百年構想リーグ チャンスビルディングポイント シュートポイント ランキング | データによってサッカーはもっと輝く | Football LAB,1,相模原,相模原,"[""シュートポイント"", ""試合平均"", ""最近5試合"", ""順位"", ""勝点"", ""得点"", ""失点""]","[""175.72"", ""8.79"", ""60.69"", ""5"", ""28"", ""31"", ""33""]"
20260802,20260609,j2,,シュート.html,リーグサマリー:2026特別 J2J3百年構想リーグ チャンスビルディングポイント シュートポイント ランキング | データによってサッカーはもっと輝く | Football LAB,リーグサマリー:2026特別 J2J3百年構想リーグ チャンスビルディングポイント シュートポイント ランキング | データによってサッカーはもっと輝く | Football LAB,リーグサマリー:2026特別 J2J3百年構想リーグ チャンスビルディングポイント シュートポイント ランキング | データによってサッカーはもっと輝く | Football LAB,1,FC大阪,FC大阪,"[""シュートポイント"", ""試合平均"", ""最近5試合"", ""順位"", ""勝点"", ""得点"", ""失点""]","[""174.26"", ""8.71"", ""35.23"", ""8"", ""20"", ""15"", ""18""]"
20260802,20260609,j2,,シュート.html,リーグサマリー:2026特別 J2J3百年構想リーグ チャンスビルディングポイント シュートポイント ランキング | データによってサッカーはもっと輝く | Football LAB,リーグサマリー:2026特別 J2J3百年構想リーグ チャンスビルディングポイント シュートポイント ランキング | データによってサッカーはもっと輝く | Football LAB,リーグサマリー:2026特別 J2J3百年構想リーグ チャンスビルディングポイント シュートポイント ランキング | データによってサッカーはもっと輝く | Football LAB,1,鳥栖,鳥栖,"[""シュートポイント"", ""試合平均"", ""最近5試合"", ""順位"", ""勝点"", ""得点"", ""失点""]","[""171.22"", ""8.56"", ""49.39"", ""3"", ""32"", ""24"", ""14""]"
20260802,20260609,j2,,シュート.html,リーグサマリー:2026特別 J2J3百年構想リーグ チャンスビルディングポイント シュートポイント ランキング | データによってサッカーはもっと輝く | Football LAB,リーグサマリー:2026特別 J2J3百年構想リーグ チャンスビルディングポイント シュートポイント ランキング | データによってサッカーはもっと輝く | Football LAB,リーグサマリー:2026特別 J2J3百年構想リーグ チャンスビルディングポイント シュートポイント ランキング | データによってサッカーはもっと輝く | Football LAB,1,栃木SC,栃木SC,"[""シュートポイント"", ""試合平均"", ""最近5試合"", ""順位"", ""勝点"", ""得点"", ""失点""]","[""168.07"", ""8.40"", ""47.09"", ""10"", ""18"", ""23"", ""28""]"
20260802,20260609,j2,,シュート.html,リーグサマリー:2026特別 J2J3百年構想リーグ チャンスビルディングポイント シュートポイント ランキング | データによってサッカーはもっと輝く | Football LAB,リーグサマリー:2026特別 J2J3百年構想リーグ チャンスビルディングポイント シュートポイント ランキング | データによってサッカーはもっと輝く | Football LAB,リーグサマリー:2026特別 J2J3百年構想リーグ チャンスビルディングポイント シュートポイント ランキング | データによってサッカーはもっと輝く | Football LAB,1,松本,松本,"[""シュートポイント"", ""試合平均"", ""最近5試合"", ""順位"", ""勝点"", ""得点"", ""失点""]","[""167.50"", ""8.38"", ""45.53"", ""7"", ""26"", ""31"", ""21""]"
20260802,20260609,j2,,シュート.html,リーグサマリー:2026特別 J2J3百年構想リーグ チャンスビルディングポイント シュートポイント ランキング | データによってサッカーはもっと輝く | Football LAB,リーグサマリー:2026特別 J2J3百年構想リーグ チャンスビルディングポイント シュートポイント ランキング | データによってサッカーはもっと輝く | Football LAB,リーグサマリー:2026特別 J2J3百年構想リーグ チャンスビルディングポイント シュートポイント ランキング | データによってサッカーはもっと輝く | Football LAB,1,宮崎,宮崎,"[""シュートポイント"", ""試合平均"", ""最近5試合"", ""順位"", ""勝点"", ""得点"", ""失点""]","[""165.76"", ""8.29"", ""36.80"", ""1"", ""47"", ""35"", ""11""]"
20260802,20260609,j2,,シュート.html,リーグサマリー:2026特別 J2J3百年構想リーグ チャンスビルディングポイント シュートポイント ランキング | データによってサッカーはもっと輝く | Football LAB,リーグサマリー:2026特別 J2J3百年構想リーグ チャンスビルディングポイント シュートポイント ランキング | データによってサッカーはもっと輝く | Football LAB,リーグサマリー:2026特別 J2J3百年構想リーグ チャンスビルディングポイント シュートポイント ランキング | データによってサッカーはもっと輝く | Football LAB,1,徳島,徳島,"[""シュートポイント"", ""試合平均"", ""最近5試合"", ""順位"", ""勝点"", ""得点"", ""失点""]","[""162.42"", ""8.12"", ""40.54"", ""3"", ""32"", ""36"", ""22""]"
20260802,20260609,j2,,シュート.html,リーグサマリー:2026特別 J2J3百年構想リーグ チャンスビルディングポイント シュートポイント ランキング | データによってサッカーはもっと輝く | Football LAB,リーグサマリー:2026特別 J2J3百年構想リーグ チャンスビルディングポイント シュートポイント ランキング | データによってサッカーはもっと輝く | Football LAB,リーグサマリー:2026特別 J2J3百年構想リーグ チャンスビルディングポイント シュートポイント ランキング | データによってサッカーはもっと輝く | Football LAB,1,愛媛,愛媛,"[""シュートポイント"", ""試合平均"", ""最近5試合"", ""順位"", ""勝点"", ""得点"", ""失点""]","[""161.43"", ""8.07"", ""33.10"", ""5"", ""28"", ""25"", ""18""]"
20260802,20260609,j2,,シュート.html,リーグサマリー:2026特別 J2J3百年構想リーグ チャンスビルディングポイント シュートポイント ランキング | データによってサッカーはもっと輝く | Football LAB,リーグサマリー:2026特別 J2J3百年構想リーグ チャンスビルディングポイント シュートポイント ランキング | データによってサッカーはもっと輝く | Football LAB,リーグサマリー:2026特別 J2J3百年構想リーグ チャンスビルディングポイント シュートポイント ランキング | データによってサッカーはもっと輝く | Football LAB,1,高知,高知,"[""シュートポイント"", ""試合平均"", ""最近5試合"", ""順位"", ""勝点"", ""得点"", ""失点""]","[""160.32"", ""8.02"", ""41.44"", ""4"", ""30"", ""23"", ""21""]"
20260802,20260609,j2,,シュート.html,リーグサマリー:2026特別 J2J3百年構想リーグ チャンスビルディングポイント シュートポイント ランキング | データによってサッカーはもっと輝く | Football LAB,リーグサマリー:2026特別 J2J3百年構想リーグ チャンスビルディングポイント シュートポイント ランキング | データによってサッカーはもっと輝く | Football LAB,リーグサマリー:2026特別 J2J3百年構想リーグ チャンスビルディングポイント シュートポイント ランキング | データによってサッカーはもっと輝く | Football LAB,1,福島,福島,"[""シュートポイント"", ""試合平均"", ""最近5試合"", ""順位"", ""勝点"", ""得点"", ""失点""]","[""153.39"", ""7.67"", ""41.94"", ""9"", ""18"", ""28"", ""41""]"
20260802,20260609,j2,,シュート.html,リーグサマリー:2026特別 J2J3百年構想リーグ チャンスビルディングポイント シュートポイント ランキング | データによってサッカーはもっと輝く | Football LAB,リーグサマリー:2026特別 J2J3百年構想リーグ チャンスビルディングポイント シュートポイント ランキング | データによってサッカーはもっと輝く | Football LAB,リーグサマリー:2026特別 J2J3百年構想リーグ チャンスビルディングポイント シュートポイント ランキング | データによってサッカーはもっと輝く | Football LAB,1,山口,山口,"[""シュートポイント"", ""試合平均"", ""最近5試合"", ""順位"", ""勝点"", ""得点"", ""失点""]","[""152.54"", ""7.63"", ""35.60"", ""4"", ""29"", ""24"", ""22""]"
20260802,20260609,j2,,シュート.html,リーグサマリー:2026特別 J2J3百年構想リーグ チャンスビルディングポイント シュートポイント ランキング | データによってサッカーはもっと輝く | Football LAB,リーグサマリー:2026特別 J2J3百年構想リーグ チャンスビルディングポイント シュートポイント ランキング | データによってサッカーはもっと輝く | Football LAB,リーグサマリー:2026特別 J2J3百年構想リーグ チャンスビルディングポイント シュートポイント ランキング | データによってサッカーはもっと輝く | Football LAB,1,栃木C,栃木C,"[""シュートポイント"", ""試合平均"", ""最近5試合"", ""順位"", ""勝点"", ""得点"", ""失点""]","[""151.64"", ""7.58"", ""62.73"", ""8"", ""21"", ""20"", ""33""]"
20260802,20260609,j2,,シュート.html,リーグサマリー:2026特別 J2J3百年構想リーグ チャンスビルディングポイント シュートポイント ランキング | データによってサッカーはもっと輝く | Football LAB,リーグサマリー:2026特別 J2J3百年構想リーグ チャンスビルディングポイント シュートポイント ランキング | データによってサッカーはもっと輝く | Football LAB,リーグサマリー:2026特別 J2J3百年構想リーグ チャンスビルディングポイント シュートポイント ランキング | データによってサッカーはもっと輝く | Football LAB,1,八戸,八戸,"[""シュートポイント"", ""試合平均"", ""最近5試合"", ""順位"", ""勝点"", ""得点"", ""失点""]","[""151.26"", ""7.56"", ""39.15"", ""9"", ""20"", ""15"", ""19""]"
20260802,20260609,j2,,シュート.html,リーグサマリー:2026特別 J2J3百年構想リーグ チャンスビルディングポイント シュートポイント ランキング | データによってサッカーはもっと輝く | Football LAB,リーグサマリー:2026特別 J2J3百年構想リーグ チャンスビルディングポイント シュートポイント ランキング | データによってサッカーはもっと輝く | Football LAB,リーグサマリー:2026特別 J2J3百年構想リーグ チャンスビルディングポイント シュートポイント ランキング | データによってサッカーはもっと輝く | Football LAB,1,藤枝,藤枝,"[""シュートポイント"", ""試合平均"", ""最近5試合"", ""順位"", ""勝点"", ""得点"", ""失点""]","[""150.38"", ""7.52"", ""41.77"", ""5"", ""30"", ""21"", ""17""]"
20260802,20260609,j2,,シュート.html,リーグサマリー:2026特別 J2J3百年構想リーグ チャンスビルディングポイント シュートポイント ランキング | データによってサッカーはもっと輝く | Football LAB,リーグサマリー:2026特別 J2J3百年構想リーグ チャンスビルディングポイント シュートポイント ランキング | データによってサッカーはもっと輝く | Football LAB,リーグサマリー:2026特別 J2J3百年構想リーグ チャンスビルディングポイント シュートポイント ランキング | データによってサッカーはもっと輝く | Football LAB,1,秋田,秋田,"[""シュートポイント"", ""試合平均"", ""最近5試合"", ""順位"", ""勝点"", ""得点"", ""失点""]","[""149.57"", ""7.48"", ""50.03"", ""2"", ""35"", ""23"", ""14""]"
20260802,20260609,j2,,シュート.html,リーグサマリー:2026特別 J2J3百年構想リーグ チャンスビルディングポイント シュートポイント ランキング | データによってサッカーはもっと輝く | Football LAB,リーグサマリー:2026特別 J2J3百年構想リーグ チャンスビルディングポイント シュートポイント ランキング | データによってサッカーはもっと輝く | Football LAB,リーグサマリー:2026特別 J2J3百年構想リーグ チャンスビルディングポイント シュートポイント ランキング | データによってサッカーはもっと輝く | Football LAB,1,湘南,湘南,"[""シュートポイント"", ""試合平均"", ""最近5試合"", ""順位"", ""勝点"", ""得点"", ""失点""]","[""146.93"", ""7.35"", ""27.06"", ""3"", ""31"", ""25"", ""19""]"
20260802,20260609,j2,,シュート.html,リーグサマリー:2026特別 J2J3百年構想リーグ チャンスビルディングポイント シュートポイント ランキング | データによってサッカーはもっと輝く | Football LAB,リーグサマリー:2026特別 J2J3百年構想リーグ チャンスビルディングポイント シュートポイント ランキング | データによってサッカーはもっと輝く | Football LAB,リーグサマリー:2026特別 J2J3百年構想リーグ チャンスビルディングポイント シュートポイント ランキング | データによってサッカーはもっと輝く | Football LAB,1,札幌,札幌,"[""シュートポイント"", ""試合平均"", ""最近5試合"", ""順位"", ""勝点"", ""得点"", ""失点""]","[""146.64"", ""7.33"", ""34.44"", ""2"", ""31"", ""26"", ""22""]"
20260802,20260609,j2,,シュート.html,リーグサマリー:2026特別 J2J3百年構想リーグ チャンスビルディングポイント シュートポイント ランキング | データによってサッカーはもっと輝く | Football LAB,リーグサマリー:2026特別 J2J3百年構想リーグ チャンスビルディングポイント シュートポイント ランキング | データによってサッカーはもっと輝く | Football LAB,リーグサマリー:2026特別 J2J3百年構想リーグ チャンスビルディングポイント シュートポイント ランキング | データによってサッカーはもっと輝く | Football LAB,1,群馬,群馬,"[""シュートポイント"", ""試合平均"", ""最近5試合"", ""順位"", ""勝点"", ""得点"", ""失点""]","[""140.17"", ""7.01"", ""35.90"", ""6"", ""23"", ""26"", ""36""]"
20260802,20260609,j2,,シュート.html,リーグサマリー:2026特別 J2J3百年構想リーグ チャンスビルディングポイント シュートポイント ランキング | データによってサッカーはもっと輝く | Football LAB,リーグサマリー:2026特別 J2J3百年構想リーグ チャンスビルディングポイント シュートポイント ランキング | データによってサッカーはもっと輝く | Football LAB,リーグサマリー:2026特別 J2J3百年構想リーグ チャンスビルディングポイント シュートポイント ランキング | データによってサッカーはもっと輝く | Football LAB,1,今治,今治,"[""シュートポイント"", ""試合平均"", ""最近5試合"", ""順位"", ""勝点"", ""得点"", ""失点""]","[""139.75"", ""6.99"", ""23.87"", ""9"", ""20"", ""14"", ""18""]"
20260802,20260609,j2,,シュート.html,リーグサマリー:2026特別 J2J3百年構想リーグ チャンスビルディングポイント シュートポイント ランキング | データによってサッカーはもっと輝く | Football LAB,リーグサマリー:2026特別 J2J3百年構想リーグ チャンスビルディングポイント シュートポイント ランキング | データによってサッカーはもっと輝く | Football LAB,リーグサマリー:2026特別 J2J3百年構想リーグ チャンスビルディングポイント シュートポイント ランキング | データによってサッカーはもっと輝く | Football LAB,1,琉球,琉球,"[""シュートポイント"", ""試合平均"", ""最近5試合"", ""順位"", ""勝点"", ""得点"", ""失点""]","[""137.41"", ""6.87"", ""51.34"", ""9"", ""17"", ""13"", ""25""]"
20260802,20260609,j2,,シュート.html,リーグサマリー:2026特別 J2J3百年構想リーグ チャンスビルディングポイント シュートポイント ランキング | データによってサッカーはもっと輝く | Football LAB,リーグサマリー:2026特別 J2J3百年構想リーグ チャンスビルディングポイント シュートポイント ランキング | データによってサッカーはもっと輝く | Football LAB,リーグサマリー:2026特別 J2J3百年構想リーグ チャンスビルディングポイント シュートポイント ランキング | データによってサッカーはもっと輝く | Football LAB,1,山形,山形,"[""シュートポイント"", ""試合平均"", ""最近5試合"", ""順位"", ""勝点"", ""得点"", ""失点""]","[""137.05"", ""6.85"", ""45.82"", ""7"", ""22"", ""20"", ""25""]"
20260802,20260609,j2,,シュート.html,リーグサマリー:2026特別 J2J3百年構想リーグ チャンスビルディングポイント シュートポイント ランキング | データによってサッカーはもっと輝く | Football LAB,リーグサマリー:2026特別 J2J3百年構想リーグ チャンスビルディングポイント シュートポイント ランキング | データによってサッカーはもっと輝く | Football LAB,リーグサマリー:2026特別 J2J3百年構想リーグ チャンスビルディングポイント シュートポイント ランキング | データによってサッカーはもっと輝く | Football LAB,1,新潟,新潟,"[""シュートポイント"", ""試合平均"", ""最近5試合"", ""順位"", ""勝点"", ""得点"", ""失点""]","[""136.02"", ""6.80"", ""55.60"", ""2"", ""35"", ""21"", ""17""]"
20260802,20260609,j2,,シュート.html,リーグサマリー:2026特別 J2J3百年構想リーグ チャンスビルディングポイント シュートポイント ランキング | データによってサッカーはもっと輝く | Football LAB,リーグサマリー:2026特別 J2J3百年構想リーグ チャンスビルディングポイント シュートポイント ランキング | データによってサッカーはもっと輝く | Football LAB,リーグサマリー:2026特別 J2J3百年構想リーグ チャンスビルディングポイント シュートポイント ランキング | データによってサッカーはもっと輝く | Football LAB,1,金沢,金沢,"[""シュートポイント"", ""試合平均"", ""最近5試合"", ""順位"", ""勝点"", ""得点"", ""失点""]","[""132.32"", ""6.62"", ""30.49"", ""6"", ""27"", ""15"", ""21""]"
20260802,20260609,j2,,シュート.html,リーグサマリー:2026特別 J2J3百年構想リーグ チャンスビルディングポイント シュートポイント ランキング | データによってサッカーはもっと輝く | Football LAB,リーグサマリー:2026特別 J2J3百年構想リーグ チャンスビルディングポイント シュートポイント ランキング | データによってサッカーはもっと輝く | Football LAB,リーグサマリー:2026特別 J2J3百年構想リーグ チャンスビルディングポイント シュートポイント ランキング | データによってサッカーはもっと輝く | Football LAB,1,大分,大分,"[""シュートポイント"", ""試合平均"", ""最近5試合"", ""順位"", ""勝点"", ""得点"", ""失点""]","[""131.29"", ""6.56"", ""29.26"", ""7"", ""22"", ""18"", ""18""]"
20260802,20260609,j2,,シュート.html,リーグサマリー:2026特別 J2J3百年構想リーグ チャンスビルディングポイント シュートポイント ランキング | データによってサッカーはもっと輝く | Football LAB,リーグサマリー:2026特別 J2J3百年構想リーグ チャンスビルディングポイント シュートポイント ランキング | データによってサッカーはもっと輝く | Football LAB,リーグサマリー:2026特別 J2J3百年構想リーグ チャンスビルディングポイント シュートポイント ランキング | データによってサッカーはもっと輝く | Football LAB,1,熊本,熊本,"[""シュートポイント"", ""試合平均"", ""最近5試合"", ""順位"", ""勝点"", ""得点"", ""失点""]","[""130.82"", ""6.54"", ""22.89"", ""5"", ""27"", ""20"", ""20""]"
20260802,20260609,j2,,シュート.html,リーグサマリー:2026特別 J2J3百年構想リーグ チャンスビルディングポイント シュートポイント ランキング | データによってサッカーはもっと輝く | Football LAB,リーグサマリー:2026特別 J2J3百年構想リーグ チャンスビルディングポイント シュートポイント ランキング | データによってサッカーはもっと輝く | Football LAB,リーグサマリー:2026特別 J2J3百年構想リーグ チャンスビルディングポイント シュートポイント ランキング | データによってサッカーはもっと輝く | Football LAB,1,北九州,北九州,"[""シュートポイント"", ""試合平均"", ""最近5試合"", ""順位"", ""勝点"", ""得点"", ""失点""]","[""122.82"", ""6.14"", ""33.69"", ""10"", ""15"", ""17"", ""32""]"
20260802,20260609,j2,,シュート.html,リーグサマリー:2026特別 J2J3百年構想リーグ チャンスビルディングポイント シュートポイント ランキング | データによってサッカーはもっと輝く | Football LAB,リーグサマリー:2026特別 J2J3百年構想リーグ チャンスビルディングポイント シュートポイント ランキング | データによってサッカーはもっと輝く | Football LAB,リーグサマリー:2026特別 J2J3百年構想リーグ チャンスビルディングポイント シュートポイント ランキング | データによってサッカーはもっと輝く | Football LAB,1,長野,長野,"[""シュートポイント"", ""試合平均"", ""最近5試合"", ""順位"", ""勝点"", ""得点"", ""失点""]","[""121.84"", ""6.09"", ""35.17"", ""10"", ""16"", ""15"", ""33""]"
20260802,20260609,j2,,シュート.html,リーグサマリー:2026特別 J2J3百年構想リーグ チャンスビルディングポイント シュートポイント ランキング | データによってサッカーはもっと輝く | Football LAB,リーグサマリー:2026特別 J2J3百年構想リーグ チャンスビルディングポイント シュートポイント ランキング | データによってサッカーはもっと輝く | Football LAB,リーグサマリー:2026特別 J2J3百年構想リーグ チャンスビルディングポイント シュートポイント ランキング | データによってサッカーはもっと輝く | Football LAB,1,讃岐,讃岐,"[""シュートポイント"", ""試合平均"", ""最近5試合"", ""順位"", ""勝点"", ""得点"", ""失点""]","[""120.94"", ""6.05"", ""26.70"", ""10"", ""19"", ""14"", ""32""]"
20260802,20260609,j2,,シュート.html,リーグサマリー:2026特別 J2J3百年構想リーグ チャンスビルディングポイント シュートポイント ランキング | データによってサッカーはもっと輝く | Football LAB,リーグサマリー:2026特別 J2J3百年構想リーグ チャンスビルディングポイント シュートポイント ランキング | データによってサッカーはもっと輝く | Football LAB,リーグサマリー:2026特別 J2J3百年構想リーグ チャンスビルディングポイント シュートポイント ランキング | データによってサッカーはもっと輝く | Football LAB,1,奈良,奈良,"[""シュートポイント"", ""試合平均"", ""最近5試合"", ""順位"", ""勝点"", ""得点"", ""失点""]","[""120.85"", ""6.04"", ""39.00"", ""7"", ""21"", ""25"", ""34""]"
20260802,20260609,j2,,シュート.html,リーグサマリー:2026特別 J2J3百年構想リーグ チャンスビルディングポイント シュートポイント ランキング | データによってサッカーはもっと輝く | Football LAB,リーグサマリー:2026特別 J2J3百年構想リーグ チャンスビルディングポイント シュートポイント ランキング | データによってサッカーはもっと輝く | Football LAB,リーグサマリー:2026特別 J2J3百年構想リーグ チャンスビルディングポイント シュートポイント ランキング | データによってサッカーはもっと輝く | Football LAB,1,滋賀,滋賀,"[""シュートポイント"", ""試合平均"", ""最近5試合"", ""順位"", ""勝点"", ""得点"", ""失点""]","[""118.32"", ""5.92"", ""32.99"", ""8"", ""21"", ""15"", ""28""]"
20260802,20260609,j2,,シュート.html,リーグサマリー:2026特別 J2J3百年構想リーグ チャンスビルディングポイント シュートポイント ランキング | データによってサッカーはもっと輝く | Football LAB,リーグサマリー:2026特別 J2J3百年構想リーグ チャンスビルディングポイント シュートポイント ランキング | データによってサッカーはもっと輝く | Football LAB,リーグサマリー:2026特別 J2J3百年構想リーグ チャンスビルディングポイント シュートポイント ランキング | データによってサッカーはもっと輝く | Football LAB,1,甲府,甲府,"[""シュートポイント"", ""試合平均"", ""最近5試合"", ""順位"", ""勝点"", ""得点"", ""失点""]","[""116.56"", ""5.83"", ""27.32"", ""1"", ""35"", ""21"", ""13""]"
20260802,20260609,j2,,シュート.html,リーグサマリー:2026特別 J2J3百年構想リーグ チャンスビルディングポイント シュートポイント ランキング | データによってサッカーはもっと輝く | Football LAB,リーグサマリー:2026特別 J2J3百年構想リーグ チャンスビルディングポイント シュートポイント ランキング | データによってサッカーはもっと輝く | Football LAB,リーグサマリー:2026特別 J2J3百年構想リーグ チャンスビルディングポイント シュートポイント ランキング | データによってサッカーはもっと輝く | Football LAB,1,磐田,磐田,"[""シュートポイント"", ""試合平均"", ""最近5試合"", ""順位"", ""勝点"", ""得点"", ""失点""]","[""113.97"", ""5.70"", ""34.28"", ""8"", ""25"", ""16"", ""23""]"
20260802,20260609,j2,,シュート.html,リーグサマリー:2026特別 J2J3百年構想リーグ チャンスビルディングポイント シュートポイント ランキング | データによってサッカーはもっと輝く | Football LAB,リーグサマリー:2026特別 J2J3百年構想リーグ チャンスビルディングポイント シュートポイント ランキング | データによってサッカーはもっと輝く | Football LAB,リーグサマリー:2026特別 J2J3百年構想リーグ チャンスビルディングポイント シュートポイント ランキング | データによってサッカーはもっと輝く | Football LAB,1,鳥取,鳥取,"[""シュートポイント"", ""試合平均"", ""最近5試合"", ""順位"", ""勝点"", ""得点"", ""失点""]","[""109.72"", ""5.49"", ""37.80"", ""6"", ""27"", ""20"", ""24""]"
20260802,20260609,j2,,シュート.html,リーグサマリー:2026特別 J2J3百年構想リーグ チャンスビルディングポイント シュートポイント ランキング | データによってサッカーはもっと輝く | Football LAB,リーグサマリー:2026特別 J2J3百年構想リーグ チャンスビルディングポイント シュートポイント ランキング | データによってサッカーはもっと輝く | Football LAB,リーグサマリー:2026特別 J2J3百年構想リーグ チャンスビルディングポイント シュートポイント ランキング | データによってサッカーはもっと輝く | Football LAB,2,山本 桜大,山本桜大,"[""シュートポイント"", ""90分平均"", ""最近5試合"", ""出場試合"", ""攻撃CBP"", ""奪取P""]","["""", ""46.17"", ""2.66"", ""7.71"", ""19"", ""30.16"", ""170.79""]"
20260802,20260609,j2,,シュート.html,リーグサマリー:2026特別 J2J3百年構想リーグ チャンスビルディングポイント シュートポイント ランキング | データによってサッカーはもっと輝く | Football LAB,リーグサマリー:2026特別 J2J3百年構想リーグ チャンスビルディングポイント シュートポイント ランキング | データによってサッカーはもっと輝く | Football LAB,リーグサマリー:2026特別 J2J3百年構想リーグ チャンスビルディングポイント シュートポイント ランキング | データによってサッカーはもっと輝く | Football LAB,2,泉 柊椰,泉柊椰,"[""シュートポイント"", ""90分平均"", ""最近5試合"", ""出場試合"", ""攻撃CBP"", ""奪取P""]","["""", ""39.51"", ""2.39"", ""4.72"", ""20"", ""34.77"", ""134.98""]"
20260802,20260609,j2,,シュート.html,リーグサマリー:2026特別 J2J3百年構想リーグ チャンスビルディングポイント シュートポイント ランキング | データによってサッカーはもっと輝く | Football LAB,リーグサマリー:2026特別 J2J3百年構想リーグ チャンスビルディングポイント シュートポイント ランキング | データによってサッカーはもっと輝く | Football LAB,リーグサマリー:2026特別 J2J3百年構想リーグ チャンスビルディングポイント シュートポイント ランキング | データによってサッカーはもっと輝く | Football LAB,2,ジョアン パウロ,ジョアンパウロ,"[""シュートポイント"", ""90分平均"", ""最近5試合"", ""出場試合"", ""攻撃CBP"", ""奪取P""]","["""", ""39.19"", ""2.62"", ""7.33"", ""19"", ""28.08"", ""87.30""]"
20260802,20260609,j2,,シュート.html,リーグサマリー:2026特別 J2J3百年構想リーグ チャンスビルディングポイント シュートポイント ランキング | データによってサッカーはもっと輝く | Football LAB,リーグサマリー:2026特別 J2J3百年構想リーグ チャンスビルディングポイント シュートポイント ランキング | データによってサッカーはもっと輝く | Football LAB,リーグサマリー:2026特別 J2J3百年構想リーグ チャンスビルディングポイント シュートポイント ランキング | データによってサッカーはもっと輝く | Football LAB,2,川本 梨誉,川本梨誉,"[""シュートポイント"", ""90分平均"", ""最近5試合"", ""出場試合"", ""攻撃CBP"", ""奪取P""]","["""", ""39.16"", ""2.28"", ""7.89"", ""19"", ""24.96"", ""102.13""]"
20260802,20260609,j2,,シュート.html,リーグサマリー:2026特別 J2J3百年構想リーグ チャンスビルディングポイント シュートポイント ランキング | データによってサッカーはもっと輝く | Football LAB,リーグサマリー:2026特別 J2J3百年構想リーグ チャンスビルディングポイント シュートポイント ランキング | データによってサッカーはもっと輝く | Football LAB,リーグサマリー:2026特別 J2J3百年構想リーグ チャンスビルディングポイント シュートポイント ランキング | データによってサッカーはもっと輝く | Football LAB,2,村越 凱光,村越凱光,"[""シュートポイント"", ""90分平均"", ""最近5試合"", ""出場試合"", ""攻撃CBP"", ""奪取P""]","["""", ""39.10"", ""2.14"", ""14.80"", ""19"", ""26.69"", ""137.26""]"
20260802,20260609,j2,,シュート.html,リーグサマリー:2026特別 J2J3百年構想リーグ チャンスビルディングポイント シュートポイント ランキング | データによってサッカーはもっと輝く | Football LAB,リーグサマリー:2026特別 J2J3百年構想リーグ チャンスビルディングポイント シュートポイント ランキング | データによってサッカーはもっと輝く | Football LAB,リーグサマリー:2026特別 J2J3百年構想リーグ チャンスビルディングポイント シュートポイント ランキング | データによってサッカーはもっと輝く | Football LAB,2,亀田 歩夢,亀田歩夢,"[""シュートポイント"", ""90分平均"", ""最近5試合"", ""出場試合"", ""攻撃CBP"", ""奪取P""]","["""", ""33.66"", ""2.73"", ""7.24"", ""18"", ""36.22"", ""111.39""]"
20260802,20260609,j2,,シュート.html,リーグサマリー:2026特別 J2J3百年構想リーグ チャンスビルディングポイント シュートポイント ランキング | データによってサッカーはもっと輝く | Football LAB,リーグサマリー:2026特別 J2J3百年構想リーグ チャンスビルディングポイント シュートポイント ランキング | データによってサッカーはもっと輝く | Football LAB,リーグサマリー:2026特別 J2J3百年構想リーグ チャンスビルディングポイント シュートポイント ランキング | データによってサッカーはもっと輝く | Football LAB,2,土信田 悠生,土信田悠生,"[""シュートポイント"", ""90分平均"", ""最近5試合"", ""出場試合"", ""攻撃CBP"", ""奪取P""]","["""", ""33.63"", ""2.03"", ""7.57"", ""19"", ""8.68"", ""42.24""]"
20260802,20260609,j2,,シュート.html,リーグサマリー:2026特別 J2J3百年構想リーグ チャンスビルディングポイント シュートポイント ランキング | データによってサッカーはもっと輝く | Football LAB,リーグサマリー:2026特別 J2J3百年構想リーグ チャンスビルディングポイント シュートポイント ランキング | データによってサッカーはもっと輝く | Football LAB,リーグサマリー:2026特別 J2J3百年構想リーグ チャンスビルディングポイント シュートポイント ランキング | データによってサッカーはもっと輝く | Football LAB,2,キム テウォン,キムテウォン,"[""シュートポイント"", ""90分平均"", ""最近5試合"", ""出場試合"", ""攻撃CBP"", ""奪取P""]","["""", ""33.47"", ""4.53"", ""10.65"", ""16"", ""17.32"", ""47.07""]"
20260802,20260609,j2,,シュート.html,リーグサマリー:2026特別 J2J3百年構想リーグ チャンスビルディングポイント シュートポイント ランキング | データによってサッカーはもっと輝く | Football LAB,リーグサマリー:2026特別 J2J3百年構想リーグ チャンスビルディングポイント シュートポイント ランキング | データによってサッカーはもっと輝く | Football LAB,リーグサマリー:2026特別 J2J3百年構想リーグ チャンスビルディングポイント シュートポイント ランキング | データによってサッカーはもっと輝く | Football LAB,2,浅倉 廉,浅倉廉,"[""シュートポイント"", ""90分平均"", ""最近5試合"", ""出場試合"", ""攻撃CBP"", ""奪取P""]","["""", ""31.15"", ""2.10"", ""10.89"", ""19"", ""29.29"", ""100.04""]"
20260802,20260609,j2,,シュート.html,リーグサマリー:2026特別 J2J3百年構想リーグ チャンスビルディングポイント シュートポイント ランキング | データによってサッカーはもっと輝く | Football LAB,リーグサマリー:2026特別 J2J3百年構想リーグ チャンスビルディングポイント シュートポイント ランキング | データによってサッカーはもっと輝く | Football LAB,リーグサマリー:2026特別 J2J3百年構想リーグ チャンスビルディングポイント シュートポイント ランキング | データによってサッカーはもっと輝く | Football LAB,2,日野 翔太,日野翔太,"[""シュートポイント"", ""90分平均"", ""最近5試合"", ""出場試合"", ""攻撃CBP"", ""奪取P""]","["""", ""30.63"", ""1.54"", ""6.68"", ""20"", ""42.22"", ""137.67""]"
20260802,20260609,j2,,シュート.html,リーグサマリー:2026特別 J2J3百年構想リーグ チャンスビルディングポイント シュートポイント ランキング | データによってサッカーはもっと輝く | Football LAB,リーグサマリー:2026特別 J2J3百年構想リーグ チャンスビルディングポイント シュートポイント ランキング | データによってサッカーはもっと輝く | Football LAB,リーグサマリー:2026特別 J2J3百年構想リーグ チャンスビルディングポイント シュートポイント ランキング | データによってサッカーはもっと輝く | Football LAB,2,ルーカス バルセロス,ルーカスバルセロス,"[""シュートポイント"", ""90分平均"", ""最近5試合"", ""出場試合"", ""攻撃CBP"", ""奪取P""]","["""", ""30.26"", ""2.43"", ""2.62"", ""16"", ""17.76"", ""48.18""]"
20260802,20260609,j2,,シュート.html,リーグサマリー:2026特別 J2J3百年構想リーグ チャンスビルディングポイント シュートポイント ランキング | データによってサッカーはもっと輝く | Football LAB,リーグサマリー:2026特別 J2J3百年構想リーグ チャンスビルディングポイント シュートポイント ランキング | データによってサッカーはもっと輝く | Football LAB,リーグサマリー:2026特別 J2J3百年構想リーグ チャンスビルディングポイント シュートポイント ランキング | データによってサッカーはもっと輝く | Football LAB,2,中野 克哉,中野克哉,"[""シュートポイント"", ""90分平均"", ""最近5試合"", ""出場試合"", ""攻撃CBP"", ""奪取P""]","["""", ""30.07"", ""1.98"", ""8.35"", ""18"", ""22.25"", ""134.28""]"
20260802,20260609,j2,,シュート.html,リーグサマリー:2026特別 J2J3百年構想リーグ チャンスビルディングポイント シュートポイント ランキング | データによってサッカーはもっと輝く | Football LAB,リーグサマリー:2026特別 J2J3百年構想リーグ チャンスビルディングポイント シュートポイント ランキング | データによってサッカーはもっと輝く | Football LAB,リーグサマリー:2026特別 J2J3百年構想リーグ チャンスビルディングポイント シュートポイント ランキング | データによってサッカーはもっと輝く | Football LAB,2,カプリーニ,カプリーニ,"[""シュートポイント"", ""90分平均"", ""最近5試合"", ""出場試合"", ""攻撃CBP"", ""奪取P""]","["""", ""30.06"", ""2.57"", ""3.59"", ""18"", ""20.17"", ""84.96""]"
20260802,20260609,j2,,シュート.html,リーグサマリー:2026特別 J2J3百年構想リーグ チャンスビルディングポイント シュートポイント ランキング | データによってサッカーはもっと輝く | Football LAB,リーグサマリー:2026特別 J2J3百年構想リーグ チャンスビルディングポイント シュートポイント ランキング | データによってサッカーはもっと輝く | Football LAB,リーグサマリー:2026特別 J2J3百年構想リーグ チャンスビルディングポイント シュートポイント ランキング | データによってサッカーはもっと輝く | Football LAB,2,田村 翔太,田村翔太,"[""シュートポイント"", ""90分平均"", ""最近5試合"", ""出場試合"", ""攻撃CBP"", ""奪取P""]","["""", ""29.94"", ""1.72"", ""10.66"", ""20"", ""8.84"", ""21.35""]"
20260802,20260609,j2,,シュート.html,リーグサマリー:2026特別 J2J3百年構想リーグ チャンスビルディングポイント シュートポイント ランキング | データによってサッカーはもっと輝く | Football LAB,リーグサマリー:2026特別 J2J3百年構想リーグ チャンスビルディングポイント シュートポイント ランキング | データによってサッカーはもっと輝く | Football LAB,リーグサマリー:2026特別 J2J3百年構想リーグ チャンスビルディングポイント シュートポイント ランキング | データによってサッカーはもっと輝く | Football LAB,2,中村 優斗,中村優斗,"[""シュートポイント"", ""90分平均"", ""最近5試合"", ""出場試合"", ""攻撃CBP"", ""奪取P""]","["""", ""28.45"", ""1.53"", ""7.75"", ""20"", ""43.58"", ""124.66""]"
20260802,20260609,j2,,シュート.html,リーグサマリー:2026特別 J2J3百年構想リーグ チャンスビルディングポイント シュートポイント ランキング | データによってサッカーはもっと輝く | Football LAB,リーグサマリー:2026特別 J2J3百年構想リーグ チャンスビルディングポイント シュートポイント ランキング | データによってサッカーはもっと輝く | Football LAB,リーグサマリー:2026特別 J2J3百年構想リーグ チャンスビルディングポイント シュートポイント ランキング | データによってサッカーはもっと輝く | Football LAB,2,武田 英寿,武田英寿,"[""シュートポイント"", ""90分平均"", ""最近5試合"", ""出場試合"", ""攻撃CBP"", ""奪取P""]","["""", ""27.77"", ""1.72"", ""7.38"", ""20"", ""22.67"", ""117.52""]"
20260802,20260609,j2,,シュート.html,リーグサマリー:2026特別 J2J3百年構想リーグ チャンスビルディングポイント シュートポイント ランキング | データによってサッカーはもっと輝く | Football LAB,リーグサマリー:2026特別 J2J3百年構想リーグ チャンスビルディングポイント シュートポイント ランキング | データによってサッカーはもっと輝く | Football LAB,リーグサマリー:2026特別 J2J3百年構想リーグ チャンスビルディングポイント シュートポイント ランキング | データによってサッカーはもっと輝く | Football LAB,2,斉藤 涼優,斉藤涼優,"[""シュートポイント"", ""90分平均"", ""最近5試合"", ""出場試合"", ""攻撃CBP"", ""奪取P""]","["""", ""26.56"", ""1.73"", ""5.35"", ""20"", ""39.99"", ""135.32""]"
20260802,20260609,j2,,シュート.html,リーグサマリー:2026特別 J2J3百年構想リーグ チャンスビルディングポイント シュートポイント ランキング | データによってサッカーはもっと輝く | Football LAB,リーグサマリー:2026特別 J2J3百年構想リーグ チャンスビルディングポイント シュートポイント ランキング | データによってサッカーはもっと輝く | Football LAB,リーグサマリー:2026特別 J2J3百年構想リーグ チャンスビルディングポイント シュートポイント ランキング | データによってサッカーはもっと輝く | Football LAB,2,永井 大士,永井大士,"[""シュートポイント"", ""90分平均"", ""最近5試合"", ""出場試合"", ""攻撃CBP"", ""奪取P""]","["""", ""26.18"", ""1.72"", ""8.17"", ""18"", ""19.03"", ""144.92""]"
20260802,20260609,j2,,シュート.html,リーグサマリー:2026特別 J2J3百年構想リーグ チャンスビルディングポイント シュートポイント ランキング | データによってサッカーはもっと輝く | Football LAB,リーグサマリー:2026特別 J2J3百年構想リーグ チャンスビルディングポイント シュートポイント ランキング | データによってサッカーはもっと輝く | Football LAB,リーグサマリー:2026特別 J2J3百年構想リーグ チャンスビルディングポイント シュートポイント ランキング | データによってサッカーはもっと輝く | Football LAB,2,岡田 優希,岡田優希,"[""シュートポイント"", ""90分平均"", ""最近5試合"", ""出場試合"", ""攻撃CBP"", ""奪取P""]","["""", ""25.98"", ""1.70"", ""2.80"", ""20"", ""31.29"", ""49.61""]"
20260802,20260609,j2,,シュート.html,リーグサマリー:2026特別 J2J3百年構想リーグ チャンスビルディングポイント シュートポイント ランキング | データによってサッカーはもっと輝く | Football LAB,リーグサマリー:2026特別 J2J3百年構想リーグ チャンスビルディングポイント シュートポイント ランキング | データによってサッカーはもっと輝く | Football LAB,リーグサマリー:2026特別 J2J3百年構想リーグ チャンスビルディングポイント シュートポイント ランキング | データによってサッカーはもっと輝く | Football LAB,2,西澤 健太,西澤健太,"[""シュートポイント"", ""90分平均"", ""最近5試合"", ""出場試合"", ""攻撃CBP"", ""奪取P""]","["""", ""25.78"", ""1.65"", ""4.10"", ""18"", ""29.44"", ""96.80""]"
20260802,20260609,j2,,シュート.html,リーグサマリー:2026特別 J2J3百年構想リーグ チャンスビルディングポイント シュートポイント ランキング | データによってサッカーはもっと輝く | Football LAB,リーグサマリー:2026特別 J2J3百年構想リーグ チャンスビルディングポイント シュートポイント ランキング | データによってサッカーはもっと輝く | Football LAB,リーグサマリー:2026特別 J2J3百年構想リーグ チャンスビルディングポイント シュートポイント ランキング | データによってサッカーはもっと輝く | Football LAB,2,岩渕 弘人,岩渕弘人,"[""シュートポイント"", ""90分平均"", ""最近5試合"", ""出場試合"", ""攻撃CBP"", ""奪取P""]","["""", ""25.28"", ""1.85"", ""4.13"", ""20"", ""13.10"", ""118.17""]"
20260802,20260609,j2,,シュート.html,リーグサマリー:2026特別 J2J3百年構想リーグ チャンスビルディングポイント シュートポイント ランキング | データによってサッカーはもっと輝く | Football LAB,リーグサマリー:2026特別 J2J3百年構想リーグ チャンスビルディングポイント シュートポイント ランキング | データによってサッカーはもっと輝く | Football LAB,リーグサマリー:2026特別 J2J3百年構想リーグ チャンスビルディングポイント シュートポイント ランキング | データによってサッカーはもっと輝く | Football LAB,2,松本 凪生,松本凪生,"[""シュートポイント"", ""90分平均"", ""最近5試合"", ""出場試合"", ""攻撃CBP"", ""奪取P""]","["""", ""25.23"", ""1.50"", ""9.32"", ""19"", ""28.99"", ""259.25""]"
20260802,20260609,j2,,シュート.html,リーグサマリー:2026特別 J2J3百年構想リーグ チャンスビルディングポイント シュートポイント ランキング | データによってサッカーはもっと輝く | Football LAB,リーグサマリー:2026特別 J2J3百年構想リーグ チャンスビルディングポイント シュートポイント ランキング | データによってサッカーはもっと輝く | Football LAB,リーグサマリー:2026特別 J2J3百年構想リーグ チャンスビルディングポイント シュートポイント ランキング | データによってサッカーはもっと輝く | Football LAB,2,吉尾 虹樹,吉尾虹樹,"[""シュートポイント"", ""90分平均"", ""最近5試合"", ""出場試合"", ""攻撃CBP"", ""奪取P""]","["""", ""24.96"", ""1.49"", ""5.39"", ""20"", ""19.61"", ""236.28""]"
20260802,20260609,j2,,シュート.html,リーグサマリー:2026特別 J2J3百年構想リーグ チャンスビルディングポイント シュートポイント ランキング | データによってサッカーはもっと輝く | Football LAB,リーグサマリー:2026特別 J2J3百年構想リーグ チャンスビルディングポイント シュートポイント ランキング | データによってサッカーはもっと輝く | Football LAB,リーグサマリー:2026特別 J2J3百年構想リーグ チャンスビルディングポイント シュートポイント ランキング | データによってサッカーはもっと輝く | Football LAB,2,山田 寛人,山田寛人,"[""シュートポイント"", ""90分平均"", ""最近5試合"", ""出場試合"", ""攻撃CBP"", ""奪取P""]","["""", ""24.77"", ""1.59"", ""4.01"", ""19"", ""13.93"", ""46.83""]"
20260802,20260609,j2,,シュート.html,リーグサマリー:2026特別 J2J3百年構想リーグ チャンスビルディングポイント シュートポイント ランキング | データによってサッカーはもっと輝く | Football LAB,リーグサマリー:2026特別 J2J3百年構想リーグ チャンスビルディングポイント シュートポイント ランキング | データによってサッカーはもっと輝く | Football LAB,リーグサマリー:2026特別 J2J3百年構想リーグ チャンスビルディングポイント シュートポイント ランキング | データによってサッカーはもっと輝く | Football LAB,2,棚橋 尭士,棚橋尭士,"[""シュートポイント"", ""90分平均"", ""最近5試合"", ""出場試合"", ""攻撃CBP"", ""奪取P""]","["""", ""24.69"", ""1.64"", ""10.15"", ""18"", ""24.34"", ""102.43""]"
20260802,20260609,j2,,シュート.html,リーグサマリー:2026特別 J2J3百年構想リーグ チャンスビルディングポイント シュートポイント ランキング | データによってサッカーはもっと輝く | Football LAB,リーグサマリー:2026特別 J2J3百年構想リーグ チャンスビルディングポイント シュートポイント ランキング | データによってサッカーはもっと輝く | Football LAB,リーグサマリー:2026特別 J2J3百年構想リーグ チャンスビルディングポイント シュートポイント ランキング | データによってサッカーはもっと輝く | Football LAB,2,笠井 佳祐,笠井佳祐,"[""シュートポイント"", ""90分平均"", ""最近5試合"", ""出場試合"", ""攻撃CBP"", ""奪取P""]","["""", ""24.48"", ""1.73"", ""12.96"", ""20"", ""12.20"", ""95.30""]"
20260802,20260609,j2,,シュート.html,リーグサマリー:2026特別 J2J3百年構想リーグ チャンスビルディングポイント シュートポイント ランキング | データによってサッカーはもっと輝く | Football LAB,リーグサマリー:2026特別 J2J3百年構想リーグ チャンスビルディングポイント シュートポイント ランキング | データによってサッカーはもっと輝く | Football LAB,リーグサマリー:2026特別 J2J3百年構想リーグ チャンスビルディングポイント シュートポイント ランキング | データによってサッカーはもっと輝く | Football LAB,2,上畑 佑平士,上畑佑平士,"[""シュートポイント"", ""90分平均"", ""最近5試合"", ""出場試合"", ""攻撃CBP"", ""奪取P""]","["""", ""24.47"", ""1.64"", ""7.92"", ""18"", ""35.74"", ""165.33""]"
20260802,20260609,j2,,シュート.html,リーグサマリー:2026特別 J2J3百年構想リーグ チャンスビルディングポイント シュートポイント ランキング | データによってサッカーはもっと輝く | Football LAB,リーグサマリー:2026特別 J2J3百年構想リーグ チャンスビルディングポイント シュートポイント ランキング | データによってサッカーはもっと輝く | Football LAB,リーグサマリー:2026特別 J2J3百年構想リーグ チャンスビルディングポイント シュートポイント ランキング | データによってサッカーはもっと輝く | Football LAB,2,山中 惇希,山中惇希,"[""シュートポイント"", ""90分平均"", ""最近5試合"", ""出場試合"", ""攻撃CBP"", ""奪取P""]","["""", ""24.42"", ""1.69"", ""4.75"", ""19"", ""24.43"", ""115.55""]"
20260802,20260609,j2,,シュート.html,リーグサマリー:2026特別 J2J3百年構想リーグ チャンスビルディングポイント シュートポイント ランキング | データによってサッカーはもっと輝く | Football LAB,リーグサマリー:2026特別 J2J3百年構想リーグ チャンスビルディングポイント シュートポイント ランキング | データによってサッカーはもっと輝く | Football LAB,リーグサマリー:2026特別 J2J3百年構想リーグ チャンスビルディングポイント シュートポイント ランキング | データによってサッカーはもっと輝く | Football LAB,2,竹本 雄飛,竹本雄飛,"[""シュートポイント"", ""90分平均"", ""最近5試合"", ""出場試合"", ""攻撃CBP"", ""奪取P""]","["""", ""24.26"", ""1.45"", ""5.47"", ""20"", ""22.60"", ""108.62""]"
20260802,20260609,j2,,シュート.html,リーグサマリー:2026特別 J2J3百年構想リーグ チャンスビルディングポイント シュートポイント ランキング | データによってサッカーはもっと輝く | Football LAB,リーグサマリー:2026特別 J2J3百年構想リーグ チャンスビルディングポイント シュートポイント ランキング | データによってサッカーはもっと輝く | Football LAB,リーグサマリー:2026特別 J2J3百年構想リーグ チャンスビルディングポイント シュートポイント ランキング | データによってサッカーはもっと輝く | Football LAB,2,住田 将,住田将,"[""シュートポイント"", ""90分平均"", ""最近5試合"", ""出場試合"", ""攻撃CBP"", ""奪取P""]","["""", ""23.89"", ""1.46"", ""4.21"", ""18"", ""26.95"", ""252.66""]"
20260802,20260609,j2,2026,ショートカウンター.html,ショートカウンター (チームスタイル指標),リーグサマリー:2026 J2J3百年構想リーグ ショートカウンター (チームスタイル指標) | データによってサッカーはもっと輝く | Football LAB,ショートカウンターのサマリー,1,秋田,秋田,"[""指数"", ""ゴール率"", ""シュート率"", ""ドリブル使用率"", ""ロングパス使用率"", ""空中戦使用率"", ""コンビネーション使用率""]","[""78"", ""1.4%"", ""12.9%"", ""12.5%"", ""30.6%"", ""14.1%"", ""2.8%""]"
20260802,20260609,j2,2026,ショートカウンター.html,ショートカウンター (チームスタイル指標),リーグサマリー:2026 J2J3百年構想リーグ ショートカウンター (チームスタイル指標) | データによってサッカーはもっと輝く | Football LAB,ショートカウンターのサマリー,1,鹿児島,鹿児島,"[""指数"", ""ゴール率"", ""シュート率"", ""ドリブル使用率"", ""ロングパス使用率"", ""空中戦使用率"", ""コンビネーション使用率""]","[""73"", ""1.5%"", ""16.0%"", ""11.8%"", ""23.5%"", ""11.3%"", ""2.1%""]"
20260802,20260609,j2,2026,ショートカウンター.html,ショートカウンター (チームスタイル指標),リーグサマリー:2026 J2J3百年構想リーグ ショートカウンター (チームスタイル指標) | データによってサッカーはもっと輝く | Football LAB,ショートカウンターのサマリー,1,FC大阪,FC大阪,"[""指数"", ""ゴール率"", ""シュート率"", ""ドリブル使用率"", ""ロングパス使用率"", ""空中戦使用率"", ""コンビネーション使用率""]","[""69"", ""0.7%"", ""15.7%"", ""13.4%"", ""24.1%"", ""11.1%"", ""2.3%""]"
20260802,20260609,j2,2026,ショートカウンター.html,ショートカウンター (チームスタイル指標),リーグサマリー:2026 J2J3百年構想リーグ ショートカウンター (チームスタイル指標) | データによってサッカーはもっと輝く | Football LAB,ショートカウンターのサマリー,1,いわき,いわき,"[""指数"", ""ゴール率"", ""シュート率"", ""ドリブル使用率"", ""ロングパス使用率"", ""空中戦使用率"", ""コンビネーション使用率""]","[""67"", ""1.9%"", ""16.5%"", ""15.6%"", ""19.3%"", ""11.6%"", ""1.7%""]"
20260802,20260609,j2,2026,ショートカウンター.html,ショートカウンター (チームスタイル指標),リーグサマリー:2026 J2J3百年構想リーグ ショートカウンター (チームスタイル指標) | データによってサッカーはもっと輝く | Football LAB,ショートカウンターのサマリー,1,相模原,相模原,"[""指数"", ""ゴール率"", ""シュート率"", ""ドリブル使用率"", ""ロングパス使用率"", ""空中戦使用率"", ""コンビネーション使用率""]","[""66"", ""0.5%"", ""16.3%"", ""15.8%"", ""21.6%"", ""10.6%"", ""2.4%""]"
20260802,20260609,j2,2026,ショートカウンター.html,ショートカウンター (チームスタイル指標),リーグサマリー:2026 J2J3百年構想リーグ ショートカウンター (チームスタイル指標) | データによってサッカーはもっと輝く | Football LAB,ショートカウンターのサマリー,1,八戸,八戸,"[""指数"", ""ゴール率"", ""シュート率"", ""ドリブル使用率"", ""ロングパス使用率"", ""空中戦使用率"", ""コンビネーション使用率""]","[""63"", ""1.0%"", ""13.9%"", ""11.1%"", ""28.7%"", ""8.3%"", ""2.3%""]"
20260802,20260609,j2,2026,ショートカウンター.html,ショートカウンター (チームスタイル指標),リーグサマリー:2026 J2J3百年構想リーグ ショートカウンター (チームスタイル指標) | データによってサッカーはもっと輝く | Football LAB,ショートカウンターのサマリー,1,讃岐,讃岐,"[""指数"", ""ゴール率"", ""シュート率"", ""ドリブル使用率"", ""ロングパス使用率"", ""空中戦使用率"", ""コンビネーション使用率""]","[""61"", ""0.5%"", ""18.3%"", ""13.7%"", ""25.1%"", ""6.7%"", ""2.1%""]"
20260802,20260609,j2,2026,ショートカウンター.html,ショートカウンター (チームスタイル指標),リーグサマリー:2026 J2J3百年構想リーグ ショートカウンター (チームスタイル指標) | データによってサッカーはもっと輝く | Football LAB,ショートカウンターのサマリー,1,松本,松本,"[""指数"", ""ゴール率"", ""シュート率"", ""ドリブル使用率"", ""ロングパス使用率"", ""空中戦使用率"", ""コンビネーション使用率""]","[""59"", ""2.1%"", ""20.1%"", ""11.0%"", ""23.8%"", ""10.2%"", ""2.9%""]"
20260802,20260609,j2,2026,ショートカウンター.html,ショートカウンター (チームスタイル指標),リーグサマリー:2026 J2J3百年構想リーグ ショートカウンター (チームスタイル指標) | データによってサッカーはもっと輝く | Football LAB,ショートカウンターのサマリー,1,大宮,大宮,"[""指数"", ""ゴール率"", ""シュート率"", ""ドリブル使用率"", ""ロングパス使用率"", ""空中戦使用率"", ""コンビネーション使用率""]","[""54"", ""4.1%"", ""20.6%"", ""12.9%"", ""16.8%"", ""9.4%"", ""1.8%""]"
20260802,20260609,j2,2026,ショートカウンター.html,ショートカウンター (チームスタイル指標),リーグサマリー:2026 J2J3百年構想リーグ ショートカウンター (チームスタイル指標) | データによってサッカーはもっと輝く | Football LAB,ショートカウンターのサマリー,1,今治,今治,"[""指数"", ""ゴール率"", ""シュート率"", ""ドリブル使用率"", ""ロングパス使用率"", ""空中戦使用率"", ""コンビネーション使用率""]","[""53"", ""1.2%"", ""14.7%"", ""13.8%"", ""20.7%"", ""10.2%"", ""0.9%""]"
20260802,20260609,j2,2026,ショートカウンター.html,ショートカウンター (チームスタイル指標),リーグサマリー:2026 J2J3百年構想リーグ ショートカウンター (チームスタイル指標) | データによってサッカーはもっと輝く | Football LAB,ショートカウンターのサマリー,1,岐阜,岐阜,"[""指数"", ""ゴール率"", ""シュート率"", ""ドリブル使用率"", ""ロングパス使用率"", ""空中戦使用率"", ""コンビネーション使用率""]","[""53"", ""2.7%"", ""21.1%"", ""16.3%"", ""17.8%"", ""7.2%"", ""4.2%""]"
20260802,20260609,j2,2026,ショートカウンター.html,ショートカウンター (チームスタイル指標),リーグサマリー:2026 J2J3百年構想リーグ ショートカウンター (チームスタイル指標) | データによってサッカーはもっと輝く | Football LAB,ショートカウンターのサマリー,1,長野,長野,"[""指数"", ""ゴール率"", ""シュート率"", ""ドリブル使用率"", ""ロングパス使用率"", ""空中戦使用率"", ""コンビネーション使用率""]","[""52"", ""1.8%"", ""12.6%"", ""14.1%"", ""23.3%"", ""8.0%"", ""1.2%""]"
20260802,20260609,j2,2026,ショートカウンター.html,ショートカウンター (チームスタイル指標),リーグサマリー:2026 J2J3百年構想リーグ ショートカウンター (チームスタイル指標) | データによってサッカーはもっと輝く | Football LAB,ショートカウンターのサマリー,1,愛媛,愛媛,"[""指数"", ""ゴール率"", ""シュート率"", ""ドリブル使用率"", ""ロングパス使用率"", ""空中戦使用率"", ""コンビネーション使用率""]","[""51"", ""2.2%"", ""21.6%"", ""14.1%"", ""14.4%"", ""7.8%"", ""3.4%""]"
20260802,20260609,j2,2026,ショートカウンター.html,ショートカウンター (チームスタイル指標),リーグサマリー:2026 J2J3百年構想リーグ ショートカウンター (チームスタイル指標) | データによってサッカーはもっと輝く | Football LAB,ショートカウンターのサマリー,1,富山,富山,"[""指数"", ""ゴール率"", ""シュート率"", ""ドリブル使用率"", ""ロングパス使用率"", ""空中戦使用率"", ""コンビネーション使用率""]","[""51"", ""2.5%"", ""22.3%"", ""21.7%"", ""11.9%"", ""5.0%"", ""3.8%""]"
20260802,20260609,j2,2026,ショートカウンター.html,ショートカウンター (チームスタイル指標),リーグサマリー:2026 J2J3百年構想リーグ ショートカウンター (チームスタイル指標) | データによってサッカーはもっと輝く | Football LAB,ショートカウンターのサマリー,1,栃木SC,栃木SC,"[""指数"", ""ゴール率"", ""シュート率"", ""ドリブル使用率"", ""ロングパス使用率"", ""空中戦使用率"", ""コンビネーション使用率""]","[""50"", ""2.9%"", ""23.9%"", ""18.1%"", ""20.7%"", ""7.1%"", ""1.9%""]"
20260802,20260609,j2,2026,ショートカウンター.html,ショートカウンター (チームスタイル指標),リーグサマリー:2026 J2J3百年構想リーグ ショートカウンター (チームスタイル指標) | データによってサッカーはもっと輝く | Football LAB,ショートカウンターのサマリー,1,栃木C,栃木C,"[""指数"", ""ゴール率"", ""シュート率"", ""ドリブル使用率"", ""ロングパス使用率"", ""空中戦使用率"", ""コンビネーション使用率""]","[""50"", ""1.9%"", ""20.7%"", ""22.3%"", ""19.7%"", ""12.3%"", ""1.0%""]"
20260802,20260609,j2,2026,ショートカウンター.html,ショートカウンター (チームスタイル指標),リーグサマリー:2026 J2J3百年構想リーグ ショートカウンター (チームスタイル指標) | データによってサッカーはもっと輝く | Football LAB,ショートカウンターのサマリー,1,大分,大分,"[""指数"", ""ゴール率"", ""シュート率"", ""ドリブル使用率"", ""ロングパス使用率"", ""空中戦使用率"", ""コンビネーション使用率""]","[""48"", ""1.3%"", ""19.3%"", ""13.7%"", ""13.7%"", ""10.7%"", ""3.0%""]"
20260802,20260609,j2,2026,ショートカウンター.html,ショートカウンター (チームスタイル指標),リーグサマリー:2026 J2J3百年構想リーグ ショートカウンター (チームスタイル指標) | データによってサッカーはもっと輝く | Football LAB,ショートカウンターのサマリー,1,藤枝,藤枝,"[""指数"", ""ゴール率"", ""シュート率"", ""ドリブル使用率"", ""ロングパス使用率"", ""空中戦使用率"", ""コンビネーション使用率""]","[""48"", ""2.3%"", ""20.1%"", ""21.7%"", ""15.1%"", ""8.4%"", ""3.3%""]"
20260802,20260609,j2,2026,ショートカウンター.html,ショートカウンター (チームスタイル指標),リーグサマリー:2026 J2J3百年構想リーグ ショートカウンター (チームスタイル指標) | データによってサッカーはもっと輝く | Football LAB,ショートカウンターのサマリー,1,金沢,金沢,"[""指数"", ""ゴール率"", ""シュート率"", ""ドリブル使用率"", ""ロングパス使用率"", ""空中戦使用率"", ""コンビネーション使用率""]","[""48"", ""1.7%"", ""18.4%"", ""15.7%"", ""17.1%"", ""9.7%"", ""2.7%""]"
20260802,20260609,j2,2026,ショートカウンター.html,ショートカウンター (チームスタイル指標),リーグサマリー:2026 J2J3百年構想リーグ ショートカウンター (チームスタイル指標) | データによってサッカーはもっと輝く | Football LAB,ショートカウンターのサマリー,1,新潟,新潟,"[""指数"", ""ゴール率"", ""シュート率"", ""ドリブル使用率"", ""ロングパス使用率"", ""空中戦使用率"", ""コンビネーション使用率""]","[""48"", ""0.7%"", ""13.8%"", ""14.4%"", ""16.1%"", ""6.7%"", ""1.7%""]"
20260802,20260609,j2,2026,ショートカウンター.html,ショートカウンター (チームスタイル指標),リーグサマリー:2026 J2J3百年構想リーグ ショートカウンター (チームスタイル指標) | データによってサッカーはもっと輝く | Football LAB,ショートカウンターのサマリー,1,甲府,甲府,"[""指数"", ""ゴール率"", ""シュート率"", ""ドリブル使用率"", ""ロングパス使用率"", ""空中戦使用率"", ""コンビネーション使用率""]","[""48"", ""2.0%"", ""11.4%"", ""10.1%"", ""24.8%"", ""7.7%"", ""1.3%""]"
20260802,20260609,j2,2026,ショートカウンター.html,ショートカウンター (チームスタイル指標),リーグサマリー:2026 J2J3百年構想リーグ ショートカウンター (チームスタイル指標) | データによってサッカーはもっと輝く | Football LAB,ショートカウンターのサマリー,1,湘南,湘南,"[""指数"", ""ゴール率"", ""シュート率"", ""ドリブル使用率"", ""ロングパス使用率"", ""空中戦使用率"", ""コンビネーション使用率""]","[""47"", ""1.4%"", ""17.0%"", ""16.7%"", ""21.8%"", ""10.2%"", ""2.0%""]"
20260802,20260609,j2,2026,ショートカウンター.html,ショートカウンター (チームスタイル指標),リーグサマリー:2026 J2J3百年構想リーグ ショートカウンター (チームスタイル指標) | データによってサッカーはもっと輝く | Football LAB,ショートカウンターのサマリー,1,山口,山口,"[""指数"", ""ゴール率"", ""シュート率"", ""ドリブル使用率"", ""ロングパス使用率"", ""空中戦使用率"", ""コンビネーション使用率""]","[""47"", ""2.4%"", ""20.8%"", ""11.4%"", ""21.8%"", ""11.8%"", ""4.5%""]"
20260802,20260609,j2,2026,ショートカウンター.html,ショートカウンター (チームスタイル指標),リーグサマリー:2026 J2J3百年構想リーグ ショートカウンター (チームスタイル指標) | データによってサッカーはもっと輝く | Football LAB,ショートカウンターのサマリー,1,磐田,磐田,"[""指数"", ""ゴール率"", ""シュート率"", ""ドリブル使用率"", ""ロングパス使用率"", ""空中戦使用率"", ""コンビネーション使用率""]","[""47"", ""1.7%"", ""14.2%"", ""12.2%"", ""23.3%"", ""9.0%"", ""2.1%""]"
20260802,20260609,j2,2026,ショートカウンター.html,ショートカウンター (チームスタイル指標),リーグサマリー:2026 J2J3百年構想リーグ ショートカウンター (チームスタイル指標) | データによってサッカーはもっと輝く | Football LAB,ショートカウンターのサマリー,1,仙台,仙台,"[""指数"", ""ゴール率"", ""シュート率"", ""ドリブル使用率"", ""ロングパス使用率"", ""空中戦使用率"", ""コンビネーション使用率""]","[""46"", ""1.8%"", ""14.1%"", ""15.5%"", ""21.9%"", ""9.5%"", ""2.1%""]"
20260802,20260609,j2,2026,ショートカウンター.html,ショートカウンター (チームスタイル指標),リーグサマリー:2026 J2J3百年構想リーグ ショートカウンター (チームスタイル指標) | データによってサッカーはもっと輝く | Football LAB,ショートカウンターのサマリー,1,鳥取,鳥取,"[""指数"", ""ゴール率"", ""シュート率"", ""ドリブル使用率"", ""ロングパス使用率"", ""空中戦使用率"", ""コンビネーション使用率""]","[""46"", ""2.8%"", ""18.8%"", ""11.0%"", ""22.3%"", ""9.9%"", ""3.2%""]"
20260802,20260609,j2,2026,ショートカウンター.html,ショートカウンター (チームスタイル指標),リーグサマリー:2026 J2J3百年構想リーグ ショートカウンター (チームスタイル指標) | データによってサッカーはもっと輝く | Football LAB,ショートカウンターのサマリー,1,琉球,琉球,"[""指数"", ""ゴール率"", ""シュート率"", ""ドリブル使用率"", ""ロングパス使用率"", ""空中戦使用率"", ""コンビネーション使用率""]","[""45"", ""2.2%"", ""20.2%"", ""8.7%"", ""15.5%"", ""6.1%"", ""4.7%""]"
20260802,20260609,j2,2026,ショートカウンター.html,ショートカウンター (チームスタイル指標),リーグサマリー:2026 J2J3百年構想リーグ ショートカウンター (チームスタイル指標) | データによってサッカーはもっと輝く | Football LAB,ショートカウンターのサマリー,1,宮崎,宮崎,"[""指数"", ""ゴール率"", ""シュート率"", ""ドリブル使用率"", ""ロングパス使用率"", ""空中戦使用率"", ""コンビネーション使用率""]","[""45"", ""2.2%"", ""20.3%"", ""18.5%"", ""14.9%"", ""7.6%"", ""1.8%""]"
20260802,20260609,j2,2026,ショートカウンター.html,ショートカウンター (チームスタイル指標),リーグサマリー:2026 J2J3百年構想リーグ ショートカウンター (チームスタイル指標) | データによってサッカーはもっと輝く | Football LAB,ショートカウンターのサマリー,1,札幌,札幌,"[""指数"", ""ゴール率"", ""シュート率"", ""ドリブル使用率"", ""ロングパス使用率"", ""空中戦使用率"", ""コンビネーション使用率""]","[""45"", ""1.8%"", ""16.7%"", ""11.6%"", ""20.7%"", ""7.3%"", ""1.8%""]"
20260802,20260609,j2,2026,ショートカウンター.html,ショートカウンター (チームスタイル指標),リーグサマリー:2026 J2J3百年構想リーグ ショートカウンター (チームスタイル指標) | データによってサッカーはもっと輝く | Football LAB,ショートカウンターのサマリー,1,横浜FC,横浜FC,"[""指数"", ""ゴール率"", ""シュート率"", ""ドリブル使用率"", ""ロングパス使用率"", ""空中戦使用率"", ""コンビネーション使用率""]","[""44"", ""1.8%"", ""21.0%"", ""17.3%"", ""16.5%"", ""5.1%"", ""3.7%""]"
20260802,20260609,j2,2026,ショートカウンター.html,ショートカウンター (チームスタイル指標),リーグサマリー:2026 J2J3百年構想リーグ ショートカウンター (チームスタイル指標) | データによってサッカーはもっと輝く | Football LAB,ショートカウンターのサマリー,1,熊本,熊本,"[""指数"", ""ゴール率"", ""シュート率"", ""ドリブル使用率"", ""ロングパス使用率"", ""空中戦使用率"", ""コンビネーション使用率""]","[""44"", ""1.1%"", ""17.8%"", ""16.3%"", ""16.7%"", ""6.3%"", ""1.5%""]"
20260802,20260609,j2,2026,ショートカウンター.html,ショートカウンター (チームスタイル指標),リーグサマリー:2026 J2J3百年構想リーグ ショートカウンター (チームスタイル指標) | データによってサッカーはもっと輝く | Football LAB,ショートカウンターのサマリー,1,高知,高知,"[""指数"", ""ゴール率"", ""シュート率"", ""ドリブル使用率"", ""ロングパス使用率"", ""空中戦使用率"", ""コンビネーション使用率""]","[""44"", ""3.0%"", ""20.9%"", ""11.9%"", ""20.9%"", ""10.8%"", ""1.9%""]"
20260802,20260609,j2,2026,ショートカウンター.html,ショートカウンター (チームスタイル指標),リーグサマリー:2026 J2J3百年構想リーグ ショートカウンター (チームスタイル指標) | データによってサッカーはもっと輝く | Football LAB,ショートカウンターのサマリー,1,群馬,群馬,"[""指数"", ""ゴール率"", ""シュート率"", ""ドリブル使用率"", ""ロングパス使用率"", ""空中戦使用率"", ""コンビネーション使用率""]","[""43"", ""1.5%"", ""17.9%"", ""14.5%"", ""16.8%"", ""10.3%"", ""2.3%""]"
20260802,20260609,j2,2026,ショートカウンター.html,ショートカウンター (チームスタイル指標),リーグサマリー:2026 J2J3百年構想リーグ ショートカウンター (チームスタイル指標) | データによってサッカーはもっと輝く | Football LAB,ショートカウンターのサマリー,1,福島,福島,"[""指数"", ""ゴール率"", ""シュート率"", ""ドリブル使用率"", ""ロングパス使用率"", ""空中戦使用率"", ""コンビネーション使用率""]","[""42"", ""1.9%"", ""18.6%"", ""18.6%"", ""19.8%"", ""6.2%"", ""2.7%""]"
20260802,20260609,j2,2026,ショートカウンター.html,ショートカウンター (チームスタイル指標),リーグサマリー:2026 J2J3百年構想リーグ ショートカウンター (チームスタイル指標) | データによってサッカーはもっと輝く | Football LAB,ショートカウンターのサマリー,1,鳥栖,鳥栖,"[""指数"", ""ゴール率"", ""シュート率"", ""ドリブル使用率"", ""ロングパス使用率"", ""空中戦使用率"", ""コンビネーション使用率""]","[""40"", ""2.8%"", ""24.8%"", ""14.6%"", ""13.0%"", ""6.5%"", ""3.7%""]"
20260802,20260609,j2,2026,ショートカウンター.html,ショートカウンター (チームスタイル指標),リーグサマリー:2026 J2J3百年構想リーグ ショートカウンター (チームスタイル指標) | データによってサッカーはもっと輝く | Football LAB,ショートカウンターのサマリー,1,北九州,北九州,"[""指数"", ""ゴール率"", ""シュート率"", ""ドリブル使用率"", ""ロングパス使用率"", ""空中戦使用率"", ""コンビネーション使用率""]","[""40"", ""1.2%"", ""18.9%"", ""14.4%"", ""24.7%"", ""8.2%"", ""2.5%""]"
20260802,20260609,j2,2026,ショートカウンター.html,ショートカウンター (チームスタイル指標),リーグサマリー:2026 J2J3百年構想リーグ ショートカウンター (チームスタイル指標) | データによってサッカーはもっと輝く | Football LAB,ショートカウンターのサマリー,1,滋賀,滋賀,"[""指数"", ""ゴール率"", ""シュート率"", ""ドリブル使用率"", ""ロングパス使用率"", ""空中戦使用率"", ""コンビネーション使用率""]","[""40"", ""0.8%"", ""19.5%"", ""15.8%"", ""28.2%"", ""6.2%"", ""4.6%""]"
20260802,20260609,j2,2026,ショートカウンター.html,ショートカウンター (チームスタイル指標),リーグサマリー:2026 J2J3百年構想リーグ ショートカウンター (チームスタイル指標) | データによってサッカーはもっと輝く | Football LAB,ショートカウンターのサマリー,1,山形,山形,"[""指数"", ""ゴール率"", ""シュート率"", ""ドリブル使用率"", ""ロングパス使用率"", ""空中戦使用率"", ""コンビネーション使用率""]","[""38"", ""2.2%"", ""18.5%"", ""15.4%"", ""19.4%"", ""8.8%"", ""1.3%""]"
20260802,20260609,j2,2026,ショートカウンター.html,ショートカウンター (チームスタイル指標),リーグサマリー:2026 J2J3百年構想リーグ ショートカウンター (チームスタイル指標) | データによってサッカーはもっと輝く | Football LAB,ショートカウンターのサマリー,1,徳島,徳島,"[""指数"", ""ゴール率"", ""シュート率"", ""ドリブル使用率"", ""ロングパス使用率"", ""空中戦使用率"", ""コンビネーション使用率""]","[""34"", ""4.9%"", ""15.8%"", ""15.8%"", ""18.2%"", ""3.9%"", ""2.0%""]"
20260802,20260609,j2,2026,ショートカウンター.html,ショートカウンター (チームスタイル指標),リーグサマリー:2026 J2J3百年構想リーグ ショートカウンター (チームスタイル指標) | データによってサッカーはもっと輝く | Football LAB,ショートカウンターのサマリー,1,奈良,奈良,"[""指数"", ""ゴール率"", ""シュート率"", ""ドリブル使用率"", ""ロングパス使用率"", ""空中戦使用率"", ""コンビネーション使用率""]","[""34"", ""5.0%"", ""19.9%"", ""14.4%"", ""19.4%"", ""6.0%"", ""3.0%""]"
20260802,20260609,j2,2026,ショートカウンター.html,ショートカウンター (チームスタイル指標),リーグサマリー:2026 J2J3百年構想リーグ ショートカウンター (チームスタイル指標) | データによってサッカーはもっと輝く | Football LAB,ショートカウンター (チームスタイル指標),2,仙台,仙台,"[""攻撃セットプレー"", ""左サイド攻撃"", ""中央攻撃"", ""右サイド攻撃"", ""ショートカウンター"", ""ロングカウンター"", ""敵陣ポゼッション"", ""自陣ポゼッション""]","[""48"", ""41"", ""62"", ""52"", ""46"", ""61"", ""50"", ""51""]"
20260802,20260609,j2,2026,ショートカウンター.html,ショートカウンター (チームスタイル指標),リーグサマリー:2026 J2J3百年構想リーグ ショートカウンター (チームスタイル指標) | データによってサッカーはもっと輝く | Football LAB,ショートカウンター (チームスタイル指標),2,秋田,秋田,"[""攻撃セットプレー"", ""左サイド攻撃"", ""中央攻撃"", ""右サイド攻撃"", ""ショートカウンター"", ""ロングカウンター"", ""敵陣ポゼッション"", ""自陣ポゼッション""]","[""62"", ""49"", ""45"", ""76"", ""78"", ""46"", ""30"", ""31""]"
20260802,20260609,j2,2026,ショートカウンター.html,ショートカウンター (チームスタイル指標),リーグサマリー:2026 J2J3百年構想リーグ ショートカウンター (チームスタイル指標) | データによってサッカーはもっと輝く | Football LAB,ショートカウンター (チームスタイル指標),2,湘南,湘南,"[""攻撃セットプレー"", ""左サイド攻撃"", ""中央攻撃"", ""右サイド攻撃"", ""ショートカウンター"", ""ロングカウンター"", ""敵陣ポゼッション"", ""自陣ポゼッション""]","[""52"", ""49"", ""47"", ""59"", ""47"", ""62"", ""50"", ""47""]"
20260802,20260609,j2,2026,ショートカウンター.html,ショートカウンター (チームスタイル指標),リーグサマリー:2026 J2J3百年構想リーグ ショートカウンター (チームスタイル指標) | データによってサッカーはもっと輝く | Football LAB,ショートカウンター (チームスタイル指標),2,横浜FC,横浜FC,"[""攻撃セットプレー"", ""左サイド攻撃"", ""中央攻撃"", ""右サイド攻撃"", ""ショートカウンター"", ""ロングカウンター"", ""敵陣ポゼッション"", ""自陣ポゼッション""]","[""57"", ""54"", ""58"", ""44"", ""44"", ""47"", ""56"", ""54""]"
20260802,20260609,j2,2026,ショートカウンター.html,ショートカウンター (チームスタイル指標),リーグサマリー:2026 J2J3百年構想リーグ ショートカウンター (チームスタイル指標) | データによってサッカーはもっと輝く | Football LAB,ショートカウンター (チームスタイル指標),2,相模原,相模原,"[""攻撃セットプレー"", ""左サイド攻撃"", ""中央攻撃"", ""右サイド攻撃"", ""ショートカウンター"", ""ロングカウンター"", ""敵陣ポゼッション"", ""自陣ポゼッション""]","[""53"", ""57"", ""55"", ""60"", ""66"", ""65"", ""26"", ""31""]"
20260802,20260609,j2,2026,ショートカウンター.html,ショートカウンター (チームスタイル指標),リーグサマリー:2026 J2J3百年構想リーグ ショートカウンター (チームスタイル指標) | データによってサッカーはもっと輝く | Football LAB,ショートカウンター (チームスタイル指標),2,群馬,群馬,"[""攻撃セットプレー"", ""左サイド攻撃"", ""中央攻撃"", ""右サイド攻撃"", ""ショートカウンター"", ""ロングカウンター"", ""敵陣ポゼッション"", ""自陣ポゼッション""]","[""39"", ""44"", ""49"", ""40"", ""43"", ""49"", ""45"", ""58""]"
20260802,20260609,j2,2026,ショートカウンター.html,ショートカウンター (チームスタイル指標),リーグサマリー:2026 J2J3百年構想リーグ ショートカウンター (チームスタイル指標) | データによってサッカーはもっと輝く | Football LAB,ショートカウンター (チームスタイル指標),2,山形,山形,"[""攻撃セットプレー"", ""左サイド攻撃"", ""中央攻撃"", ""右サイド攻撃"", ""ショートカウンター"", ""ロングカウンター"", ""敵陣ポゼッション"", ""自陣ポゼッション""]","[""35"", ""43"", ""44"", ""42"", ""38"", ""47"", ""47"", ""50""]"
20260802,20260609,j2,2026,ショートカウンター.html,ショートカウンター (チームスタイル指標),リーグサマリー:2026 J2J3百年構想リーグ ショートカウンター (チームスタイル指標) | データによってサッカーはもっと輝く | Football LAB,ショートカウンター (チームスタイル指標),2,栃木C,栃木C,"[""攻撃セットプレー"", ""左サイド攻撃"", ""中央攻撃"", ""右サイド攻撃"", ""ショートカウンター"", ""ロングカウンター"", ""敵陣ポゼッション"", ""自陣ポゼッション""]","[""45"", ""54"", ""49"", ""46"", ""50"", ""51"", ""47"", ""53""]"
20260802,20260609,j2,2026,ショートカウンター.html,ショートカウンター (チームスタイル指標),リーグサマリー:2026 J2J3百年構想リーグ ショートカウンター (チームスタイル指標) | データによってサッカーはもっと輝く | Football LAB,ショートカウンター (チームスタイル指標),2,八戸,八戸,"[""攻撃セットプレー"", ""左サイド攻撃"", ""中央攻撃"", ""右サイド攻撃"", ""ショートカウンター"", ""ロングカウンター"", ""敵陣ポゼッション"", ""自陣ポゼッション""]","[""62"", ""59"", ""38"", ""72"", ""63"", ""49"", ""38"", ""37""]"
20260802,20260609,j2,2026,ショートカウンター.html,ショートカウンター (チームスタイル指標),リーグサマリー:2026 J2J3百年構想リーグ ショートカウンター (チームスタイル指標) | データによってサッカーはもっと輝く | Football LAB,ショートカウンター (チームスタイル指標),2,栃木SC,栃木SC,"[""攻撃セットプレー"", ""左サイド攻撃"", ""中央攻撃"", ""右サイド攻撃"", ""ショートカウンター"", ""ロングカウンター"", ""敵陣ポゼッション"", ""自陣ポゼッション""]","[""49"", ""57"", ""58"", ""44"", ""50"", ""64"", ""52"", ""42""]"
20260802,20260609,j2,2026,ショートカウンター.html,ショートカウンター (チームスタイル指標),リーグサマリー:2026 J2J3百年構想リーグ ショートカウンター (チームスタイル指標) | データによってサッカーはもっと輝く | Football LAB,ショートカウンター (チームスタイル指標),2,甲府,甲府,"[""攻撃セットプレー"", ""左サイド攻撃"", ""中央攻撃"", ""右サイド攻撃"", ""ショートカウンター"", ""ロングカウンター"", ""敵陣ポゼッション"", ""自陣ポゼッション""]","[""48"", ""46"", ""35"", ""47"", ""48"", ""52"", ""48"", ""42""]"
20260802,20260609,j2,2026,ショートカウンター.html,ショートカウンター (チームスタイル指標),リーグサマリー:2026 J2J3百年構想リーグ ショートカウンター (チームスタイル指標) | データによってサッカーはもっと輝く | Football LAB,ショートカウンター (チームスタイル指標),2,札幌,札幌,"[""攻撃セットプレー"", ""左サイド攻撃"", ""中央攻撃"", ""右サイド攻撃"", ""ショートカウンター"", ""ロングカウンター"", ""敵陣ポゼッション"", ""自陣ポゼッション""]","[""47"", ""47"", ""46"", ""45"", ""45"", ""60"", ""62"", ""60""]"
20260802,20260609,j2,2026,ショートカウンター.html,ショートカウンター (チームスタイル指標),リーグサマリー:2026 J2J3百年構想リーグ ショートカウンター (チームスタイル指標) | データによってサッカーはもっと輝く | Football LAB,ショートカウンター (チームスタイル指標),2,いわき,いわき,"[""攻撃セットプレー"", ""左サイド攻撃"", ""中央攻撃"", ""右サイド攻撃"", ""ショートカウンター"", ""ロングカウンター"", ""敵陣ポゼッション"", ""自陣ポゼッション""]","[""65"", ""62"", ""56"", ""64"", ""67"", ""60"", ""38"", ""38""]"
20260802,20260609,j2,2026,ショートカウンター.html,ショートカウンター (チームスタイル指標),リーグサマリー:2026 J2J3百年構想リーグ ショートカウンター (チームスタイル指標) | データによってサッカーはもっと輝く | Football LAB,ショートカウンター (チームスタイル指標),2,大宮,大宮,"[""攻撃セットプレー"", ""左サイド攻撃"", ""中央攻撃"", ""右サイド攻撃"", ""ショートカウンター"", ""ロングカウンター"", ""敵陣ポゼッション"", ""自陣ポゼッション""]","[""57"", ""57"", ""60"", ""47"", ""54"", ""41"", ""56"", ""50""]"
20260802,20260609,j2,2026,ショートカウンター.html,ショートカウンター (チームスタイル指標),リーグサマリー:2026 J2J3百年構想リーグ ショートカウンター (チームスタイル指標) | データによってサッカーはもっと輝く | Football LAB,ショートカウンター (チームスタイル指標),2,藤枝,藤枝,"[""攻撃セットプレー"", ""左サイド攻撃"", ""中央攻撃"", ""右サイド攻撃"", ""ショートカウンター"", ""ロングカウンター"", ""敵陣ポゼッション"", ""自陣ポゼッション""]","[""51"", ""51"", ""45"", ""55"", ""48"", ""45"", ""48"", ""56""]"
20260802,20260609,j2,2026,ショートカウンター.html,ショートカウンター (チームスタイル指標),リーグサマリー:2026 J2J3百年構想リーグ ショートカウンター (チームスタイル指標) | データによってサッカーはもっと輝く | Football LAB,ショートカウンター (チームスタイル指標),2,岐阜,岐阜,"[""攻撃セットプレー"", ""左サイド攻撃"", ""中央攻撃"", ""右サイド攻撃"", ""ショートカウンター"", ""ロングカウンター"", ""敵陣ポゼッション"", ""自陣ポゼッション""]","[""51"", ""51"", ""58"", ""53"", ""53"", ""60"", ""68"", ""49""]"
20260802,20260609,j2,2026,ショートカウンター.html,ショートカウンター (チームスタイル指標),リーグサマリー:2026 J2J3百年構想リーグ ショートカウンター (チームスタイル指標) | データによってサッカーはもっと輝く | Football LAB,ショートカウンター (チームスタイル指標),2,松本,松本,"[""攻撃セットプレー"", ""左サイド攻撃"", ""中央攻撃"", ""右サイド攻撃"", ""ショートカウンター"", ""ロングカウンター"", ""敵陣ポゼッション"", ""自陣ポゼッション""]","[""55"", ""37"", ""53"", ""58"", ""59"", ""63"", ""38"", ""39""]"
20260802,20260609,j2,2026,ショートカウンター.html,ショートカウンター (チームスタイル指標),リーグサマリー:2026 J2J3百年構想リーグ ショートカウンター (チームスタイル指標) | データによってサッカーはもっと輝く | Football LAB,ショートカウンター (チームスタイル指標),2,磐田,磐田,"[""攻撃セットプレー"", ""左サイド攻撃"", ""中央攻撃"", ""右サイド攻撃"", ""ショートカウンター"", ""ロングカウンター"", ""敵陣ポゼッション"", ""自陣ポゼッション""]","[""45"", ""38"", ""48"", ""54"", ""47"", ""58"", ""48"", ""50""]"
20260802,20260609,j2,2026,ショートカウンター.html,ショートカウンター (チームスタイル指標),リーグサマリー:2026 J2J3百年構想リーグ ショートカウンター (チームスタイル指標) | データによってサッカーはもっと輝く | Football LAB,ショートカウンター (チームスタイル指標),2,福島,福島,"[""攻撃セットプレー"", ""左サイド攻撃"", ""中央攻撃"", ""右サイド攻撃"", ""ショートカウンター"", ""ロングカウンター"", ""敵陣ポゼッション"", ""自陣ポゼッション""]","[""38"", ""25"", ""90"", ""35"", ""42"", ""42"", ""58"", ""51""]"
20260802,20260609,j2,2026,ショートカウンター.html,ショートカウンター (チームスタイル指標),リーグサマリー:2026 J2J3百年構想リーグ ショートカウンター (チームスタイル指標) | データによってサッカーはもっと輝く | Football LAB,ショートカウンター (チームスタイル指標),2,長野,長野,"[""攻撃セットプレー"", ""左サイド攻撃"", ""中央攻撃"", ""右サイド攻撃"", ""ショートカウンター"", ""ロングカウンター"", ""敵陣ポゼッション"", ""自陣ポゼッション""]","[""48"", ""61"", ""48"", ""42"", ""52"", ""40"", ""44"", ""39""]"
20260802,20260609,j2,2026,ショートカウンター.html,ショートカウンター (チームスタイル指標),リーグサマリー:2026 J2J3百年構想リーグ ショートカウンター (チームスタイル指標) | データによってサッカーはもっと輝く | Football LAB,ショートカウンター (チームスタイル指標),2,富山,富山,"[""攻撃セットプレー"", ""左サイド攻撃"", ""中央攻撃"", ""右サイド攻撃"", ""ショートカウンター"", ""ロングカウンター"", ""敵陣ポゼッション"", ""自陣ポゼッション""]","[""62"", ""71"", ""60"", ""52"", ""51"", ""61"", ""66"", ""56""]"
20260802,20260609,j2,2026,ショートカウンター.html,ショートカウンター (チームスタイル指標),リーグサマリー:2026 J2J3百年構想リーグ ショートカウンター (チームスタイル指標) | データによってサッカーはもっと輝く | Football LAB,ショートカウンター (チームスタイル指標),2,新潟,新潟,"[""攻撃セットプレー"", ""左サイド攻撃"", ""中央攻撃"", ""右サイド攻撃"", ""ショートカウンター"", ""ロングカウンター"", ""敵陣ポゼッション"", ""自陣ポゼッション""]","[""51"", ""54"", ""48"", ""41"", ""48"", ""64"", ""51"", ""52""]"
20260802,20260609,j2,2026,ショートカウンター.html,ショートカウンター (チームスタイル指標),リーグサマリー:2026 J2J3百年構想リーグ ショートカウンター (チームスタイル指標) | データによってサッカーはもっと輝く | Football LAB,ショートカウンター (チームスタイル指標),2,徳島,徳島,"[""攻撃セットプレー"", ""左サイド攻撃"", ""中央攻撃"", ""右サイド攻撃"", ""ショートカウンター"", ""ロングカウンター"", ""敵陣ポゼッション"", ""自陣ポゼッション""]","[""32"", ""33"", ""44"", ""32"", ""34"", ""40"", ""45"", ""67""]"
20260802,20260609,j2,2026,ショートカウンター.html,ショートカウンター (チームスタイル指標),リーグサマリー:2026 J2J3百年構想リーグ ショートカウンター (チームスタイル指標) | データによってサッカーはもっと輝く | Football LAB,ショートカウンター (チームスタイル指標),2,高知,高知,"[""攻撃セットプレー"", ""左サイド攻撃"", ""中央攻撃"", ""右サイド攻撃"", ""ショートカウンター"", ""ロングカウンター"", ""敵陣ポゼッション"", ""自陣ポゼッション""]","[""40"", ""41"", ""37"", ""46"", ""44"", ""40"", ""60"", ""57""]"
20260802,20260609,j2,2026,ショートカウンター.html,ショートカウンター (チームスタイル指標),リーグサマリー:2026 J2J3百年構想リーグ ショートカウンター (チームスタイル指標) | データによってサッカーはもっと輝く | Football LAB,ショートカウンター (チームスタイル指標),2,愛媛,愛媛,"[""攻撃セットプレー"", ""左サイド攻撃"", ""中央攻撃"", ""右サイド攻撃"", ""ショートカウンター"", ""ロングカウンター"", ""敵陣ポゼッション"", ""自陣ポゼッション""]","[""56"", ""69"", ""51"", ""50"", ""51"", ""37"", ""70"", ""49""]"
20260802,20260609,j2,2026,ショートカウンター.html,ショートカウンター (チームスタイル指標),リーグサマリー:2026 J2J3百年構想リーグ ショートカウンター (チームスタイル指標) | データによってサッカーはもっと輝く | Football LAB,ショートカウンター (チームスタイル指標),2,金沢,金沢,"[""攻撃セットプレー"", ""左サイド攻撃"", ""中央攻撃"", ""右サイド攻撃"", ""ショートカウンター"", ""ロングカウンター"", ""敵陣ポゼッション"", ""自陣ポゼッション""]","[""53"", ""49"", ""40"", ""60"", ""48"", ""54"", ""51"", ""42""]"
20260802,20260609,j2,2026,ショートカウンター.html,ショートカウンター (チームスタイル指標),リーグサマリー:2026 J2J3百年構想リーグ ショートカウンター (チームスタイル指標) | データによってサッカーはもっと輝く | Football LAB,ショートカウンター (チームスタイル指標),2,奈良,奈良,"[""攻撃セットプレー"", ""左サイド攻撃"", ""中央攻撃"", ""右サイド攻撃"", ""ショートカウンター"", ""ロングカウンター"", ""敵陣ポゼッション"", ""自陣ポゼッション""]","[""35"", ""48"", ""37"", ""37"", ""34"", ""32"", ""62"", ""69""]"
20260802,20260609,j2,2026,ショートカウンター.html,ショートカウンター (チームスタイル指標),リーグサマリー:2026 J2J3百年構想リーグ ショートカウンター (チームスタイル指標) | データによってサッカーはもっと輝く | Football LAB,ショートカウンター (チームスタイル指標),2,FC大阪,FC大阪,"[""攻撃セットプレー"", ""左サイド攻撃"", ""中央攻撃"", ""右サイド攻撃"", ""ショートカウンター"", ""ロングカウンター"", ""敵陣ポゼッション"", ""自陣ポゼッション""]","[""72"", ""69"", ""61"", ""62"", ""69"", ""65"", ""51"", ""38""]"
20260802,20260609,j2,2026,ショートカウンター.html,ショートカウンター (チームスタイル指標),リーグサマリー:2026 J2J3百年構想リーグ ショートカウンター (チームスタイル指標) | データによってサッカーはもっと輝く | Football LAB,ショートカウンター (チームスタイル指標),2,今治,今治,"[""攻撃セットプレー"", ""左サイド攻撃"", ""中央攻撃"", ""右サイド攻撃"", ""ショートカウンター"", ""ロングカウンター"", ""敵陣ポゼッション"", ""自陣ポゼッション""]","[""52"", ""45"", ""68"", ""46"", ""53"", ""49"", ""44"", ""47""]"
20260802,20260609,j2,2026,ショートカウンター.html,ショートカウンター (チームスタイル指標),リーグサマリー:2026 J2J3百年構想リーグ ショートカウンター (チームスタイル指標) | データによってサッカーはもっと輝く | Football LAB,ショートカウンター (チームスタイル指標),2,讃岐,讃岐,"[""攻撃セットプレー"", ""左サイド攻撃"", ""中央攻撃"", ""右サイド攻撃"", ""ショートカウンター"", ""ロングカウンター"", ""敵陣ポゼッション"", ""自陣ポゼッション""]","[""47"", ""48"", ""46"", ""49"", ""61"", ""49"", ""33"", ""38""]"
20260802,20260609,j2,2026,ショートカウンター.html,ショートカウンター (チームスタイル指標),リーグサマリー:2026 J2J3百年構想リーグ ショートカウンター (チームスタイル指標) | データによってサッカーはもっと輝く | Football LAB,ショートカウンター (チームスタイル指標),2,宮崎,宮崎,"[""攻撃セットプレー"", ""左サイド攻撃"", ""中央攻撃"", ""右サイド攻撃"", ""ショートカウンター"", ""ロングカウンター"", ""敵陣ポゼッション"", ""自陣ポゼッション""]","[""48"", ""56"", ""43"", ""46"", ""45"", ""50"", ""53"", ""54""]"
20260802,20260609,j2,2026,ショートカウンター.html,ショートカウンター (チームスタイル指標),リーグサマリー:2026 J2J3百年構想リーグ ショートカウンター (チームスタイル指標) | データによってサッカーはもっと輝く | Football LAB,ショートカウンター (チームスタイル指標),2,鹿児島,鹿児島,"[""攻撃セットプレー"", ""左サイド攻撃"", ""中央攻撃"", ""右サイド攻撃"", ""ショートカウンター"", ""ロングカウンター"", ""敵陣ポゼッション"", ""自陣ポゼッション""]","[""84"", ""70"", ""44"", ""72"", ""73"", ""65"", ""37"", ""32""]"
20260802,20260609,j2,2026,ショートカウンター.html,ショートカウンター (チームスタイル指標),リーグサマリー:2026 J2J3百年構想リーグ ショートカウンター (チームスタイル指標) | データによってサッカーはもっと輝く | Football LAB,ショートカウンター (チームスタイル指標),2,鳥栖,鳥栖,"[""攻撃セットプレー"", ""左サイド攻撃"", ""中央攻撃"", ""右サイド攻撃"", ""ショートカウンター"", ""ロングカウンター"", ""敵陣ポゼッション"", ""自陣ポゼッション""]","[""53"", ""49"", ""46"", ""51"", ""40"", ""38"", ""67"", ""72""]"
20260802,20260609,j2,2026,ショートカウンター.html,ショートカウンター (チームスタイル指標),リーグサマリー:2026 J2J3百年構想リーグ ショートカウンター (チームスタイル指標) | データによってサッカーはもっと輝く | Football LAB,ショートカウンター (チームスタイル指標),2,山口,山口,"[""攻撃セットプレー"", ""左サイド攻撃"", ""中央攻撃"", ""右サイド攻撃"", ""ショートカウンター"", ""ロングカウンター"", ""敵陣ポゼッション"", ""自陣ポゼッション""]","[""44"", ""45"", ""49"", ""51"", ""47"", ""58"", ""52"", ""57""]"
20260802,20260609,j2,2026,ショートカウンター.html,ショートカウンター (チームスタイル指標),リーグサマリー:2026 J2J3百年構想リーグ ショートカウンター (チームスタイル指標) | データによってサッカーはもっと輝く | Football LAB,ショートカウンター (チームスタイル指標),2,熊本,熊本,"[""攻撃セットプレー"", ""左サイド攻撃"", ""中央攻撃"", ""右サイド攻撃"", ""ショートカウンター"", ""ロングカウンター"", ""敵陣ポゼッション"", ""自陣ポゼッション""]","[""44"", ""43"", ""41"", ""50"", ""44"", ""47"", ""61"", ""58""]"
20260802,20260609,j2,2026,ショートカウンター.html,ショートカウンター (チームスタイル指標),リーグサマリー:2026 J2J3百年構想リーグ ショートカウンター (チームスタイル指標) | データによってサッカーはもっと輝く | Football LAB,ショートカウンター (チームスタイル指標),2,鳥取,鳥取,"[""攻撃セットプレー"", ""左サイド攻撃"", ""中央攻撃"", ""右サイド攻撃"", ""ショートカウンター"", ""ロングカウンター"", ""敵陣ポゼッション"", ""自陣ポゼッション""]","[""41"", ""49"", ""43"", ""38"", ""46"", ""38"", ""51"", ""57""]"
20260802,20260609,j2,2026,ショートカウンター.html,ショートカウンター (チームスタイル指標),リーグサマリー:2026 J2J3百年構想リーグ ショートカウンター (チームスタイル指標) | データによってサッカーはもっと輝く | Football LAB,ショートカウンター (チームスタイル指標),2,大分,大分,"[""攻撃セットプレー"", ""左サイド攻撃"", ""中央攻撃"", ""右サイド攻撃"", ""ショートカウンター"", ""ロングカウンター"", ""敵陣ポゼッション"", ""自陣ポゼッション""]","[""51"", ""45"", ""49"", ""59"", ""48"", ""38"", ""50"", ""60""]"
20260802,20260609,j2,2026,ショートカウンター.html,ショートカウンター (チームスタイル指標),リーグサマリー:2026 J2J3百年構想リーグ ショートカウンター (チームスタイル指標) | データによってサッカーはもっと輝く | Football LAB,ショートカウンター (チームスタイル指標),2,滋賀,滋賀,"[""攻撃セットプレー"", ""左サイド攻撃"", ""中央攻撃"", ""右サイド攻撃"", ""ショートカウンター"", ""ロングカウンター"", ""敵陣ポゼッション"", ""自陣ポゼッション""]","[""44"", ""40"", ""43"", ""43"", ""40"", ""40"", ""43"", ""45""]"
20260802,20260609,j2,2026,ショートカウンター.html,ショートカウンター (チームスタイル指標),リーグサマリー:2026 J2J3百年構想リーグ ショートカウンター (チームスタイル指標) | データによってサッカーはもっと輝く | Football LAB,ショートカウンター (チームスタイル指標),2,琉球,琉球,"[""攻撃セットプレー"", ""左サイド攻撃"", ""中央攻撃"", ""右サイド攻撃"", ""ショートカウンター"", ""ロングカウンター"", ""敵陣ポゼッション"", ""自陣ポゼッション""]","[""43"", ""51"", ""57"", ""39"", ""45"", ""36"", ""47"", ""61""]"
20260802,20260609,j2,2026,ショートカウンター.html,ショートカウンター (チームスタイル指標),リーグサマリー:2026 J2J3百年構想リーグ ショートカウンター (チームスタイル指標) | データによってサッカーはもっと輝く | Football LAB,ショートカウンター (チームスタイル指標),2,北九州,北九州,"[""攻撃セットプレー"", ""左サイド攻撃"", ""中央攻撃"", ""右サイド攻撃"", ""ショートカウンター"", ""ロングカウンター"", ""敵陣ポゼッション"", ""自陣ポゼッション""]","[""43"", ""40"", ""51"", ""46"", ""40"", ""36"", ""53"", ""56""]"
20260802,20260609,j2,2026,ショートカウンター.html,ショートカウンター (チームスタイル指標),リーグサマリー:2026 J2J3百年構想リーグ ショートカウンター (チームスタイル指標) | データによってサッカーはもっと輝く | Football LAB,ショートカウンター (チームスタイル指標),3,仙台,仙台,"[""攻撃セットプレー"", ""左サイド攻撃"", ""中央攻撃"", ""右サイド攻撃"", ""ショートカウンター"", ""ロングカウンター"", ""敵陣ポゼッション"", ""自陣ポゼッション""]","[""32.0%"", ""8.3%"", ""37.3%"", ""12.8%"", ""14.1%"", ""20.9%"", ""21.2%"", ""9.1%""]"
20260802,20260609,j2,2026,ショートカウンター.html,ショートカウンター (チームスタイル指標),リーグサマリー:2026 J2J3百年構想リーグ ショートカウンター (チームスタイル指標) | データによってサッカーはもっと輝く | Football LAB,ショートカウンター (チームスタイル指標),3,秋田,秋田,"[""攻撃セットプレー"", ""左サイド攻撃"", ""中央攻撃"", ""右サイド攻撃"", ""ショートカウンター"", ""ロングカウンター"", ""敵陣ポゼッション"", ""自陣ポゼッション""]","[""27.6%"", ""6.1%"", ""25.1%"", ""6.6%"", ""12.9%"", ""8.8%"", ""13.3%"", ""5.0%""]"
20260802,20260609,j2,2026,ショートカウンター.html,ショートカウンター (チームスタイル指標),リーグサマリー:2026 J2J3百年構想リーグ ショートカウンター (チームスタイル指標) | データによってサッカーはもっと輝く | Football LAB,ショートカウンター (チームスタイル指標),3,湘南,湘南,"[""攻撃セットプレー"", ""左サイド攻撃"", ""中央攻撃"", ""右サイド攻撃"", ""ショートカウンター"", ""ロングカウンター"", ""敵陣ポゼッション"", ""自陣ポゼッション""]","[""19.5%"", ""10.8%"", ""30.4%"", ""10.8%"", ""17.0%"", ""14.7%"", ""11.8%"", ""5.5%""]"
20260802,20260609,j2,2026,ショートカウンター.html,ショートカウンター (チームスタイル指標),リーグサマリー:2026 J2J3百年構想リーグ ショートカウンター (チームスタイル指標) | データによってサッカーはもっと輝く | Football LAB,ショートカウンター (チームスタイル指標),3,横浜FC,横浜FC,"[""攻撃セットプレー"", ""左サイド攻撃"", ""中央攻撃"", ""右サイド攻撃"", ""ショートカウンター"", ""ロングカウンター"", ""敵陣ポゼッション"", ""自陣ポゼッション""]","[""33.8%"", ""16.1%"", ""37.7%"", ""12.7%"", ""21.0%"", ""20.7%"", ""22.3%"", ""5.9%""]"
20260802,20260609,j2,2026,ショートカウンター.html,ショートカウンター (チームスタイル指標),リーグサマリー:2026 J2J3百年構想リーグ ショートカウンター (チームスタイル指標) | データによってサッカーはもっと輝く | Football LAB,ショートカウンター (チームスタイル指標),3,相模原,相模原,"[""攻撃セットプレー"", ""左サイド攻撃"", ""中央攻撃"", ""右サイド攻撃"", ""ショートカウンター"", ""ロングカウンター"", ""敵陣ポゼッション"", ""自陣ポゼッション""]","[""25.5%"", ""11.3%"", ""34.5%"", ""5.4%"", ""16.3%"", ""18.2%"", ""22.2%"", ""4.5%""]"
20260802,20260609,j2,2026,ショートカウンター.html,ショートカウンター (チームスタイル指標),リーグサマリー:2026 J2J3百年構想リーグ ショートカウンター (チームスタイル指標) | データによってサッカーはもっと輝く | Football LAB,ショートカウンター (チームスタイル指標),3,群馬,群馬,"[""攻撃セットプレー"", ""左サイド攻撃"", ""中央攻撃"", ""右サイド攻撃"", ""ショートカウンター"", ""ロングカウンター"", ""敵陣ポゼッション"", ""自陣ポゼッション""]","[""22.0%"", ""12.4%"", ""35.5%"", ""17.3%"", ""17.9%"", ""18.8%"", ""31.9%"", ""6.0%""]"
20260802,20260609,j2,2026,ショートカウンター.html,ショートカウンター (チームスタイル指標),リーグサマリー:2026 J2J3百年構想リーグ ショートカウンター (チームスタイル指標) | データによってサッカーはもっと輝く | Football LAB,ショートカウンター (チームスタイル指標),3,山形,山形,"[""攻撃セットプレー"", ""左サイド攻撃"", ""中央攻撃"", ""右サイド攻撃"", ""ショートカウンター"", ""ロングカウンター"", ""敵陣ポゼッション"", ""自陣ポゼッション""]","[""25.1%"", ""14.8%"", ""36.0%"", ""15.0%"", ""18.5%"", ""21.5%"", ""22.4%"", ""8.2%""]"
20260802,20260609,j2,2026,ショートカウンター.html,ショートカウンター (チームスタイル指標),リーグサマリー:2026 J2J3百年構想リーグ ショートカウンター (チームスタイル指標) | データによってサッカーはもっと輝く | Football LAB,ショートカウンター (チームスタイル指標),3,栃木C,栃木C,"[""攻撃セットプレー"", ""左サイド攻撃"", ""中央攻撃"", ""右サイド攻撃"", ""ショートカウンター"", ""ロングカウンター"", ""敵陣ポゼッション"", ""自陣ポゼッション""]","[""24.8%"", ""13.2%"", ""32.4%"", ""14.3%"", ""20.7%"", ""9.2%"", ""23.4%"", ""7.8%""]"
20260802,20260609,j2,2026,ショートカウンター.html,ショートカウンター (チームスタイル指標),リーグサマリー:2026 J2J3百年構想リーグ ショートカウンター (チームスタイル指標) | データによってサッカーはもっと輝く | Football LAB,ショートカウンター (チームスタイル指標),3,八戸,八戸,"[""攻撃セットプレー"", ""左サイド攻撃"", ""中央攻撃"", ""右サイド攻撃"", ""ショートカウンター"", ""ロングカウンター"", ""敵陣ポゼッション"", ""自陣ポゼッション""]","[""23.1%"", ""13.6%"", ""34.4%"", ""6.6%"", ""13.9%"", ""11.6%"", ""34.0%"", ""5.1%""]"
20260802,20260609,j2,2026,ショートカウンター.html,ショートカウンター (チームスタイル指標),リーグサマリー:2026 J2J3百年構想リーグ ショートカウンター (チームスタイル指標) | データによってサッカーはもっと輝く | Football LAB,ショートカウンター (チームスタイル指標),3,栃木SC,栃木SC,"[""攻撃セットプレー"", ""左サイド攻撃"", ""中央攻撃"", ""右サイド攻撃"", ""ショートカウンター"", ""ロングカウンター"", ""敵陣ポゼッション"", ""自陣ポゼッション""]","[""19.6%"", ""9.3%"", ""40.4%"", ""12.0%"", ""23.9%"", ""23.5%"", ""23.1%"", ""6.6%""]"
20260802,20260609,j2,2026,ショートカウンター.html,ショートカウンター (チームスタイル指標),リーグサマリー:2026 J2J3百年構想リーグ ショートカウンター (チームスタイル指標) | データによってサッカーはもっと輝く | Football LAB,ショートカウンター (チームスタイル指標),3,甲府,甲府,"[""攻撃セットプレー"", ""左サイド攻撃"", ""中央攻撃"", ""右サイド攻撃"", ""ショートカウンター"", ""ロングカウンター"", ""敵陣ポゼッション"", ""自陣ポゼッション""]","[""19.1%"", ""10.1%"", ""31.1%"", ""12.5%"", ""11.4%"", ""13.0%"", ""23.8%"", ""6.3%""]"
20260802,20260609,j2,2026,ショートカウンター.html,ショートカウンター (チームスタイル指標),リーグサマリー:2026 J2J3百年構想リーグ ショートカウンター (チームスタイル指標) | データによってサッカーはもっと輝く | Football LAB,ショートカウンター (チームスタイル指標),3,札幌,札幌,"[""攻撃セットプレー"", ""左サイド攻撃"", ""中央攻撃"", ""右サイド攻撃"", ""ショートカウンター"", ""ロングカウンター"", ""敵陣ポゼッション"", ""自陣ポゼッション""]","[""26.6%"", ""12.3%"", ""37.1%"", ""13.0%"", ""16.7%"", ""11.5%"", ""19.3%"", ""4.3%""]"
20260802,20260609,j2,2026,ショートカウンター.html,ショートカウンター (チームスタイル指標),リーグサマリー:2026 J2J3百年構想リーグ ショートカウンター (チームスタイル指標) | データによってサッカーはもっと輝く | Football LAB,ショートカウンター (チームスタイル指標),3,いわき,いわき,"[""攻撃セットプレー"", ""左サイド攻撃"", ""中央攻撃"", ""右サイド攻撃"", ""ショートカウンター"", ""ロングカウンター"", ""敵陣ポゼッション"", ""自陣ポゼッション""]","[""30.3%"", ""11.2%"", ""30.4%"", ""13.2%"", ""16.5%"", ""16.1%"", ""30.8%"", ""2.9%""]"
20260802,20260609,j2,2026,ショートカウンター.html,ショートカウンター (チームスタイル指標),リーグサマリー:2026 J2J3百年構想リーグ ショートカウンター (チームスタイル指標) | データによってサッカーはもっと輝く | Football LAB,ショートカウンター (チームスタイル指標),3,大宮,大宮,"[""攻撃セットプレー"", ""左サイド攻撃"", ""中央攻撃"", ""右サイド攻撃"", ""ショートカウンター"", ""ロングカウンター"", ""敵陣ポゼッション"", ""自陣ポゼッション""]","[""23.9%"", ""14.7%"", ""38.4%"", ""16.1%"", ""20.6%"", ""20.2%"", ""27.7%"", ""9.0%""]"
20260802,20260609,j2,2026,ショートカウンター.html,ショートカウンター (チームスタイル指標),リーグサマリー:2026 J2J3百年構想リーグ ショートカウンター (チームスタイル指標) | データによってサッカーはもっと輝く | Football LAB,ショートカウンター (チームスタイル指標),3,藤枝,藤枝,"[""攻撃セットプレー"", ""左サイド攻撃"", ""中央攻撃"", ""右サイド攻撃"", ""ショートカウンター"", ""ロングカウンター"", ""敵陣ポゼッション"", ""自陣ポゼッション""]","[""21.9%"", ""17.3%"", ""29.1%"", ""14.8%"", ""20.1%"", ""15.7%"", ""26.9%"", ""7.1%""]"
20260802,20260609,j2,2026,ショートカウンター.html,ショートカウンター (チームスタイル指標),リーグサマリー:2026 J2J3百年構想リーグ ショートカウンター (チームスタイル指標) | データによってサッカーはもっと輝く | Football LAB,ショートカウンター (チームスタイル指標),3,岐阜,岐阜,"[""攻撃セットプレー"", ""左サイド攻撃"", ""中央攻撃"", ""右サイド攻撃"", ""ショートカウンター"", ""ロングカウンター"", ""敵陣ポゼッション"", ""自陣ポゼッション""]","[""23.9%"", ""15.9%"", ""38.0%"", ""16.7%"", ""21.1%"", ""15.9%"", ""26.5%"", ""3.6%""]"
20260802,20260609,j2,2026,ショートカウンター.html,ショートカウンター (チームスタイル指標),リーグサマリー:2026 J2J3百年構想リーグ ショートカウンター (チームスタイル指標) | データによってサッカーはもっと輝く | Football LAB,ショートカウンター (チームスタイル指標),3,松本,松本,"[""攻撃セットプレー"", ""左サイド攻撃"", ""中央攻撃"", ""右サイド攻撃"", ""ショートカウンター"", ""ロングカウンター"", ""敵陣ポゼッション"", ""自陣ポゼッション""]","[""26.8%"", ""14.7%"", ""32.7%"", ""10.5%"", ""20.1%"", ""14.5%"", ""30.8%"", ""5.6%""]"
20260802,20260609,j2,2026,ショートカウンター.html,ショートカウンター (チームスタイル指標),リーグサマリー:2026 J2J3百年構想リーグ ショートカウンター (チームスタイル指標) | データによってサッカーはもっと輝く | Football LAB,ショートカウンター (チームスタイル指標),3,磐田,磐田,"[""攻撃セットプレー"", ""左サイド攻撃"", ""中央攻撃"", ""右サイド攻撃"", ""ショートカウンター"", ""ロングカウンター"", ""敵陣ポゼッション"", ""自陣ポゼッション""]","[""27.1%"", ""8.9%"", ""30.3%"", ""9.1%"", ""14.2%"", ""18.3%"", ""12.5%"", ""6.8%""]"
20260802,20260609,j2,2026,ショートカウンター.html,ショートカウンター (チームスタイル指標),リーグサマリー:2026 J2J3百年構想リーグ ショートカウンター (チームスタイル指標) | データによってサッカーはもっと輝く | Football LAB,ショートカウンター (チームスタイル指標),3,福島,福島,"[""攻撃セットプレー"", ""左サイド攻撃"", ""中央攻撃"", ""右サイド攻撃"", ""ショートカウンター"", ""ロングカウンター"", ""敵陣ポゼッション"", ""自陣ポゼッション""]","[""22.5%"", ""14.2%"", ""33.8%"", ""12.9%"", ""18.6%"", ""17.6%"", ""25.0%"", ""6.5%""]"
20260802,20260609,j2,2026,ショートカウンター.html,ショートカウンター (チームスタイル指標),リーグサマリー:2026 J2J3百年構想リーグ ショートカウンター (チームスタイル指標) | データによってサッカーはもっと輝く | Football LAB,ショートカウンター (チームスタイル指標),3,長野,長野,"[""攻撃セットプレー"", ""左サイド攻撃"", ""中央攻撃"", ""右サイド攻撃"", ""ショートカウンター"", ""ロングカウンター"", ""敵陣ポゼッション"", ""自陣ポゼッション""]","[""24.7%"", ""6.8%"", ""24.5%"", ""6.9%"", ""12.6%"", ""9.8%"", ""14.5%"", ""2.7%""]"
20260802,20260609,j2,2026,ショートカウンター.html,ショートカウンター (チームスタイル指標),リーグサマリー:2026 J2J3百年構想リーグ ショートカウンター (チームスタイル指標) | データによってサッカーはもっと輝く | Football LAB,ショートカウンター (チームスタイル指標),3,富山,富山,"[""攻撃セットプレー"", ""左サイド攻撃"", ""中央攻撃"", ""右サイド攻撃"", ""ショートカウンター"", ""ロングカウンター"", ""敵陣ポゼッション"", ""自陣ポゼッション""]","[""27.7%"", ""18.5%"", ""43.8%"", ""17.5%"", ""22.3%"", ""16.5%"", ""36.6%"", ""11.2%""]"
20260802,20260609,j2,2026,ショートカウンター.html,ショートカウンター (チームスタイル指標),リーグサマリー:2026 J2J3百年構想リーグ ショートカウンター (チームスタイル指標) | データによってサッカーはもっと輝く | Football LAB,ショートカウンター (チームスタイル指標),3,新潟,新潟,"[""攻撃セットプレー"", ""左サイド攻撃"", ""中央攻撃"", ""右サイド攻撃"", ""ショートカウンター"", ""ロングカウンター"", ""敵陣ポゼッション"", ""自陣ポゼッション""]","[""17.7%"", ""12.0%"", ""36.6%"", ""11.8%"", ""13.8%"", ""16.8%"", ""24.7%"", ""8.7%""]"
20260802,20260609,j2,2026,ショートカウンター.html,ショートカウンター (チームスタイル指標),リーグサマリー:2026 J2J3百年構想リーグ ショートカウンター (チームスタイル指標) | データによってサッカーはもっと輝く | Football LAB,ショートカウンター (チームスタイル指標),3,徳島,徳島,"[""攻撃セットプレー"", ""左サイド攻撃"", ""中央攻撃"", ""右サイド攻撃"", ""ショートカウンター"", ""ロングカウンター"", ""敵陣ポゼッション"", ""自陣ポゼッション""]","[""29.1%"", ""10.3%"", ""41.0%"", ""10.4%"", ""15.8%"", ""23.2%"", ""16.7%"", ""9.8%""]"
20260802,20260609,j2,2026,ショートカウンター.html,ショートカウンター (チームスタイル指標),リーグサマリー:2026 J2J3百年構想リーグ ショートカウンター (チームスタイル指標) | データによってサッカーはもっと輝く | Football LAB,ショートカウンター (チームスタイル指標),3,高知,高知,"[""攻撃セットプレー"", ""左サイド攻撃"", ""中央攻撃"", ""右サイド攻撃"", ""ショートカウンター"", ""ロングカウンター"", ""敵陣ポゼッション"", ""自陣ポゼッション""]","[""23.6%"", ""14.0%"", ""40.8%"", ""13.8%"", ""20.9%"", ""17.1%"", ""22.1%"", ""5.8%""]"
20260802,20260609,j2,2026,ショートカウンター.html,ショートカウンター (チームスタイル指標),リーグサマリー:2026 J2J3百年構想リーグ ショートカウンター (チームスタイル指標) | データによってサッカーはもっと輝く | Football LAB,ショートカウンター (チームスタイル指標),3,愛媛,愛媛,"[""攻撃セットプレー"", ""左サイド攻撃"", ""中央攻撃"", ""右サイド攻撃"", ""ショートカウンター"", ""ロングカウンター"", ""敵陣ポゼッション"", ""自陣ポゼッション""]","[""24.1%"", ""16.1%"", ""37.1%"", ""8.9%"", ""21.6%"", ""15.6%"", ""18.6%"", ""5.1%""]"
20260802,20260609,j2,2026,ショートカウンター.html,ショートカウンター (チームスタイル指標),リーグサマリー:2026 J2J3百年構想リーグ ショートカウンター (チームスタイル指標) | データによってサッカーはもっと輝く | Football LAB,ショートカウンター (チームスタイル指標),3,金沢,金沢,"[""攻撃セットプレー"", ""左サイド攻撃"", ""中央攻撃"", ""右サイド攻撃"", ""ショートカウンター"", ""ロングカウンター"", ""敵陣ポゼッション"", ""自陣ポゼッション""]","[""25.2%"", ""14.7%"", ""37.3%"", ""8.2%"", ""18.4%"", ""17.5%"", ""19.3%"", ""7.4%""]"
20260802,20260609,j2,2026,ショートカウンター.html,ショートカウンター (チームスタイル指標),リーグサマリー:2026 J2J3百年構想リーグ ショートカウンター (チームスタイル指標) | データによってサッカーはもっと輝く | Football LAB,ショートカウンター (チームスタイル指標),3,奈良,奈良,"[""攻撃セットプレー"", ""左サイド攻撃"", ""中央攻撃"", ""右サイド攻撃"", ""ショートカウンター"", ""ロングカウンター"", ""敵陣ポゼッション"", ""自陣ポゼッション""]","[""21.2%"", ""12.9%"", ""39.2%"", ""17.3%"", ""19.9%"", ""14.3%"", ""19.2%"", ""7.0%""]"
20260802,20260609,j2,2026,ショートカウンター.html,ショートカウンター (チームスタイル指標),リーグサマリー:2026 J2J3百年構想リーグ ショートカウンター (チームスタイル指標) | データによってサッカーはもっと輝く | Football LAB,ショートカウンター (チームスタイル指標),3,FC大阪,FC大阪,"[""攻撃セットプレー"", ""左サイド攻撃"", ""中央攻撃"", ""右サイド攻撃"", ""ショートカウンター"", ""ロングカウンター"", ""敵陣ポゼッション"", ""自陣ポゼッション""]","[""27.9%"", ""8.7%"", ""29.9%"", ""13.6%"", ""15.7%"", ""9.1%"", ""21.3%"", ""5.9%""]"
20260802,20260609,j2,2026,ショートカウンター.html,ショートカウンター (チームスタイル指標),リーグサマリー:2026 J2J3百年構想リーグ ショートカウンター (チームスタイル指標) | データによってサッカーはもっと輝く | Football LAB,ショートカウンター (チームスタイル指標),3,今治,今治,"[""攻撃セットプレー"", ""左サイド攻撃"", ""中央攻撃"", ""右サイド攻撃"", ""ショートカウンター"", ""ロングカウンター"", ""敵陣ポゼッション"", ""自陣ポゼッション""]","[""25.3%"", ""6.7%"", ""28.4%"", ""8.5%"", ""14.7%"", ""21.1%"", ""14.5%"", ""6.2%""]"
20260802,20260609,j2,2026,ショートカウンター.html,ショートカウンター (チームスタイル指標),リーグサマリー:2026 J2J3百年構想リーグ ショートカウンター (チームスタイル指標) | データによってサッカーはもっと輝く | Football LAB,ショートカウンター (チームスタイル指標),3,讃岐,讃岐,"[""攻撃セットプレー"", ""左サイド攻撃"", ""中央攻撃"", ""右サイド攻撃"", ""ショートカウンター"", ""ロングカウンター"", ""敵陣ポゼッション"", ""自陣ポゼッション""]","[""20.2%"", ""11.4%"", ""35.6%"", ""9.5%"", ""18.3%"", ""11.6%"", ""15.8%"", ""7.5%""]"
20260802,20260609,j2,2026,ショートカウンター.html,ショートカウンター (チームスタイル指標),リーグサマリー:2026 J2J3百年構想リーグ ショートカウンター (チームスタイル指標) | データによってサッカーはもっと輝く | Football LAB,ショートカウンター (チームスタイル指標),3,宮崎,宮崎,"[""攻撃セットプレー"", ""左サイド攻撃"", ""中央攻撃"", ""右サイド攻撃"", ""ショートカウンター"", ""ロングカウンター"", ""敵陣ポゼッション"", ""自陣ポゼッション""]","[""26.8%"", ""12.0%"", ""39.4%"", ""10.6%"", ""20.3%"", ""14.4%"", ""19.4%"", ""4.1%""]"
20260802,20260609,j2,2026,ショートカウンター.html,ショートカウンター (チームスタイル指標),リーグサマリー:2026 J2J3百年構想リーグ ショートカウンター (チームスタイル指標) | データによってサッカーはもっと輝く | Football LAB,ショートカウンター (チームスタイル指標),3,鹿児島,鹿児島,"[""攻撃セットプレー"", ""左サイド攻撃"", ""中央攻撃"", ""右サイド攻撃"", ""ショートカウンター"", ""ロングカウンター"", ""敵陣ポゼッション"", ""自陣ポゼッション""]","[""22.2%"", ""10.6%"", ""36.0%"", ""8.0%"", ""16.0%"", ""9.9%"", ""30.6%"", ""16.7%""]"
20260802,20260609,j2,2026,ショートカウンター.html,ショートカウンター (チームスタイル指標),リーグサマリー:2026 J2J3百年構想リーグ ショートカウンター (チームスタイル指標) | データによってサッカーはもっと輝く | Football LAB,ショートカウンター (チームスタイル指標),3,鳥栖,鳥栖,"[""攻撃セットプレー"", ""左サイド攻撃"", ""中央攻撃"", ""右サイド攻撃"", ""ショートカウンター"", ""ロングカウンター"", ""敵陣ポゼッション"", ""自陣ポゼッション""]","[""22.9%"", ""13.7%"", ""41.2%"", ""17.3%"", ""24.8%"", ""11.4%"", ""21.2%"", ""7.8%""]"
20260802,20260609,j2,2026,ショートカウンター.html,ショートカウンター (チームスタイル指標),リーグサマリー:2026 J2J3百年構想リーグ ショートカウンター (チームスタイル指標) | データによってサッカーはもっと輝く | Football LAB,ショートカウンター (チームスタイル指標),3,山口,山口,"[""攻撃セットプレー"", ""左サイド攻撃"", ""中央攻撃"", ""右サイド攻撃"", ""ショートカウンター"", ""ロングカウンター"", ""敵陣ポゼッション"", ""自陣ポゼッション""]","[""21.6%"", ""12.9%"", ""40.9%"", ""15.9%"", ""20.8%"", ""15.5%"", ""28.9%"", ""8.3%""]"
20260802,20260609,j2,2026,ショートカウンター.html,ショートカウンター (チームスタイル指標),リーグサマリー:2026 J2J3百年構想リーグ ショートカウンター (チームスタイル指標) | データによってサッカーはもっと輝く | Football LAB,ショートカウンター (チームスタイル指標),3,熊本,熊本,"[""攻撃セットプレー"", ""左サイド攻撃"", ""中央攻撃"", ""右サイド攻撃"", ""ショートカウンター"", ""ロングカウンター"", ""敵陣ポゼッション"", ""自陣ポゼッション""]","[""18.6%"", ""14.0%"", ""41.7%"", ""12.7%"", ""17.8%"", ""14.1%"", ""24.8%"", ""7.1%""]"
20260802,20260609,j2,2026,ショートカウンター.html,ショートカウンター (チームスタイル指標),リーグサマリー:2026 J2J3百年構想リーグ ショートカウンター (チームスタイル指標) | データによってサッカーはもっと輝く | Football LAB,ショートカウンター (チームスタイル指標),3,鳥取,鳥取,"[""攻撃セットプレー"", ""左サイド攻撃"", ""中央攻撃"", ""右サイド攻撃"", ""ショートカウンター"", ""ロングカウンター"", ""敵陣ポゼッション"", ""自陣ポゼッション""]","[""20.7%"", ""11.2%"", ""33.7%"", ""12.7%"", ""18.8%"", ""8.9%"", ""18.4%"", ""6.7%""]"
20260802,20260609,j2,2026,ショートカウンター.html,ショートカウンター (チームスタイル指標),リーグサマリー:2026 J2J3百年構想リーグ ショートカウンター (チームスタイル指標) | データによってサッカーはもっと輝く | Football LAB,ショートカウンター (チームスタイル指標),3,大分,大分,"[""攻撃セットプレー"", ""左サイド攻撃"", ""中央攻撃"", ""右サイド攻撃"", ""ショートカウンター"", ""ロングカウンター"", ""敵陣ポゼッション"", ""自陣ポゼッション""]","[""23.7%"", ""14.4%"", ""33.3%"", ""13.0%"", ""19.3%"", ""12.7%"", ""28.6%"", ""6.5%""]"
20260802,20260609,j2,2026,ショートカウンター.html,ショートカウンター (チームスタイル指標),リーグサマリー:2026 J2J3百年構想リーグ ショートカウンター (チームスタイル指標) | データによってサッカーはもっと輝く | Football LAB,ショートカウンター (チームスタイル指標),3,滋賀,滋賀,"[""攻撃セットプレー"", ""左サイド攻撃"", ""中央攻撃"", ""右サイド攻撃"", ""ショートカウンター"", ""ロングカウンター"", ""敵陣ポゼッション"", ""自陣ポゼッション""]","[""27.9%"", ""6.3%"", ""36.5%"", ""8.5%"", ""19.5%"", ""8.6%"", ""10.6%"", ""5.2%""]"
20260802,20260609,j2,2026,ショートカウンター.html,ショートカウンター (チームスタイル指標),リーグサマリー:2026 J2J3百年構想リーグ ショートカウンター (チームスタイル指標) | データによってサッカーはもっと輝く | Football LAB,ショートカウンター (チームスタイル指標),3,琉球,琉球,"[""攻撃セットプレー"", ""左サイド攻撃"", ""中央攻撃"", ""右サイド攻撃"", ""ショートカウンター"", ""ロングカウンター"", ""敵陣ポゼッション"", ""自陣ポゼッション""]","[""24.0%"", ""11.2%"", ""35.4%"", ""10.5%"", ""20.2%"", ""10.5%"", ""22.4%"", ""7.7%""]"
20260802,20260609,j2,2026,ショートカウンター.html,ショートカウンター (チームスタイル指標),リーグサマリー:2026 J2J3百年構想リーグ ショートカウンター (チームスタイル指標) | データによってサッカーはもっと輝く | Football LAB,ショートカウンター (チームスタイル指標),3,北九州,北九州,"[""攻撃セットプレー"", ""左サイド攻撃"", ""中央攻撃"", ""右サイド攻撃"", ""ショートカウンター"", ""ロングカウンター"", ""敵陣ポゼッション"", ""自陣ポゼッション""]","[""23.7%"", ""11.9%"", ""32.6%"", ""11.7%"", ""18.9%"", ""19.7%"", ""18.1%"", ""3.8%""]"
20260802,20260609,j2,,セーブ.html,リーグサマリー:2026特別 J2J3百年構想リーグ チャンスビルディングポイント セーブポイント ランキング | データによってサッカーはもっと輝く | Football LAB,リーグサマリー:2026特別 J2J3百年構想リーグ チャンスビルディングポイント セーブポイント ランキング | データによってサッカーはもっと輝く | Football LAB,リーグサマリー:2026特別 J2J3百年構想リーグ チャンスビルディングポイント セーブポイント ランキング | データによってサッカーはもっと輝く | Football LAB,1,栃木C,栃木C,"[""セーブポイント"", ""試合平均"", ""最近5試合"", ""順位"", ""勝点"", ""得点"", ""失点""]","[""14.20"", ""0.71"", ""1.81"", ""8"", ""21"", ""20"", ""33""]"
20260802,20260609,j2,,セーブ.html,リーグサマリー:2026特別 J2J3百年構想リーグ チャンスビルディングポイント セーブポイント ランキング | データによってサッカーはもっと輝く | Football LAB,リーグサマリー:2026特別 J2J3百年構想リーグ チャンスビルディングポイント セーブポイント ランキング | データによってサッカーはもっと輝く | Football LAB,リーグサマリー:2026特別 J2J3百年構想リーグ チャンスビルディングポイント セーブポイント ランキング | データによってサッカーはもっと輝く | Football LAB,1,熊本,熊本,"[""セーブポイント"", ""試合平均"", ""最近5試合"", ""順位"", ""勝点"", ""得点"", ""失点""]","[""11.75"", ""0.59"", ""6.25"", ""5"", ""27"", ""20"", ""20""]"
20260802,20260609,j2,,セーブ.html,リーグサマリー:2026特別 J2J3百年構想リーグ チャンスビルディングポイント セーブポイント ランキング | データによってサッカーはもっと輝く | Football LAB,リーグサマリー:2026特別 J2J3百年構想リーグ チャンスビルディングポイント セーブポイント ランキング | データによってサッカーはもっと輝く | Football LAB,リーグサマリー:2026特別 J2J3百年構想リーグ チャンスビルディングポイント セーブポイント ランキング | データによってサッカーはもっと輝く | Football LAB,1,奈良,奈良,"[""セーブポイント"", ""試合平均"", ""最近5試合"", ""順位"", ""勝点"", ""得点"", ""失点""]","[""11.63"", ""0.58"", ""3.05"", ""7"", ""21"", ""25"", ""34""]"
20260802,20260609,j2,,セーブ.html,リーグサマリー:2026特別 J2J3百年構想リーグ チャンスビルディングポイント セーブポイント ランキング | データによってサッカーはもっと輝く | Football LAB,リーグサマリー:2026特別 J2J3百年構想リーグ チャンスビルディングポイント セーブポイント ランキング | データによってサッカーはもっと輝く | Football LAB,リーグサマリー:2026特別 J2J3百年構想リーグ チャンスビルディングポイント セーブポイント ランキング | データによってサッカーはもっと輝く | Football LAB,1,山形,山形,"[""セーブポイント"", ""試合平均"", ""最近5試合"", ""順位"", ""勝点"", ""得点"", ""失点""]","[""10.69"", ""0.53"", ""0.99"", ""7"", ""22"", ""20"", ""25""]"
20260802,20260609,j2,,セーブ.html,リーグサマリー:2026特別 J2J3百年構想リーグ チャンスビルディングポイント セーブポイント ランキング | データによってサッカーはもっと輝く | Football LAB,リーグサマリー:2026特別 J2J3百年構想リーグ チャンスビルディングポイント セーブポイント ランキング | データによってサッカーはもっと輝く | Football LAB,リーグサマリー:2026特別 J2J3百年構想リーグ チャンスビルディングポイント セーブポイント ランキング | データによってサッカーはもっと輝く | Football LAB,1,群馬,群馬,"[""セーブポイント"", ""試合平均"", ""最近5試合"", ""順位"", ""勝点"", ""得点"", ""失点""]","[""9.80"", ""0.49"", ""2.58"", ""6"", ""23"", ""26"", ""36""]"
20260802,20260609,j2,,セーブ.html,リーグサマリー:2026特別 J2J3百年構想リーグ チャンスビルディングポイント セーブポイント ランキング | データによってサッカーはもっと輝く | Football LAB,リーグサマリー:2026特別 J2J3百年構想リーグ チャンスビルディングポイント セーブポイント ランキング | データによってサッカーはもっと輝く | Football LAB,リーグサマリー:2026特別 J2J3百年構想リーグ チャンスビルディングポイント セーブポイント ランキング | データによってサッカーはもっと輝く | Football LAB,1,福島,福島,"[""セーブポイント"", ""試合平均"", ""最近5試合"", ""順位"", ""勝点"", ""得点"", ""失点""]","[""9.76"", ""0.49"", ""1.83"", ""9"", ""18"", ""28"", ""41""]"
20260802,20260609,j2,,セーブ.html,リーグサマリー:2026特別 J2J3百年構想リーグ チャンスビルディングポイント セーブポイント ランキング | データによってサッカーはもっと輝く | Football LAB,リーグサマリー:2026特別 J2J3百年構想リーグ チャンスビルディングポイント セーブポイント ランキング | データによってサッカーはもっと輝く | Football LAB,リーグサマリー:2026特別 J2J3百年構想リーグ チャンスビルディングポイント セーブポイント ランキング | データによってサッカーはもっと輝く | Football LAB,1,北九州,北九州,"[""セーブポイント"", ""試合平均"", ""最近5試合"", ""順位"", ""勝点"", ""得点"", ""失点""]","[""9.71"", ""0.49"", ""2.21"", ""10"", ""15"", ""17"", ""32""]"
20260802,20260609,j2,,セーブ.html,リーグサマリー:2026特別 J2J3百年構想リーグ チャンスビルディングポイント セーブポイント ランキング | データによってサッカーはもっと輝く | Football LAB,リーグサマリー:2026特別 J2J3百年構想リーグ チャンスビルディングポイント セーブポイント ランキング | データによってサッカーはもっと輝く | Football LAB,リーグサマリー:2026特別 J2J3百年構想リーグ チャンスビルディングポイント セーブポイント ランキング | データによってサッカーはもっと輝く | Football LAB,1,新潟,新潟,"[""セーブポイント"", ""試合平均"", ""最近5試合"", ""順位"", ""勝点"", ""得点"", ""失点""]","[""9.55"", ""0.48"", ""1.66"", ""2"", ""35"", ""21"", ""17""]"
20260802,20260609,j2,,セーブ.html,リーグサマリー:2026特別 J2J3百年構想リーグ チャンスビルディングポイント セーブポイント ランキング | データによってサッカーはもっと輝く | Football LAB,リーグサマリー:2026特別 J2J3百年構想リーグ チャンスビルディングポイント セーブポイント ランキング | データによってサッカーはもっと輝く | Football LAB,リーグサマリー:2026特別 J2J3百年構想リーグ チャンスビルディングポイント セーブポイント ランキング | データによってサッカーはもっと輝く | Football LAB,1,長野,長野,"[""セーブポイント"", ""試合平均"", ""最近5試合"", ""順位"", ""勝点"", ""得点"", ""失点""]","[""9.14"", ""0.46"", ""2.39"", ""10"", ""16"", ""15"", ""33""]"
20260802,20260609,j2,,セーブ.html,リーグサマリー:2026特別 J2J3百年構想リーグ チャンスビルディングポイント セーブポイント ランキング | データによってサッカーはもっと輝く | Football LAB,リーグサマリー:2026特別 J2J3百年構想リーグ チャンスビルディングポイント セーブポイント ランキング | データによってサッカーはもっと輝く | Football LAB,リーグサマリー:2026特別 J2J3百年構想リーグ チャンスビルディングポイント セーブポイント ランキング | データによってサッカーはもっと輝く | Football LAB,1,琉球,琉球,"[""セーブポイント"", ""試合平均"", ""最近5試合"", ""順位"", ""勝点"", ""得点"", ""失点""]","[""9.14"", ""0.46"", ""2.00"", ""9"", ""17"", ""13"", ""25""]"
20260802,20260609,j2,,セーブ.html,リーグサマリー:2026特別 J2J3百年構想リーグ チャンスビルディングポイント セーブポイント ランキング | データによってサッカーはもっと輝く | Football LAB,リーグサマリー:2026特別 J2J3百年構想リーグ チャンスビルディングポイント セーブポイント ランキング | データによってサッカーはもっと輝く | Football LAB,リーグサマリー:2026特別 J2J3百年構想リーグ チャンスビルディングポイント セーブポイント ランキング | データによってサッカーはもっと輝く | Football LAB,1,甲府,甲府,"[""セーブポイント"", ""試合平均"", ""最近5試合"", ""順位"", ""勝点"", ""得点"", ""失点""]","[""8.93"", ""0.45"", ""3.11"", ""1"", ""35"", ""21"", ""13""]"
20260802,20260609,j2,,セーブ.html,リーグサマリー:2026特別 J2J3百年構想リーグ チャンスビルディングポイント セーブポイント ランキング | データによってサッカーはもっと輝く | Football LAB,リーグサマリー:2026特別 J2J3百年構想リーグ チャンスビルディングポイント セーブポイント ランキング | データによってサッカーはもっと輝く | Football LAB,リーグサマリー:2026特別 J2J3百年構想リーグ チャンスビルディングポイント セーブポイント ランキング | データによってサッカーはもっと輝く | Football LAB,1,鳥取,鳥取,"[""セーブポイント"", ""試合平均"", ""最近5試合"", ""順位"", ""勝点"", ""得点"", ""失点""]","[""8.75"", ""0.44"", ""2.50"", ""6"", ""27"", ""20"", ""24""]"
20260802,20260609,j2,,セーブ.html,リーグサマリー:2026特別 J2J3百年構想リーグ チャンスビルディングポイント セーブポイント ランキング | データによってサッカーはもっと輝く | Football LAB,リーグサマリー:2026特別 J2J3百年構想リーグ チャンスビルディングポイント セーブポイント ランキング | データによってサッカーはもっと輝く | Football LAB,リーグサマリー:2026特別 J2J3百年構想リーグ チャンスビルディングポイント セーブポイント ランキング | データによってサッカーはもっと輝く | Football LAB,1,滋賀,滋賀,"[""セーブポイント"", ""試合平均"", ""最近5試合"", ""順位"", ""勝点"", ""得点"", ""失点""]","[""8.65"", ""0.43"", ""2.62"", ""8"", ""21"", ""15"", ""28""]"
20260802,20260609,j2,,セーブ.html,リーグサマリー:2026特別 J2J3百年構想リーグ チャンスビルディングポイント セーブポイント ランキング | データによってサッカーはもっと輝く | Football LAB,リーグサマリー:2026特別 J2J3百年構想リーグ チャンスビルディングポイント セーブポイント ランキング | データによってサッカーはもっと輝く | Football LAB,リーグサマリー:2026特別 J2J3百年構想リーグ チャンスビルディングポイント セーブポイント ランキング | データによってサッカーはもっと輝く | Football LAB,1,磐田,磐田,"[""セーブポイント"", ""試合平均"", ""最近5試合"", ""順位"", ""勝点"", ""得点"", ""失点""]","[""8.59"", ""0.43"", ""0.62"", ""8"", ""25"", ""16"", ""23""]"
20260802,20260609,j2,,セーブ.html,リーグサマリー:2026特別 J2J3百年構想リーグ チャンスビルディングポイント セーブポイント ランキング | データによってサッカーはもっと輝く | Football LAB,リーグサマリー:2026特別 J2J3百年構想リーグ チャンスビルディングポイント セーブポイント ランキング | データによってサッカーはもっと輝く | Football LAB,リーグサマリー:2026特別 J2J3百年構想リーグ チャンスビルディングポイント セーブポイント ランキング | データによってサッカーはもっと輝く | Football LAB,1,讃岐,讃岐,"[""セーブポイント"", ""試合平均"", ""最近5試合"", ""順位"", ""勝点"", ""得点"", ""失点""]","[""8.52"", ""0.43"", ""3.62"", ""10"", ""19"", ""14"", ""32""]"
20260802,20260609,j2,,セーブ.html,リーグサマリー:2026特別 J2J3百年構想リーグ チャンスビルディングポイント セーブポイント ランキング | データによってサッカーはもっと輝く | Football LAB,リーグサマリー:2026特別 J2J3百年構想リーグ チャンスビルディングポイント セーブポイント ランキング | データによってサッカーはもっと輝く | Football LAB,リーグサマリー:2026特別 J2J3百年構想リーグ チャンスビルディングポイント セーブポイント ランキング | データによってサッカーはもっと輝く | Football LAB,1,札幌,札幌,"[""セーブポイント"", ""試合平均"", ""最近5試合"", ""順位"", ""勝点"", ""得点"", ""失点""]","[""8.34"", ""0.42"", ""3.12"", ""2"", ""31"", ""26"", ""22""]"
20260802,20260609,j2,,セーブ.html,リーグサマリー:2026特別 J2J3百年構想リーグ チャンスビルディングポイント セーブポイント ランキング | データによってサッカーはもっと輝く | Football LAB,リーグサマリー:2026特別 J2J3百年構想リーグ チャンスビルディングポイント セーブポイント ランキング | データによってサッカーはもっと輝く | Football LAB,リーグサマリー:2026特別 J2J3百年構想リーグ チャンスビルディングポイント セーブポイント ランキング | データによってサッカーはもっと輝く | Football LAB,1,富山,富山,"[""セーブポイント"", ""試合平均"", ""最近5試合"", ""順位"", ""勝点"", ""得点"", ""失点""]","[""7.96"", ""0.40"", ""1.83"", ""1"", ""38"", ""37"", ""24""]"
20260802,20260609,j2,,セーブ.html,リーグサマリー:2026特別 J2J3百年構想リーグ チャンスビルディングポイント セーブポイント ランキング | データによってサッカーはもっと輝く | Football LAB,リーグサマリー:2026特別 J2J3百年構想リーグ チャンスビルディングポイント セーブポイント ランキング | データによってサッカーはもっと輝く | Football LAB,リーグサマリー:2026特別 J2J3百年構想リーグ チャンスビルディングポイント セーブポイント ランキング | データによってサッカーはもっと輝く | Football LAB,1,徳島,徳島,"[""セーブポイント"", ""試合平均"", ""最近5試合"", ""順位"", ""勝点"", ""得点"", ""失点""]","[""7.82"", ""0.39"", ""1.54"", ""3"", ""32"", ""36"", ""22""]"
20260802,20260609,j2,,セーブ.html,リーグサマリー:2026特別 J2J3百年構想リーグ チャンスビルディングポイント セーブポイント ランキング | データによってサッカーはもっと輝く | Football LAB,リーグサマリー:2026特別 J2J3百年構想リーグ チャンスビルディングポイント セーブポイント ランキング | データによってサッカーはもっと輝く | Football LAB,リーグサマリー:2026特別 J2J3百年構想リーグ チャンスビルディングポイント セーブポイント ランキング | データによってサッカーはもっと輝く | Football LAB,1,山口,山口,"[""セーブポイント"", ""試合平均"", ""最近5試合"", ""順位"", ""勝点"", ""得点"", ""失点""]","[""7.79"", ""0.39"", ""2.47"", ""4"", ""29"", ""24"", ""22""]"
20260802,20260609,j2,,セーブ.html,リーグサマリー:2026特別 J2J3百年構想リーグ チャンスビルディングポイント セーブポイント ランキング | データによってサッカーはもっと輝く | Football LAB,リーグサマリー:2026特別 J2J3百年構想リーグ チャンスビルディングポイント セーブポイント ランキング | データによってサッカーはもっと輝く | Football LAB,リーグサマリー:2026特別 J2J3百年構想リーグ チャンスビルディングポイント セーブポイント ランキング | データによってサッカーはもっと輝く | Football LAB,1,大分,大分,"[""セーブポイント"", ""試合平均"", ""最近5試合"", ""順位"", ""勝点"", ""得点"", ""失点""]","[""7.74"", ""0.39"", ""2.35"", ""7"", ""22"", ""18"", ""18""]"
20260802,20260609,j2,,セーブ.html,リーグサマリー:2026特別 J2J3百年構想リーグ チャンスビルディングポイント セーブポイント ランキング | データによってサッカーはもっと輝く | Football LAB,リーグサマリー:2026特別 J2J3百年構想リーグ チャンスビルディングポイント セーブポイント ランキング | データによってサッカーはもっと輝く | Football LAB,リーグサマリー:2026特別 J2J3百年構想リーグ チャンスビルディングポイント セーブポイント ランキング | データによってサッカーはもっと輝く | Football LAB,1,FC大阪,FC大阪,"[""セーブポイント"", ""試合平均"", ""最近5試合"", ""順位"", ""勝点"", ""得点"", ""失点""]","[""7.55"", ""0.38"", ""0.95"", ""8"", ""20"", ""15"", ""18""]"
20260802,20260609,j2,,セーブ.html,リーグサマリー:2026特別 J2J3百年構想リーグ チャンスビルディングポイント セーブポイント ランキング | データによってサッカーはもっと輝く | Football LAB,リーグサマリー:2026特別 J2J3百年構想リーグ チャンスビルディングポイント セーブポイント ランキング | データによってサッカーはもっと輝く | Football LAB,リーグサマリー:2026特別 J2J3百年構想リーグ チャンスビルディングポイント セーブポイント ランキング | データによってサッカーはもっと輝く | Football LAB,1,金沢,金沢,"[""セーブポイント"", ""試合平均"", ""最近5試合"", ""順位"", ""勝点"", ""得点"", ""失点""]","[""7.44"", ""0.37"", ""1.32"", ""6"", ""27"", ""15"", ""21""]"
20260802,20260609,j2,,セーブ.html,リーグサマリー:2026特別 J2J3百年構想リーグ チャンスビルディングポイント セーブポイント ランキング | データによってサッカーはもっと輝く | Football LAB,リーグサマリー:2026特別 J2J3百年構想リーグ チャンスビルディングポイント セーブポイント ランキング | データによってサッカーはもっと輝く | Football LAB,リーグサマリー:2026特別 J2J3百年構想リーグ チャンスビルディングポイント セーブポイント ランキング | データによってサッカーはもっと輝く | Football LAB,1,仙台,仙台,"[""セーブポイント"", ""試合平均"", ""最近5試合"", ""順位"", ""勝点"", ""得点"", ""失点""]","[""7.17"", ""0.36"", ""0.99"", ""1"", ""43"", ""32"", ""15""]"
20260802,20260609,j2,,セーブ.html,リーグサマリー:2026特別 J2J3百年構想リーグ チャンスビルディングポイント セーブポイント ランキング | データによってサッカーはもっと輝く | Football LAB,リーグサマリー:2026特別 J2J3百年構想リーグ チャンスビルディングポイント セーブポイント ランキング | データによってサッカーはもっと輝く | Football LAB,リーグサマリー:2026特別 J2J3百年構想リーグ チャンスビルディングポイント セーブポイント ランキング | データによってサッカーはもっと輝く | Football LAB,1,相模原,相模原,"[""セーブポイント"", ""試合平均"", ""最近5試合"", ""順位"", ""勝点"", ""得点"", ""失点""]","[""6.81"", ""0.34"", ""1.89"", ""5"", ""28"", ""31"", ""33""]"
20260802,20260609,j2,,セーブ.html,リーグサマリー:2026特別 J2J3百年構想リーグ チャンスビルディングポイント セーブポイント ランキング | データによってサッカーはもっと輝く | Football LAB,リーグサマリー:2026特別 J2J3百年構想リーグ チャンスビルディングポイント セーブポイント ランキング | データによってサッカーはもっと輝く | Football LAB,リーグサマリー:2026特別 J2J3百年構想リーグ チャンスビルディングポイント セーブポイント ランキング | データによってサッカーはもっと輝く | Football LAB,1,藤枝,藤枝,"[""セーブポイント"", ""試合平均"", ""最近5試合"", ""順位"", ""勝点"", ""得点"", ""失点""]","[""6.76"", ""0.34"", ""1.74"", ""5"", ""30"", ""21"", ""17""]"
20260802,20260609,j2,,セーブ.html,リーグサマリー:2026特別 J2J3百年構想リーグ チャンスビルディングポイント セーブポイント ランキング | データによってサッカーはもっと輝く | Football LAB,リーグサマリー:2026特別 J2J3百年構想リーグ チャンスビルディングポイント セーブポイント ランキング | データによってサッカーはもっと輝く | Football LAB,リーグサマリー:2026特別 J2J3百年構想リーグ チャンスビルディングポイント セーブポイント ランキング | データによってサッカーはもっと輝く | Football LAB,1,栃木SC,栃木SC,"[""セーブポイント"", ""試合平均"", ""最近5試合"", ""順位"", ""勝点"", ""得点"", ""失点""]","[""6.57"", ""0.33"", ""1.47"", ""10"", ""18"", ""23"", ""28""]"
20260802,20260609,j2,,セーブ.html,リーグサマリー:2026特別 J2J3百年構想リーグ チャンスビルディングポイント セーブポイント ランキング | データによってサッカーはもっと輝く | Football LAB,リーグサマリー:2026特別 J2J3百年構想リーグ チャンスビルディングポイント セーブポイント ランキング | データによってサッカーはもっと輝く | Football LAB,リーグサマリー:2026特別 J2J3百年構想リーグ チャンスビルディングポイント セーブポイント ランキング | データによってサッカーはもっと輝く | Football LAB,1,湘南,湘南,"[""セーブポイント"", ""試合平均"", ""最近5試合"", ""順位"", ""勝点"", ""得点"", ""失点""]","[""6.50"", ""0.32"", ""2.95"", ""3"", ""31"", ""25"", ""19""]"
20260802,20260609,j2,,セーブ.html,リーグサマリー:2026特別 J2J3百年構想リーグ チャンスビルディングポイント セーブポイント ランキング | データによってサッカーはもっと輝く | Football LAB,リーグサマリー:2026特別 J2J3百年構想リーグ チャンスビルディングポイント セーブポイント ランキング | データによってサッカーはもっと輝く | Football LAB,リーグサマリー:2026特別 J2J3百年構想リーグ チャンスビルディングポイント セーブポイント ランキング | データによってサッカーはもっと輝く | Football LAB,1,愛媛,愛媛,"[""セーブポイント"", ""試合平均"", ""最近5試合"", ""順位"", ""勝点"", ""得点"", ""失点""]","[""6.49"", ""0.32"", ""1.93"", ""5"", ""28"", ""25"", ""18""]"
20260802,20260609,j2,,セーブ.html,リーグサマリー:2026特別 J2J3百年構想リーグ チャンスビルディングポイント セーブポイント ランキング | データによってサッカーはもっと輝く | Football LAB,リーグサマリー:2026特別 J2J3百年構想リーグ チャンスビルディングポイント セーブポイント ランキング | データによってサッカーはもっと輝く | Football LAB,リーグサマリー:2026特別 J2J3百年構想リーグ チャンスビルディングポイント セーブポイント ランキング | データによってサッカーはもっと輝く | Football LAB,1,秋田,秋田,"[""セーブポイント"", ""試合平均"", ""最近5試合"", ""順位"", ""勝点"", ""得点"", ""失点""]","[""6.03"", ""0.30"", ""1.57"", ""2"", ""35"", ""23"", ""14""]"
20260802,20260609,j2,,セーブ.html,リーグサマリー:2026特別 J2J3百年構想リーグ チャンスビルディングポイント セーブポイント ランキング | データによってサッカーはもっと輝く | Football LAB,リーグサマリー:2026特別 J2J3百年構想リーグ チャンスビルディングポイント セーブポイント ランキング | データによってサッカーはもっと輝く | Football LAB,リーグサマリー:2026特別 J2J3百年構想リーグ チャンスビルディングポイント セーブポイント ランキング | データによってサッカーはもっと輝く | Football LAB,1,大宮,大宮,"[""セーブポイント"", ""試合平均"", ""最近5試合"", ""順位"", ""勝点"", ""得点"", ""失点""]","[""5.92"", ""0.30"", ""1.41"", ""4"", ""30"", ""38"", ""28""]"
20260802,20260609,j2,,セーブ.html,リーグサマリー:2026特別 J2J3百年構想リーグ チャンスビルディングポイント セーブポイント ランキング | データによってサッカーはもっと輝く | Football LAB,リーグサマリー:2026特別 J2J3百年構想リーグ チャンスビルディングポイント セーブポイント ランキング | データによってサッカーはもっと輝く | Football LAB,リーグサマリー:2026特別 J2J3百年構想リーグ チャンスビルディングポイント セーブポイント ランキング | データによってサッカーはもっと輝く | Football LAB,1,高知,高知,"[""セーブポイント"", ""試合平均"", ""最近5試合"", ""順位"", ""勝点"", ""得点"", ""失点""]","[""5.76"", ""0.29"", ""1.02"", ""4"", ""30"", ""23"", ""21""]"
20260802,20260609,j2,,セーブ.html,リーグサマリー:2026特別 J2J3百年構想リーグ チャンスビルディングポイント セーブポイント ランキング | データによってサッカーはもっと輝く | Football LAB,リーグサマリー:2026特別 J2J3百年構想リーグ チャンスビルディングポイント セーブポイント ランキング | データによってサッカーはもっと輝く | Football LAB,リーグサマリー:2026特別 J2J3百年構想リーグ チャンスビルディングポイント セーブポイント ランキング | データによってサッカーはもっと輝く | Football LAB,1,横浜FC,横浜FC,"[""セーブポイント"", ""試合平均"", ""最近5試合"", ""順位"", ""勝点"", ""得点"", ""失点""]","[""5.74"", ""0.29"", ""1.31"", ""4"", ""29"", ""34"", ""27""]"
20260802,20260609,j2,,セーブ.html,リーグサマリー:2026特別 J2J3百年構想リーグ チャンスビルディングポイント セーブポイント ランキング | データによってサッカーはもっと輝く | Football LAB,リーグサマリー:2026特別 J2J3百年構想リーグ チャンスビルディングポイント セーブポイント ランキング | データによってサッカーはもっと輝く | Football LAB,リーグサマリー:2026特別 J2J3百年構想リーグ チャンスビルディングポイント セーブポイント ランキング | データによってサッカーはもっと輝く | Football LAB,1,今治,今治,"[""セーブポイント"", ""試合平均"", ""最近5試合"", ""順位"", ""勝点"", ""得点"", ""失点""]","[""5.59"", ""0.28"", ""1.50"", ""9"", ""20"", ""14"", ""18""]"
20260802,20260609,j2,,セーブ.html,リーグサマリー:2026特別 J2J3百年構想リーグ チャンスビルディングポイント セーブポイント ランキング | データによってサッカーはもっと輝く | Football LAB,リーグサマリー:2026特別 J2J3百年構想リーグ チャンスビルディングポイント セーブポイント ランキング | データによってサッカーはもっと輝く | Football LAB,リーグサマリー:2026特別 J2J3百年構想リーグ チャンスビルディングポイント セーブポイント ランキング | データによってサッカーはもっと輝く | Football LAB,1,岐阜,岐阜,"[""セーブポイント"", ""試合平均"", ""最近5試合"", ""順位"", ""勝点"", ""得点"", ""失点""]","[""5.57"", ""0.28"", ""1.13"", ""6"", ""28"", ""24"", ""26""]"
20260802,20260609,j2,,セーブ.html,リーグサマリー:2026特別 J2J3百年構想リーグ チャンスビルディングポイント セーブポイント ランキング | データによってサッカーはもっと輝く | Football LAB,リーグサマリー:2026特別 J2J3百年構想リーグ チャンスビルディングポイント セーブポイント ランキング | データによってサッカーはもっと輝く | Football LAB,リーグサマリー:2026特別 J2J3百年構想リーグ チャンスビルディングポイント セーブポイント ランキング | データによってサッカーはもっと輝く | Football LAB,1,鳥栖,鳥栖,"[""セーブポイント"", ""試合平均"", ""最近5試合"", ""順位"", ""勝点"", ""得点"", ""失点""]","[""5.29"", ""0.26"", ""0.94"", ""3"", ""32"", ""24"", ""14""]"
20260802,20260609,j2,,セーブ.html,リーグサマリー:2026特別 J2J3百年構想リーグ チャンスビルディングポイント セーブポイント ランキング | データによってサッカーはもっと輝く | Football LAB,リーグサマリー:2026特別 J2J3百年構想リーグ チャンスビルディングポイント セーブポイント ランキング | データによってサッカーはもっと輝く | Football LAB,リーグサマリー:2026特別 J2J3百年構想リーグ チャンスビルディングポイント セーブポイント ランキング | データによってサッカーはもっと輝く | Football LAB,1,松本,松本,"[""セーブポイント"", ""試合平均"", ""最近5試合"", ""順位"", ""勝点"", ""得点"", ""失点""]","[""4.71"", ""0.24"", ""0.86"", ""7"", ""26"", ""31"", ""21""]"
20260802,20260609,j2,,セーブ.html,リーグサマリー:2026特別 J2J3百年構想リーグ チャンスビルディングポイント セーブポイント ランキング | データによってサッカーはもっと輝く | Football LAB,リーグサマリー:2026特別 J2J3百年構想リーグ チャンスビルディングポイント セーブポイント ランキング | データによってサッカーはもっと輝く | Football LAB,リーグサマリー:2026特別 J2J3百年構想リーグ チャンスビルディングポイント セーブポイント ランキング | データによってサッカーはもっと輝く | Football LAB,1,八戸,八戸,"[""セーブポイント"", ""試合平均"", ""最近5試合"", ""順位"", ""勝点"", ""得点"", ""失点""]","[""4.48"", ""0.22"", ""1.17"", ""9"", ""20"", ""15"", ""19""]"
20260802,20260609,j2,,セーブ.html,リーグサマリー:2026特別 J2J3百年構想リーグ チャンスビルディングポイント セーブポイント ランキング | データによってサッカーはもっと輝く | Football LAB,リーグサマリー:2026特別 J2J3百年構想リーグ チャンスビルディングポイント セーブポイント ランキング | データによってサッカーはもっと輝く | Football LAB,リーグサマリー:2026特別 J2J3百年構想リーグ チャンスビルディングポイント セーブポイント ランキング | データによってサッカーはもっと輝く | Football LAB,1,いわき,いわき,"[""セーブポイント"", ""試合平均"", ""最近5試合"", ""順位"", ""勝点"", ""得点"", ""失点""]","[""4.20"", ""0.21"", ""0.66"", ""3"", ""31"", ""22"", ""18""]"
20260802,20260609,j2,,セーブ.html,リーグサマリー:2026特別 J2J3百年構想リーグ チャンスビルディングポイント セーブポイント ランキング | データによってサッカーはもっと輝く | Football LAB,リーグサマリー:2026特別 J2J3百年構想リーグ チャンスビルディングポイント セーブポイント ランキング | データによってサッカーはもっと輝く | Football LAB,リーグサマリー:2026特別 J2J3百年構想リーグ チャンスビルディングポイント セーブポイント ランキング | データによってサッカーはもっと輝く | Football LAB,1,宮崎,宮崎,"[""セーブポイント"", ""試合平均"", ""最近5試合"", ""順位"", ""勝点"", ""得点"", ""失点""]","[""3.97"", ""0.20"", ""1.29"", ""1"", ""47"", ""35"", ""11""]"
20260802,20260609,j2,,セーブ.html,リーグサマリー:2026特別 J2J3百年構想リーグ チャンスビルディングポイント セーブポイント ランキング | データによってサッカーはもっと輝く | Football LAB,リーグサマリー:2026特別 J2J3百年構想リーグ チャンスビルディングポイント セーブポイント ランキング | データによってサッカーはもっと輝く | Football LAB,リーグサマリー:2026特別 J2J3百年構想リーグ チャンスビルディングポイント セーブポイント ランキング | データによってサッカーはもっと輝く | Football LAB,1,鹿児島,鹿児島,"[""セーブポイント"", ""試合平均"", ""最近5試合"", ""順位"", ""勝点"", ""得点"", ""失点""]","[""2.59"", ""0.13"", ""0.86"", ""2"", ""33"", ""23"", ""15""]"
20260802,20260609,j2,,セーブ.html,リーグサマリー:2026特別 J2J3百年構想リーグ チャンスビルディングポイント セーブポイント ランキング | データによってサッカーはもっと輝く | Football LAB,リーグサマリー:2026特別 J2J3百年構想リーグ チャンスビルディングポイント セーブポイント ランキング | データによってサッカーはもっと輝く | Football LAB,リーグサマリー:2026特別 J2J3百年構想リーグ チャンスビルディングポイント セーブポイント ランキング | データによってサッカーはもっと輝く | Football LAB,2,マルク ヴィト,マルクヴィト,"[""セーブポイント"", ""90分平均"", ""最近5試合"", ""出場試合"", ""攻撃CBP"", ""奪取P""]","["""", ""11.13"", ""0.58"", ""3.05"", ""19"", ""10.01"", ""37.75""]"
20260802,20260609,j2,,セーブ.html,リーグサマリー:2026特別 J2J3百年構想リーグ チャンスビルディングポイント セーブポイント ランキング | データによってサッカーはもっと輝く | Football LAB,リーグサマリー:2026特別 J2J3百年構想リーグ チャンスビルディングポイント セーブポイント ランキング | データによってサッカーはもっと輝く | Football LAB,リーグサマリー:2026特別 J2J3百年構想リーグ チャンスビルディングポイント セーブポイント ランキング | データによってサッカーはもっと輝く | Football LAB,2,相澤 ピーターコアミ,相澤ピーターコアミ,"[""セーブポイント"", ""90分平均"", ""最近5試合"", ""出場試合"", ""攻撃CBP"", ""奪取P""]","["""", ""10.36"", ""0.91"", ""1.00"", ""11"", ""5.06"", ""18.48""]"
20260802,20260609,j2,,セーブ.html,リーグサマリー:2026特別 J2J3百年構想リーグ チャンスビルディングポイント セーブポイント ランキング | データによってサッカーはもっと輝く | Football LAB,リーグサマリー:2026特別 J2J3百年構想リーグ チャンスビルディングポイント セーブポイント ランキング | データによってサッカーはもっと輝く | Football LAB,リーグサマリー:2026特別 J2J3百年構想リーグ チャンスビルディングポイント セーブポイント ランキング | データによってサッカーはもっと輝く | Football LAB,2,杉本 光希,杉本光希,"[""セーブポイント"", ""90分平均"", ""最近5試合"", ""出場試合"", ""攻撃CBP"", ""奪取P""]","["""", ""8.43"", ""0.49"", ""1.45"", ""17"", ""5.66"", ""22.57""]"
20260802,20260609,j2,,セーブ.html,リーグサマリー:2026特別 J2J3百年構想リーグ チャンスビルディングポイント セーブポイント ランキング | データによってサッカーはもっと輝く | Football LAB,リーグサマリー:2026特別 J2J3百年構想リーグ チャンスビルディングポイント セーブポイント ランキング | データによってサッカーはもっと輝く | Football LAB,リーグサマリー:2026特別 J2J3百年構想リーグ チャンスビルディングポイント セーブポイント ランキング | データによってサッカーはもっと輝く | Football LAB,2,川島 永嗣,川島永嗣,"[""セーブポイント"", ""90分平均"", ""最近5試合"", ""出場試合"", ""攻撃CBP"", ""奪取P""]","["""", ""7.92"", ""0.46"", ""0.49"", ""17"", ""5.64"", ""18.37""]"
20260802,20260609,j2,,セーブ.html,リーグサマリー:2026特別 J2J3百年構想リーグ チャンスビルディングポイント セーブポイント ランキング | データによってサッカーはもっと輝く | Football LAB,リーグサマリー:2026特別 J2J3百年構想リーグ チャンスビルディングポイント セーブポイント ランキング | データによってサッカーはもっと輝く | Football LAB,リーグサマリー:2026特別 J2J3百年構想リーグ チャンスビルディングポイント セーブポイント ランキング | データによってサッカーはもっと輝く | Football LAB,2,バウマン,バウマン,"[""セーブポイント"", ""90分平均"", ""最近5試合"", ""出場試合"", ""攻撃CBP"", ""奪取P""]","["""", ""7.90"", ""0.53"", ""0.00"", ""15"", ""4.05"", ""20.93""]"
20260802,20260609,j2,,セーブ.html,リーグサマリー:2026特別 J2J3百年構想リーグ チャンスビルディングポイント セーブポイント ランキング | データによってサッカーはもっと輝く | Football LAB,リーグサマリー:2026特別 J2J3百年構想リーグ チャンスビルディングポイント セーブポイント ランキング | データによってサッカーはもっと輝く | Football LAB,リーグサマリー:2026特別 J2J3百年構想リーグ チャンスビルディングポイント セーブポイント ランキング | データによってサッカーはもっと輝く | Football LAB,2,田川 知樹,田川知樹,"[""セーブポイント"", ""90分平均"", ""最近5試合"", ""出場試合"", ""攻撃CBP"", ""奪取P""]","["""", ""7.83"", ""0.40"", ""3.12"", ""19"", ""12.47"", ""51.10""]"
20260802,20260609,j2,,セーブ.html,リーグサマリー:2026特別 J2J3百年構想リーグ チャンスビルディングポイント セーブポイント ランキング | データによってサッカーはもっと輝く | Football LAB,リーグサマリー:2026特別 J2J3百年構想リーグ チャンスビルディングポイント セーブポイント ランキング | データによってサッカーはもっと輝く | Football LAB,リーグサマリー:2026特別 J2J3百年構想リーグ チャンスビルディングポイント セーブポイント ランキング | データによってサッカーはもっと輝く | Football LAB,2,菅原 大道,菅原大道,"[""セーブポイント"", ""90分平均"", ""最近5試合"", ""出場試合"", ""攻撃CBP"", ""奪取P""]","["""", ""7.48"", ""0.39"", ""0.89"", ""19"", ""6.53"", ""27.95""]"
20260802,20260609,j2,,セーブ.html,リーグサマリー:2026特別 J2J3百年構想リーグ チャンスビルディングポイント セーブポイント ランキング | データによってサッカーはもっと輝く | Football LAB,リーグサマリー:2026特別 J2J3百年構想リーグ チャンスビルディングポイント セーブポイント ランキング | データによってサッカーはもっと輝く | Football LAB,リーグサマリー:2026特別 J2J3百年構想リーグ チャンスビルディングポイント セーブポイント ランキング | データによってサッカーはもっと輝く | Football LAB,2,渋谷 飛翔,渋谷飛翔,"[""セーブポイント"", ""90分平均"", ""最近5試合"", ""出場試合"", ""攻撃CBP"", ""奪取P""]","["""", ""7.45"", ""0.53"", ""0.82"", ""14"", ""5.09"", ""20.65""]"
20260802,20260609,j2,,セーブ.html,リーグサマリー:2026特別 J2J3百年構想リーグ チャンスビルディングポイント セーブポイント ランキング | データによってサッカーはもっと輝く | Football LAB,リーグサマリー:2026特別 J2J3百年構想リーグ チャンスビルディングポイント セーブポイント ランキング | データによってサッカーはもっと輝く | Football LAB,リーグサマリー:2026特別 J2J3百年構想リーグ チャンスビルディングポイント セーブポイント ランキング | データによってサッカーはもっと輝く | Football LAB,2,佐藤 史騎,佐藤史騎,"[""セーブポイント"", ""90分平均"", ""最近5試合"", ""出場試合"", ""攻撃CBP"", ""奪取P""]","["""", ""7.37"", ""0.43"", ""1.87"", ""17"", ""5.97"", ""17.99""]"
20260802,20260609,j2,,セーブ.html,リーグサマリー:2026特別 J2J3百年構想リーグ チャンスビルディングポイント セーブポイント ランキング | データによってサッカーはもっと輝く | Football LAB,リーグサマリー:2026特別 J2J3百年構想リーグ チャンスビルディングポイント セーブポイント ランキング | データによってサッカーはもっと輝く | Football LAB,リーグサマリー:2026特別 J2J3百年構想リーグ チャンスビルディングポイント セーブポイント ランキング | データによってサッカーはもっと輝く | Football LAB,2,近藤 壱成,近藤壱成,"[""セーブポイント"", ""90分平均"", ""最近5試合"", ""出場試合"", ""攻撃CBP"", ""奪取P""]","["""", ""6.62"", ""0.55"", ""2.39"", ""12"", ""6.53"", ""23.63""]"
20260802,20260609,j2,,セーブ.html,リーグサマリー:2026特別 J2J3百年構想リーグ チャンスビルディングポイント セーブポイント ランキング | データによってサッカーはもっと輝く | Football LAB,リーグサマリー:2026特別 J2J3百年構想リーグ チャンスビルディングポイント セーブポイント ランキング | データによってサッカーはもっと輝く | Football LAB,リーグサマリー:2026特別 J2J3百年構想リーグ チャンスビルディングポイント セーブポイント ランキング | データによってサッカーはもっと輝く | Football LAB,2,桃井 玲,桃井玲,"[""セーブポイント"", ""90分平均"", ""最近5試合"", ""出場試合"", ""攻撃CBP"", ""奪取P""]","["""", ""6.61"", ""0.58"", ""2.04"", ""11"", ""3.29"", ""16.06""]"
20260802,20260609,j2,,セーブ.html,リーグサマリー:2026特別 J2J3百年構想リーグ チャンスビルディングポイント セーブポイント ランキング | データによってサッカーはもっと輝く | Football LAB,リーグサマリー:2026特別 J2J3百年構想リーグ チャンスビルディングポイント セーブポイント ランキング | データによってサッカーはもっと輝く | Football LAB,リーグサマリー:2026特別 J2J3百年構想リーグ チャンスビルディングポイント セーブポイント ランキング | データによってサッカーはもっと輝く | Football LAB,2,今村 勇介,今村勇介,"[""セーブポイント"", ""90分平均"", ""最近5試合"", ""出場試合"", ""攻撃CBP"", ""奪取P""]","["""", ""6.52"", ""0.40"", ""2.61"", ""16"", ""5.08"", ""31.01""]"
20260802,20260609,j2,,セーブ.html,リーグサマリー:2026特別 J2J3百年構想リーグ チャンスビルディングポイント セーブポイント ランキング | データによってサッカーはもっと輝く | Football LAB,リーグサマリー:2026特別 J2J3百年構想リーグ チャンスビルディングポイント セーブポイント ランキング | データによってサッカーはもっと輝く | Football LAB,リーグサマリー:2026特別 J2J3百年構想リーグ チャンスビルディングポイント セーブポイント ランキング | データによってサッカーはもっと輝く | Football LAB,2,ムン キョンゴン,ムンキョンゴン,"[""セーブポイント"", ""90分平均"", ""最近5試合"", ""出場試合"", ""攻撃CBP"", ""奪取P""]","["""", ""6.51"", ""0.38"", ""1.26"", ""17"", ""9.38"", ""32.64""]"
20260802,20260609,j2,,セーブ.html,リーグサマリー:2026特別 J2J3百年構想リーグ チャンスビルディングポイント セーブポイント ランキング | データによってサッカーはもっと輝く | Football LAB,リーグサマリー:2026特別 J2J3百年構想リーグ チャンスビルディングポイント セーブポイント ランキング | データによってサッカーはもっと輝く | Football LAB,リーグサマリー:2026特別 J2J3百年構想リーグ チャンスビルディングポイント セーブポイント ランキング | データによってサッカーはもっと輝く | Football LAB,2,永石 拓海,永石拓海,"[""セーブポイント"", ""90分平均"", ""最近5試合"", ""出場試合"", ""攻撃CBP"", ""奪取P""]","["""", ""5.97"", ""0.46"", ""0.62"", ""13"", ""4.09"", ""12.24""]"
20260802,20260609,j2,,セーブ.html,リーグサマリー:2026特別 J2J3百年構想リーグ チャンスビルディングポイント セーブポイント ランキング | データによってサッカーはもっと輝く | Football LAB,リーグサマリー:2026特別 J2J3百年構想リーグ チャンスビルディングポイント セーブポイント ランキング | データによってサッカーはもっと輝く | Football LAB,リーグサマリー:2026特別 J2J3百年構想リーグ チャンスビルディングポイント セーブポイント ランキング | データによってサッカーはもっと輝く | Football LAB,2,トム グローバー,トムグローバー,"[""セーブポイント"", ""90分平均"", ""最近5試合"", ""出場試合"", ""攻撃CBP"", ""奪取P""]","["""", ""5.66"", ""0.33"", ""1.38"", ""17"", ""5.99"", ""20.91""]"
20260802,20260609,j2,,セーブ.html,リーグサマリー:2026特別 J2J3百年構想リーグ チャンスビルディングポイント セーブポイント ランキング | データによってサッカーはもっと輝く | Football LAB,リーグサマリー:2026特別 J2J3百年構想リーグ チャンスビルディングポイント セーブポイント ランキング | データによってサッカーはもっと輝く | Football LAB,リーグサマリー:2026特別 J2J3百年構想リーグ チャンスビルディングポイント セーブポイント ランキング | データによってサッカーはもっと輝く | Football LAB,2,辻 周吾,辻周吾,"[""セーブポイント"", ""90分平均"", ""最近5試合"", ""出場試合"", ""攻撃CBP"", ""奪取P""]","["""", ""5.63"", ""0.31"", ""1.93"", ""18"", ""4.13"", ""27.97""]"
20260802,20260609,j2,,セーブ.html,リーグサマリー:2026特別 J2J3百年構想リーグ チャンスビルディングポイント セーブポイント ランキング | データによってサッカーはもっと輝く | Football LAB,リーグサマリー:2026特別 J2J3百年構想リーグ チャンスビルディングポイント セーブポイント ランキング | データによってサッカーはもっと輝く | Football LAB,リーグサマリー:2026特別 J2J3百年構想リーグ チャンスビルディングポイント セーブポイント ランキング | データによってサッカーはもっと輝く | Football LAB,2,山田 元気,山田元気,"[""セーブポイント"", ""90分平均"", ""最近5試合"", ""出場試合"", ""攻撃CBP"", ""奪取P""]","["""", ""5.62"", ""0.29"", ""1.57"", ""19"", ""6.16"", ""14.79""]"
20260802,20260609,j2,,セーブ.html,リーグサマリー:2026特別 J2J3百年構想リーグ チャンスビルディングポイント セーブポイント ランキング | データによってサッカーはもっと輝く | Football LAB,リーグサマリー:2026特別 J2J3百年構想リーグ チャンスビルディングポイント セーブポイント ランキング | データによってサッカーはもっと輝く | Football LAB,リーグサマリー:2026特別 J2J3百年構想リーグ チャンスビルディングポイント セーブポイント ランキング | データによってサッカーはもっと輝く | Football LAB,2,河田 晃兵,河田晃兵,"[""セーブポイント"", ""90分平均"", ""最近5試合"", ""出場試合"", ""攻撃CBP"", ""奪取P""]","["""", ""5.49"", ""0.37"", ""0.20"", ""15"", ""4.64"", ""19.41""]"
20260802,20260609,j2,,セーブ.html,リーグサマリー:2026特別 J2J3百年構想リーグ チャンスビルディングポイント セーブポイント ランキング | データによってサッカーはもっと輝く | Football LAB,リーグサマリー:2026特別 J2J3百年構想リーグ チャンスビルディングポイント セーブポイント ランキング | データによってサッカーはもっと輝く | Football LAB,リーグサマリー:2026特別 J2J3百年構想リーグ チャンスビルディングポイント セーブポイント ランキング | データによってサッカーはもっと輝く | Football LAB,2,平尾 駿輝,平尾駿輝,"[""セーブポイント"", ""90分平均"", ""最近5試合"", ""出場試合"", ""攻撃CBP"", ""奪取P""]","["""", ""5.42"", ""0.41"", ""1.83"", ""13"", ""4.36"", ""24.32""]"
20260802,20260609,j2,,セーブ.html,リーグサマリー:2026特別 J2J3百年構想リーグ チャンスビルディングポイント セーブポイント ランキング | データによってサッカーはもっと輝く | Football LAB,リーグサマリー:2026特別 J2J3百年構想リーグ チャンスビルディングポイント セーブポイント ランキング | データによってサッカーはもっと輝く | Football LAB,リーグサマリー:2026特別 J2J3百年構想リーグ チャンスビルディングポイント セーブポイント ランキング | データによってサッカーはもっと輝く | Football LAB,2,金 珉浩,金珉浩,"[""セーブポイント"", ""90分平均"", ""最近5試合"", ""出場試合"", ""攻撃CBP"", ""奪取P""]","["""", ""5.37"", ""0.44"", ""1.69"", ""12"", ""2.73"", ""8.36""]"
20260802,20260609,j2,,セーブ.html,リーグサマリー:2026特別 J2J3百年構想リーグ チャンスビルディングポイント セーブポイント ランキング | データによってサッカーはもっと輝く | Football LAB,リーグサマリー:2026特別 J2J3百年構想リーグ チャンスビルディングポイント セーブポイント ランキング | データによってサッカーはもっと輝く | Football LAB,リーグサマリー:2026特別 J2J3百年構想リーグ チャンスビルディングポイント セーブポイント ランキング | データによってサッカーはもっと輝く | Football LAB,2,上福元 直人,上福元直人,"[""セーブポイント"", ""90分平均"", ""最近5試合"", ""出場試合"", ""攻撃CBP"", ""奪取P""]","["""", ""5.22"", ""0.32"", ""2.59"", ""16"", ""6.01"", ""29.42""]"
20260802,20260609,j2,,セーブ.html,リーグサマリー:2026特別 J2J3百年構想リーグ チャンスビルディングポイント セーブポイント ランキング | データによってサッカーはもっと輝く | Football LAB,リーグサマリー:2026特別 J2J3百年構想リーグ チャンスビルディングポイント セーブポイント ランキング | データによってサッカーはもっと輝く | Football LAB,リーグサマリー:2026特別 J2J3百年構想リーグ チャンスビルディングポイント セーブポイント ランキング | データによってサッカーはもっと輝く | Football LAB,2,林 彰洋,林彰洋,"[""セーブポイント"", ""90分平均"", ""最近5試合"", ""出場試合"", ""攻撃CBP"", ""奪取P""]","["""", ""5.12"", ""0.33"", ""0.99"", ""15"", ""5.31"", ""16.33""]"
20260802,20260609,j2,,セーブ.html,リーグサマリー:2026特別 J2J3百年構想リーグ チャンスビルディングポイント セーブポイント ランキング | データによってサッカーはもっと輝く | Football LAB,リーグサマリー:2026特別 J2J3百年構想リーグ チャンスビルディングポイント セーブポイント ランキング | データによってサッカーはもっと輝く | Football LAB,リーグサマリー:2026特別 J2J3百年構想リーグ チャンスビルディングポイント セーブポイント ランキング | データによってサッカーはもっと輝く | Football LAB,2,市川 暉記,市川暉記,"[""セーブポイント"", ""90分平均"", ""最近5試合"", ""出場試合"", ""攻撃CBP"", ""奪取P""]","["""", ""4.96"", ""0.31"", ""1.31"", ""16"", ""11.01"", ""20.06""]"
20260802,20260609,j2,,セーブ.html,リーグサマリー:2026特別 J2J3百年構想リーグ チャンスビルディングポイント セーブポイント ランキング | データによってサッカーはもっと輝く | Football LAB,リーグサマリー:2026特別 J2J3百年構想リーグ チャンスビルディングポイント セーブポイント ランキング | データによってサッカーはもっと輝く | Football LAB,リーグサマリー:2026特別 J2J3百年構想リーグ チャンスビルディングポイント セーブポイント ランキング | データによってサッカーはもっと輝く | Football LAB,2,佐藤 久弥,佐藤久弥,"[""セーブポイント"", ""90分平均"", ""最近5試合"", ""出場試合"", ""攻撃CBP"", ""奪取P""]","["""", ""4.94"", ""0.40"", ""2.00"", ""12"", ""4.94"", ""15.50""]"
20260802,20260609,j2,,セーブ.html,リーグサマリー:2026特別 J2J3百年構想リーグ チャンスビルディングポイント セーブポイント ランキング | データによってサッカーはもっと輝く | Football LAB,リーグサマリー:2026特別 J2J3百年構想リーグ チャンスビルディングポイント セーブポイント ランキング | データによってサッカーはもっと輝く | Football LAB,リーグサマリー:2026特別 J2J3百年構想リーグ チャンスビルディングポイント セーブポイント ランキング | データによってサッカーはもっと輝く | Football LAB,2,田尻 健,田尻健,"[""セーブポイント"", ""90分平均"", ""最近5試合"", ""出場試合"", ""攻撃CBP"", ""奪取P""]","["""", ""4.78"", ""0.36"", ""2.39"", ""13"", ""6.20"", ""18.94""]"
20260802,20260609,j2,,セーブ.html,リーグサマリー:2026特別 J2J3百年構想リーグ チャンスビルディングポイント セーブポイント ランキング | データによってサッカーはもっと輝く | Football LAB,リーグサマリー:2026特別 J2J3百年構想リーグ チャンスビルディングポイント セーブポイント ランキング | データによってサッカーはもっと輝く | Football LAB,リーグサマリー:2026特別 J2J3百年構想リーグ チャンスビルディングポイント セーブポイント ランキング | データによってサッカーはもっと輝く | Football LAB,2,セランテス,セランテス,"[""セーブポイント"", ""90分平均"", ""最近5試合"", ""出場試合"", ""攻撃CBP"", ""奪取P""]","["""", ""4.75"", ""0.30"", ""0.78"", ""16"", ""4.22"", ""24.44""]"
20260802,20260609,j2,,セーブ.html,リーグサマリー:2026特別 J2J3百年構想リーグ チャンスビルディングポイント セーブポイント ランキング | データによってサッカーはもっと輝く | Football LAB,リーグサマリー:2026特別 J2J3百年構想リーグ チャンスビルディングポイント セーブポイント ランキング | データによってサッカーはもっと輝く | Football LAB,リーグサマリー:2026特別 J2J3百年構想リーグ チャンスビルディングポイント セーブポイント ランキング | データによってサッカーはもっと輝く | Football LAB,2,佐藤 優也,佐藤優也,"[""セーブポイント"", ""90分平均"", ""最近5試合"", ""出場試合"", ""攻撃CBP"", ""奪取P""]","["""", ""4.38"", ""1.46"", ""4.38"", ""3"", ""0.71"", ""1.90""]"
20260802,20260609,j2,,セーブ.html,リーグサマリー:2026特別 J2J3百年構想リーグ チャンスビルディングポイント セーブポイント ランキング | データによってサッカーはもっと輝く | Football LAB,リーグサマリー:2026特別 J2J3百年構想リーグ チャンスビルディングポイント セーブポイント ランキング | データによってサッカーはもっと輝く | Football LAB,リーグサマリー:2026特別 J2J3百年構想リーグ チャンスビルディングポイント セーブポイント ランキング | データによってサッカーはもっと輝く | Football LAB,2,猪瀬 康介,猪瀬康介,"[""セーブポイント"", ""90分平均"", ""最近5試合"", ""出場試合"", ""攻撃CBP"", ""奪取P""]","["""", ""4.36"", ""0.30"", ""0.53"", ""14"", ""4.08"", ""21.72""]"
20260802,20260609,j2,,セーブ.html,リーグサマリー:2026特別 J2J3百年構想リーグ チャンスビルディングポイント セーブポイント ランキング | データによってサッカーはもっと輝く | Football LAB,リーグサマリー:2026特別 J2J3百年構想リーグ チャンスビルディングポイント セーブポイント ランキング | データによってサッカーはもっと輝く | Football LAB,リーグサマリー:2026特別 J2J3百年構想リーグ チャンスビルディングポイント セーブポイント ランキング | データによってサッカーはもっと輝く | Football LAB,2,白井 裕人,白井裕人,"[""セーブポイント"", ""90分平均"", ""最近5試合"", ""出場試合"", ""攻撃CBP"", ""奪取P""]","["""", ""4.22"", ""0.60"", ""0.48"", ""7"", ""2.69"", ""10.35""]"
20260802,20260609,j2,,セーブ.html,リーグサマリー:2026特別 J2J3百年構想リーグ チャンスビルディングポイント セーブポイント ランキング | データによってサッカーはもっと輝く | Football LAB,リーグサマリー:2026特別 J2J3百年構想リーグ チャンスビルディングポイント セーブポイント ランキング | データによってサッカーはもっと輝く | Football LAB,リーグサマリー:2026特別 J2J3百年構想リーグ チャンスビルディングポイント セーブポイント ランキング | データによってサッカーはもっと輝く | Football LAB,2,佐々木 雅士,佐々木雅士,"[""セーブポイント"", ""90分平均"", ""最近5試合"", ""出場試合"", ""攻撃CBP"", ""奪取P""]","["""", ""4.20"", ""0.21"", ""0.66"", ""20"", ""5.93"", ""20.34""]"
20260802,20260609,j2,,チャンス構築率.html,リーグサマリー:2026特別 J2J3百年構想リーグ チャンス構築率 | データによってサッカーはもっと輝く | Football LAB,リーグサマリー:2026特別 J2J3百年構想リーグ チャンス構築率 | データによってサッカーはもっと輝く | Football LAB,チャンス構築率,1,札幌,札幌,"[""攻撃回数"", ""シュート"", ""チャンス構築率"", ""ゴール"", ""シュート成功率""]","[""126.0"", ""(18位)"", ""12.7"", ""(14位)"", ""10.1%"", ""(15位)"", ""1.4"", ""(11位)"", ""10.6%"", ""(16位)""]"
20260802,20260609,j2,,チャンス構築率.html,リーグサマリー:2026特別 J2J3百年構想リーグ チャンス構築率 | データによってサッカーはもっと輝く | Football LAB,リーグサマリー:2026特別 J2J3百年構想リーグ チャンス構築率 | データによってサッカーはもっと輝く | Football LAB,チャンス構築率,1,八戸,八戸,"[""攻撃回数"", ""シュート"", ""チャンス構築率"", ""ゴール"", ""シュート成功率""]","[""136.7"", ""(1位)"", ""12.4"", ""(20位)"", ""9.0%"", ""(31位)"", ""0.8"", ""(39位)"", ""6.1%"", ""(39位)""]"
20260802,20260609,j2,,チャンス構築率.html,リーグサマリー:2026特別 J2J3百年構想リーグ チャンス構築率 | データによってサッカーはもっと輝く | Football LAB,リーグサマリー:2026特別 J2J3百年構想リーグ チャンス構築率 | データによってサッカーはもっと輝く | Football LAB,チャンス構築率,1,仙台,仙台,"[""攻撃回数"", ""シュート"", ""チャンス構築率"", ""ゴール"", ""シュート成功率""]","[""124.5"", ""(22位)"", ""14.5"", ""(8位)"", ""11.7%"", ""(8位)"", ""1.7"", ""(7位)"", ""11.7%"", ""(9位)""]"
20260802,20260609,j2,,チャンス構築率.html,リーグサマリー:2026特別 J2J3百年構想リーグ チャンス構築率 | データによってサッカーはもっと輝く | Football LAB,リーグサマリー:2026特別 J2J3百年構想リーグ チャンス構築率 | データによってサッカーはもっと輝く | Football LAB,チャンス構築率,1,秋田,秋田,"[""攻撃回数"", ""シュート"", ""チャンス構築率"", ""ゴール"", ""シュート成功率""]","[""131.4"", ""(4位)"", ""12.5"", ""(19位)"", ""9.5%"", ""(23位)"", ""1.1"", ""(24位)"", ""8.8%"", ""(28位)""]"
20260802,20260609,j2,,チャンス構築率.html,リーグサマリー:2026特別 J2J3百年構想リーグ チャンス構築率 | データによってサッカーはもっと輝く | Football LAB,リーグサマリー:2026特別 J2J3百年構想リーグ チャンス構築率 | データによってサッカーはもっと輝く | Football LAB,チャンス構築率,1,山形,山形,"[""攻撃回数"", ""シュート"", ""チャンス構築率"", ""ゴール"", ""シュート成功率""]","[""118.6"", ""(31位)"", ""10.9"", ""(30位)"", ""9.2%"", ""(26位)"", ""1.1"", ""(26位)"", ""9.7%"", ""(21位)""]"
20260802,20260609,j2,,チャンス構築率.html,リーグサマリー:2026特別 J2J3百年構想リーグ チャンス構築率 | データによってサッカーはもっと輝く | Football LAB,リーグサマリー:2026特別 J2J3百年構想リーグ チャンス構築率 | データによってサッカーはもっと輝く | Football LAB,チャンス構築率,1,福島,福島,"[""攻撃回数"", ""シュート"", ""チャンス構築率"", ""ゴール"", ""シュート成功率""]","[""129.5"", ""(11位)"", ""12.4"", ""(20位)"", ""9.5%"", ""(22位)"", ""1.5"", ""(10位)"", ""12.2%"", ""(6位)""]"
20260802,20260609,j2,,チャンス構築率.html,リーグサマリー:2026特別 J2J3百年構想リーグ チャンス構築率 | データによってサッカーはもっと輝く | Football LAB,リーグサマリー:2026特別 J2J3百年構想リーグ チャンス構築率 | データによってサッカーはもっと輝く | Football LAB,チャンス構築率,1,いわき,いわき,"[""攻撃回数"", ""シュート"", ""チャンス構築率"", ""ゴール"", ""シュート成功率""]","[""130.3"", ""(9位)"", ""15.5"", ""(4位)"", ""11.9%"", ""(5位)"", ""1.2"", ""(20位)"", ""7.7%"", ""(33位)""]"
20260802,20260609,j2,,チャンス構築率.html,リーグサマリー:2026特別 J2J3百年構想リーグ チャンス構築率 | データによってサッカーはもっと輝く | Football LAB,リーグサマリー:2026特別 J2J3百年構想リーグ チャンス構築率 | データによってサッカーはもっと輝く | Football LAB,チャンス構築率,1,栃木SC,栃木SC,"[""攻撃回数"", ""シュート"", ""チャンス構築率"", ""ゴール"", ""シュート成功率""]","[""126.2"", ""(17位)"", ""12.6"", ""(17位)"", ""10.0%"", ""(19位)"", ""1.2"", ""(20位)"", ""9.5%"", ""(22位)""]"
20260802,20260609,j2,,チャンス構築率.html,リーグサマリー:2026特別 J2J3百年構想リーグ チャンス構築率 | データによってサッカーはもっと輝く | Football LAB,リーグサマリー:2026特別 J2J3百年構想リーグ チャンス構築率 | データによってサッカーはもっと輝く | Football LAB,チャンス構築率,1,栃木C,栃木C,"[""攻撃回数"", ""シュート"", ""チャンス構築率"", ""ゴール"", ""シュート成功率""]","[""128.7"", ""(12位)"", ""12.2"", ""(22位)"", ""9.4%"", ""(24位)"", ""1.3"", ""(13位)"", ""10.7%"", ""(15位)""]"
20260802,20260609,j2,,チャンス構築率.html,リーグサマリー:2026特別 J2J3百年構想リーグ チャンス構築率 | データによってサッカーはもっと輝く | Football LAB,リーグサマリー:2026特別 J2J3百年構想リーグ チャンス構築率 | データによってサッカーはもっと輝く | Football LAB,チャンス構築率,1,群馬,群馬,"[""攻撃回数"", ""シュート"", ""チャンス構築率"", ""ゴール"", ""シュート成功率""]","[""122.9"", ""(25位)"", ""11.2"", ""(26位)"", ""9.1%"", ""(29位)"", ""1.3"", ""(13位)"", ""11.6%"", ""(10位)""]"
20260802,20260609,j2,,チャンス構築率.html,リーグサマリー:2026特別 J2J3百年構想リーグ チャンス構築率 | データによってサッカーはもっと輝く | Football LAB,リーグサマリー:2026特別 J2J3百年構想リーグ チャンス構築率 | データによってサッカーはもっと輝く | Football LAB,チャンス構築率,1,大宮,大宮,"[""攻撃回数"", ""シュート"", ""チャンス構築率"", ""ゴール"", ""シュート成功率""]","[""128.3"", ""(13位)"", ""15.6"", ""(3位)"", ""12.1%"", ""(4位)"", ""2.1"", ""(1位)"", ""13.2%"", ""(5位)""]"
20260802,20260609,j2,,チャンス構築率.html,リーグサマリー:2026特別 J2J3百年構想リーグ チャンス構築率 | データによってサッカーはもっと輝く | Football LAB,リーグサマリー:2026特別 J2J3百年構想リーグ チャンス構築率 | データによってサッカーはもっと輝く | Football LAB,チャンス構築率,1,横浜FC,横浜FC,"[""攻撃回数"", ""シュート"", ""チャンス構築率"", ""ゴール"", ""シュート成功率""]","[""122.4"", ""(27位)"", ""16.8"", ""(2位)"", ""13.7%"", ""(2位)"", ""1.8"", ""(5位)"", ""10.8%"", ""(13位)""]"
20260802,20260609,j2,,チャンス構築率.html,リーグサマリー:2026特別 J2J3百年構想リーグ チャンス構築率 | データによってサッカーはもっと輝く | Football LAB,リーグサマリー:2026特別 J2J3百年構想リーグ チャンス構築率 | データによってサッカーはもっと輝く | Football LAB,チャンス構築率,1,湘南,湘南,"[""攻撃回数"", ""シュート"", ""チャンス構築率"", ""ゴール"", ""シュート成功率""]","[""131.1"", ""(5位)"", ""10.8"", ""(32位)"", ""8.2%"", ""(38位)"", ""1.2"", ""(20位)"", ""11.2%"", ""(12位)""]"
20260802,20260609,j2,,チャンス構築率.html,リーグサマリー:2026特別 J2J3百年構想リーグ チャンス構築率 | データによってサッカーはもっと輝く | Football LAB,リーグサマリー:2026特別 J2J3百年構想リーグ チャンス構築率 | データによってサッカーはもっと輝く | Football LAB,チャンス構築率,1,相模原,相模原,"[""攻撃回数"", ""シュート"", ""チャンス構築率"", ""ゴール"", ""シュート成功率""]","[""134.4"", ""(2位)"", ""13.5"", ""(11位)"", ""10.0%"", ""(18位)"", ""1.9"", ""(4位)"", ""13.8%"", ""(4位)""]"
20260802,20260609,j2,,チャンス構築率.html,リーグサマリー:2026特別 J2J3百年構想リーグ チャンス構築率 | データによってサッカーはもっと輝く | Football LAB,リーグサマリー:2026特別 J2J3百年構想リーグ チャンス構築率 | データによってサッカーはもっと輝く | Football LAB,チャンス構築率,1,甲府,甲府,"[""攻撃回数"", ""シュート"", ""チャンス構築率"", ""ゴール"", ""シュート成功率""]","[""123.6"", ""(24位)"", ""9.8"", ""(38位)"", ""7.9%"", ""(39位)"", ""1.1"", ""(26位)"", ""10.7%"", ""(14位)""]"
20260802,20260609,j2,,チャンス構築率.html,リーグサマリー:2026特別 J2J3百年構想リーグ チャンス構築率 | データによってサッカーはもっと輝く | Football LAB,リーグサマリー:2026特別 J2J3百年構想リーグ チャンス構築率 | データによってサッカーはもっと輝く | Football LAB,チャンス構築率,1,松本,松本,"[""攻撃回数"", ""シュート"", ""チャンス構築率"", ""ゴール"", ""シュート成功率""]","[""130.0"", ""(10位)"", ""13.9"", ""(9位)"", ""10.7%"", ""(11位)"", ""1.7"", ""(8位)"", ""11.9%"", ""(8位)""]"
20260802,20260609,j2,,チャンス構築率.html,リーグサマリー:2026特別 J2J3百年構想リーグ チャンス構築率 | データによってサッカーはもっと輝く | Football LAB,リーグサマリー:2026特別 J2J3百年構想リーグ チャンス構築率 | データによってサッカーはもっと輝く | Football LAB,チャンス構築率,1,長野,長野,"[""攻撃回数"", ""シュート"", ""チャンス構築率"", ""ゴール"", ""シュート成功率""]","[""127.7"", ""(14位)"", ""9.1"", ""(40位)"", ""7.1%"", ""(40位)"", ""0.7"", ""(40位)"", ""7.7%"", ""(34位)""]"
20260802,20260609,j2,,チャンス構築率.html,リーグサマリー:2026特別 J2J3百年構想リーグ チャンス構築率 | データによってサッカーはもっと輝く | Football LAB,リーグサマリー:2026特別 J2J3百年構想リーグ チャンス構築率 | データによってサッカーはもっと輝く | Football LAB,チャンス構築率,1,新潟,新潟,"[""攻撃回数"", ""シュート"", ""チャンス構築率"", ""ゴール"", ""シュート成功率""]","[""122.9"", ""(26位)"", ""10.5"", ""(34位)"", ""8.6%"", ""(35位)"", ""1.1"", ""(26位)"", ""10.0%"", ""(19位)""]"
20260802,20260609,j2,,チャンス構築率.html,リーグサマリー:2026特別 J2J3百年構想リーグ チャンス構築率 | データによってサッカーはもっと輝く | Football LAB,リーグサマリー:2026特別 J2J3百年構想リーグ チャンス構築率 | データによってサッカーはもっと輝く | Football LAB,チャンス構築率,1,富山,富山,"[""攻撃回数"", ""シュート"", ""チャンス構築率"", ""ゴール"", ""シュート成功率""]","[""131.0"", ""(6位)"", ""18.0"", ""(1位)"", ""13.7%"", ""(1位)"", ""1.9"", ""(3位)"", ""10.6%"", ""(18位)""]"
20260802,20260609,j2,,チャンス構築率.html,リーグサマリー:2026特別 J2J3百年構想リーグ チャンス構築率 | データによってサッカーはもっと輝く | Football LAB,リーグサマリー:2026特別 J2J3百年構想リーグ チャンス構築率 | データによってサッカーはもっと輝く | Football LAB,チャンス構築率,1,金沢,金沢,"[""攻撃回数"", ""シュート"", ""チャンス構築率"", ""ゴール"", ""シュート成功率""]","[""125.0"", ""(19位)"", ""12.6"", ""(17位)"", ""10.1%"", ""(15位)"", ""1.0"", ""(32位)"", ""7.5%"", ""(36位)""]"
20260802,20260609,j2,,チャンス構築率.html,リーグサマリー:2026特別 J2J3百年構想リーグ チャンス構築率 | データによってサッカーはもっと輝く | Football LAB,リーグサマリー:2026特別 J2J3百年構想リーグ チャンス構築率 | データによってサッカーはもっと輝く | Football LAB,チャンス構築率,1,磐田,磐田,"[""攻撃回数"", ""シュート"", ""チャンス構築率"", ""ゴール"", ""シュート成功率""]","[""127.1"", ""(16位)"", ""11.2"", ""(26位)"", ""8.8%"", ""(32位)"", ""1.0"", ""(30位)"", ""8.9%"", ""(25位)""]"
20260802,20260609,j2,,チャンス構築率.html,リーグサマリー:2026特別 J2J3百年構想リーグ チャンス構築率 | データによってサッカーはもっと輝く | Football LAB,リーグサマリー:2026特別 J2J3百年構想リーグ チャンス構築率 | データによってサッカーはもっと輝く | Football LAB,チャンス構築率,1,藤枝,藤枝,"[""攻撃回数"", ""シュート"", ""チャンス構築率"", ""ゴール"", ""シュート成功率""]","[""125.0"", ""(20位)"", ""12.8"", ""(13位)"", ""10.2%"", ""(14位)"", ""1.3"", ""(18位)"", ""9.8%"", ""(20位)""]"
20260802,20260609,j2,,チャンス構築率.html,リーグサマリー:2026特別 J2J3百年構想リーグ チャンス構築率 | データによってサッカーはもっと輝く | Football LAB,リーグサマリー:2026特別 J2J3百年構想リーグ チャンス構築率 | データによってサッカーはもっと輝く | Football LAB,チャンス構築率,1,岐阜,岐阜,"[""攻撃回数"", ""シュート"", ""チャンス構築率"", ""ゴール"", ""シュート成功率""]","[""124.7"", ""(21位)"", ""14.8"", ""(6位)"", ""11.9%"", ""(6位)"", ""1.3"", ""(13位)"", ""8.8%"", ""(29位)""]"
20260802,20260609,j2,,チャンス構築率.html,リーグサマリー:2026特別 J2J3百年構想リーグ チャンス構築率 | データによってサッカーはもっと輝く | Football LAB,リーグサマリー:2026特別 J2J3百年構想リーグ チャンス構築率 | データによってサッカーはもっと輝く | Football LAB,チャンス構築率,1,滋賀,滋賀,"[""攻撃回数"", ""シュート"", ""チャンス構築率"", ""ゴール"", ""シュート成功率""]","[""118.9"", ""(30位)"", ""10.3"", ""(36位)"", ""8.7%"", ""(34位)"", ""0.9"", ""(34位)"", ""8.3%"", ""(31位)""]"
20260802,20260609,j2,,チャンス構築率.html,リーグサマリー:2026特別 J2J3百年構想リーグ チャンス構築率 | データによってサッカーはもっと輝く | Football LAB,リーグサマリー:2026特別 J2J3百年構想リーグ チャンス構築率 | データによってサッカーはもっと輝く | Football LAB,チャンス構築率,1,FC大阪,FC大阪,"[""攻撃回数"", ""シュート"", ""チャンス構築率"", ""ゴール"", ""シュート成功率""]","[""130.3"", ""(8位)"", ""15.5"", ""(5位)"", ""11.9%"", ""(7位)"", ""0.9"", ""(34位)"", ""5.5%"", ""(40位)""]"
20260802,20260609,j2,,チャンス構築率.html,リーグサマリー:2026特別 J2J3百年構想リーグ チャンス構築率 | データによってサッカーはもっと輝く | Football LAB,リーグサマリー:2026特別 J2J3百年構想リーグ チャンス構築率 | データによってサッカーはもっと輝く | Football LAB,チャンス構築率,1,奈良,奈良,"[""攻撃回数"", ""シュート"", ""チャンス構築率"", ""ゴール"", ""シュート成功率""]","[""112.1"", ""(40位)"", ""9.8"", ""(38位)"", ""8.7%"", ""(33位)"", ""1.6"", ""(9位)"", ""15.8%"", ""(2位)""]"
20260802,20260609,j2,,チャンス構築率.html,リーグサマリー:2026特別 J2J3百年構想リーグ チャンス構築率 | データによってサッカーはもっと輝く | Football LAB,リーグサマリー:2026特別 J2J3百年構想リーグ チャンス構築率 | データによってサッカーはもっと輝く | Football LAB,チャンス構築率,1,鳥取,鳥取,"[""攻撃回数"", ""シュート"", ""チャンス構築率"", ""ゴール"", ""シュート成功率""]","[""118.5"", ""(32位)"", ""10.0"", ""(37位)"", ""8.4%"", ""(37位)"", ""1.2"", ""(20位)"", ""12.1%"", ""(7位)""]"
20260802,20260609,j2,,チャンス構築率.html,リーグサマリー:2026特別 J2J3百年構想リーグ チャンス構築率 | データによってサッカーはもっと輝く | Football LAB,リーグサマリー:2026特別 J2J3百年構想リーグ チャンス構築率 | データによってサッカーはもっと輝く | Football LAB,チャンス構築率,1,山口,山口,"[""攻撃回数"", ""シュート"", ""チャンス構築率"", ""ゴール"", ""シュート成功率""]","[""119.7"", ""(29位)"", ""12.7"", ""(14位)"", ""10.6%"", ""(12位)"", ""1.4"", ""(11位)"", ""10.6%"", ""(16位)""]"
20260802,20260609,j2,,チャンス構築率.html,リーグサマリー:2026特別 J2J3百年構想リーグ チャンス構築率 | データによってサッカーはもっと輝く | Football LAB,リーグサマリー:2026特別 J2J3百年構想リーグ チャンス構築率 | データによってサッカーはもっと輝く | Football LAB,チャンス構築率,1,讃岐,讃岐,"[""攻撃回数"", ""シュート"", ""チャンス構築率"", ""ゴール"", ""シュート成功率""]","[""124.2"", ""(23位)"", ""10.5"", ""(34位)"", ""8.5%"", ""(36位)"", ""0.8"", ""(36位)"", ""7.6%"", ""(35位)""]"
20260802,20260609,j2,,チャンス構築率.html,リーグサマリー:2026特別 J2J3百年構想リーグ チャンス構築率 | データによってサッカーはもっと輝く | Football LAB,リーグサマリー:2026特別 J2J3百年構想リーグ チャンス構築率 | データによってサッカーはもっと輝く | Football LAB,チャンス構築率,1,徳島,徳島,"[""攻撃回数"", ""シュート"", ""チャンス構築率"", ""ゴール"", ""シュート成功率""]","[""112.3"", ""(39位)"", ""11.2"", ""(28位)"", ""9.9%"", ""(20位)"", ""2.1"", ""(1位)"", ""18.4%"", ""(1位)""]"
20260802,20260609,j2,,チャンス構築率.html,リーグサマリー:2026特別 J2J3百年構想リーグ チャンス構築率 | データによってサッカーはもっと輝く | Football LAB,リーグサマリー:2026特別 J2J3百年構想リーグ チャンス構築率 | データによってサッカーはもっと輝く | Football LAB,チャンス構築率,1,愛媛,愛媛,"[""攻撃回数"", ""シュート"", ""チャンス構築率"", ""ゴール"", ""シュート成功率""]","[""127.2"", ""(15位)"", ""13.5"", ""(11位)"", ""10.6%"", ""(13位)"", ""1.1"", ""(24位)"", ""8.2%"", ""(32位)""]"
20260802,20260609,j2,,チャンス構築率.html,リーグサマリー:2026特別 J2J3百年構想リーグ チャンス構築率 | データによってサッカーはもっと輝く | Football LAB,リーグサマリー:2026特別 J2J3百年構想リーグ チャンス構築率 | データによってサッカーはもっと輝く | Football LAB,チャンス構築率,1,今治,今治,"[""攻撃回数"", ""シュート"", ""チャンス構築率"", ""ゴール"", ""シュート成功率""]","[""130.6"", ""(7位)"", ""11.9"", ""(23位)"", ""9.1%"", ""(27位)"", ""0.8"", ""(36位)"", ""6.7%"", ""(38位)""]"
20260802,20260609,j2,,チャンス構築率.html,リーグサマリー:2026特別 J2J3百年構想リーグ チャンス構築率 | データによってサッカーはもっと輝く | Football LAB,リーグサマリー:2026特別 J2J3百年構想リーグ チャンス構築率 | データによってサッカーはもっと輝く | Football LAB,チャンス構築率,1,高知,高知,"[""攻撃回数"", ""シュート"", ""チャンス構築率"", ""ゴール"", ""シュート成功率""]","[""117.8"", ""(33位)"", ""11.5"", ""(25位)"", ""9.8%"", ""(21位)"", ""1.3"", ""(13位)"", ""11.3%"", ""(11位)""]"
20260802,20260609,j2,,チャンス構築率.html,リーグサマリー:2026特別 J2J3百年構想リーグ チャンス構築率 | データによってサッカーはもっと輝く | Football LAB,リーグサマリー:2026特別 J2J3百年構想リーグ チャンス構築率 | データによってサッカーはもっと輝く | Football LAB,チャンス構築率,1,北九州,北九州,"[""攻撃回数"", ""シュート"", ""チャンス構築率"", ""ゴール"", ""シュート成功率""]","[""116.8"", ""(35位)"", ""10.7"", ""(33位)"", ""9.1%"", ""(27位)"", ""1.0"", ""(32位)"", ""8.9%"", ""(26位)""]"
20260802,20260609,j2,,チャンス構築率.html,リーグサマリー:2026特別 J2J3百年構想リーグ チャンス構築率 | データによってサッカーはもっと輝く | Football LAB,リーグサマリー:2026特別 J2J3百年構想リーグ チャンス構築率 | データによってサッカーはもっと輝く | Football LAB,チャンス構築率,1,鳥栖,鳥栖,"[""攻撃回数"", ""シュート"", ""チャンス構築率"", ""ゴール"", ""シュート成功率""]","[""112.6"", ""(38位)"", ""13.8"", ""(10位)"", ""12.2%"", ""(3位)"", ""1.3"", ""(13位)"", ""9.5%"", ""(23位)""]"
20260802,20260609,j2,,チャンス構築率.html,リーグサマリー:2026特別 J2J3百年構想リーグ チャンス構築率 | データによってサッカーはもっと輝く | Football LAB,リーグサマリー:2026特別 J2J3百年構想リーグ チャンス構築率 | データによってサッカーはもっと輝く | Football LAB,チャンス構築率,1,熊本,熊本,"[""攻撃回数"", ""シュート"", ""チャンス構築率"", ""ゴール"", ""シュート成功率""]","[""115.8"", ""(36位)"", ""10.9"", ""(30位)"", ""9.4%"", ""(25位)"", ""1.0"", ""(30位)"", ""9.2%"", ""(24位)""]"
20260802,20260609,j2,,チャンス構築率.html,リーグサマリー:2026特別 J2J3百年構想リーグ チャンス構築率 | データによってサッカーはもっと輝く | Football LAB,リーグサマリー:2026特別 J2J3百年構想リーグ チャンス構築率 | データによってサッカーはもっと輝く | Football LAB,チャンス構築率,1,大分,大分,"[""攻撃回数"", ""シュート"", ""チャンス構築率"", ""ゴール"", ""シュート成功率""]","[""117.5"", ""(34位)"", ""11.8"", ""(24位)"", ""10.1%"", ""(17位)"", ""1.1"", ""(26位)"", ""8.9%"", ""(27位)""]"
20260802,20260609,j2,,チャンス構築率.html,リーグサマリー:2026特別 J2J3百年構想リーグ チャンス構築率 | データによってサッカーはもっと輝く | Football LAB,リーグサマリー:2026特別 J2J3百年構想リーグ チャンス構築率 | データによってサッカーはもっと輝く | Football LAB,チャンス構築率,1,宮崎,宮崎,"[""攻撃回数"", ""シュート"", ""チャンス構築率"", ""ゴール"", ""シュート成功率""]","[""113.2"", ""(37位)"", ""12.7"", ""(16位)"", ""11.2%"", ""(9位)"", ""1.8"", ""(5位)"", ""14.2%"", ""(3位)""]"
20260802,20260609,j2,,チャンス構築率.html,リーグサマリー:2026特別 J2J3百年構想リーグ チャンス構築率 | データによってサッカーはもっと輝く | Football LAB,リーグサマリー:2026特別 J2J3百年構想リーグ チャンス構築率 | データによってサッカーはもっと輝く | Football LAB,チャンス構築率,1,鹿児島,鹿児島,"[""攻撃回数"", ""シュート"", ""チャンス構築率"", ""ゴール"", ""シュート成功率""]","[""132.8"", ""(3位)"", ""14.7"", ""(7位)"", ""11.1%"", ""(10位)"", ""1.3"", ""(18位)"", ""8.5%"", ""(30位)""]"
20260802,20260609,j2,,チャンス構築率.html,リーグサマリー:2026特別 J2J3百年構想リーグ チャンス構築率 | データによってサッカーはもっと輝く | Football LAB,リーグサマリー:2026特別 J2J3百年構想リーグ チャンス構築率 | データによってサッカーはもっと輝く | Football LAB,チャンス構築率,1,琉球,琉球,"[""攻撃回数"", ""シュート"", ""チャンス構築率"", ""ゴール"", ""シュート成功率""]","[""121.4"", ""(28位)"", ""11.1"", ""(29位)"", ""9.1%"", ""(29位)"", ""0.8"", ""(36位)"", ""7.2%"", ""(37位)""]"
20260802,20260609,j2,,チャンス構築率.html,リーグサマリー:2026特別 J2J3百年構想リーグ チャンス構築率 | データによってサッカーはもっと輝く | Football LAB,リーグサマリー:2026特別 J2J3百年構想リーグ チャンス構築率 | データによってサッカーはもっと輝く | Football LAB,被チャンス構築率,3,札幌,札幌,"[""被攻撃回数"", ""被シュート"", ""被チャンス構築率"", ""被ゴール"", ""被シュート成功率""]","[""122.2"", ""(13位)"", ""13.0"", ""(26位)"", ""10.6%"", ""(27位)"", ""1.2"", ""(16位)"", ""8.9%"", ""(11位)""]"
20260802,20260609,j2,,チャンス構築率.html,リーグサマリー:2026特別 J2J3百年構想リーグ チャンス構築率 | データによってサッカーはもっと輝く | Football LAB,リーグサマリー:2026特別 J2J3百年構想リーグ チャンス構築率 | データによってサッカーはもっと輝く | Football LAB,被チャンス構築率,3,八戸,八戸,"[""被攻撃回数"", ""被シュート"", ""被チャンス構築率"", ""被ゴール"", ""被シュート成功率""]","[""136.9"", ""(38位)"", ""9.0"", ""(3位)"", ""6.6%"", ""(2位)"", ""1.0"", ""(8位)"", ""11.1%"", ""(27位)""]"
20260802,20260609,j2,,チャンス構築率.html,リーグサマリー:2026特別 J2J3百年構想リーグ チャンス構築率 | データによってサッカーはもっと輝く | Football LAB,リーグサマリー:2026特別 J2J3百年構想リーグ チャンス構築率 | データによってサッカーはもっと輝く | Football LAB,被チャンス構築率,3,仙台,仙台,"[""被攻撃回数"", ""被シュート"", ""被チャンス構築率"", ""被ゴール"", ""被シュート成功率""]","[""118.6"", ""(10位)"", ""9.9"", ""(5位)"", ""8.4%"", ""(9位)"", ""0.8"", ""(3位)"", ""8.1%"", ""(6位)""]"
20260802,20260609,j2,,チャンス構築率.html,リーグサマリー:2026特別 J2J3百年構想リーグ チャンス構築率 | データによってサッカーはもっと輝く | Football LAB,リーグサマリー:2026特別 J2J3百年構想リーグ チャンス構築率 | データによってサッカーはもっと輝く | Football LAB,被チャンス構築率,3,秋田,秋田,"[""被攻撃回数"", ""被シュート"", ""被チャンス構築率"", ""被ゴール"", ""被シュート成功率""]","[""137.2"", ""(39位)"", ""11.4"", ""(13位)"", ""8.3%"", ""(8位)"", ""0.9"", ""(6位)"", ""7.5%"", ""(4位)""]"
20260802,20260609,j2,,チャンス構築率.html,リーグサマリー:2026特別 J2J3百年構想リーグ チャンス構築率 | データによってサッカーはもっと輝く | Football LAB,リーグサマリー:2026特別 J2J3百年構想リーグ チャンス構築率 | データによってサッカーはもっと輝く | Football LAB,被チャンス構築率,3,山形,山形,"[""被攻撃回数"", ""被シュート"", ""被チャンス構築率"", ""被ゴール"", ""被シュート成功率""]","[""121.9"", ""(12位)"", ""15.6"", ""(37位)"", ""12.8%"", ""(36位)"", ""1.3"", ""(23位)"", ""8.4%"", ""(7位)""]"
20260802,20260609,j2,,チャンス構築率.html,リーグサマリー:2026特別 J2J3百年構想リーグ チャンス構築率 | データによってサッカーはもっと輝く | Football LAB,リーグサマリー:2026特別 J2J3百年構想リーグ チャンス構築率 | データによってサッカーはもっと輝く | Football LAB,被チャンス構築率,3,福島,福島,"[""被攻撃回数"", ""被シュート"", ""被チャンス構築率"", ""被ゴール"", ""被シュート成功率""]","[""125.0"", ""(24位)"", ""16.2"", ""(39位)"", ""12.9%"", ""(37位)"", ""2.1"", ""(40位)"", ""12.7%"", ""(37位)""]"
20260802,20260609,j2,,チャンス構築率.html,リーグサマリー:2026特別 J2J3百年構想リーグ チャンス構築率 | データによってサッカーはもっと輝く | Football LAB,リーグサマリー:2026特別 J2J3百年構想リーグ チャンス構築率 | データによってサッカーはもっと輝く | Football LAB,被チャンス構築率,3,いわき,いわき,"[""被攻撃回数"", ""被シュート"", ""被チャンス構築率"", ""被ゴール"", ""被シュート成功率""]","[""131.1"", ""(36位)"", ""10.5"", ""(10位)"", ""8.0%"", ""(3位)"", ""1.1"", ""(11位)"", ""10.0%"", ""(21位)""]"
20260802,20260609,j2,,チャンス構築率.html,リーグサマリー:2026特別 J2J3百年構想リーグ チャンス構築率 | データによってサッカーはもっと輝く | Football LAB,リーグサマリー:2026特別 J2J3百年構想リーグ チャンス構築率 | データによってサッカーはもっと輝く | Football LAB,被チャンス構築率,3,栃木SC,栃木SC,"[""被攻撃回数"", ""被シュート"", ""被チャンス構築率"", ""被ゴール"", ""被シュート成功率""]","[""129.8"", ""(32位)"", ""10.5"", ""(9位)"", ""8.1%"", ""(4位)"", ""1.5"", ""(30位)"", ""13.9%"", ""(40位)""]"
20260802,20260609,j2,,チャンス構築率.html,リーグサマリー:2026特別 J2J3百年構想リーグ チャンス構築率 | データによってサッカーはもっと輝く | Football LAB,リーグサマリー:2026特別 J2J3百年構想リーグ チャンス構築率 | データによってサッカーはもっと輝く | Football LAB,被チャンス構築率,3,栃木C,栃木C,"[""被攻撃回数"", ""被シュート"", ""被チャンス構築率"", ""被ゴール"", ""被シュート成功率""]","[""128.1"", ""(28位)"", ""15.5"", ""(36位)"", ""12.1%"", ""(33位)"", ""1.7"", ""(35位)"", ""11.0%"", ""(26位)""]"
20260802,20260609,j2,,チャンス構築率.html,リーグサマリー:2026特別 J2J3百年構想リーグ チャンス構築率 | データによってサッカーはもっと輝く | Football LAB,リーグサマリー:2026特別 J2J3百年構想リーグ チャンス構築率 | データによってサッカーはもっと輝く | Football LAB,被チャンス構築率,3,群馬,群馬,"[""被攻撃回数"", ""被シュート"", ""被チャンス構築率"", ""被ゴール"", ""被シュート成功率""]","[""122.7"", ""(16位)"", ""15.9"", ""(38位)"", ""13.0%"", ""(38位)"", ""2.0"", ""(39位)"", ""12.3%"", ""(36位)""]"
20260802,20260609,j2,,チャンス構築率.html,リーグサマリー:2026特別 J2J3百年構想リーグ チャンス構築率 | データによってサッカーはもっと輝く | Football LAB,リーグサマリー:2026特別 J2J3百年構想リーグ チャンス構築率 | データによってサッカーはもっと輝く | Football LAB,被チャンス構築率,3,大宮,大宮,"[""被攻撃回数"", ""被シュート"", ""被チャンス構築率"", ""被ゴール"", ""被シュート成功率""]","[""124.5"", ""(22位)"", ""13.4"", ""(28位)"", ""10.7%"", ""(29位)"", ""1.5"", ""(31位)"", ""11.2%"", ""(29位)""]"
20260802,20260609,j2,,チャンス構築率.html,リーグサマリー:2026特別 J2J3百年構想リーグ チャンス構築率 | データによってサッカーはもっと輝く | Football LAB,リーグサマリー:2026特別 J2J3百年構想リーグ チャンス構築率 | データによってサッカーはもっと輝く | Football LAB,被チャンス構築率,3,横浜FC,横浜FC,"[""被攻撃回数"", ""被シュート"", ""被チャンス構築率"", ""被ゴール"", ""被シュート成功率""]","[""114.2"", ""(4位)"", ""10.3"", ""(7位)"", ""9.0%"", ""(13位)"", ""1.4"", ""(27位)"", ""13.1%"", ""(39位)""]"
20260802,20260609,j2,,チャンス構築率.html,リーグサマリー:2026特別 J2J3百年構想リーグ チャンス構築率 | データによってサッカーはもっと輝く | Football LAB,リーグサマリー:2026特別 J2J3百年構想リーグ チャンス構築率 | データによってサッカーはもっと輝く | Football LAB,被チャンス構築率,3,湘南,湘南,"[""被攻撃回数"", ""被シュート"", ""被チャンス構築率"", ""被ゴール"", ""被シュート成功率""]","[""129.4"", ""(31位)"", ""13.8"", ""(29位)"", ""10.6%"", ""(28位)"", ""1.1"", ""(14位)"", ""8.0%"", ""(5位)""]"
20260802,20260609,j2,,チャンス構築率.html,リーグサマリー:2026特別 J2J3百年構想リーグ チャンス構築率 | データによってサッカーはもっと輝く | Football LAB,リーグサマリー:2026特別 J2J3百年構想リーグ チャンス構築率 | データによってサッカーはもっと輝く | Football LAB,被チャンス構築率,3,相模原,相模原,"[""被攻撃回数"", ""被シュート"", ""被チャンス構築率"", ""被ゴール"", ""被シュート成功率""]","[""138.5"", ""(40位)"", ""14.3"", ""(30位)"", ""10.3%"", ""(24位)"", ""1.8"", ""(36位)"", ""12.2%"", ""(35位)""]"
20260802,20260609,j2,,チャンス構築率.html,リーグサマリー:2026特別 J2J3百年構想リーグ チャンス構築率 | データによってサッカーはもっと輝く | Football LAB,リーグサマリー:2026特別 J2J3百年構想リーグ チャンス構築率 | データによってサッカーはもっと輝く | Football LAB,被チャンス構築率,3,甲府,甲府,"[""被攻撃回数"", ""被シュート"", ""被チャンス構築率"", ""被ゴール"", ""被シュート成功率""]","[""130.1"", ""(34位)"", ""12.9"", ""(23位)"", ""9.9%"", ""(19位)"", ""0.8"", ""(3位)"", ""6.2%"", ""(1位)""]"
20260802,20260609,j2,,チャンス構築率.html,リーグサマリー:2026特別 J2J3百年構想リーグ チャンス構築率 | データによってサッカーはもっと輝く | Football LAB,リーグサマリー:2026特別 J2J3百年構想リーグ チャンス構築率 | データによってサッカーはもっと輝く | Football LAB,被チャンス構築率,3,松本,松本,"[""被攻撃回数"", ""被シュート"", ""被チャンス構築率"", ""被ゴール"", ""被シュート成功率""]","[""129.8"", ""(32位)"", ""11.8"", ""(16位)"", ""9.1%"", ""(14位)"", ""1.2"", ""(19位)"", ""10.2%"", ""(22位)""]"
20260802,20260609,j2,,チャンス構築率.html,リーグサマリー:2026特別 J2J3百年構想リーグ チャンス構築率 | データによってサッカーはもっと輝く | Football LAB,リーグサマリー:2026特別 J2J3百年構想リーグ チャンス構築率 | データによってサッカーはもっと輝く | Football LAB,被チャンス構築率,3,長野,長野,"[""被攻撃回数"", ""被シュート"", ""被チャンス構築率"", ""被ゴール"", ""被シュート成功率""]","[""132.2"", ""(37位)"", ""14.6"", ""(32位)"", ""11.1%"", ""(30位)"", ""1.7"", ""(34位)"", ""11.3%"", ""(30位)""]"
20260802,20260609,j2,,チャンス構築率.html,リーグサマリー:2026特別 J2J3百年構想リーグ チャンス構築率 | データによってサッカーはもっと輝く | Football LAB,リーグサマリー:2026特別 J2J3百年構想リーグ チャンス構築率 | データによってサッカーはもっと輝く | Football LAB,被チャンス構築率,3,新潟,新潟,"[""被攻撃回数"", ""被シュート"", ""被チャンス構築率"", ""被ゴール"", ""被シュート成功率""]","[""123.6"", ""(17位)"", ""12.4"", ""(21位)"", ""10.0%"", ""(21位)"", ""0.8"", ""(3位)"", ""6.5%"", ""(2位)""]"
20260802,20260609,j2,,チャンス構築率.html,リーグサマリー:2026特別 J2J3百年構想リーグ チャンス構築率 | データによってサッカーはもっと輝く | Football LAB,リーグサマリー:2026特別 J2J3百年構想リーグ チャンス構築率 | データによってサッカーはもっと輝く | Football LAB,被チャンス構築率,3,富山,富山,"[""被攻撃回数"", ""被シュート"", ""被チャンス構築率"", ""被ゴール"", ""被シュート成功率""]","[""124.1"", ""(19位)"", ""11.8"", ""(14位)"", ""9.5%"", ""(16位)"", ""1.2"", ""(19位)"", ""10.2%"", ""(23位)""]"
20260802,20260609,j2,,チャンス構築率.html,リーグサマリー:2026特別 J2J3百年構想リーグ チャンス構築率 | データによってサッカーはもっと輝く | Football LAB,リーグサマリー:2026特別 J2J3百年構想リーグ チャンス構築率 | データによってサッカーはもっと輝く | Football LAB,被チャンス構築率,3,金沢,金沢,"[""被攻撃回数"", ""被シュート"", ""被チャンス構築率"", ""被ゴール"", ""被シュート成功率""]","[""125.3"", ""(25位)"", ""13.0"", ""(26位)"", ""10.3%"", ""(25位)"", ""1.3"", ""(22位)"", ""9.7%"", ""(18位)""]"
20260802,20260609,j2,,チャンス構築率.html,リーグサマリー:2026特別 J2J3百年構想リーグ チャンス構築率 | データによってサッカーはもっと輝く | Football LAB,リーグサマリー:2026特別 J2J3百年構想リーグ チャンス構築率 | データによってサッカーはもっと輝く | Football LAB,被チャンス構築率,3,磐田,磐田,"[""被攻撃回数"", ""被シュート"", ""被チャンス構築率"", ""被ゴール"", ""被シュート成功率""]","[""124.7"", ""(23位)"", ""12.0"", ""(17位)"", ""9.6%"", ""(17位)"", ""1.4"", ""(29位)"", ""11.7%"", ""(31位)""]"
20260802,20260609,j2,,チャンス構築率.html,リーグサマリー:2026特別 J2J3百年構想リーグ チャンス構築率 | データによってサッカーはもっと輝く | Football LAB,リーグサマリー:2026特別 J2J3百年構想リーグ チャンス構築率 | データによってサッカーはもっと輝く | Football LAB,被チャンス構築率,3,藤枝,藤枝,"[""被攻撃回数"", ""被シュート"", ""被チャンス構築率"", ""被ゴール"", ""被シュート成功率""]","[""124.1"", ""(19位)"", ""12.4"", ""(20位)"", ""10.0%"", ""(20位)"", ""1.1"", ""(11位)"", ""8.5%"", ""(8位)""]"
20260802,20260609,j2,,チャンス構築率.html,リーグサマリー:2026特別 J2J3百年構想リーグ チャンス構築率 | データによってサッカーはもっと輝く | Football LAB,リーグサマリー:2026特別 J2J3百年構想リーグ チャンス構築率 | データによってサッカーはもっと輝く | Football LAB,被チャンス構築率,3,岐阜,岐阜,"[""被攻撃回数"", ""被シュート"", ""被チャンス構築率"", ""被ゴール"", ""被シュート成功率""]","[""123.9"", ""(18位)"", ""10.0"", ""(6位)"", ""8.1%"", ""(5位)"", ""1.3"", ""(23位)"", ""13.0%"", ""(38位)""]"
20260802,20260609,j2,,チャンス構築率.html,リーグサマリー:2026特別 J2J3百年構想リーグ チャンス構築率 | データによってサッカーはもっと輝く | Football LAB,リーグサマリー:2026特別 J2J3百年構想リーグ チャンス構築率 | データによってサッカーはもっと輝く | Football LAB,被チャンス構築率,3,滋賀,滋賀,"[""被攻撃回数"", ""被シュート"", ""被チャンス構築率"", ""被ゴール"", ""被シュート成功率""]","[""122.2"", ""(14位)"", ""14.6"", ""(31位)"", ""11.9%"", ""(32位)"", ""1.6"", ""(32位)"", ""10.7%"", ""(24位)""]"
20260802,20260609,j2,,チャンス構築率.html,リーグサマリー:2026特別 J2J3百年構想リーグ チャンス構築率 | データによってサッカーはもっと輝く | Football LAB,リーグサマリー:2026特別 J2J3百年構想リーグ チャンス構築率 | データによってサッカーはもっと輝く | Football LAB,被チャンス構築率,3,FC大阪,FC大阪,"[""被攻撃回数"", ""被シュート"", ""被チャンス構築率"", ""被ゴール"", ""被シュート成功率""]","[""126.3"", ""(26位)"", ""10.3"", ""(7位)"", ""8.2%"", ""(6位)"", ""1.0"", ""(8位)"", ""9.7%"", ""(20位)""]"
20260802,20260609,j2,,チャンス構築率.html,リーグサマリー:2026特別 J2J3百年構想リーグ チャンス構築率 | データによってサッカーはもっと輝く | Football LAB,リーグサマリー:2026特別 J2J3百年構想リーグ チャンス構築率 | データによってサッカーはもっと輝く | Football LAB,被チャンス構築率,3,奈良,奈良,"[""被攻撃回数"", ""被シュート"", ""被チャンス構築率"", ""被ゴール"", ""被シュート成功率""]","[""117.8"", ""(6位)"", ""16.6"", ""(40位)"", ""14.1%"", ""(40位)"", ""1.9"", ""(38位)"", ""11.2%"", ""(28位)""]"
20260802,20260609,j2,,チャンス構築率.html,リーグサマリー:2026特別 J2J3百年構想リーグ チャンス構築率 | データによってサッカーはもっと輝く | Football LAB,リーグサマリー:2026特別 J2J3百年構想リーグ チャンス構築率 | データによってサッカーはもっと輝く | Football LAB,被チャンス構築率,3,鳥取,鳥取,"[""被攻撃回数"", ""被シュート"", ""被チャンス構築率"", ""被ゴール"", ""被シュート成功率""]","[""118.3"", ""(8位)"", ""14.9"", ""(33位)"", ""12.6%"", ""(35位)"", ""1.3"", ""(23位)"", ""8.8%"", ""(10位)""]"
20260802,20260609,j2,,チャンス構築率.html,リーグサマリー:2026特別 J2J3百年構想リーグ チャンス構築率 | データによってサッカーはもっと輝く | Football LAB,リーグサマリー:2026特別 J2J3百年構想リーグ チャンス構築率 | データによってサッカーはもっと輝く | Football LAB,被チャンス構築率,3,山口,山口,"[""被攻撃回数"", ""被シュート"", ""被チャンス構築率"", ""被ゴール"", ""被シュート成功率""]","[""124.1"", ""(19位)"", ""12.9"", ""(24位)"", ""10.4%"", ""(26位)"", ""1.2"", ""(19位)"", ""9.3%"", ""(15位)""]"
20260802,20260609,j2,,チャンス構築率.html,リーグサマリー:2026特別 J2J3百年構想リーグ チャンス構築率 | データによってサッカーはもっと輝く | Football LAB,リーグサマリー:2026特別 J2J3百年構想リーグ チャンス構築率 | データによってサッカーはもっと輝く | Football LAB,被チャンス構築率,3,讃岐,讃岐,"[""被攻撃回数"", ""被シュート"", ""被チャンス構築率"", ""被ゴール"", ""被シュート成功率""]","[""131.0"", ""(35位)"", ""12.7"", ""(22位)"", ""9.7%"", ""(18位)"", ""1.6"", ""(32位)"", ""12.2%"", ""(34位)""]"
20260802,20260609,j2,,チャンス構築率.html,リーグサマリー:2026特別 J2J3百年構想リーグ チャンス構築率 | データによってサッカーはもっと輝く | Football LAB,リーグサマリー:2026特別 J2J3百年構想リーグ チャンス構築率 | データによってサッカーはもっと輝く | Football LAB,被チャンス構築率,3,徳島,徳島,"[""被攻撃回数"", ""被シュート"", ""被チャンス構築率"", ""被ゴール"", ""被シュート成功率""]","[""109.6"", ""(2位)"", ""12.9"", ""(24位)"", ""11.8%"", ""(31位)"", ""1.2"", ""(16位)"", ""8.9%"", ""(13位)""]"
20260802,20260609,j2,,チャンス構築率.html,リーグサマリー:2026特別 J2J3百年構想リーグ チャンス構築率 | データによってサッカーはもっと輝く | Football LAB,リーグサマリー:2026特別 J2J3百年構想リーグ チャンス構築率 | データによってサッカーはもっと輝く | Football LAB,被チャンス構築率,3,愛媛,愛媛,"[""被攻撃回数"", ""被シュート"", ""被チャンス構築率"", ""被ゴール"", ""被シュート成功率""]","[""128.6"", ""(30位)"", ""11.8"", ""(14位)"", ""9.1%"", ""(15位)"", ""1.0"", ""(8位)"", ""8.5%"", ""(9位)""]"
20260802,20260609,j2,,チャンス構築率.html,リーグサマリー:2026特別 J2J3百年構想リーグ チャンス構築率 | データによってサッカーはもっと輝く | Football LAB,リーグサマリー:2026特別 J2J3百年構想リーグ チャンス構築率 | データによってサッカーはもっと輝く | Football LAB,被チャンス構築率,3,今治,今治,"[""被攻撃回数"", ""被シュート"", ""被チャンス構築率"", ""被ゴール"", ""被シュート成功率""]","[""128.0"", ""(27位)"", ""11.2"", ""(12位)"", ""8.8%"", ""(11位)"", ""1.1"", ""(11位)"", ""9.4%"", ""(16位)""]"
20260802,20260609,j2,,チャンス構築率.html,リーグサマリー:2026特別 J2J3百年構想リーグ チャンス構築率 | データによってサッカーはもっと輝く | Football LAB,リーグサマリー:2026特別 J2J3百年構想リーグ チャンス構築率 | データによってサッカーはもっと輝く | Football LAB,被チャンス構築率,3,高知,高知,"[""被攻撃回数"", ""被シュート"", ""被チャンス構築率"", ""被ゴール"", ""被シュート成功率""]","[""121.8"", ""(11位)"", ""11.0"", ""(11位)"", ""9.0%"", ""(12位)"", ""1.3"", ""(23位)"", ""11.9%"", ""(32位)""]"
20260802,20260609,j2,,チャンス構築率.html,リーグサマリー:2026特別 J2J3百年構想リーグ チャンス構築率 | データによってサッカーはもっと輝く | Football LAB,リーグサマリー:2026特別 J2J3百年構想リーグ チャンス構築率 | データによってサッカーはもっと輝く | Football LAB,被チャンス構築率,3,北九州,北九州,"[""被攻撃回数"", ""被シュート"", ""被チャンス構築率"", ""被ゴール"", ""被シュート成功率""]","[""114.1"", ""(3位)"", ""15.1"", ""(34位)"", ""13.2%"", ""(39位)"", ""1.8"", ""(37位)"", ""12.0%"", ""(33位)""]"
20260802,20260609,j2,,チャンス構築率.html,リーグサマリー:2026特別 J2J3百年構想リーグ チャンス構築率 | データによってサッカーはもっと輝く | Football LAB,リーグサマリー:2026特別 J2J3百年構想リーグ チャンス構築率 | データによってサッカーはもっと輝く | Football LAB,被チャンス構築率,3,鳥栖,鳥栖,"[""被攻撃回数"", ""被シュート"", ""被チャンス構築率"", ""被ゴール"", ""被シュート成功率""]","[""107.6"", ""(1位)"", ""8.8"", ""(2位)"", ""8.2%"", ""(7位)"", ""0.9"", ""(6位)"", ""9.7%"", ""(19位)""]"
20260802,20260609,j2,,チャンス構築率.html,リーグサマリー:2026特別 J2J3百年構想リーグ チャンス構築率 | データによってサッカーはもっと輝く | Football LAB,リーグサマリー:2026特別 J2J3百年構想リーグ チャンス構築率 | データによってサッカーはもっと輝く | Football LAB,被チャンス構築率,3,熊本,熊本,"[""被攻撃回数"", ""被シュート"", ""被チャンス構築率"", ""被ゴール"", ""被シュート成功率""]","[""118.3"", ""(8位)"", ""12.2"", ""(19位)"", ""10.3%"", ""(23位)"", ""1.2"", ""(16位)"", ""9.4%"", ""(17位)""]"
20260802,20260609,j2,,チャンス構築率.html,リーグサマリー:2026特別 J2J3百年構想リーグ チャンス構築率 | データによってサッカーはもっと輝く | Football LAB,リーグサマリー:2026特別 J2J3百年構想リーグ チャンス構築率 | データによってサッカーはもっと輝く | Football LAB,被チャンス構築率,3,大分,大分,"[""被攻撃回数"", ""被シュート"", ""被チャンス構築率"", ""被ゴール"", ""被シュート成功率""]","[""117.8"", ""(6位)"", ""12.1"", ""(18位)"", ""10.3%"", ""(22位)"", ""1.1"", ""(14位)"", ""9.1%"", ""(14位)""]"
20260802,20260609,j2,,チャンス構築率.html,リーグサマリー:2026特別 J2J3百年構想リーグ チャンス構築率 | データによってサッカーはもっと輝く | Football LAB,リーグサマリー:2026特別 J2J3百年構想リーグ チャンス構築率 | データによってサッカーはもっと輝く | Football LAB,被チャンス構築率,3,宮崎,宮崎,"[""被攻撃回数"", ""被シュート"", ""被チャンス構築率"", ""被ゴール"", ""被シュート成功率""]","[""115.7"", ""(5位)"", ""9.8"", ""(4位)"", ""8.5%"", ""(10位)"", ""0.7"", ""(1位)"", ""6.6%"", ""(3位)""]"
20260802,20260609,j2,,チャンス構築率.html,リーグサマリー:2026特別 J2J3百年構想リーグ チャンス構築率 | データによってサッカーはもっと輝く | Football LAB,リーグサマリー:2026特別 J2J3百年構想リーグ チャンス構築率 | データによってサッカーはもっと輝く | Football LAB,被チャンス構築率,3,鹿児島,鹿児島,"[""被攻撃回数"", ""被シュート"", ""被チャンス構築率"", ""被ゴール"", ""被シュート成功率""]","[""128.1"", ""(29位)"", ""6.5"", ""(1位)"", ""5.0%"", ""(1位)"", ""0.7"", ""(2位)"", ""10.9%"", ""(25位)""]"
20260802,20260609,j2,,チャンス構築率.html,リーグサマリー:2026特別 J2J3百年構想リーグ チャンス構築率 | データによってサッカーはもっと輝く | Football LAB,リーグサマリー:2026特別 J2J3百年構想リーグ チャンス構築率 | データによってサッカーはもっと輝く | Football LAB,被チャンス構築率,3,琉球,琉球,"[""被攻撃回数"", ""被シュート"", ""被チャンス構築率"", ""被ゴール"", ""被シュート成功率""]","[""122.7"", ""(15位)"", ""15.2"", ""(35位)"", ""12.4%"", ""(34位)"", ""1.4"", ""(27位)"", ""8.9%"", ""(11位)""]"
20260802,20260609,j2,,ドリブル.html,リーグサマリー:2026特別 J2J3百年構想リーグ チャンスビルディングポイント ドリブルポイント ランキング | データによってサッカーはもっと輝く | Football LAB,リーグサマリー:2026特別 J2J3百年構想リーグ チャンスビルディングポイント ドリブルポイント ランキング | データによってサッカーはもっと輝く | Football LAB,リーグサマリー:2026特別 J2J3百年構想リーグ チャンスビルディングポイント ドリブルポイント ランキング | データによってサッカーはもっと輝く | Football LAB,1,富山,富山,"[""ドリブルポイント"", ""試合平均"", ""最近5試合"", ""順位"", ""勝点"", ""得点"", ""失点""]","[""38.54"", ""1.93"", ""9.97"", ""1"", ""38"", ""37"", ""24""]"
20260802,20260609,j2,,ドリブル.html,リーグサマリー:2026特別 J2J3百年構想リーグ チャンスビルディングポイント ドリブルポイント ランキング | データによってサッカーはもっと輝く | Football LAB,リーグサマリー:2026特別 J2J3百年構想リーグ チャンスビルディングポイント ドリブルポイント ランキング | データによってサッカーはもっと輝く | Football LAB,リーグサマリー:2026特別 J2J3百年構想リーグ チャンスビルディングポイント ドリブルポイント ランキング | データによってサッカーはもっと輝く | Football LAB,1,横浜FC,横浜FC,"[""ドリブルポイント"", ""試合平均"", ""最近5試合"", ""順位"", ""勝点"", ""得点"", ""失点""]","[""34.27"", ""1.71"", ""9.10"", ""4"", ""29"", ""34"", ""27""]"
20260802,20260609,j2,,ドリブル.html,リーグサマリー:2026特別 J2J3百年構想リーグ チャンスビルディングポイント ドリブルポイント ランキング | データによってサッカーはもっと輝く | Football LAB,リーグサマリー:2026特別 J2J3百年構想リーグ チャンスビルディングポイント ドリブルポイント ランキング | データによってサッカーはもっと輝く | Football LAB,リーグサマリー:2026特別 J2J3百年構想リーグ チャンスビルディングポイント ドリブルポイント ランキング | データによってサッカーはもっと輝く | Football LAB,1,鳥栖,鳥栖,"[""ドリブルポイント"", ""試合平均"", ""最近5試合"", ""順位"", ""勝点"", ""得点"", ""失点""]","[""34.12"", ""1.71"", ""9.72"", ""3"", ""32"", ""24"", ""14""]"
20260802,20260609,j2,,ドリブル.html,リーグサマリー:2026特別 J2J3百年構想リーグ チャンスビルディングポイント ドリブルポイント ランキング | データによってサッカーはもっと輝く | Football LAB,リーグサマリー:2026特別 J2J3百年構想リーグ チャンスビルディングポイント ドリブルポイント ランキング | データによってサッカーはもっと輝く | Football LAB,リーグサマリー:2026特別 J2J3百年構想リーグ チャンスビルディングポイント ドリブルポイント ランキング | データによってサッカーはもっと輝く | Football LAB,1,徳島,徳島,"[""ドリブルポイント"", ""試合平均"", ""最近5試合"", ""順位"", ""勝点"", ""得点"", ""失点""]","[""32.98"", ""1.65"", ""9.31"", ""3"", ""32"", ""36"", ""22""]"
20260802,20260609,j2,,ドリブル.html,リーグサマリー:2026特別 J2J3百年構想リーグ チャンスビルディングポイント ドリブルポイント ランキング | データによってサッカーはもっと輝く | Football LAB,リーグサマリー:2026特別 J2J3百年構想リーグ チャンスビルディングポイント ドリブルポイント ランキング | データによってサッカーはもっと輝く | Football LAB,リーグサマリー:2026特別 J2J3百年構想リーグ チャンスビルディングポイント ドリブルポイント ランキング | データによってサッカーはもっと輝く | Football LAB,1,FC大阪,FC大阪,"[""ドリブルポイント"", ""試合平均"", ""最近5試合"", ""順位"", ""勝点"", ""得点"", ""失点""]","[""32.80"", ""1.64"", ""9.47"", ""8"", ""20"", ""15"", ""18""]"
20260802,20260609,j2,,ドリブル.html,リーグサマリー:2026特別 J2J3百年構想リーグ チャンスビルディングポイント ドリブルポイント ランキング | データによってサッカーはもっと輝く | Football LAB,リーグサマリー:2026特別 J2J3百年構想リーグ チャンスビルディングポイント ドリブルポイント ランキング | データによってサッカーはもっと輝く | Football LAB,リーグサマリー:2026特別 J2J3百年構想リーグ チャンスビルディングポイント ドリブルポイント ランキング | データによってサッカーはもっと輝く | Football LAB,1,福島,福島,"[""ドリブルポイント"", ""試合平均"", ""最近5試合"", ""順位"", ""勝点"", ""得点"", ""失点""]","[""32.41"", ""1.62"", ""10.56"", ""9"", ""18"", ""28"", ""41""]"
20260802,20260609,j2,,ドリブル.html,リーグサマリー:2026特別 J2J3百年構想リーグ チャンスビルディングポイント ドリブルポイント ランキング | データによってサッカーはもっと輝く | Football LAB,リーグサマリー:2026特別 J2J3百年構想リーグ チャンスビルディングポイント ドリブルポイント ランキング | データによってサッカーはもっと輝く | Football LAB,リーグサマリー:2026特別 J2J3百年構想リーグ チャンスビルディングポイント ドリブルポイント ランキング | データによってサッカーはもっと輝く | Football LAB,1,藤枝,藤枝,"[""ドリブルポイント"", ""試合平均"", ""最近5試合"", ""順位"", ""勝点"", ""得点"", ""失点""]","[""32.09"", ""1.60"", ""7.95"", ""5"", ""30"", ""21"", ""17""]"
20260802,20260609,j2,,ドリブル.html,リーグサマリー:2026特別 J2J3百年構想リーグ チャンスビルディングポイント ドリブルポイント ランキング | データによってサッカーはもっと輝く | Football LAB,リーグサマリー:2026特別 J2J3百年構想リーグ チャンスビルディングポイント ドリブルポイント ランキング | データによってサッカーはもっと輝く | Football LAB,リーグサマリー:2026特別 J2J3百年構想リーグ チャンスビルディングポイント ドリブルポイント ランキング | データによってサッカーはもっと輝く | Football LAB,1,栃木SC,栃木SC,"[""ドリブルポイント"", ""試合平均"", ""最近5試合"", ""順位"", ""勝点"", ""得点"", ""失点""]","[""30.79"", ""1.54"", ""10.06"", ""10"", ""18"", ""23"", ""28""]"
20260802,20260609,j2,,ドリブル.html,リーグサマリー:2026特別 J2J3百年構想リーグ チャンスビルディングポイント ドリブルポイント ランキング | データによってサッカーはもっと輝く | Football LAB,リーグサマリー:2026特別 J2J3百年構想リーグ チャンスビルディングポイント ドリブルポイント ランキング | データによってサッカーはもっと輝く | Football LAB,リーグサマリー:2026特別 J2J3百年構想リーグ チャンスビルディングポイント ドリブルポイント ランキング | データによってサッカーはもっと輝く | Football LAB,1,栃木C,栃木C,"[""ドリブルポイント"", ""試合平均"", ""最近5試合"", ""順位"", ""勝点"", ""得点"", ""失点""]","[""30.17"", ""1.51"", ""7.74"", ""8"", ""21"", ""20"", ""33""]"
20260802,20260609,j2,,ドリブル.html,リーグサマリー:2026特別 J2J3百年構想リーグ チャンスビルディングポイント ドリブルポイント ランキング | データによってサッカーはもっと輝く | Football LAB,リーグサマリー:2026特別 J2J3百年構想リーグ チャンスビルディングポイント ドリブルポイント ランキング | データによってサッカーはもっと輝く | Football LAB,リーグサマリー:2026特別 J2J3百年構想リーグ チャンスビルディングポイント ドリブルポイント ランキング | データによってサッカーはもっと輝く | Football LAB,1,岐阜,岐阜,"[""ドリブルポイント"", ""試合平均"", ""最近5試合"", ""順位"", ""勝点"", ""得点"", ""失点""]","[""29.36"", ""1.47"", ""7.81"", ""6"", ""28"", ""24"", ""26""]"
20260802,20260609,j2,,ドリブル.html,リーグサマリー:2026特別 J2J3百年構想リーグ チャンスビルディングポイント ドリブルポイント ランキング | データによってサッカーはもっと輝く | Football LAB,リーグサマリー:2026特別 J2J3百年構想リーグ チャンスビルディングポイント ドリブルポイント ランキング | データによってサッカーはもっと輝く | Football LAB,リーグサマリー:2026特別 J2J3百年構想リーグ チャンスビルディングポイント ドリブルポイント ランキング | データによってサッカーはもっと輝く | Football LAB,1,大宮,大宮,"[""ドリブルポイント"", ""試合平均"", ""最近5試合"", ""順位"", ""勝点"", ""得点"", ""失点""]","[""28.54"", ""1.43"", ""5.66"", ""4"", ""30"", ""38"", ""28""]"
20260802,20260609,j2,,ドリブル.html,リーグサマリー:2026特別 J2J3百年構想リーグ チャンスビルディングポイント ドリブルポイント ランキング | データによってサッカーはもっと輝く | Football LAB,リーグサマリー:2026特別 J2J3百年構想リーグ チャンスビルディングポイント ドリブルポイント ランキング | データによってサッカーはもっと輝く | Football LAB,リーグサマリー:2026特別 J2J3百年構想リーグ チャンスビルディングポイント ドリブルポイント ランキング | データによってサッカーはもっと輝く | Football LAB,1,北九州,北九州,"[""ドリブルポイント"", ""試合平均"", ""最近5試合"", ""順位"", ""勝点"", ""得点"", ""失点""]","[""28.08"", ""1.40"", ""7.73"", ""10"", ""15"", ""17"", ""32""]"
20260802,20260609,j2,,ドリブル.html,リーグサマリー:2026特別 J2J3百年構想リーグ チャンスビルディングポイント ドリブルポイント ランキング | データによってサッカーはもっと輝く | Football LAB,リーグサマリー:2026特別 J2J3百年構想リーグ チャンスビルディングポイント ドリブルポイント ランキング | データによってサッカーはもっと輝く | Football LAB,リーグサマリー:2026特別 J2J3百年構想リーグ チャンスビルディングポイント ドリブルポイント ランキング | データによってサッカーはもっと輝く | Football LAB,1,宮崎,宮崎,"[""ドリブルポイント"", ""試合平均"", ""最近5試合"", ""順位"", ""勝点"", ""得点"", ""失点""]","[""26.75"", ""1.34"", ""7.40"", ""1"", ""47"", ""35"", ""11""]"
20260802,20260609,j2,,ドリブル.html,リーグサマリー:2026特別 J2J3百年構想リーグ チャンスビルディングポイント ドリブルポイント ランキング | データによってサッカーはもっと輝く | Football LAB,リーグサマリー:2026特別 J2J3百年構想リーグ チャンスビルディングポイント ドリブルポイント ランキング | データによってサッカーはもっと輝く | Football LAB,リーグサマリー:2026特別 J2J3百年構想リーグ チャンスビルディングポイント ドリブルポイント ランキング | データによってサッカーはもっと輝く | Football LAB,1,群馬,群馬,"[""ドリブルポイント"", ""試合平均"", ""最近5試合"", ""順位"", ""勝点"", ""得点"", ""失点""]","[""25.14"", ""1.26"", ""8.24"", ""6"", ""23"", ""26"", ""36""]"
20260802,20260609,j2,,ドリブル.html,リーグサマリー:2026特別 J2J3百年構想リーグ チャンスビルディングポイント ドリブルポイント ランキング | データによってサッカーはもっと輝く | Football LAB,リーグサマリー:2026特別 J2J3百年構想リーグ チャンスビルディングポイント ドリブルポイント ランキング | データによってサッカーはもっと輝く | Football LAB,リーグサマリー:2026特別 J2J3百年構想リーグ チャンスビルディングポイント ドリブルポイント ランキング | データによってサッカーはもっと輝く | Football LAB,1,仙台,仙台,"[""ドリブルポイント"", ""試合平均"", ""最近5試合"", ""順位"", ""勝点"", ""得点"", ""失点""]","[""25.10"", ""1.26"", ""4.10"", ""1"", ""43"", ""32"", ""15""]"
20260802,20260609,j2,,ドリブル.html,リーグサマリー:2026特別 J2J3百年構想リーグ チャンスビルディングポイント ドリブルポイント ランキング | データによってサッカーはもっと輝く | Football LAB,リーグサマリー:2026特別 J2J3百年構想リーグ チャンスビルディングポイント ドリブルポイント ランキング | データによってサッカーはもっと輝く | Football LAB,リーグサマリー:2026特別 J2J3百年構想リーグ チャンスビルディングポイント ドリブルポイント ランキング | データによってサッカーはもっと輝く | Football LAB,1,愛媛,愛媛,"[""ドリブルポイント"", ""試合平均"", ""最近5試合"", ""順位"", ""勝点"", ""得点"", ""失点""]","[""25.06"", ""1.25"", ""6.66"", ""5"", ""28"", ""25"", ""18""]"
20260802,20260609,j2,,ドリブル.html,リーグサマリー:2026特別 J2J3百年構想リーグ チャンスビルディングポイント ドリブルポイント ランキング | データによってサッカーはもっと輝く | Football LAB,リーグサマリー:2026特別 J2J3百年構想リーグ チャンスビルディングポイント ドリブルポイント ランキング | データによってサッカーはもっと輝く | Football LAB,リーグサマリー:2026特別 J2J3百年構想リーグ チャンスビルディングポイント ドリブルポイント ランキング | データによってサッカーはもっと輝く | Football LAB,1,湘南,湘南,"[""ドリブルポイント"", ""試合平均"", ""最近5試合"", ""順位"", ""勝点"", ""得点"", ""失点""]","[""24.58"", ""1.23"", ""4.26"", ""3"", ""31"", ""25"", ""19""]"
20260802,20260609,j2,,ドリブル.html,リーグサマリー:2026特別 J2J3百年構想リーグ チャンスビルディングポイント ドリブルポイント ランキング | データによってサッカーはもっと輝く | Football LAB,リーグサマリー:2026特別 J2J3百年構想リーグ チャンスビルディングポイント ドリブルポイント ランキング | データによってサッカーはもっと輝く | Football LAB,リーグサマリー:2026特別 J2J3百年構想リーグ チャンスビルディングポイント ドリブルポイント ランキング | データによってサッカーはもっと輝く | Football LAB,1,相模原,相模原,"[""ドリブルポイント"", ""試合平均"", ""最近5試合"", ""順位"", ""勝点"", ""得点"", ""失点""]","[""24.16"", ""1.21"", ""6.23"", ""5"", ""28"", ""31"", ""33""]"
20260802,20260609,j2,,ドリブル.html,リーグサマリー:2026特別 J2J3百年構想リーグ チャンスビルディングポイント ドリブルポイント ランキング | データによってサッカーはもっと輝く | Football LAB,リーグサマリー:2026特別 J2J3百年構想リーグ チャンスビルディングポイント ドリブルポイント ランキング | データによってサッカーはもっと輝く | Football LAB,リーグサマリー:2026特別 J2J3百年構想リーグ チャンスビルディングポイント ドリブルポイント ランキング | データによってサッカーはもっと輝く | Football LAB,1,金沢,金沢,"[""ドリブルポイント"", ""試合平均"", ""最近5試合"", ""順位"", ""勝点"", ""得点"", ""失点""]","[""23.24"", ""1.16"", ""8.54"", ""6"", ""27"", ""15"", ""21""]"
20260802,20260609,j2,,ドリブル.html,リーグサマリー:2026特別 J2J3百年構想リーグ チャンスビルディングポイント ドリブルポイント ランキング | データによってサッカーはもっと輝く | Football LAB,リーグサマリー:2026特別 J2J3百年構想リーグ チャンスビルディングポイント ドリブルポイント ランキング | データによってサッカーはもっと輝く | Football LAB,リーグサマリー:2026特別 J2J3百年構想リーグ チャンスビルディングポイント ドリブルポイント ランキング | データによってサッカーはもっと輝く | Football LAB,1,山形,山形,"[""ドリブルポイント"", ""試合平均"", ""最近5試合"", ""順位"", ""勝点"", ""得点"", ""失点""]","[""22.50"", ""1.13"", ""8.58"", ""7"", ""22"", ""20"", ""25""]"
20260802,20260609,j2,,ドリブル.html,リーグサマリー:2026特別 J2J3百年構想リーグ チャンスビルディングポイント ドリブルポイント ランキング | データによってサッカーはもっと輝く | Football LAB,リーグサマリー:2026特別 J2J3百年構想リーグ チャンスビルディングポイント ドリブルポイント ランキング | データによってサッカーはもっと輝く | Football LAB,リーグサマリー:2026特別 J2J3百年構想リーグ チャンスビルディングポイント ドリブルポイント ランキング | データによってサッカーはもっと輝く | Football LAB,1,いわき,いわき,"[""ドリブルポイント"", ""試合平均"", ""最近5試合"", ""順位"", ""勝点"", ""得点"", ""失点""]","[""22.28"", ""1.11"", ""5.90"", ""3"", ""31"", ""22"", ""18""]"
20260802,20260609,j2,,ドリブル.html,リーグサマリー:2026特別 J2J3百年構想リーグ チャンスビルディングポイント ドリブルポイント ランキング | データによってサッカーはもっと輝く | Football LAB,リーグサマリー:2026特別 J2J3百年構想リーグ チャンスビルディングポイント ドリブルポイント ランキング | データによってサッカーはもっと輝く | Football LAB,リーグサマリー:2026特別 J2J3百年構想リーグ チャンスビルディングポイント ドリブルポイント ランキング | データによってサッカーはもっと輝く | Football LAB,1,今治,今治,"[""ドリブルポイント"", ""試合平均"", ""最近5試合"", ""順位"", ""勝点"", ""得点"", ""失点""]","[""21.23"", ""1.06"", ""5.13"", ""9"", ""20"", ""14"", ""18""]"
20260802,20260609,j2,,ドリブル.html,リーグサマリー:2026特別 J2J3百年構想リーグ チャンスビルディングポイント ドリブルポイント ランキング | データによってサッカーはもっと輝く | Football LAB,リーグサマリー:2026特別 J2J3百年構想リーグ チャンスビルディングポイント ドリブルポイント ランキング | データによってサッカーはもっと輝く | Football LAB,リーグサマリー:2026特別 J2J3百年構想リーグ チャンスビルディングポイント ドリブルポイント ランキング | データによってサッカーはもっと輝く | Football LAB,1,札幌,札幌,"[""ドリブルポイント"", ""試合平均"", ""最近5試合"", ""順位"", ""勝点"", ""得点"", ""失点""]","[""21.21"", ""1.06"", ""6.05"", ""2"", ""31"", ""26"", ""22""]"
20260802,20260609,j2,,ドリブル.html,リーグサマリー:2026特別 J2J3百年構想リーグ チャンスビルディングポイント ドリブルポイント ランキング | データによってサッカーはもっと輝く | Football LAB,リーグサマリー:2026特別 J2J3百年構想リーグ チャンスビルディングポイント ドリブルポイント ランキング | データによってサッカーはもっと輝く | Football LAB,リーグサマリー:2026特別 J2J3百年構想リーグ チャンスビルディングポイント ドリブルポイント ランキング | データによってサッカーはもっと輝く | Football LAB,1,八戸,八戸,"[""ドリブルポイント"", ""試合平均"", ""最近5試合"", ""順位"", ""勝点"", ""得点"", ""失点""]","[""20.91"", ""1.05"", ""6.83"", ""9"", ""20"", ""15"", ""19""]"
20260802,20260609,j2,,ドリブル.html,リーグサマリー:2026特別 J2J3百年構想リーグ チャンスビルディングポイント ドリブルポイント ランキング | データによってサッカーはもっと輝く | Football LAB,リーグサマリー:2026特別 J2J3百年構想リーグ チャンスビルディングポイント ドリブルポイント ランキング | データによってサッカーはもっと輝く | Football LAB,リーグサマリー:2026特別 J2J3百年構想リーグ チャンスビルディングポイント ドリブルポイント ランキング | データによってサッカーはもっと輝く | Football LAB,1,奈良,奈良,"[""ドリブルポイント"", ""試合平均"", ""最近5試合"", ""順位"", ""勝点"", ""得点"", ""失点""]","[""20.84"", ""1.04"", ""4.34"", ""7"", ""21"", ""25"", ""34""]"
20260802,20260609,j2,,ドリブル.html,リーグサマリー:2026特別 J2J3百年構想リーグ チャンスビルディングポイント ドリブルポイント ランキング | データによってサッカーはもっと輝く | Football LAB,リーグサマリー:2026特別 J2J3百年構想リーグ チャンスビルディングポイント ドリブルポイント ランキング | データによってサッカーはもっと輝く | Football LAB,リーグサマリー:2026特別 J2J3百年構想リーグ チャンスビルディングポイント ドリブルポイント ランキング | データによってサッカーはもっと輝く | Football LAB,1,新潟,新潟,"[""ドリブルポイント"", ""試合平均"", ""最近5試合"", ""順位"", ""勝点"", ""得点"", ""失点""]","[""20.84"", ""1.04"", ""6.73"", ""2"", ""35"", ""21"", ""17""]"
20260802,20260609,j2,,ドリブル.html,リーグサマリー:2026特別 J2J3百年構想リーグ チャンスビルディングポイント ドリブルポイント ランキング | データによってサッカーはもっと輝く | Football LAB,リーグサマリー:2026特別 J2J3百年構想リーグ チャンスビルディングポイント ドリブルポイント ランキング | データによってサッカーはもっと輝く | Football LAB,リーグサマリー:2026特別 J2J3百年構想リーグ チャンスビルディングポイント ドリブルポイント ランキング | データによってサッカーはもっと輝く | Football LAB,1,鳥取,鳥取,"[""ドリブルポイント"", ""試合平均"", ""最近5試合"", ""順位"", ""勝点"", ""得点"", ""失点""]","[""20.29"", ""1.01"", ""6.93"", ""6"", ""27"", ""20"", ""24""]"
20260802,20260609,j2,,ドリブル.html,リーグサマリー:2026特別 J2J3百年構想リーグ チャンスビルディングポイント ドリブルポイント ランキング | データによってサッカーはもっと輝く | Football LAB,リーグサマリー:2026特別 J2J3百年構想リーグ チャンスビルディングポイント ドリブルポイント ランキング | データによってサッカーはもっと輝く | Football LAB,リーグサマリー:2026特別 J2J3百年構想リーグ チャンスビルディングポイント ドリブルポイント ランキング | データによってサッカーはもっと輝く | Football LAB,1,熊本,熊本,"[""ドリブルポイント"", ""試合平均"", ""最近5試合"", ""順位"", ""勝点"", ""得点"", ""失点""]","[""20.04"", ""1.00"", ""2.86"", ""5"", ""27"", ""20"", ""20""]"
20260802,20260609,j2,,ドリブル.html,リーグサマリー:2026特別 J2J3百年構想リーグ チャンスビルディングポイント ドリブルポイント ランキング | データによってサッカーはもっと輝く | Football LAB,リーグサマリー:2026特別 J2J3百年構想リーグ チャンスビルディングポイント ドリブルポイント ランキング | データによってサッカーはもっと輝く | Football LAB,リーグサマリー:2026特別 J2J3百年構想リーグ チャンスビルディングポイント ドリブルポイント ランキング | データによってサッカーはもっと輝く | Football LAB,1,鹿児島,鹿児島,"[""ドリブルポイント"", ""試合平均"", ""最近5試合"", ""順位"", ""勝点"", ""得点"", ""失点""]","[""19.52"", ""0.98"", ""3.08"", ""2"", ""33"", ""23"", ""15""]"
20260802,20260609,j2,,ドリブル.html,リーグサマリー:2026特別 J2J3百年構想リーグ チャンスビルディングポイント ドリブルポイント ランキング | データによってサッカーはもっと輝く | Football LAB,リーグサマリー:2026特別 J2J3百年構想リーグ チャンスビルディングポイント ドリブルポイント ランキング | データによってサッカーはもっと輝く | Football LAB,リーグサマリー:2026特別 J2J3百年構想リーグ チャンスビルディングポイント ドリブルポイント ランキング | データによってサッカーはもっと輝く | Football LAB,1,秋田,秋田,"[""ドリブルポイント"", ""試合平均"", ""最近5試合"", ""順位"", ""勝点"", ""得点"", ""失点""]","[""19.27"", ""0.96"", ""6.08"", ""2"", ""35"", ""23"", ""14""]"
20260802,20260609,j2,,ドリブル.html,リーグサマリー:2026特別 J2J3百年構想リーグ チャンスビルディングポイント ドリブルポイント ランキング | データによってサッカーはもっと輝く | Football LAB,リーグサマリー:2026特別 J2J3百年構想リーグ チャンスビルディングポイント ドリブルポイント ランキング | データによってサッカーはもっと輝く | Football LAB,リーグサマリー:2026特別 J2J3百年構想リーグ チャンスビルディングポイント ドリブルポイント ランキング | データによってサッカーはもっと輝く | Football LAB,1,山口,山口,"[""ドリブルポイント"", ""試合平均"", ""最近5試合"", ""順位"", ""勝点"", ""得点"", ""失点""]","[""18.99"", ""0.95"", ""3.25"", ""4"", ""29"", ""24"", ""22""]"
20260802,20260609,j2,,ドリブル.html,リーグサマリー:2026特別 J2J3百年構想リーグ チャンスビルディングポイント ドリブルポイント ランキング | データによってサッカーはもっと輝く | Football LAB,リーグサマリー:2026特別 J2J3百年構想リーグ チャンスビルディングポイント ドリブルポイント ランキング | データによってサッカーはもっと輝く | Football LAB,リーグサマリー:2026特別 J2J3百年構想リーグ チャンスビルディングポイント ドリブルポイント ランキング | データによってサッカーはもっと輝く | Football LAB,1,大分,大分,"[""ドリブルポイント"", ""試合平均"", ""最近5試合"", ""順位"", ""勝点"", ""得点"", ""失点""]","[""18.95"", ""0.95"", ""2.62"", ""7"", ""22"", ""18"", ""18""]"
20260802,20260609,j2,,ドリブル.html,リーグサマリー:2026特別 J2J3百年構想リーグ チャンスビルディングポイント ドリブルポイント ランキング | データによってサッカーはもっと輝く | Football LAB,リーグサマリー:2026特別 J2J3百年構想リーグ チャンスビルディングポイント ドリブルポイント ランキング | データによってサッカーはもっと輝く | Football LAB,リーグサマリー:2026特別 J2J3百年構想リーグ チャンスビルディングポイント ドリブルポイント ランキング | データによってサッカーはもっと輝く | Football LAB,1,長野,長野,"[""ドリブルポイント"", ""試合平均"", ""最近5試合"", ""順位"", ""勝点"", ""得点"", ""失点""]","[""18.61"", ""0.93"", ""6.31"", ""10"", ""16"", ""15"", ""33""]"
20260802,20260609,j2,,ドリブル.html,リーグサマリー:2026特別 J2J3百年構想リーグ チャンスビルディングポイント ドリブルポイント ランキング | データによってサッカーはもっと輝く | Football LAB,リーグサマリー:2026特別 J2J3百年構想リーグ チャンスビルディングポイント ドリブルポイント ランキング | データによってサッカーはもっと輝く | Football LAB,リーグサマリー:2026特別 J2J3百年構想リーグ チャンスビルディングポイント ドリブルポイント ランキング | データによってサッカーはもっと輝く | Football LAB,1,甲府,甲府,"[""ドリブルポイント"", ""試合平均"", ""最近5試合"", ""順位"", ""勝点"", ""得点"", ""失点""]","[""18.33"", ""0.92"", ""4.46"", ""1"", ""35"", ""21"", ""13""]"
20260802,20260609,j2,,ドリブル.html,リーグサマリー:2026特別 J2J3百年構想リーグ チャンスビルディングポイント ドリブルポイント ランキング | データによってサッカーはもっと輝く | Football LAB,リーグサマリー:2026特別 J2J3百年構想リーグ チャンスビルディングポイント ドリブルポイント ランキング | データによってサッカーはもっと輝く | Football LAB,リーグサマリー:2026特別 J2J3百年構想リーグ チャンスビルディングポイント ドリブルポイント ランキング | データによってサッカーはもっと輝く | Football LAB,1,琉球,琉球,"[""ドリブルポイント"", ""試合平均"", ""最近5試合"", ""順位"", ""勝点"", ""得点"", ""失点""]","[""17.50"", ""0.87"", ""4.93"", ""9"", ""17"", ""13"", ""25""]"
20260802,20260609,j2,,ドリブル.html,リーグサマリー:2026特別 J2J3百年構想リーグ チャンスビルディングポイント ドリブルポイント ランキング | データによってサッカーはもっと輝く | Football LAB,リーグサマリー:2026特別 J2J3百年構想リーグ チャンスビルディングポイント ドリブルポイント ランキング | データによってサッカーはもっと輝く | Football LAB,リーグサマリー:2026特別 J2J3百年構想リーグ チャンスビルディングポイント ドリブルポイント ランキング | データによってサッカーはもっと輝く | Football LAB,1,滋賀,滋賀,"[""ドリブルポイント"", ""試合平均"", ""最近5試合"", ""順位"", ""勝点"", ""得点"", ""失点""]","[""17.44"", ""0.87"", ""6.53"", ""8"", ""21"", ""15"", ""28""]"
20260802,20260609,j2,,ドリブル.html,リーグサマリー:2026特別 J2J3百年構想リーグ チャンスビルディングポイント ドリブルポイント ランキング | データによってサッカーはもっと輝く | Football LAB,リーグサマリー:2026特別 J2J3百年構想リーグ チャンスビルディングポイント ドリブルポイント ランキング | データによってサッカーはもっと輝く | Football LAB,リーグサマリー:2026特別 J2J3百年構想リーグ チャンスビルディングポイント ドリブルポイント ランキング | データによってサッカーはもっと輝く | Football LAB,1,松本,松本,"[""ドリブルポイント"", ""試合平均"", ""最近5試合"", ""順位"", ""勝点"", ""得点"", ""失点""]","[""16.76"", ""0.84"", ""4.91"", ""7"", ""26"", ""31"", ""21""]"
20260802,20260609,j2,,ドリブル.html,リーグサマリー:2026特別 J2J3百年構想リーグ チャンスビルディングポイント ドリブルポイント ランキング | データによってサッカーはもっと輝く | Football LAB,リーグサマリー:2026特別 J2J3百年構想リーグ チャンスビルディングポイント ドリブルポイント ランキング | データによってサッカーはもっと輝く | Football LAB,リーグサマリー:2026特別 J2J3百年構想リーグ チャンスビルディングポイント ドリブルポイント ランキング | データによってサッカーはもっと輝く | Football LAB,1,磐田,磐田,"[""ドリブルポイント"", ""試合平均"", ""最近5試合"", ""順位"", ""勝点"", ""得点"", ""失点""]","[""15.60"", ""0.78"", ""4.00"", ""8"", ""25"", ""16"", ""23""]"
20260802,20260609,j2,,ドリブル.html,リーグサマリー:2026特別 J2J3百年構想リーグ チャンスビルディングポイント ドリブルポイント ランキング | データによってサッカーはもっと輝く | Football LAB,リーグサマリー:2026特別 J2J3百年構想リーグ チャンスビルディングポイント ドリブルポイント ランキング | データによってサッカーはもっと輝く | Football LAB,リーグサマリー:2026特別 J2J3百年構想リーグ チャンスビルディングポイント ドリブルポイント ランキング | データによってサッカーはもっと輝く | Football LAB,1,讃岐,讃岐,"[""ドリブルポイント"", ""試合平均"", ""最近5試合"", ""順位"", ""勝点"", ""得点"", ""失点""]","[""15.58"", ""0.78"", ""3.91"", ""10"", ""19"", ""14"", ""32""]"
20260802,20260609,j2,,ドリブル.html,リーグサマリー:2026特別 J2J3百年構想リーグ チャンスビルディングポイント ドリブルポイント ランキング | データによってサッカーはもっと輝く | Football LAB,リーグサマリー:2026特別 J2J3百年構想リーグ チャンスビルディングポイント ドリブルポイント ランキング | データによってサッカーはもっと輝く | Football LAB,リーグサマリー:2026特別 J2J3百年構想リーグ チャンスビルディングポイント ドリブルポイント ランキング | データによってサッカーはもっと輝く | Football LAB,1,高知,高知,"[""ドリブルポイント"", ""試合平均"", ""最近5試合"", ""順位"", ""勝点"", ""得点"", ""失点""]","[""12.86"", ""0.64"", ""4.18"", ""4"", ""30"", ""23"", ""21""]"
20260802,20260609,j2,,ドリブル.html,リーグサマリー:2026特別 J2J3百年構想リーグ チャンスビルディングポイント ドリブルポイント ランキング | データによってサッカーはもっと輝く | Football LAB,リーグサマリー:2026特別 J2J3百年構想リーグ チャンスビルディングポイント ドリブルポイント ランキング | データによってサッカーはもっと輝く | Football LAB,リーグサマリー:2026特別 J2J3百年構想リーグ チャンスビルディングポイント ドリブルポイント ランキング | データによってサッカーはもっと輝く | Football LAB,2,中村 優斗,中村優斗,"[""ドリブルポイント"", ""90分平均"", ""最近5試合"", ""出場試合"", ""攻撃CBP"", ""奪取P""]","["""", ""13.67"", ""0.73"", ""3.30"", ""20"", ""43.58"", ""124.66""]"
20260802,20260609,j2,,ドリブル.html,リーグサマリー:2026特別 J2J3百年構想リーグ チャンスビルディングポイント ドリブルポイント ランキング | データによってサッカーはもっと輝く | Football LAB,リーグサマリー:2026特別 J2J3百年構想リーグ チャンスビルディングポイント ドリブルポイント ランキング | データによってサッカーはもっと輝く | Football LAB,リーグサマリー:2026特別 J2J3百年構想リーグ チャンスビルディングポイント ドリブルポイント ランキング | データによってサッカーはもっと輝く | Football LAB,2,斉藤 涼優,斉藤涼優,"[""ドリブルポイント"", ""90分平均"", ""最近5試合"", ""出場試合"", ""攻撃CBP"", ""奪取P""]","["""", ""10.75"", ""0.70"", ""3.38"", ""20"", ""39.99"", ""135.32""]"
20260802,20260609,j2,,ドリブル.html,リーグサマリー:2026特別 J2J3百年構想リーグ チャンスビルディングポイント ドリブルポイント ランキング | データによってサッカーはもっと輝く | Football LAB,リーグサマリー:2026特別 J2J3百年構想リーグ チャンスビルディングポイント ドリブルポイント ランキング | データによってサッカーはもっと輝く | Football LAB,リーグサマリー:2026特別 J2J3百年構想リーグ チャンスビルディングポイント ドリブルポイント ランキング | データによってサッカーはもっと輝く | Football LAB,2,泉 柊椰,泉柊椰,"[""ドリブルポイント"", ""90分平均"", ""最近5試合"", ""出場試合"", ""攻撃CBP"", ""奪取P""]","["""", ""9.86"", ""0.60"", ""2.09"", ""20"", ""34.77"", ""134.98""]"
20260802,20260609,j2,,ドリブル.html,リーグサマリー:2026特別 J2J3百年構想リーグ チャンスビルディングポイント ドリブルポイント ランキング | データによってサッカーはもっと輝く | Football LAB,リーグサマリー:2026特別 J2J3百年構想リーグ チャンスビルディングポイント ドリブルポイント ランキング | データによってサッカーはもっと輝く | Football LAB,リーグサマリー:2026特別 J2J3百年構想リーグ チャンスビルディングポイント ドリブルポイント ランキング | データによってサッカーはもっと輝く | Football LAB,2,四宮 悠成,四宮悠成,"[""ドリブルポイント"", ""90分平均"", ""最近5試合"", ""出場試合"", ""攻撃CBP"", ""奪取P""]","["""", ""9.54"", ""0.65"", ""2.91"", ""19"", ""29.38"", ""100.94""]"
20260802,20260609,j2,,ドリブル.html,リーグサマリー:2026特別 J2J3百年構想リーグ チャンスビルディングポイント ドリブルポイント ランキング | データによってサッカーはもっと輝く | Football LAB,リーグサマリー:2026特別 J2J3百年構想リーグ チャンスビルディングポイント ドリブルポイント ランキング | データによってサッカーはもっと輝く | Football LAB,リーグサマリー:2026特別 J2J3百年構想リーグ チャンスビルディングポイント ドリブルポイント ランキング | データによってサッカーはもっと輝く | Football LAB,2,川名 連介,川名連介,"[""ドリブルポイント"", ""90分平均"", ""最近5試合"", ""出場試合"", ""攻撃CBP"", ""奪取P""]","["""", ""9.37"", ""0.86"", ""4.73"", ""14"", ""24.99"", ""65.94""]"
20260802,20260609,j2,,ドリブル.html,リーグサマリー:2026特別 J2J3百年構想リーグ チャンスビルディングポイント ドリブルポイント ランキング | データによってサッカーはもっと輝く | Football LAB,リーグサマリー:2026特別 J2J3百年構想リーグ チャンスビルディングポイント ドリブルポイント ランキング | データによってサッカーはもっと輝く | Football LAB,リーグサマリー:2026特別 J2J3百年構想リーグ チャンスビルディングポイント ドリブルポイント ランキング | データによってサッカーはもっと輝く | Football LAB,2,亀田 歩夢,亀田歩夢,"[""ドリブルポイント"", ""90分平均"", ""最近5試合"", ""出場試合"", ""攻撃CBP"", ""奪取P""]","["""", ""8.63"", ""0.70"", ""2.06"", ""18"", ""36.22"", ""111.39""]"
20260802,20260609,j2,,ドリブル.html,リーグサマリー:2026特別 J2J3百年構想リーグ チャンスビルディングポイント ドリブルポイント ランキング | データによってサッカーはもっと輝く | Football LAB,リーグサマリー:2026特別 J2J3百年構想リーグ チャンスビルディングポイント ドリブルポイント ランキング | データによってサッカーはもっと輝く | Football LAB,リーグサマリー:2026特別 J2J3百年構想リーグ チャンスビルディングポイント ドリブルポイント ランキング | データによってサッカーはもっと輝く | Football LAB,2,音泉 翔眞,音泉翔眞,"[""ドリブルポイント"", ""90分平均"", ""最近5試合"", ""出場試合"", ""攻撃CBP"", ""奪取P""]","["""", ""8.20"", ""0.42"", ""3.10"", ""19"", ""35.46"", ""151.88""]"
20260802,20260609,j2,,ドリブル.html,リーグサマリー:2026特別 J2J3百年構想リーグ チャンスビルディングポイント ドリブルポイント ランキング | データによってサッカーはもっと輝く | Football LAB,リーグサマリー:2026特別 J2J3百年構想リーグ チャンスビルディングポイント ドリブルポイント ランキング | データによってサッカーはもっと輝く | Football LAB,リーグサマリー:2026特別 J2J3百年構想リーグ チャンスビルディングポイント ドリブルポイント ランキング | データによってサッカーはもっと輝く | Football LAB,2,上畑 佑平士,上畑佑平士,"[""ドリブルポイント"", ""90分平均"", ""最近5試合"", ""出場試合"", ""攻撃CBP"", ""奪取P""]","["""", ""7.98"", ""0.54"", ""3.90"", ""18"", ""35.74"", ""165.33""]"
20260802,20260609,j2,,ドリブル.html,リーグサマリー:2026特別 J2J3百年構想リーグ チャンスビルディングポイント ドリブルポイント ランキング | データによってサッカーはもっと輝く | Football LAB,リーグサマリー:2026特別 J2J3百年構想リーグ チャンスビルディングポイント ドリブルポイント ランキング | データによってサッカーはもっと輝く | Football LAB,リーグサマリー:2026特別 J2J3百年構想リーグ チャンスビルディングポイント ドリブルポイント ランキング | データによってサッカーはもっと輝く | Football LAB,2,小西 宏登,小西宏登,"[""ドリブルポイント"", ""90分平均"", ""最近5試合"", ""出場試合"", ""攻撃CBP"", ""奪取P""]","["""", ""7.86"", ""0.57"", ""1.98"", ""18"", ""25.27"", ""101.50""]"
20260802,20260609,j2,,ドリブル.html,リーグサマリー:2026特別 J2J3百年構想リーグ チャンスビルディングポイント ドリブルポイント ランキング | データによってサッカーはもっと輝く | Football LAB,リーグサマリー:2026特別 J2J3百年構想リーグ チャンスビルディングポイント ドリブルポイント ランキング | データによってサッカーはもっと輝く | Football LAB,リーグサマリー:2026特別 J2J3百年構想リーグ チャンスビルディングポイント ドリブルポイント ランキング | データによってサッカーはもっと輝く | Football LAB,2,加藤 悠馬,加藤悠馬,"[""ドリブルポイント"", ""90分平均"", ""最近5試合"", ""出場試合"", ""攻撃CBP"", ""奪取P""]","["""", ""7.61"", ""0.48"", ""1.36"", ""20"", ""25.46"", ""123.38""]"
20260802,20260609,j2,,ドリブル.html,リーグサマリー:2026特別 J2J3百年構想リーグ チャンスビルディングポイント ドリブルポイント ランキング | データによってサッカーはもっと輝く | Football LAB,リーグサマリー:2026特別 J2J3百年構想リーグ チャンスビルディングポイント ドリブルポイント ランキング | データによってサッカーはもっと輝く | Football LAB,リーグサマリー:2026特別 J2J3百年構想リーグ チャンスビルディングポイント ドリブルポイント ランキング | データによってサッカーはもっと輝く | Football LAB,2,吉原 楓人,吉原楓人,"[""ドリブルポイント"", ""90分平均"", ""最近5試合"", ""出場試合"", ""攻撃CBP"", ""奪取P""]","["""", ""7.50"", ""0.68"", ""1.87"", ""16"", ""17.48"", ""39.96""]"
20260802,20260609,j2,,ドリブル.html,リーグサマリー:2026特別 J2J3百年構想リーグ チャンスビルディングポイント ドリブルポイント ランキング | データによってサッカーはもっと輝く | Football LAB,リーグサマリー:2026特別 J2J3百年構想リーグ チャンスビルディングポイント ドリブルポイント ランキング | データによってサッカーはもっと輝く | Football LAB,リーグサマリー:2026特別 J2J3百年構想リーグ チャンスビルディングポイント ドリブルポイント ランキング | データによってサッカーはもっと輝く | Football LAB,2,塩浜 遼,塩浜遼,"[""ドリブルポイント"", ""90分平均"", ""最近5試合"", ""出場試合"", ""攻撃CBP"", ""奪取P""]","["""", ""7.02"", ""0.65"", ""3.22"", ""15"", ""17.76"", ""47.26""]"
20260802,20260609,j2,,ドリブル.html,リーグサマリー:2026特別 J2J3百年構想リーグ チャンスビルディングポイント ドリブルポイント ランキング | データによってサッカーはもっと輝く | Football LAB,リーグサマリー:2026特別 J2J3百年構想リーグ チャンスビルディングポイント ドリブルポイント ランキング | データによってサッカーはもっと輝く | Football LAB,リーグサマリー:2026特別 J2J3百年構想リーグ チャンスビルディングポイント ドリブルポイント ランキング | データによってサッカーはもっと輝く | Football LAB,2,杉本 蓮,杉本蓮,"[""ドリブルポイント"", ""90分平均"", ""最近5試合"", ""出場試合"", ""攻撃CBP"", ""奪取P""]","["""", ""6.80"", ""0.45"", ""1.18"", ""19"", ""28.03"", ""110.22""]"
20260802,20260609,j2,,ドリブル.html,リーグサマリー:2026特別 J2J3百年構想リーグ チャンスビルディングポイント ドリブルポイント ランキング | データによってサッカーはもっと輝く | Football LAB,リーグサマリー:2026特別 J2J3百年構想リーグ チャンスビルディングポイント ドリブルポイント ランキング | データによってサッカーはもっと輝く | Football LAB,リーグサマリー:2026特別 J2J3百年構想リーグ チャンスビルディングポイント ドリブルポイント ランキング | データによってサッカーはもっと輝く | Football LAB,2,川本 梨誉,川本梨誉,"[""ドリブルポイント"", ""90分平均"", ""最近5試合"", ""出場試合"", ""攻撃CBP"", ""奪取P""]","["""", ""6.79"", ""0.40"", ""2.23"", ""19"", ""24.96"", ""102.13""]"
20260802,20260609,j2,,ドリブル.html,リーグサマリー:2026特別 J2J3百年構想リーグ チャンスビルディングポイント ドリブルポイント ランキング | データによってサッカーはもっと輝く | Football LAB,リーグサマリー:2026特別 J2J3百年構想リーグ チャンスビルディングポイント ドリブルポイント ランキング | データによってサッカーはもっと輝く | Football LAB,リーグサマリー:2026特別 J2J3百年構想リーグ チャンスビルディングポイント ドリブルポイント ランキング | データによってサッカーはもっと輝く | Football LAB,2,福田 望久斗,福田望久斗,"[""ドリブルポイント"", ""90分平均"", ""最近5試合"", ""出場試合"", ""攻撃CBP"", ""奪取P""]","["""", ""6.60"", ""0.60"", ""0.62"", ""19"", ""21.37"", ""108.37""]"
20260802,20260609,j2,,ドリブル.html,リーグサマリー:2026特別 J2J3百年構想リーグ チャンスビルディングポイント ドリブルポイント ランキング | データによってサッカーはもっと輝く | Football LAB,リーグサマリー:2026特別 J2J3百年構想リーグ チャンスビルディングポイント ドリブルポイント ランキング | データによってサッカーはもっと輝く | Football LAB,リーグサマリー:2026特別 J2J3百年構想リーグ チャンスビルディングポイント ドリブルポイント ランキング | データによってサッカーはもっと輝く | Football LAB,2,阿野 真拓,阿野真拓,"[""ドリブルポイント"", ""90分平均"", ""最近5試合"", ""出場試合"", ""攻撃CBP"", ""奪取P""]","["""", ""6.58"", ""0.43"", ""1.82"", ""18"", ""16.71"", ""137.89""]"
20260802,20260609,j2,,ドリブル.html,リーグサマリー:2026特別 J2J3百年構想リーグ チャンスビルディングポイント ドリブルポイント ランキング | データによってサッカーはもっと輝く | Football LAB,リーグサマリー:2026特別 J2J3百年構想リーグ チャンスビルディングポイント ドリブルポイント ランキング | データによってサッカーはもっと輝く | Football LAB,リーグサマリー:2026特別 J2J3百年構想リーグ チャンスビルディングポイント ドリブルポイント ランキング | データによってサッカーはもっと輝く | Football LAB,2,浅倉 廉,浅倉廉,"[""ドリブルポイント"", ""90分平均"", ""最近5試合"", ""出場試合"", ""攻撃CBP"", ""奪取P""]","["""", ""6.32"", ""0.43"", ""0.87"", ""19"", ""29.29"", ""100.04""]"
20260802,20260609,j2,,ドリブル.html,リーグサマリー:2026特別 J2J3百年構想リーグ チャンスビルディングポイント ドリブルポイント ランキング | データによってサッカーはもっと輝く | Football LAB,リーグサマリー:2026特別 J2J3百年構想リーグ チャンスビルディングポイント ドリブルポイント ランキング | データによってサッカーはもっと輝く | Football LAB,リーグサマリー:2026特別 J2J3百年構想リーグ チャンスビルディングポイント ドリブルポイント ランキング | データによってサッカーはもっと輝く | Football LAB,2,坂本 亘基,坂本亘基,"[""ドリブルポイント"", ""90分平均"", ""最近5試合"", ""出場試合"", ""攻撃CBP"", ""奪取P""]","["""", ""6.29"", ""0.42"", ""1.74"", ""19"", ""25.43"", ""97.83""]"
20260802,20260609,j2,,ドリブル.html,リーグサマリー:2026特別 J2J3百年構想リーグ チャンスビルディングポイント ドリブルポイント ランキング | データによってサッカーはもっと輝く | Football LAB,リーグサマリー:2026特別 J2J3百年構想リーグ チャンスビルディングポイント ドリブルポイント ランキング | データによってサッカーはもっと輝く | Football LAB,リーグサマリー:2026特別 J2J3百年構想リーグ チャンスビルディングポイント ドリブルポイント ランキング | データによってサッカーはもっと輝く | Football LAB,2,髙田 颯也,髙田颯也,"[""ドリブルポイント"", ""90分平均"", ""最近5試合"", ""出場試合"", ""攻撃CBP"", ""奪取P""]","["""", ""6.07"", ""1.54"", ""2.82"", ""15"", ""12.94"", ""32.64""]"
20260802,20260609,j2,,ドリブル.html,リーグサマリー:2026特別 J2J3百年構想リーグ チャンスビルディングポイント ドリブルポイント ランキング | データによってサッカーはもっと輝く | Football LAB,リーグサマリー:2026特別 J2J3百年構想リーグ チャンスビルディングポイント ドリブルポイント ランキング | データによってサッカーはもっと輝く | Football LAB,リーグサマリー:2026特別 J2J3百年構想リーグ チャンスビルディングポイント ドリブルポイント ランキング | データによってサッカーはもっと輝く | Football LAB,2,岡田 優希,岡田優希,"[""ドリブルポイント"", ""90分平均"", ""最近5試合"", ""出場試合"", ""攻撃CBP"", ""奪取P""]","["""", ""5.98"", ""0.39"", ""0.47"", ""20"", ""31.29"", ""49.61""]"
20260802,20260609,j2,,ドリブル.html,リーグサマリー:2026特別 J2J3百年構想リーグ チャンスビルディングポイント ドリブルポイント ランキング | データによってサッカーはもっと輝く | Football LAB,リーグサマリー:2026特別 J2J3百年構想リーグ チャンスビルディングポイント ドリブルポイント ランキング | データによってサッカーはもっと輝く | Football LAB,リーグサマリー:2026特別 J2J3百年構想リーグ チャンスビルディングポイント ドリブルポイント ランキング | データによってサッカーはもっと輝く | Football LAB,2,野瀬 龍世,野瀬龍世,"[""ドリブルポイント"", ""90分平均"", ""最近5試合"", ""出場試合"", ""攻撃CBP"", ""奪取P""]","["""", ""5.97"", ""0.64"", ""0.90"", ""19"", ""26.16"", ""41.26""]"
20260802,20260609,j2,,ドリブル.html,リーグサマリー:2026特別 J2J3百年構想リーグ チャンスビルディングポイント ドリブルポイント ランキング | データによってサッカーはもっと輝く | Football LAB,リーグサマリー:2026特別 J2J3百年構想リーグ チャンスビルディングポイント ドリブルポイント ランキング | データによってサッカーはもっと輝く | Football LAB,リーグサマリー:2026特別 J2J3百年構想リーグ チャンスビルディングポイント ドリブルポイント ランキング | データによってサッカーはもっと輝く | Football LAB,2,田中 パウロ淳一,田中パウロ淳一,"[""ドリブルポイント"", ""90分平均"", ""最近5試合"", ""出場試合"", ""攻撃CBP"", ""奪取P""]","["""", ""5.89"", ""0.38"", ""0.98"", ""20"", ""26.99"", ""68.32""]"
20260802,20260609,j2,,ドリブル.html,リーグサマリー:2026特別 J2J3百年構想リーグ チャンスビルディングポイント ドリブルポイント ランキング | データによってサッカーはもっと輝く | Football LAB,リーグサマリー:2026特別 J2J3百年構想リーグ チャンスビルディングポイント ドリブルポイント ランキング | データによってサッカーはもっと輝く | Football LAB,リーグサマリー:2026特別 J2J3百年構想リーグ チャンスビルディングポイント ドリブルポイント ランキング | データによってサッカーはもっと輝く | Football LAB,2,遠藤 貴成,遠藤貴成,"[""ドリブルポイント"", ""90分平均"", ""最近5試合"", ""出場試合"", ""攻撃CBP"", ""奪取P""]","["""", ""5.88"", ""1.52"", ""1.05"", ""15"", ""10.56"", ""27.92""]"
20260802,20260609,j2,,ドリブル.html,リーグサマリー:2026特別 J2J3百年構想リーグ チャンスビルディングポイント ドリブルポイント ランキング | データによってサッカーはもっと輝く | Football LAB,リーグサマリー:2026特別 J2J3百年構想リーグ チャンスビルディングポイント ドリブルポイント ランキング | データによってサッカーはもっと輝く | Football LAB,リーグサマリー:2026特別 J2J3百年構想リーグ チャンスビルディングポイント ドリブルポイント ランキング | データによってサッカーはもっと輝く | Football LAB,2,弓場 堅真,弓場堅真,"[""ドリブルポイント"", ""90分平均"", ""最近5試合"", ""出場試合"", ""攻撃CBP"", ""奪取P""]","["""", ""5.83"", ""0.34"", ""1.36"", ""20"", ""25.02"", ""133.61""]"
20260802,20260609,j2,,ドリブル.html,リーグサマリー:2026特別 J2J3百年構想リーグ チャンスビルディングポイント ドリブルポイント ランキング | データによってサッカーはもっと輝く | Football LAB,リーグサマリー:2026特別 J2J3百年構想リーグ チャンスビルディングポイント ドリブルポイント ランキング | データによってサッカーはもっと輝く | Football LAB,リーグサマリー:2026特別 J2J3百年構想リーグ チャンスビルディングポイント ドリブルポイント ランキング | データによってサッカーはもっと輝く | Football LAB,2,モハマド ファルザン佐名,モハマドファルザン佐名,"[""ドリブルポイント"", ""90分平均"", ""最近5試合"", ""出場試合"", ""攻撃CBP"", ""奪取P""]","["""", ""5.76"", ""0.63"", ""3.52"", ""14"", ""15.81"", ""68.15""]"
20260802,20260609,j2,,ドリブル.html,リーグサマリー:2026特別 J2J3百年構想リーグ チャンスビルディングポイント ドリブルポイント ランキング | データによってサッカーはもっと輝く | Football LAB,リーグサマリー:2026特別 J2J3百年構想リーグ チャンスビルディングポイント ドリブルポイント ランキング | データによってサッカーはもっと輝く | Football LAB,リーグサマリー:2026特別 J2J3百年構想リーグ チャンスビルディングポイント ドリブルポイント ランキング | データによってサッカーはもっと輝く | Football LAB,2,下川 陽太,下川陽太,"[""ドリブルポイント"", ""90分平均"", ""最近5試合"", ""出場試合"", ""攻撃CBP"", ""奪取P""]","["""", ""5.74"", ""0.30"", ""1.62"", ""20"", ""41.54"", ""148.90""]"
20260802,20260609,j2,,ドリブル.html,リーグサマリー:2026特別 J2J3百年構想リーグ チャンスビルディングポイント ドリブルポイント ランキング | データによってサッカーはもっと輝く | Football LAB,リーグサマリー:2026特別 J2J3百年構想リーグ チャンスビルディングポイント ドリブルポイント ランキング | データによってサッカーはもっと輝く | Football LAB,リーグサマリー:2026特別 J2J3百年構想リーグ チャンスビルディングポイント ドリブルポイント ランキング | データによってサッカーはもっと輝く | Football LAB,2,ルーカス バルセロス,ルーカスバルセロス,"[""ドリブルポイント"", ""90分平均"", ""最近5試合"", ""出場試合"", ""攻撃CBP"", ""奪取P""]","["""", ""5.59"", ""0.45"", ""0.53"", ""16"", ""17.76"", ""48.18""]"
20260802,20260609,j2,,ドリブル.html,リーグサマリー:2026特別 J2J3百年構想リーグ チャンスビルディングポイント ドリブルポイント ランキング | データによってサッカーはもっと輝く | Football LAB,リーグサマリー:2026特別 J2J3百年構想リーグ チャンスビルディングポイント ドリブルポイント ランキング | データによってサッカーはもっと輝く | Football LAB,リーグサマリー:2026特別 J2J3百年構想リーグ チャンスビルディングポイント ドリブルポイント ランキング | データによってサッカーはもっと輝く | Football LAB,2,溝口 駿,溝口駿,"[""ドリブルポイント"", ""90分平均"", ""最近5試合"", ""出場試合"", ""攻撃CBP"", ""奪取P""]","["""", ""5.47"", ""0.62"", ""0.32"", ""14"", ""18.01"", ""50.06""]"
20260802,20260609,j2,,ドリブル.html,リーグサマリー:2026特別 J2J3百年構想リーグ チャンスビルディングポイント ドリブルポイント ランキング | データによってサッカーはもっと輝く | Football LAB,リーグサマリー:2026特別 J2J3百年構想リーグ チャンスビルディングポイント ドリブルポイント ランキング | データによってサッカーはもっと輝く | Football LAB,リーグサマリー:2026特別 J2J3百年構想リーグ チャンスビルディングポイント ドリブルポイント ランキング | データによってサッカーはもっと輝く | Football LAB,2,吉田 篤志,吉田篤志,"[""ドリブルポイント"", ""90分平均"", ""最近5試合"", ""出場試合"", ""攻撃CBP"", ""奪取P""]","["""", ""5.44"", ""0.52"", ""0.85"", ""16"", ""15.32"", ""67.57""]"
20260802,20260609,j2,,ドリブル.html,リーグサマリー:2026特別 J2J3百年構想リーグ チャンスビルディングポイント ドリブルポイント ランキング | データによってサッカーはもっと輝く | Football LAB,リーグサマリー:2026特別 J2J3百年構想リーグ チャンスビルディングポイント ドリブルポイント ランキング | データによってサッカーはもっと輝く | Football LAB,リーグサマリー:2026特別 J2J3百年構想リーグ チャンスビルディングポイント ドリブルポイント ランキング | データによってサッカーはもっと輝く | Football LAB,2,棚橋 尭士,棚橋尭士,"[""ドリブルポイント"", ""90分平均"", ""最近5試合"", ""出場試合"", ""攻撃CBP"", ""奪取P""]","["""", ""5.39"", ""0.36"", ""0.77"", ""18"", ""24.34"", ""102.43""]"
20260802,20260609,j2,,パス.html,リーグサマリー:2026特別 J2J3百年構想リーグ チャンスビルディングポイント パスポイント ランキング | データによってサッカーはもっと輝く | Football LAB,リーグサマリー:2026特別 J2J3百年構想リーグ チャンスビルディングポイント パスポイント ランキング | データによってサッカーはもっと輝く | Football LAB,リーグサマリー:2026特別 J2J3百年構想リーグ チャンスビルディングポイント パスポイント ランキング | データによってサッカーはもっと輝く | Football LAB,1,富山,富山,"[""パスポイント"", ""試合平均"", ""最近5試合"", ""順位"", ""勝点"", ""得点"", ""失点""]","[""309.63"", ""15.48"", ""86.74"", ""1"", ""38"", ""37"", ""24""]"
20260802,20260609,j2,,パス.html,リーグサマリー:2026特別 J2J3百年構想リーグ チャンスビルディングポイント パスポイント ランキング | データによってサッカーはもっと輝く | Football LAB,リーグサマリー:2026特別 J2J3百年構想リーグ チャンスビルディングポイント パスポイント ランキング | データによってサッカーはもっと輝く | Football LAB,リーグサマリー:2026特別 J2J3百年構想リーグ チャンスビルディングポイント パスポイント ランキング | データによってサッカーはもっと輝く | Football LAB,1,福島,福島,"[""パスポイント"", ""試合平均"", ""最近5試合"", ""順位"", ""勝点"", ""得点"", ""失点""]","[""295.69"", ""14.78"", ""91.21"", ""9"", ""18"", ""28"", ""41""]"
20260802,20260609,j2,,パス.html,リーグサマリー:2026特別 J2J3百年構想リーグ チャンスビルディングポイント パスポイント ランキング | データによってサッカーはもっと輝く | Football LAB,リーグサマリー:2026特別 J2J3百年構想リーグ チャンスビルディングポイント パスポイント ランキング | データによってサッカーはもっと輝く | Football LAB,リーグサマリー:2026特別 J2J3百年構想リーグ チャンスビルディングポイント パスポイント ランキング | データによってサッカーはもっと輝く | Football LAB,1,愛媛,愛媛,"[""パスポイント"", ""試合平均"", ""最近5試合"", ""順位"", ""勝点"", ""得点"", ""失点""]","[""278.82"", ""13.94"", ""73.33"", ""5"", ""28"", ""25"", ""18""]"
20260802,20260609,j2,,パス.html,リーグサマリー:2026特別 J2J3百年構想リーグ チャンスビルディングポイント パスポイント ランキング | データによってサッカーはもっと輝く | Football LAB,リーグサマリー:2026特別 J2J3百年構想リーグ チャンスビルディングポイント パスポイント ランキング | データによってサッカーはもっと輝く | Football LAB,リーグサマリー:2026特別 J2J3百年構想リーグ チャンスビルディングポイント パスポイント ランキング | データによってサッカーはもっと輝く | Football LAB,1,岐阜,岐阜,"[""パスポイント"", ""試合平均"", ""最近5試合"", ""順位"", ""勝点"", ""得点"", ""失点""]","[""276.56"", ""13.83"", ""75.09"", ""6"", ""28"", ""24"", ""26""]"
20260802,20260609,j2,,パス.html,リーグサマリー:2026特別 J2J3百年構想リーグ チャンスビルディングポイント パスポイント ランキング | データによってサッカーはもっと輝く | Football LAB,リーグサマリー:2026特別 J2J3百年構想リーグ チャンスビルディングポイント パスポイント ランキング | データによってサッカーはもっと輝く | Football LAB,リーグサマリー:2026特別 J2J3百年構想リーグ チャンスビルディングポイント パスポイント ランキング | データによってサッカーはもっと輝く | Football LAB,1,札幌,札幌,"[""パスポイント"", ""試合平均"", ""最近5試合"", ""順位"", ""勝点"", ""得点"", ""失点""]","[""270.83"", ""13.54"", ""76.20"", ""2"", ""31"", ""26"", ""22""]"
20260802,20260609,j2,,パス.html,リーグサマリー:2026特別 J2J3百年構想リーグ チャンスビルディングポイント パスポイント ランキング | データによってサッカーはもっと輝く | Football LAB,リーグサマリー:2026特別 J2J3百年構想リーグ チャンスビルディングポイント パスポイント ランキング | データによってサッカーはもっと輝く | Football LAB,リーグサマリー:2026特別 J2J3百年構想リーグ チャンスビルディングポイント パスポイント ランキング | データによってサッカーはもっと輝く | Football LAB,1,鳥栖,鳥栖,"[""パスポイント"", ""試合平均"", ""最近5試合"", ""順位"", ""勝点"", ""得点"", ""失点""]","[""261.13"", ""13.06"", ""61.91"", ""3"", ""32"", ""24"", ""14""]"
20260802,20260609,j2,,パス.html,リーグサマリー:2026特別 J2J3百年構想リーグ チャンスビルディングポイント パスポイント ランキング | データによってサッカーはもっと輝く | Football LAB,リーグサマリー:2026特別 J2J3百年構想リーグ チャンスビルディングポイント パスポイント ランキング | データによってサッカーはもっと輝く | Football LAB,リーグサマリー:2026特別 J2J3百年構想リーグ チャンスビルディングポイント パスポイント ランキング | データによってサッカーはもっと輝く | Football LAB,1,横浜FC,横浜FC,"[""パスポイント"", ""試合平均"", ""最近5試合"", ""順位"", ""勝点"", ""得点"", ""失点""]","[""249.48"", ""12.47"", ""54.69"", ""4"", ""29"", ""34"", ""27""]"
20260802,20260609,j2,,パス.html,リーグサマリー:2026特別 J2J3百年構想リーグ チャンスビルディングポイント パスポイント ランキング | データによってサッカーはもっと輝く | Football LAB,リーグサマリー:2026特別 J2J3百年構想リーグ チャンスビルディングポイント パスポイント ランキング | データによってサッカーはもっと輝く | Football LAB,リーグサマリー:2026特別 J2J3百年構想リーグ チャンスビルディングポイント パスポイント ランキング | データによってサッカーはもっと輝く | Football LAB,1,大宮,大宮,"[""パスポイント"", ""試合平均"", ""最近5試合"", ""順位"", ""勝点"", ""得点"", ""失点""]","[""249.04"", ""12.45"", ""48.25"", ""4"", ""30"", ""38"", ""28""]"
20260802,20260609,j2,,パス.html,リーグサマリー:2026特別 J2J3百年構想リーグ チャンスビルディングポイント パスポイント ランキング | データによってサッカーはもっと輝く | Football LAB,リーグサマリー:2026特別 J2J3百年構想リーグ チャンスビルディングポイント パスポイント ランキング | データによってサッカーはもっと輝く | Football LAB,リーグサマリー:2026特別 J2J3百年構想リーグ チャンスビルディングポイント パスポイント ランキング | データによってサッカーはもっと輝く | Football LAB,1,山口,山口,"[""パスポイント"", ""試合平均"", ""最近5試合"", ""順位"", ""勝点"", ""得点"", ""失点""]","[""244.87"", ""12.24"", ""63.88"", ""4"", ""29"", ""24"", ""22""]"
20260802,20260609,j2,,パス.html,リーグサマリー:2026特別 J2J3百年構想リーグ チャンスビルディングポイント パスポイント ランキング | データによってサッカーはもっと輝く | Football LAB,リーグサマリー:2026特別 J2J3百年構想リーグ チャンスビルディングポイント パスポイント ランキング | データによってサッカーはもっと輝く | Football LAB,リーグサマリー:2026特別 J2J3百年構想リーグ チャンスビルディングポイント パスポイント ランキング | データによってサッカーはもっと輝く | Football LAB,1,奈良,奈良,"[""パスポイント"", ""試合平均"", ""最近5試合"", ""順位"", ""勝点"", ""得点"", ""失点""]","[""243.36"", ""12.17"", ""65.65"", ""7"", ""21"", ""25"", ""34""]"
20260802,20260609,j2,,パス.html,リーグサマリー:2026特別 J2J3百年構想リーグ チャンスビルディングポイント パスポイント ランキング | データによってサッカーはもっと輝く | Football LAB,リーグサマリー:2026特別 J2J3百年構想リーグ チャンスビルディングポイント パスポイント ランキング | データによってサッカーはもっと輝く | Football LAB,リーグサマリー:2026特別 J2J3百年構想リーグ チャンスビルディングポイント パスポイント ランキング | データによってサッカーはもっと輝く | Football LAB,1,大分,大分,"[""パスポイント"", ""試合平均"", ""最近5試合"", ""順位"", ""勝点"", ""得点"", ""失点""]","[""231.67"", ""11.58"", ""53.58"", ""7"", ""22"", ""18"", ""18""]"
20260802,20260609,j2,,パス.html,リーグサマリー:2026特別 J2J3百年構想リーグ チャンスビルディングポイント パスポイント ランキング | データによってサッカーはもっと輝く | Football LAB,リーグサマリー:2026特別 J2J3百年構想リーグ チャンスビルディングポイント パスポイント ランキング | データによってサッカーはもっと輝く | Football LAB,リーグサマリー:2026特別 J2J3百年構想リーグ チャンスビルディングポイント パスポイント ランキング | データによってサッカーはもっと輝く | Football LAB,1,FC大阪,FC大阪,"[""パスポイント"", ""試合平均"", ""最近5試合"", ""順位"", ""勝点"", ""得点"", ""失点""]","[""221.69"", ""11.08"", ""62.07"", ""8"", ""20"", ""15"", ""18""]"
20260802,20260609,j2,,パス.html,リーグサマリー:2026特別 J2J3百年構想リーグ チャンスビルディングポイント パスポイント ランキング | データによってサッカーはもっと輝く | Football LAB,リーグサマリー:2026特別 J2J3百年構想リーグ チャンスビルディングポイント パスポイント ランキング | データによってサッカーはもっと輝く | Football LAB,リーグサマリー:2026特別 J2J3百年構想リーグ チャンスビルディングポイント パスポイント ランキング | データによってサッカーはもっと輝く | Football LAB,1,湘南,湘南,"[""パスポイント"", ""試合平均"", ""最近5試合"", ""順位"", ""勝点"", ""得点"", ""失点""]","[""219.56"", ""10.98"", ""57.56"", ""3"", ""31"", ""25"", ""19""]"
20260802,20260609,j2,,パス.html,リーグサマリー:2026特別 J2J3百年構想リーグ チャンスビルディングポイント パスポイント ランキング | データによってサッカーはもっと輝く | Football LAB,リーグサマリー:2026特別 J2J3百年構想リーグ チャンスビルディングポイント パスポイント ランキング | データによってサッカーはもっと輝く | Football LAB,リーグサマリー:2026特別 J2J3百年構想リーグ チャンスビルディングポイント パスポイント ランキング | データによってサッカーはもっと輝く | Football LAB,1,高知,高知,"[""パスポイント"", ""試合平均"", ""最近5試合"", ""順位"", ""勝点"", ""得点"", ""失点""]","[""217.90"", ""10.89"", ""55.41"", ""4"", ""30"", ""23"", ""21""]"
20260802,20260609,j2,,パス.html,リーグサマリー:2026特別 J2J3百年構想リーグ チャンスビルディングポイント パスポイント ランキング | データによってサッカーはもっと輝く | Football LAB,リーグサマリー:2026特別 J2J3百年構想リーグ チャンスビルディングポイント パスポイント ランキング | データによってサッカーはもっと輝く | Football LAB,リーグサマリー:2026特別 J2J3百年構想リーグ チャンスビルディングポイント パスポイント ランキング | データによってサッカーはもっと輝く | Football LAB,1,熊本,熊本,"[""パスポイント"", ""試合平均"", ""最近5試合"", ""順位"", ""勝点"", ""得点"", ""失点""]","[""217.72"", ""10.89"", ""48.42"", ""5"", ""27"", ""20"", ""20""]"
20260802,20260609,j2,,パス.html,リーグサマリー:2026特別 J2J3百年構想リーグ チャンスビルディングポイント パスポイント ランキング | データによってサッカーはもっと輝く | Football LAB,リーグサマリー:2026特別 J2J3百年構想リーグ チャンスビルディングポイント パスポイント ランキング | データによってサッカーはもっと輝く | Football LAB,リーグサマリー:2026特別 J2J3百年構想リーグ チャンスビルディングポイント パスポイント ランキング | データによってサッカーはもっと輝く | Football LAB,1,北九州,北九州,"[""パスポイント"", ""試合平均"", ""最近5試合"", ""順位"", ""勝点"", ""得点"", ""失点""]","[""215.05"", ""10.75"", ""65.61"", ""10"", ""15"", ""17"", ""32""]"
20260802,20260609,j2,,パス.html,リーグサマリー:2026特別 J2J3百年構想リーグ チャンスビルディングポイント パスポイント ランキング | データによってサッカーはもっと輝く | Football LAB,リーグサマリー:2026特別 J2J3百年構想リーグ チャンスビルディングポイント パスポイント ランキング | データによってサッカーはもっと輝く | Football LAB,リーグサマリー:2026特別 J2J3百年構想リーグ チャンスビルディングポイント パスポイント ランキング | データによってサッカーはもっと輝く | Football LAB,1,群馬,群馬,"[""パスポイント"", ""試合平均"", ""最近5試合"", ""順位"", ""勝点"", ""得点"", ""失点""]","[""210.00"", ""10.50"", ""48.41"", ""6"", ""23"", ""26"", ""36""]"
20260802,20260609,j2,,パス.html,リーグサマリー:2026特別 J2J3百年構想リーグ チャンスビルディングポイント パスポイント ランキング | データによってサッカーはもっと輝く | Football LAB,リーグサマリー:2026特別 J2J3百年構想リーグ チャンスビルディングポイント パスポイント ランキング | データによってサッカーはもっと輝く | Football LAB,リーグサマリー:2026特別 J2J3百年構想リーグ チャンスビルディングポイント パスポイント ランキング | データによってサッカーはもっと輝く | Football LAB,1,琉球,琉球,"[""パスポイント"", ""試合平均"", ""最近5試合"", ""順位"", ""勝点"", ""得点"", ""失点""]","[""207.38"", ""10.37"", ""56.70"", ""9"", ""17"", ""13"", ""25""]"
20260802,20260609,j2,,パス.html,リーグサマリー:2026特別 J2J3百年構想リーグ チャンスビルディングポイント パスポイント ランキング | データによってサッカーはもっと輝く | Football LAB,リーグサマリー:2026特別 J2J3百年構想リーグ チャンスビルディングポイント パスポイント ランキング | データによってサッカーはもっと輝く | Football LAB,リーグサマリー:2026特別 J2J3百年構想リーグ チャンスビルディングポイント パスポイント ランキング | データによってサッカーはもっと輝く | Football LAB,1,仙台,仙台,"[""パスポイント"", ""試合平均"", ""最近5試合"", ""順位"", ""勝点"", ""得点"", ""失点""]","[""205.98"", ""10.30"", ""58.27"", ""1"", ""43"", ""32"", ""15""]"
20260802,20260609,j2,,パス.html,リーグサマリー:2026特別 J2J3百年構想リーグ チャンスビルディングポイント パスポイント ランキング | データによってサッカーはもっと輝く | Football LAB,リーグサマリー:2026特別 J2J3百年構想リーグ チャンスビルディングポイント パスポイント ランキング | データによってサッカーはもっと輝く | Football LAB,リーグサマリー:2026特別 J2J3百年構想リーグ チャンスビルディングポイント パスポイント ランキング | データによってサッカーはもっと輝く | Football LAB,1,栃木C,栃木C,"[""パスポイント"", ""試合平均"", ""最近5試合"", ""順位"", ""勝点"", ""得点"", ""失点""]","[""205.58"", ""10.28"", ""55.01"", ""8"", ""21"", ""20"", ""33""]"
20260802,20260609,j2,,パス.html,リーグサマリー:2026特別 J2J3百年構想リーグ チャンスビルディングポイント パスポイント ランキング | データによってサッカーはもっと輝く | Football LAB,リーグサマリー:2026特別 J2J3百年構想リーグ チャンスビルディングポイント パスポイント ランキング | データによってサッカーはもっと輝く | Football LAB,リーグサマリー:2026特別 J2J3百年構想リーグ チャンスビルディングポイント パスポイント ランキング | データによってサッカーはもっと輝く | Football LAB,1,藤枝,藤枝,"[""パスポイント"", ""試合平均"", ""最近5試合"", ""順位"", ""勝点"", ""得点"", ""失点""]","[""202.32"", ""10.12"", ""54.03"", ""5"", ""30"", ""21"", ""17""]"
20260802,20260609,j2,,パス.html,リーグサマリー:2026特別 J2J3百年構想リーグ チャンスビルディングポイント パスポイント ランキング | データによってサッカーはもっと輝く | Football LAB,リーグサマリー:2026特別 J2J3百年構想リーグ チャンスビルディングポイント パスポイント ランキング | データによってサッカーはもっと輝く | Football LAB,リーグサマリー:2026特別 J2J3百年構想リーグ チャンスビルディングポイント パスポイント ランキング | データによってサッカーはもっと輝く | Football LAB,1,徳島,徳島,"[""パスポイント"", ""試合平均"", ""最近5試合"", ""順位"", ""勝点"", ""得点"", ""失点""]","[""202.28"", ""10.11"", ""51.90"", ""3"", ""32"", ""36"", ""22""]"
20260802,20260609,j2,,パス.html,リーグサマリー:2026特別 J2J3百年構想リーグ チャンスビルディングポイント パスポイント ランキング | データによってサッカーはもっと輝く | Football LAB,リーグサマリー:2026特別 J2J3百年構想リーグ チャンスビルディングポイント パスポイント ランキング | データによってサッカーはもっと輝く | Football LAB,リーグサマリー:2026特別 J2J3百年構想リーグ チャンスビルディングポイント パスポイント ランキング | データによってサッカーはもっと輝く | Football LAB,1,磐田,磐田,"[""パスポイント"", ""試合平均"", ""最近5試合"", ""順位"", ""勝点"", ""得点"", ""失点""]","[""200.83"", ""10.04"", ""57.94"", ""8"", ""25"", ""16"", ""23""]"
20260802,20260609,j2,,パス.html,リーグサマリー:2026特別 J2J3百年構想リーグ チャンスビルディングポイント パスポイント ランキング | データによってサッカーはもっと輝く | Football LAB,リーグサマリー:2026特別 J2J3百年構想リーグ チャンスビルディングポイント パスポイント ランキング | データによってサッカーはもっと輝く | Football LAB,リーグサマリー:2026特別 J2J3百年構想リーグ チャンスビルディングポイント パスポイント ランキング | データによってサッカーはもっと輝く | Football LAB,1,宮崎,宮崎,"[""パスポイント"", ""試合平均"", ""最近5試合"", ""順位"", ""勝点"", ""得点"", ""失点""]","[""199.58"", ""9.98"", ""47.59"", ""1"", ""47"", ""35"", ""11""]"
20260802,20260609,j2,,パス.html,リーグサマリー:2026特別 J2J3百年構想リーグ チャンスビルディングポイント パスポイント ランキング | データによってサッカーはもっと輝く | Football LAB,リーグサマリー:2026特別 J2J3百年構想リーグ チャンスビルディングポイント パスポイント ランキング | データによってサッカーはもっと輝く | Football LAB,リーグサマリー:2026特別 J2J3百年構想リーグ チャンスビルディングポイント パスポイント ランキング | データによってサッカーはもっと輝く | Football LAB,1,今治,今治,"[""パスポイント"", ""試合平均"", ""最近5試合"", ""順位"", ""勝点"", ""得点"", ""失点""]","[""198.61"", ""9.93"", ""46.37"", ""9"", ""20"", ""14"", ""18""]"
20260802,20260609,j2,,パス.html,リーグサマリー:2026特別 J2J3百年構想リーグ チャンスビルディングポイント パスポイント ランキング | データによってサッカーはもっと輝く | Football LAB,リーグサマリー:2026特別 J2J3百年構想リーグ チャンスビルディングポイント パスポイント ランキング | データによってサッカーはもっと輝く | Football LAB,リーグサマリー:2026特別 J2J3百年構想リーグ チャンスビルディングポイント パスポイント ランキング | データによってサッカーはもっと輝く | Football LAB,1,いわき,いわき,"[""パスポイント"", ""試合平均"", ""最近5試合"", ""順位"", ""勝点"", ""得点"", ""失点""]","[""198.44"", ""9.92"", ""56.42"", ""3"", ""31"", ""22"", ""18""]"
20260802,20260609,j2,,パス.html,リーグサマリー:2026特別 J2J3百年構想リーグ チャンスビルディングポイント パスポイント ランキング | データによってサッカーはもっと輝く | Football LAB,リーグサマリー:2026特別 J2J3百年構想リーグ チャンスビルディングポイント パスポイント ランキング | データによってサッカーはもっと輝く | Football LAB,リーグサマリー:2026特別 J2J3百年構想リーグ チャンスビルディングポイント パスポイント ランキング | データによってサッカーはもっと輝く | Football LAB,1,金沢,金沢,"[""パスポイント"", ""試合平均"", ""最近5試合"", ""順位"", ""勝点"", ""得点"", ""失点""]","[""197.58"", ""9.88"", ""49.77"", ""6"", ""27"", ""15"", ""21""]"
20260802,20260609,j2,,パス.html,リーグサマリー:2026特別 J2J3百年構想リーグ チャンスビルディングポイント パスポイント ランキング | データによってサッカーはもっと輝く | Football LAB,リーグサマリー:2026特別 J2J3百年構想リーグ チャンスビルディングポイント パスポイント ランキング | データによってサッカーはもっと輝く | Football LAB,リーグサマリー:2026特別 J2J3百年構想リーグ チャンスビルディングポイント パスポイント ランキング | データによってサッカーはもっと輝く | Football LAB,1,栃木SC,栃木SC,"[""パスポイント"", ""試合平均"", ""最近5試合"", ""順位"", ""勝点"", ""得点"", ""失点""]","[""196.07"", ""9.80"", ""50.71"", ""10"", ""18"", ""23"", ""28""]"
20260802,20260609,j2,,パス.html,リーグサマリー:2026特別 J2J3百年構想リーグ チャンスビルディングポイント パスポイント ランキング | データによってサッカーはもっと輝く | Football LAB,リーグサマリー:2026特別 J2J3百年構想リーグ チャンスビルディングポイント パスポイント ランキング | データによってサッカーはもっと輝く | Football LAB,リーグサマリー:2026特別 J2J3百年構想リーグ チャンスビルディングポイント パスポイント ランキング | データによってサッカーはもっと輝く | Football LAB,1,新潟,新潟,"[""パスポイント"", ""試合平均"", ""最近5試合"", ""順位"", ""勝点"", ""得点"", ""失点""]","[""195.51"", ""9.78"", ""55.61"", ""2"", ""35"", ""21"", ""17""]"
20260802,20260609,j2,,パス.html,リーグサマリー:2026特別 J2J3百年構想リーグ チャンスビルディングポイント パスポイント ランキング | データによってサッカーはもっと輝く | Football LAB,リーグサマリー:2026特別 J2J3百年構想リーグ チャンスビルディングポイント パスポイント ランキング | データによってサッカーはもっと輝く | Football LAB,リーグサマリー:2026特別 J2J3百年構想リーグ チャンスビルディングポイント パスポイント ランキング | データによってサッカーはもっと輝く | Football LAB,1,鹿児島,鹿児島,"[""パスポイント"", ""試合平均"", ""最近5試合"", ""順位"", ""勝点"", ""得点"", ""失点""]","[""191.52"", ""9.58"", ""55.12"", ""2"", ""33"", ""23"", ""15""]"
20260802,20260609,j2,,パス.html,リーグサマリー:2026特別 J2J3百年構想リーグ チャンスビルディングポイント パスポイント ランキング | データによってサッカーはもっと輝く | Football LAB,リーグサマリー:2026特別 J2J3百年構想リーグ チャンスビルディングポイント パスポイント ランキング | データによってサッカーはもっと輝く | Football LAB,リーグサマリー:2026特別 J2J3百年構想リーグ チャンスビルディングポイント パスポイント ランキング | データによってサッカーはもっと輝く | Football LAB,1,鳥取,鳥取,"[""パスポイント"", ""試合平均"", ""最近5試合"", ""順位"", ""勝点"", ""得点"", ""失点""]","[""191.25"", ""9.56"", ""43.98"", ""6"", ""27"", ""20"", ""24""]"
20260802,20260609,j2,,パス.html,リーグサマリー:2026特別 J2J3百年構想リーグ チャンスビルディングポイント パスポイント ランキング | データによってサッカーはもっと輝く | Football LAB,リーグサマリー:2026特別 J2J3百年構想リーグ チャンスビルディングポイント パスポイント ランキング | データによってサッカーはもっと輝く | Football LAB,リーグサマリー:2026特別 J2J3百年構想リーグ チャンスビルディングポイント パスポイント ランキング | データによってサッカーはもっと輝く | Football LAB,1,山形,山形,"[""パスポイント"", ""試合平均"", ""最近5試合"", ""順位"", ""勝点"", ""得点"", ""失点""]","[""189.06"", ""9.45"", ""45.74"", ""7"", ""22"", ""20"", ""25""]"
20260802,20260609,j2,,パス.html,リーグサマリー:2026特別 J2J3百年構想リーグ チャンスビルディングポイント パスポイント ランキング | データによってサッカーはもっと輝く | Football LAB,リーグサマリー:2026特別 J2J3百年構想リーグ チャンスビルディングポイント パスポイント ランキング | データによってサッカーはもっと輝く | Football LAB,リーグサマリー:2026特別 J2J3百年構想リーグ チャンスビルディングポイント パスポイント ランキング | データによってサッカーはもっと輝く | Football LAB,1,甲府,甲府,"[""パスポイント"", ""試合平均"", ""最近5試合"", ""順位"", ""勝点"", ""得点"", ""失点""]","[""186.66"", ""9.33"", ""49.08"", ""1"", ""35"", ""21"", ""13""]"
20260802,20260609,j2,,パス.html,リーグサマリー:2026特別 J2J3百年構想リーグ チャンスビルディングポイント パスポイント ランキング | データによってサッカーはもっと輝く | Football LAB,リーグサマリー:2026特別 J2J3百年構想リーグ チャンスビルディングポイント パスポイント ランキング | データによってサッカーはもっと輝く | Football LAB,リーグサマリー:2026特別 J2J3百年構想リーグ チャンスビルディングポイント パスポイント ランキング | データによってサッカーはもっと輝く | Football LAB,1,滋賀,滋賀,"[""パスポイント"", ""試合平均"", ""最近5試合"", ""順位"", ""勝点"", ""得点"", ""失点""]","[""178.70"", ""8.93"", ""46.03"", ""8"", ""21"", ""15"", ""28""]"
20260802,20260609,j2,,パス.html,リーグサマリー:2026特別 J2J3百年構想リーグ チャンスビルディングポイント パスポイント ランキング | データによってサッカーはもっと輝く | Football LAB,リーグサマリー:2026特別 J2J3百年構想リーグ チャンスビルディングポイント パスポイント ランキング | データによってサッカーはもっと輝く | Football LAB,リーグサマリー:2026特別 J2J3百年構想リーグ チャンスビルディングポイント パスポイント ランキング | データによってサッカーはもっと輝く | Football LAB,1,長野,長野,"[""パスポイント"", ""試合平均"", ""最近5試合"", ""順位"", ""勝点"", ""得点"", ""失点""]","[""176.86"", ""8.84"", ""63.36"", ""10"", ""16"", ""15"", ""33""]"
20260802,20260609,j2,,パス.html,リーグサマリー:2026特別 J2J3百年構想リーグ チャンスビルディングポイント パスポイント ランキング | データによってサッカーはもっと輝く | Football LAB,リーグサマリー:2026特別 J2J3百年構想リーグ チャンスビルディングポイント パスポイント ランキング | データによってサッカーはもっと輝く | Football LAB,リーグサマリー:2026特別 J2J3百年構想リーグ チャンスビルディングポイント パスポイント ランキング | データによってサッカーはもっと輝く | Football LAB,1,松本,松本,"[""パスポイント"", ""試合平均"", ""最近5試合"", ""順位"", ""勝点"", ""得点"", ""失点""]","[""171.35"", ""8.57"", ""49.89"", ""7"", ""26"", ""31"", ""21""]"
20260802,20260609,j2,,パス.html,リーグサマリー:2026特別 J2J3百年構想リーグ チャンスビルディングポイント パスポイント ランキング | データによってサッカーはもっと輝く | Football LAB,リーグサマリー:2026特別 J2J3百年構想リーグ チャンスビルディングポイント パスポイント ランキング | データによってサッカーはもっと輝く | Football LAB,リーグサマリー:2026特別 J2J3百年構想リーグ チャンスビルディングポイント パスポイント ランキング | データによってサッカーはもっと輝く | Football LAB,1,八戸,八戸,"[""パスポイント"", ""試合平均"", ""最近5試合"", ""順位"", ""勝点"", ""得点"", ""失点""]","[""171.14"", ""8.56"", ""56.23"", ""9"", ""20"", ""15"", ""19""]"
20260802,20260609,j2,,パス.html,リーグサマリー:2026特別 J2J3百年構想リーグ チャンスビルディングポイント パスポイント ランキング | データによってサッカーはもっと輝く | Football LAB,リーグサマリー:2026特別 J2J3百年構想リーグ チャンスビルディングポイント パスポイント ランキング | データによってサッカーはもっと輝く | Football LAB,リーグサマリー:2026特別 J2J3百年構想リーグ チャンスビルディングポイント パスポイント ランキング | データによってサッカーはもっと輝く | Football LAB,1,秋田,秋田,"[""パスポイント"", ""試合平均"", ""最近5試合"", ""順位"", ""勝点"", ""得点"", ""失点""]","[""161.63"", ""8.08"", ""45.88"", ""2"", ""35"", ""23"", ""14""]"
20260802,20260609,j2,,パス.html,リーグサマリー:2026特別 J2J3百年構想リーグ チャンスビルディングポイント パスポイント ランキング | データによってサッカーはもっと輝く | Football LAB,リーグサマリー:2026特別 J2J3百年構想リーグ チャンスビルディングポイント パスポイント ランキング | データによってサッカーはもっと輝く | Football LAB,リーグサマリー:2026特別 J2J3百年構想リーグ チャンスビルディングポイント パスポイント ランキング | データによってサッカーはもっと輝く | Football LAB,1,讃岐,讃岐,"[""パスポイント"", ""試合平均"", ""最近5試合"", ""順位"", ""勝点"", ""得点"", ""失点""]","[""150.92"", ""7.55"", ""39.55"", ""10"", ""19"", ""14"", ""32""]"
20260802,20260609,j2,,パス.html,リーグサマリー:2026特別 J2J3百年構想リーグ チャンスビルディングポイント パスポイント ランキング | データによってサッカーはもっと輝く | Football LAB,リーグサマリー:2026特別 J2J3百年構想リーグ チャンスビルディングポイント パスポイント ランキング | データによってサッカーはもっと輝く | Football LAB,リーグサマリー:2026特別 J2J3百年構想リーグ チャンスビルディングポイント パスポイント ランキング | データによってサッカーはもっと輝く | Football LAB,1,相模原,相模原,"[""パスポイント"", ""試合平均"", ""最近5試合"", ""順位"", ""勝点"", ""得点"", ""失点""]","[""146.44"", ""7.32"", ""43.01"", ""5"", ""28"", ""31"", ""33""]"
20260802,20260609,j2,,パス.html,リーグサマリー:2026特別 J2J3百年構想リーグ チャンスビルディングポイント パスポイント ランキング | データによってサッカーはもっと輝く | Football LAB,リーグサマリー:2026特別 J2J3百年構想リーグ チャンスビルディングポイント パスポイント ランキング | データによってサッカーはもっと輝く | Football LAB,リーグサマリー:2026特別 J2J3百年構想リーグ チャンスビルディングポイント パスポイント ランキング | データによってサッカーはもっと輝く | Football LAB,2,前田 椋介,前田椋介,"[""パスポイント"", ""90分平均"", ""最近5試合"", ""出場試合"", ""攻撃CBP"", ""奪取P""]","["""", ""42.03"", ""2.23"", ""9.48"", ""19"", ""45.21"", ""224.75""]"
20260802,20260609,j2,,パス.html,リーグサマリー:2026特別 J2J3百年構想リーグ チャンスビルディングポイント パスポイント ランキング | データによってサッカーはもっと輝く | Football LAB,リーグサマリー:2026特別 J2J3百年構想リーグ チャンスビルディングポイント パスポイント ランキング | データによってサッカーはもっと輝く | Football LAB,リーグサマリー:2026特別 J2J3百年構想リーグ チャンスビルディングポイント パスポイント ランキング | データによってサッカーはもっと輝く | Football LAB,2,谷本 駿介,谷本駿介,"[""パスポイント"", ""90分平均"", ""最近5試合"", ""出場試合"", ""攻撃CBP"", ""奪取P""]","["""", ""39.79"", ""2.29"", ""9.15"", ""18"", ""42.55"", ""210.86""]"
20260802,20260609,j2,,パス.html,リーグサマリー:2026特別 J2J3百年構想リーグ チャンスビルディングポイント パスポイント ランキング | データによってサッカーはもっと輝く | Football LAB,リーグサマリー:2026特別 J2J3百年構想リーグ チャンスビルディングポイント パスポイント ランキング | データによってサッカーはもっと輝く | Football LAB,リーグサマリー:2026特別 J2J3百年構想リーグ チャンスビルディングポイント パスポイント ランキング | データによってサッカーはもっと輝く | Football LAB,2,日野 翔太,日野翔太,"[""パスポイント"", ""90分平均"", ""最近5試合"", ""出場試合"", ""攻撃CBP"", ""奪取P""]","["""", ""33.00"", ""1.66"", ""8.99"", ""20"", ""42.22"", ""137.67""]"
20260802,20260609,j2,,パス.html,リーグサマリー:2026特別 J2J3百年構想リーグ チャンスビルディングポイント パスポイント ランキング | データによってサッカーはもっと輝く | Football LAB,リーグサマリー:2026特別 J2J3百年構想リーグ チャンスビルディングポイント パスポイント ランキング | データによってサッカーはもっと輝く | Football LAB,リーグサマリー:2026特別 J2J3百年構想リーグ チャンスビルディングポイント パスポイント ランキング | データによってサッカーはもっと輝く | Football LAB,2,福田 晃斗,福田晃斗,"[""パスポイント"", ""90分平均"", ""最近5試合"", ""出場試合"", ""攻撃CBP"", ""奪取P""]","["""", ""31.95"", ""1.90"", ""2.00"", ""17"", ""36.17"", ""175.05""]"
20260802,20260609,j2,,パス.html,リーグサマリー:2026特別 J2J3百年構想リーグ チャンスビルディングポイント パスポイント ランキング | データによってサッカーはもっと輝く | Football LAB,リーグサマリー:2026特別 J2J3百年構想リーグ チャンスビルディングポイント パスポイント ランキング | データによってサッカーはもっと輝く | Football LAB,リーグサマリー:2026特別 J2J3百年構想リーグ チャンスビルディングポイント パスポイント ランキング | データによってサッカーはもっと輝く | Football LAB,2,布施谷 翔,布施谷翔,"[""パスポイント"", ""90分平均"", ""最近5試合"", ""出場試合"", ""攻撃CBP"", ""奪取P""]","["""", ""31.18"", ""1.91"", ""10.11"", ""18"", ""43.86"", ""197.15""]"
20260802,20260609,j2,,パス.html,リーグサマリー:2026特別 J2J3百年構想リーグ チャンスビルディングポイント パスポイント ランキング | データによってサッカーはもっと輝く | Football LAB,リーグサマリー:2026特別 J2J3百年構想リーグ チャンスビルディングポイント パスポイント ランキング | データによってサッカーはもっと輝く | Football LAB,リーグサマリー:2026特別 J2J3百年構想リーグ チャンスビルディングポイント パスポイント ランキング | データによってサッカーはもっと輝く | Football LAB,2,輪笠 祐士,輪笠祐士,"[""パスポイント"", ""90分平均"", ""最近5試合"", ""出場試合"", ""攻撃CBP"", ""奪取P""]","["""", ""29.91"", ""1.55"", ""8.18"", ""19"", ""36.21"", ""214.83""]"
20260802,20260609,j2,,パス.html,リーグサマリー:2026特別 J2J3百年構想リーグ チャンスビルディングポイント パスポイント ランキング | データによってサッカーはもっと輝く | Football LAB,リーグサマリー:2026特別 J2J3百年構想リーグ チャンスビルディングポイント パスポイント ランキング | データによってサッカーはもっと輝く | Football LAB,リーグサマリー:2026特別 J2J3百年構想リーグ チャンスビルディングポイント パスポイント ランキング | データによってサッカーはもっと輝く | Football LAB,2,中村 駿,中村駿,"[""パスポイント"", ""90分平均"", ""最近5試合"", ""出場試合"", ""攻撃CBP"", ""奪取P""]","["""", ""29.70"", ""1.86"", ""5.65"", ""17"", ""31.86"", ""173.97""]"
20260802,20260609,j2,,パス.html,リーグサマリー:2026特別 J2J3百年構想リーグ チャンスビルディングポイント パスポイント ランキング | データによってサッカーはもっと輝く | Football LAB,リーグサマリー:2026特別 J2J3百年構想リーグ チャンスビルディングポイント パスポイント ランキング | データによってサッカーはもっと輝く | Football LAB,リーグサマリー:2026特別 J2J3百年構想リーグ チャンスビルディングポイント パスポイント ランキング | データによってサッカーはもっと輝く | Football LAB,2,深澤 壯太,深澤壯太,"[""パスポイント"", ""90分平均"", ""最近5試合"", ""出場試合"", ""攻撃CBP"", ""奪取P""]","["""", ""29.35"", ""1.70"", ""8.22"", ""17"", ""34.26"", ""227.05""]"
20260802,20260609,j2,,パス.html,リーグサマリー:2026特別 J2J3百年構想リーグ チャンスビルディングポイント パスポイント ランキング | データによってサッカーはもっと輝く | Football LAB,リーグサマリー:2026特別 J2J3百年構想リーグ チャンスビルディングポイント パスポイント ランキング | データによってサッカーはもっと輝く | Football LAB,リーグサマリー:2026特別 J2J3百年構想リーグ チャンスビルディングポイント パスポイント ランキング | データによってサッカーはもっと輝く | Football LAB,2,針谷 岳晃,針谷岳晃,"[""パスポイント"", ""90分平均"", ""最近5試合"", ""出場試合"", ""攻撃CBP"", ""奪取P""]","["""", ""28.32"", ""2.11"", ""11.90"", ""17"", ""29.14"", ""220.63""]"
20260802,20260609,j2,,パス.html,リーグサマリー:2026特別 J2J3百年構想リーグ チャンスビルディングポイント パスポイント ランキング | データによってサッカーはもっと輝く | Football LAB,リーグサマリー:2026特別 J2J3百年構想リーグ チャンスビルディングポイント パスポイント ランキング | データによってサッカーはもっと輝く | Football LAB,リーグサマリー:2026特別 J2J3百年構想リーグ チャンスビルディングポイント パスポイント ランキング | データによってサッカーはもっと輝く | Football LAB,2,森田 凜,森田凜,"[""パスポイント"", ""90分平均"", ""最近5試合"", ""出場試合"", ""攻撃CBP"", ""奪取P""]","["""", ""28.01"", ""1.40"", ""7.58"", ""20"", ""31.42"", ""241.54""]"
20260802,20260609,j2,,パス.html,リーグサマリー:2026特別 J2J3百年構想リーグ チャンスビルディングポイント パスポイント ランキング | データによってサッカーはもっと輝く | Football LAB,リーグサマリー:2026特別 J2J3百年構想リーグ チャンスビルディングポイント パスポイント ランキング | データによってサッカーはもっと輝く | Football LAB,リーグサマリー:2026特別 J2J3百年構想リーグ チャンスビルディングポイント パスポイント ランキング | データによってサッカーはもっと輝く | Football LAB,2,チョン ウヨン,チョンウヨン,"[""パスポイント"", ""90分平均"", ""最近5試合"", ""出場試合"", ""攻撃CBP"", ""奪取P""]","["""", ""27.51"", ""2.06"", ""8.10"", ""15"", ""29.72"", ""178.17""]"
20260802,20260609,j2,,パス.html,リーグサマリー:2026特別 J2J3百年構想リーグ チャンスビルディングポイント パスポイント ランキング | データによってサッカーはもっと輝く | Football LAB,リーグサマリー:2026特別 J2J3百年構想リーグ チャンスビルディングポイント パスポイント ランキング | データによってサッカーはもっと輝く | Football LAB,リーグサマリー:2026特別 J2J3百年構想リーグ チャンスビルディングポイント パスポイント ランキング | データによってサッカーはもっと輝く | Football LAB,2,上畑 佑平士,上畑佑平士,"[""パスポイント"", ""90分平均"", ""最近5試合"", ""出場試合"", ""攻撃CBP"", ""奪取P""]","["""", ""27.19"", ""1.83"", ""10.99"", ""18"", ""35.74"", ""165.33""]"
20260802,20260609,j2,,パス.html,リーグサマリー:2026特別 J2J3百年構想リーグ チャンスビルディングポイント パスポイント ランキング | データによってサッカーはもっと輝く | Football LAB,リーグサマリー:2026特別 J2J3百年構想リーグ チャンスビルディングポイント パスポイント ランキング | データによってサッカーはもっと輝く | Football LAB,リーグサマリー:2026特別 J2J3百年構想リーグ チャンスビルディングポイント パスポイント ランキング | データによってサッカーはもっと輝く | Football LAB,2,新保 海鈴,新保海鈴,"[""パスポイント"", ""90分平均"", ""最近5試合"", ""出場試合"", ""攻撃CBP"", ""奪取P""]","["""", ""27.10"", ""1.52"", ""6.85"", ""19"", ""41.61"", ""172.83""]"
20260802,20260609,j2,,パス.html,リーグサマリー:2026特別 J2J3百年構想リーグ チャンスビルディングポイント パスポイント ランキング | データによってサッカーはもっと輝く | Football LAB,リーグサマリー:2026特別 J2J3百年構想リーグ チャンスビルディングポイント パスポイント ランキング | データによってサッカーはもっと輝く | Football LAB,リーグサマリー:2026特別 J2J3百年構想リーグ チャンスビルディングポイント パスポイント ランキング | データによってサッカーはもっと輝く | Football LAB,2,文 仁柱,文仁柱,"[""パスポイント"", ""90分平均"", ""最近5試合"", ""出場試合"", ""攻撃CBP"", ""奪取P""]","["""", ""27.05"", ""1.55"", ""8.56"", ""18"", ""37.47"", ""160.43""]"
20260802,20260609,j2,,パス.html,リーグサマリー:2026特別 J2J3百年構想リーグ チャンスビルディングポイント パスポイント ランキング | データによってサッカーはもっと輝く | Football LAB,リーグサマリー:2026特別 J2J3百年構想リーグ チャンスビルディングポイント パスポイント ランキング | データによってサッカーはもっと輝く | Football LAB,リーグサマリー:2026特別 J2J3百年構想リーグ チャンスビルディングポイント パスポイント ランキング | データによってサッカーはもっと輝く | Football LAB,2,髙江 麗央,髙江麗央,"[""パスポイント"", ""90分平均"", ""最近5試合"", ""出場試合"", ""攻撃CBP"", ""奪取P""]","["""", ""27.03"", ""1.61"", ""7.02"", ""19"", ""31.53"", ""193.67""]"
20260802,20260609,j2,,パス.html,リーグサマリー:2026特別 J2J3百年構想リーグ チャンスビルディングポイント パスポイント ランキング | データによってサッカーはもっと輝く | Football LAB,リーグサマリー:2026特別 J2J3百年構想リーグ チャンスビルディングポイント パスポイント ランキング | データによってサッカーはもっと輝く | Football LAB,リーグサマリー:2026特別 J2J3百年構想リーグ チャンスビルディングポイント パスポイント ランキング | データによってサッカーはもっと輝く | Football LAB,2,小川 大空,小川大空,"[""パスポイント"", ""90分平均"", ""最近5試合"", ""出場試合"", ""攻撃CBP"", ""奪取P""]","["""", ""26.90"", ""1.42"", ""5.56"", ""19"", ""26.90"", ""97.55""]"
20260802,20260609,j2,,パス.html,リーグサマリー:2026特別 J2J3百年構想リーグ チャンスビルディングポイント パスポイント ランキング | データによってサッカーはもっと輝く | Football LAB,リーグサマリー:2026特別 J2J3百年構想リーグ チャンスビルディングポイント パスポイント ランキング | データによってサッカーはもっと輝く | Football LAB,リーグサマリー:2026特別 J2J3百年構想リーグ チャンスビルディングポイント パスポイント ランキング | データによってサッカーはもっと輝く | Football LAB,2,松本 凪生,松本凪生,"[""パスポイント"", ""90分平均"", ""最近5試合"", ""出場試合"", ""攻撃CBP"", ""奪取P""]","["""", ""26.80"", ""1.59"", ""7.80"", ""19"", ""28.99"", ""259.25""]"
20260802,20260609,j2,,パス.html,リーグサマリー:2026特別 J2J3百年構想リーグ チャンスビルディングポイント パスポイント ランキング | データによってサッカーはもっと輝く | Football LAB,リーグサマリー:2026特別 J2J3百年構想リーグ チャンスビルディングポイント パスポイント ランキング | データによってサッカーはもっと輝く | Football LAB,リーグサマリー:2026特別 J2J3百年構想リーグ チャンスビルディングポイント パスポイント ランキング | データによってサッカーはもっと輝く | Football LAB,2,高野 裕維,高野裕維,"[""パスポイント"", ""90分平均"", ""最近5試合"", ""出場試合"", ""攻撃CBP"", ""奪取P""]","["""", ""26.72"", ""1.38"", ""6.78"", ""20"", ""27.87"", ""225.88""]"
20260802,20260609,j2,,パス.html,リーグサマリー:2026特別 J2J3百年構想リーグ チャンスビルディングポイント パスポイント ランキング | データによってサッカーはもっと輝く | Football LAB,リーグサマリー:2026特別 J2J3百年構想リーグ チャンスビルディングポイント パスポイント ランキング | データによってサッカーはもっと輝く | Football LAB,リーグサマリー:2026特別 J2J3百年構想リーグ チャンスビルディングポイント パスポイント ランキング | データによってサッカーはもっと輝く | Football LAB,2,小島 幹敏,小島幹敏,"[""パスポイント"", ""90分平均"", ""最近5試合"", ""出場試合"", ""攻撃CBP"", ""奪取P""]","["""", ""26.35"", ""1.76"", ""5.18"", ""17"", ""28.46"", ""192.52""]"
20260802,20260609,j2,,パス.html,リーグサマリー:2026特別 J2J3百年構想リーグ チャンスビルディングポイント パスポイント ランキング | データによってサッカーはもっと輝く | Football LAB,リーグサマリー:2026特別 J2J3百年構想リーグ チャンスビルディングポイント パスポイント ランキング | データによってサッカーはもっと輝く | Football LAB,リーグサマリー:2026特別 J2J3百年構想リーグ チャンスビルディングポイント パスポイント ランキング | データによってサッカーはもっと輝く | Football LAB,2,亀田 歩夢,亀田歩夢,"[""パスポイント"", ""90分平均"", ""最近5試合"", ""出場試合"", ""攻撃CBP"", ""奪取P""]","["""", ""25.98"", ""2.11"", ""7.59"", ""18"", ""36.22"", ""111.39""]"
20260802,20260609,j2,,パス.html,リーグサマリー:2026特別 J2J3百年構想リーグ チャンスビルディングポイント パスポイント ランキング | データによってサッカーはもっと輝く | Football LAB,リーグサマリー:2026特別 J2J3百年構想リーグ チャンスビルディングポイント パスポイント ランキング | データによってサッカーはもっと輝く | Football LAB,リーグサマリー:2026特別 J2J3百年構想リーグ チャンスビルディングポイント パスポイント ランキング | データによってサッカーはもっと輝く | Football LAB,2,木戸 柊摩,木戸柊摩,"[""パスポイント"", ""90分平均"", ""最近5試合"", ""出場試合"", ""攻撃CBP"", ""奪取P""]","["""", ""25.83"", ""1.41"", ""6.45"", ""20"", ""29.80"", ""207.33""]"
20260802,20260609,j2,,パス.html,リーグサマリー:2026特別 J2J3百年構想リーグ チャンスビルディングポイント パスポイント ランキング | データによってサッカーはもっと輝く | Football LAB,リーグサマリー:2026特別 J2J3百年構想リーグ チャンスビルディングポイント パスポイント ランキング | データによってサッカーはもっと輝く | Football LAB,リーグサマリー:2026特別 J2J3百年構想リーグ チャンスビルディングポイント パスポイント ランキング | データによってサッカーはもっと輝く | Football LAB,2,安在 達弥,安在達弥,"[""パスポイント"", ""90分平均"", ""最近5試合"", ""出場試合"", ""攻撃CBP"", ""奪取P""]","["""", ""25.56"", ""1.34"", ""7.89"", ""20"", ""28.88"", ""168.20""]"
20260802,20260609,j2,,パス.html,リーグサマリー:2026特別 J2J3百年構想リーグ チャンスビルディングポイント パスポイント ランキング | データによってサッカーはもっと輝く | Football LAB,リーグサマリー:2026特別 J2J3百年構想リーグ チャンスビルディングポイント パスポイント ランキング | データによってサッカーはもっと輝く | Football LAB,リーグサマリー:2026特別 J2J3百年構想リーグ チャンスビルディングポイント パスポイント ランキング | データによってサッカーはもっと輝く | Football LAB,2,藤森 隆汰,藤森隆汰,"[""パスポイント"", ""90分平均"", ""最近5試合"", ""出場試合"", ""攻撃CBP"", ""奪取P""]","["""", ""25.43"", ""1.25"", ""6.83"", ""20"", ""28.82"", ""227.28""]"
20260802,20260609,j2,,パス.html,リーグサマリー:2026特別 J2J3百年構想リーグ チャンスビルディングポイント パスポイント ランキング | データによってサッカーはもっと輝く | Football LAB,リーグサマリー:2026特別 J2J3百年構想リーグ チャンスビルディングポイント パスポイント ランキング | データによってサッカーはもっと輝く | Football LAB,リーグサマリー:2026特別 J2J3百年構想リーグ チャンスビルディングポイント パスポイント ランキング | データによってサッカーはもっと輝く | Football LAB,2,狩野 海晟,狩野海晟,"[""パスポイント"", ""90分平均"", ""最近5試合"", ""出場試合"", ""攻撃CBP"", ""奪取P""]","["""", ""25.10"", ""1.97"", ""6.99"", ""18"", ""26.68"", ""103.45""]"
20260802,20260609,j2,,パス.html,リーグサマリー:2026特別 J2J3百年構想リーグ チャンスビルディングポイント パスポイント ランキング | データによってサッカーはもっと輝く | Football LAB,リーグサマリー:2026特別 J2J3百年構想リーグ チャンスビルディングポイント パスポイント ランキング | データによってサッカーはもっと輝く | Football LAB,リーグサマリー:2026特別 J2J3百年構想リーグ チャンスビルディングポイント パスポイント ランキング | データによってサッカーはもっと輝く | Football LAB,2,阿部 稜汰,阿部稜汰,"[""パスポイント"", ""90分平均"", ""最近5試合"", ""出場試合"", ""攻撃CBP"", ""奪取P""]","["""", ""24.83"", ""1.26"", ""5.45"", ""20"", ""30.48"", ""154.33""]"
20260802,20260609,j2,,パス.html,リーグサマリー:2026特別 J2J3百年構想リーグ チャンスビルディングポイント パスポイント ランキング | データによってサッカーはもっと輝く | Football LAB,リーグサマリー:2026特別 J2J3百年構想リーグ チャンスビルディングポイント パスポイント ランキング | データによってサッカーはもっと輝く | Football LAB,リーグサマリー:2026特別 J2J3百年構想リーグ チャンスビルディングポイント パスポイント ランキング | データによってサッカーはもっと輝く | Football LAB,2,菊地 脩太,菊地脩太,"[""パスポイント"", ""90分平均"", ""最近5試合"", ""出場試合"", ""攻撃CBP"", ""奪取P""]","["""", ""24.25"", ""1.25"", ""6.83"", ""19"", ""25.09"", ""157.75""]"
20260802,20260609,j2,,パス.html,リーグサマリー:2026特別 J2J3百年構想リーグ チャンスビルディングポイント パスポイント ランキング | データによってサッカーはもっと輝く | Football LAB,リーグサマリー:2026特別 J2J3百年構想リーグ チャンスビルディングポイント パスポイント ランキング | データによってサッカーはもっと輝く | Football LAB,リーグサマリー:2026特別 J2J3百年構想リーグ チャンスビルディングポイント パスポイント ランキング | データによってサッカーはもっと輝く | Football LAB,2,下川 陽太,下川陽太,"[""パスポイント"", ""90分平均"", ""最近5試合"", ""出場試合"", ""攻撃CBP"", ""奪取P""]","["""", ""24.11"", ""1.28"", ""5.17"", ""20"", ""41.54"", ""148.90""]"
20260802,20260609,j2,,パス.html,リーグサマリー:2026特別 J2J3百年構想リーグ チャンスビルディングポイント パスポイント ランキング | データによってサッカーはもっと輝く | Football LAB,リーグサマリー:2026特別 J2J3百年構想リーグ チャンスビルディングポイント パスポイント ランキング | データによってサッカーはもっと輝く | Football LAB,リーグサマリー:2026特別 J2J3百年構想リーグ チャンスビルディングポイント パスポイント ランキング | データによってサッカーはもっと輝く | Football LAB,2,石井 大生,石井大生,"[""パスポイント"", ""90分平均"", ""最近5試合"", ""出場試合"", ""攻撃CBP"", ""奪取P""]","["""", ""24.10"", ""1.61"", ""0.81"", ""18"", ""24.10"", ""149.91""]"
20260802,20260609,j2,,パス.html,リーグサマリー:2026特別 J2J3百年構想リーグ チャンスビルディングポイント パスポイント ランキング | データによってサッカーはもっと輝く | Football LAB,リーグサマリー:2026特別 J2J3百年構想リーグ チャンスビルディングポイント パスポイント ランキング | データによってサッカーはもっと輝く | Football LAB,リーグサマリー:2026特別 J2J3百年構想リーグ チャンスビルディングポイント パスポイント ランキング | データによってサッカーはもっと輝く | Football LAB,2,奥村 晃司,奥村晃司,"[""パスポイント"", ""90分平均"", ""最近5試合"", ""出場試合"", ""攻撃CBP"", ""奪取P""]","["""", ""23.62"", ""1.31"", ""4.98"", ""19"", ""27.05"", ""165.86""]"
20260802,20260609,j2,,パス.html,リーグサマリー:2026特別 J2J3百年構想リーグ チャンスビルディングポイント パスポイント ランキング | データによってサッカーはもっと輝く | Football LAB,リーグサマリー:2026特別 J2J3百年構想リーグ チャンスビルディングポイント パスポイント ランキング | データによってサッカーはもっと輝く | Football LAB,リーグサマリー:2026特別 J2J3百年構想リーグ チャンスビルディングポイント パスポイント ランキング | データによってサッカーはもっと輝く | Football LAB,2,山本 桜大,山本桜大,"[""パスポイント"", ""90分平均"", ""最近5試合"", ""出場試合"", ""攻撃CBP"", ""奪取P""]","["""", ""23.18"", ""1.33"", ""3.70"", ""19"", ""30.16"", ""170.79""]"
20260802,20260609,j2,,パスレシーブ.html,リーグサマリー:2026特別 J2J3百年構想リーグ チャンスビルディングポイント パスレシーブポイント ランキング | データによってサッカーはもっと輝く | Football LAB,リーグサマリー:2026特別 J2J3百年構想リーグ チャンスビルディングポイント パスレシーブポイント ランキング | データによってサッカーはもっと輝く | Football LAB,リーグサマリー:2026特別 J2J3百年構想リーグ チャンスビルディングポイント パスレシーブポイント ランキング | データによってサッカーはもっと輝く | Football LAB,1,日野 翔太,日野翔太,"[""パスレシーブポイント"", ""90分平均"", ""最近5試合"", ""出場試合"", ""攻撃CBP"", ""奪取P""]","["""", ""38.29"", ""1.92"", ""8.96"", ""20"", ""42.22"", ""137.67""]"
20260802,20260609,j2,,パスレシーブ.html,リーグサマリー:2026特別 J2J3百年構想リーグ チャンスビルディングポイント パスレシーブポイント ランキング | データによってサッカーはもっと輝く | Football LAB,リーグサマリー:2026特別 J2J3百年構想リーグ チャンスビルディングポイント パスレシーブポイント ランキング | データによってサッカーはもっと輝く | Football LAB,リーグサマリー:2026特別 J2J3百年構想リーグ チャンスビルディングポイント パスレシーブポイント ランキング | データによってサッカーはもっと輝く | Football LAB,1,前田 椋介,前田椋介,"[""パスレシーブポイント"", ""90分平均"", ""最近5試合"", ""出場試合"", ""攻撃CBP"", ""奪取P""]","["""", ""36.32"", ""1.93"", ""8.52"", ""19"", ""45.21"", ""224.75""]"
20260802,20260609,j2,,パスレシーブ.html,リーグサマリー:2026特別 J2J3百年構想リーグ チャンスビルディングポイント パスレシーブポイント ランキング | データによってサッカーはもっと輝く | Football LAB,リーグサマリー:2026特別 J2J3百年構想リーグ チャンスビルディングポイント パスレシーブポイント ランキング | データによってサッカーはもっと輝く | Football LAB,リーグサマリー:2026特別 J2J3百年構想リーグ チャンスビルディングポイント パスレシーブポイント ランキング | データによってサッカーはもっと輝く | Football LAB,1,谷本 駿介,谷本駿介,"[""パスレシーブポイント"", ""90分平均"", ""最近5試合"", ""出場試合"", ""攻撃CBP"", ""奪取P""]","["""", ""35.09"", ""2.02"", ""7.28"", ""18"", ""42.55"", ""210.86""]"
20260802,20260609,j2,,パスレシーブ.html,リーグサマリー:2026特別 J2J3百年構想リーグ チャンスビルディングポイント パスレシーブポイント ランキング | データによってサッカーはもっと輝く | Football LAB,リーグサマリー:2026特別 J2J3百年構想リーグ チャンスビルディングポイント パスレシーブポイント ランキング | データによってサッカーはもっと輝く | Football LAB,リーグサマリー:2026特別 J2J3百年構想リーグ チャンスビルディングポイント パスレシーブポイント ランキング | データによってサッカーはもっと輝く | Football LAB,1,山本 桜大,山本桜大,"[""パスレシーブポイント"", ""90分平均"", ""最近5試合"", ""出場試合"", ""攻撃CBP"", ""奪取P""]","["""", ""32.45"", ""1.87"", ""6.58"", ""19"", ""30.16"", ""170.79""]"
20260802,20260609,j2,,パスレシーブ.html,リーグサマリー:2026特別 J2J3百年構想リーグ チャンスビルディングポイント パスレシーブポイント ランキング | データによってサッカーはもっと輝く | Football LAB,リーグサマリー:2026特別 J2J3百年構想リーグ チャンスビルディングポイント パスレシーブポイント ランキング | データによってサッカーはもっと輝く | Football LAB,リーグサマリー:2026特別 J2J3百年構想リーグ チャンスビルディングポイント パスレシーブポイント ランキング | データによってサッカーはもっと輝く | Football LAB,1,狩野 海晟,狩野海晟,"[""パスレシーブポイント"", ""90分平均"", ""最近5試合"", ""出場試合"", ""攻撃CBP"", ""奪取P""]","["""", ""32.36"", ""2.54"", ""7.68"", ""18"", ""26.68"", ""103.45""]"
20260802,20260609,j2,,パスレシーブ.html,リーグサマリー:2026特別 J2J3百年構想リーグ チャンスビルディングポイント パスレシーブポイント ランキング | データによってサッカーはもっと輝く | Football LAB,リーグサマリー:2026特別 J2J3百年構想リーグ チャンスビルディングポイント パスレシーブポイント ランキング | データによってサッカーはもっと輝く | Football LAB,リーグサマリー:2026特別 J2J3百年構想リーグ チャンスビルディングポイント パスレシーブポイント ランキング | データによってサッカーはもっと輝く | Football LAB,1,ジョアン パウロ,ジョアンパウロ,"[""パスレシーブポイント"", ""90分平均"", ""最近5試合"", ""出場試合"", ""攻撃CBP"", ""奪取P""]","["""", ""32.32"", ""2.16"", ""7.88"", ""19"", ""28.08"", ""87.30""]"
20260802,20260609,j2,,パスレシーブ.html,リーグサマリー:2026特別 J2J3百年構想リーグ チャンスビルディングポイント パスレシーブポイント ランキング | データによってサッカーはもっと輝く | Football LAB,リーグサマリー:2026特別 J2J3百年構想リーグ チャンスビルディングポイント パスレシーブポイント ランキング | データによってサッカーはもっと輝く | Football LAB,リーグサマリー:2026特別 J2J3百年構想リーグ チャンスビルディングポイント パスレシーブポイント ランキング | データによってサッカーはもっと輝く | Football LAB,1,川本 梨誉,川本梨誉,"[""パスレシーブポイント"", ""90分平均"", ""最近5試合"", ""出場試合"", ""攻撃CBP"", ""奪取P""]","["""", ""32.01"", ""1.86"", ""7.44"", ""19"", ""24.96"", ""102.13""]"
20260802,20260609,j2,,パスレシーブ.html,リーグサマリー:2026特別 J2J3百年構想リーグ チャンスビルディングポイント パスレシーブポイント ランキング | データによってサッカーはもっと輝く | Football LAB,リーグサマリー:2026特別 J2J3百年構想リーグ チャンスビルディングポイント パスレシーブポイント ランキング | データによってサッカーはもっと輝く | Football LAB,リーグサマリー:2026特別 J2J3百年構想リーグ チャンスビルディングポイント パスレシーブポイント ランキング | データによってサッカーはもっと輝く | Football LAB,1,亀田 歩夢,亀田歩夢,"[""パスレシーブポイント"", ""90分平均"", ""最近5試合"", ""出場試合"", ""攻撃CBP"", ""奪取P""]","["""", ""30.86"", ""2.50"", ""9.67"", ""18"", ""36.22"", ""111.39""]"
20260802,20260609,j2,,パスレシーブ.html,リーグサマリー:2026特別 J2J3百年構想リーグ チャンスビルディングポイント パスレシーブポイント ランキング | データによってサッカーはもっと輝く | Football LAB,リーグサマリー:2026特別 J2J3百年構想リーグ チャンスビルディングポイント パスレシーブポイント ランキング | データによってサッカーはもっと輝く | Football LAB,リーグサマリー:2026特別 J2J3百年構想リーグ チャンスビルディングポイント パスレシーブポイント ランキング | データによってサッカーはもっと輝く | Football LAB,1,上畑 佑平士,上畑佑平士,"[""パスレシーブポイント"", ""90分平均"", ""最近5試合"", ""出場試合"", ""攻撃CBP"", ""奪取P""]","["""", ""30.69"", ""2.06"", ""13.75"", ""18"", ""35.74"", ""165.33""]"
20260802,20260609,j2,,パスレシーブ.html,リーグサマリー:2026特別 J2J3百年構想リーグ チャンスビルディングポイント パスレシーブポイント ランキング | データによってサッカーはもっと輝く | Football LAB,リーグサマリー:2026特別 J2J3百年構想リーグ チャンスビルディングポイント パスレシーブポイント ランキング | データによってサッカーはもっと輝く | Football LAB,リーグサマリー:2026特別 J2J3百年構想リーグ チャンスビルディングポイント パスレシーブポイント ランキング | データによってサッカーはもっと輝く | Football LAB,1,山口 大輝,山口大輝,"[""パスレシーブポイント"", ""90分平均"", ""最近5試合"", ""出場試合"", ""攻撃CBP"", ""奪取P""]","["""", ""30.50"", ""1.65"", ""8.26"", ""20"", ""27.05"", ""155.19""]"
20260802,20260609,j2,,パスレシーブ.html,リーグサマリー:2026特別 J2J3百年構想リーグ チャンスビルディングポイント パスレシーブポイント ランキング | データによってサッカーはもっと輝く | Football LAB,リーグサマリー:2026特別 J2J3百年構想リーグ チャンスビルディングポイント パスレシーブポイント ランキング | データによってサッカーはもっと輝く | Football LAB,リーグサマリー:2026特別 J2J3百年構想リーグ チャンスビルディングポイント パスレシーブポイント ランキング | データによってサッカーはもっと輝く | Football LAB,1,西澤 健太,西澤健太,"[""パスレシーブポイント"", ""90分平均"", ""最近5試合"", ""出場試合"", ""攻撃CBP"", ""奪取P""]","["""", ""29.63"", ""1.89"", ""6.21"", ""18"", ""29.44"", ""96.80""]"
20260802,20260609,j2,,パスレシーブ.html,リーグサマリー:2026特別 J2J3百年構想リーグ チャンスビルディングポイント パスレシーブポイント ランキング | データによってサッカーはもっと輝く | Football LAB,リーグサマリー:2026特別 J2J3百年構想リーグ チャンスビルディングポイント パスレシーブポイント ランキング | データによってサッカーはもっと輝く | Football LAB,リーグサマリー:2026特別 J2J3百年構想リーグ チャンスビルディングポイント パスレシーブポイント ランキング | データによってサッカーはもっと輝く | Football LAB,1,布施谷 翔,布施谷翔,"[""パスレシーブポイント"", ""90分平均"", ""最近5試合"", ""出場試合"", ""攻撃CBP"", ""奪取P""]","["""", ""29.15"", ""1.78"", ""8.48"", ""18"", ""43.86"", ""197.15""]"
20260802,20260609,j2,,パスレシーブ.html,リーグサマリー:2026特別 J2J3百年構想リーグ チャンスビルディングポイント パスレシーブポイント ランキング | データによってサッカーはもっと輝く | Football LAB,リーグサマリー:2026特別 J2J3百年構想リーグ チャンスビルディングポイント パスレシーブポイント ランキング | データによってサッカーはもっと輝く | Football LAB,リーグサマリー:2026特別 J2J3百年構想リーグ チャンスビルディングポイント パスレシーブポイント ランキング | データによってサッカーはもっと輝く | Football LAB,1,竹本 雄飛,竹本雄飛,"[""パスレシーブポイント"", ""90分平均"", ""最近5試合"", ""出場試合"", ""攻撃CBP"", ""奪取P""]","["""", ""27.92"", ""1.67"", ""7.02"", ""20"", ""22.60"", ""108.62""]"
20260802,20260609,j2,,パスレシーブ.html,リーグサマリー:2026特別 J2J3百年構想リーグ チャンスビルディングポイント パスレシーブポイント ランキング | データによってサッカーはもっと輝く | Football LAB,リーグサマリー:2026特別 J2J3百年構想リーグ チャンスビルディングポイント パスレシーブポイント ランキング | データによってサッカーはもっと輝く | Football LAB,リーグサマリー:2026特別 J2J3百年構想リーグ チャンスビルディングポイント パスレシーブポイント ランキング | データによってサッカーはもっと輝く | Football LAB,1,斉藤 涼優,斉藤涼優,"[""パスレシーブポイント"", ""90分平均"", ""最近5試合"", ""出場試合"", ""攻撃CBP"", ""奪取P""]","["""", ""27.51"", ""1.79"", ""7.11"", ""20"", ""39.99"", ""135.32""]"
20260802,20260609,j2,,パスレシーブ.html,リーグサマリー:2026特別 J2J3百年構想リーグ チャンスビルディングポイント パスレシーブポイント ランキング | データによってサッカーはもっと輝く | Football LAB,リーグサマリー:2026特別 J2J3百年構想リーグ チャンスビルディングポイント パスレシーブポイント ランキング | データによってサッカーはもっと輝く | Football LAB,リーグサマリー:2026特別 J2J3百年構想リーグ チャンスビルディングポイント パスレシーブポイント ランキング | データによってサッカーはもっと輝く | Football LAB,1,木戸 柊摩,木戸柊摩,"[""パスレシーブポイント"", ""90分平均"", ""最近5試合"", ""出場試合"", ""攻撃CBP"", ""奪取P""]","["""", ""27.22"", ""1.49"", ""7.17"", ""20"", ""29.80"", ""207.33""]"
20260802,20260609,j2,,パスレシーブ.html,リーグサマリー:2026特別 J2J3百年構想リーグ チャンスビルディングポイント パスレシーブポイント ランキング | データによってサッカーはもっと輝く | Football LAB,リーグサマリー:2026特別 J2J3百年構想リーグ チャンスビルディングポイント パスレシーブポイント ランキング | データによってサッカーはもっと輝く | Football LAB,リーグサマリー:2026特別 J2J3百年構想リーグ チャンスビルディングポイント パスレシーブポイント ランキング | データによってサッカーはもっと輝く | Football LAB,1,荒野 拓馬,荒野拓馬,"[""パスレシーブポイント"", ""90分平均"", ""最近5試合"", ""出場試合"", ""攻撃CBP"", ""奪取P""]","["""", ""27.06"", ""1.90"", ""9.61"", ""17"", ""25.47"", ""75.75""]"
20260802,20260609,j2,,パスレシーブ.html,リーグサマリー:2026特別 J2J3百年構想リーグ チャンスビルディングポイント パスレシーブポイント ランキング | データによってサッカーはもっと輝く | Football LAB,リーグサマリー:2026特別 J2J3百年構想リーグ チャンスビルディングポイント パスレシーブポイント ランキング | データによってサッカーはもっと輝く | Football LAB,リーグサマリー:2026特別 J2J3百年構想リーグ チャンスビルディングポイント パスレシーブポイント ランキング | データによってサッカーはもっと輝く | Football LAB,1,芦部 晃生,芦部晃生,"[""パスレシーブポイント"", ""90分平均"", ""最近5試合"", ""出場試合"", ""攻撃CBP"", ""奪取P""]","["""", ""26.40"", ""2.07"", ""7.27"", ""18"", ""21.53"", ""60.82""]"
20260802,20260609,j2,,パスレシーブ.html,リーグサマリー:2026特別 J2J3百年構想リーグ チャンスビルディングポイント パスレシーブポイント ランキング | データによってサッカーはもっと輝く | Football LAB,リーグサマリー:2026特別 J2J3百年構想リーグ チャンスビルディングポイント パスレシーブポイント ランキング | データによってサッカーはもっと輝く | Football LAB,リーグサマリー:2026特別 J2J3百年構想リーグ チャンスビルディングポイント パスレシーブポイント ランキング | データによってサッカーはもっと輝く | Football LAB,1,河村 慶人,河村慶人,"[""パスレシーブポイント"", ""90分平均"", ""最近5試合"", ""出場試合"", ""攻撃CBP"", ""奪取P""]","["""", ""26.17"", ""1.60"", ""8.06"", ""20"", ""19.08"", ""47.91""]"
20260802,20260609,j2,,パスレシーブ.html,リーグサマリー:2026特別 J2J3百年構想リーグ チャンスビルディングポイント パスレシーブポイント ランキング | データによってサッカーはもっと輝く | Football LAB,リーグサマリー:2026特別 J2J3百年構想リーグ チャンスビルディングポイント パスレシーブポイント ランキング | データによってサッカーはもっと輝く | Football LAB,リーグサマリー:2026特別 J2J3百年構想リーグ チャンスビルディングポイント パスレシーブポイント ランキング | データによってサッカーはもっと輝く | Football LAB,1,福田 晃斗,福田晃斗,"[""パスレシーブポイント"", ""90分平均"", ""最近5試合"", ""出場試合"", ""攻撃CBP"", ""奪取P""]","["""", ""25.84"", ""1.54"", ""2.51"", ""17"", ""36.17"", ""175.05""]"
20260802,20260609,j2,,パスレシーブ.html,リーグサマリー:2026特別 J2J3百年構想リーグ チャンスビルディングポイント パスレシーブポイント ランキング | データによってサッカーはもっと輝く | Football LAB,リーグサマリー:2026特別 J2J3百年構想リーグ チャンスビルディングポイント パスレシーブポイント ランキング | データによってサッカーはもっと輝く | Football LAB,リーグサマリー:2026特別 J2J3百年構想リーグ チャンスビルディングポイント パスレシーブポイント ランキング | データによってサッカーはもっと輝く | Football LAB,1,森田 凜,森田凜,"[""パスレシーブポイント"", ""90分平均"", ""最近5試合"", ""出場試合"", ""攻撃CBP"", ""奪取P""]","["""", ""25.20"", ""1.26"", ""7.44"", ""20"", ""31.42"", ""241.54""]"
20260802,20260609,j2,,パスレシーブ.html,リーグサマリー:2026特別 J2J3百年構想リーグ チャンスビルディングポイント パスレシーブポイント ランキング | データによってサッカーはもっと輝く | Football LAB,リーグサマリー:2026特別 J2J3百年構想リーグ チャンスビルディングポイント パスレシーブポイント ランキング | データによってサッカーはもっと輝く | Football LAB,リーグサマリー:2026特別 J2J3百年構想リーグ チャンスビルディングポイント パスレシーブポイント ランキング | データによってサッカーはもっと輝く | Football LAB,1,奥村 晃司,奥村晃司,"[""パスレシーブポイント"", ""90分平均"", ""最近5試合"", ""出場試合"", ""攻撃CBP"", ""奪取P""]","["""", ""25.16"", ""1.40"", ""4.89"", ""19"", ""27.05"", ""165.86""]"
20260802,20260609,j2,,パスレシーブ.html,リーグサマリー:2026特別 J2J3百年構想リーグ チャンスビルディングポイント パスレシーブポイント ランキング | データによってサッカーはもっと輝く | Football LAB,リーグサマリー:2026特別 J2J3百年構想リーグ チャンスビルディングポイント パスレシーブポイント ランキング | データによってサッカーはもっと輝く | Football LAB,リーグサマリー:2026特別 J2J3百年構想リーグ チャンスビルディングポイント パスレシーブポイント ランキング | データによってサッカーはもっと輝く | Football LAB,1,古川 大悟,古川大悟,"[""パスレシーブポイント"", ""90分平均"", ""最近5試合"", ""出場試合"", ""攻撃CBP"", ""奪取P""]","["""", ""24.91"", ""1.96"", ""0.40"", ""15"", ""15.10"", ""59.28""]"
20260802,20260609,j2,,パスレシーブ.html,リーグサマリー:2026特別 J2J3百年構想リーグ チャンスビルディングポイント パスレシーブポイント ランキング | データによってサッカーはもっと輝く | Football LAB,リーグサマリー:2026特別 J2J3百年構想リーグ チャンスビルディングポイント パスレシーブポイント ランキング | データによってサッカーはもっと輝く | Football LAB,リーグサマリー:2026特別 J2J3百年構想リーグ チャンスビルディングポイント パスレシーブポイント ランキング | データによってサッカーはもっと輝く | Football LAB,1,岡田 優希,岡田優希,"[""パスレシーブポイント"", ""90分平均"", ""最近5試合"", ""出場試合"", ""攻撃CBP"", ""奪取P""]","["""", ""24.90"", ""1.63"", ""4.40"", ""20"", ""31.29"", ""49.61""]"
20260802,20260609,j2,,パスレシーブ.html,リーグサマリー:2026特別 J2J3百年構想リーグ チャンスビルディングポイント パスレシーブポイント ランキング | データによってサッカーはもっと輝く | Football LAB,リーグサマリー:2026特別 J2J3百年構想リーグ チャンスビルディングポイント パスレシーブポイント ランキング | データによってサッカーはもっと輝く | Football LAB,リーグサマリー:2026特別 J2J3百年構想リーグ チャンスビルディングポイント パスレシーブポイント ランキング | データによってサッカーはもっと輝く | Football LAB,1,清水 一雅,清水一雅,"[""パスレシーブポイント"", ""90分平均"", ""最近5試合"", ""出場試合"", ""攻撃CBP"", ""奪取P""]","["""", ""24.68"", ""2.16"", ""8.86"", ""16"", ""18.88"", ""47.76""]"
20260802,20260609,j2,,パスレシーブ.html,リーグサマリー:2026特別 J2J3百年構想リーグ チャンスビルディングポイント パスレシーブポイント ランキング | データによってサッカーはもっと輝く | Football LAB,リーグサマリー:2026特別 J2J3百年構想リーグ チャンスビルディングポイント パスレシーブポイント ランキング | データによってサッカーはもっと輝く | Football LAB,リーグサマリー:2026特別 J2J3百年構想リーグ チャンスビルディングポイント パスレシーブポイント ランキング | データによってサッカーはもっと輝く | Football LAB,1,中村 駿,中村駿,"[""パスレシーブポイント"", ""90分平均"", ""最近5試合"", ""出場試合"", ""攻撃CBP"", ""奪取P""]","["""", ""24.49"", ""1.53"", ""4.81"", ""17"", ""31.86"", ""173.97""]"
20260802,20260609,j2,,パスレシーブ.html,リーグサマリー:2026特別 J2J3百年構想リーグ チャンスビルディングポイント パスレシーブポイント ランキング | データによってサッカーはもっと輝く | Football LAB,リーグサマリー:2026特別 J2J3百年構想リーグ チャンスビルディングポイント パスレシーブポイント ランキング | データによってサッカーはもっと輝く | Football LAB,リーグサマリー:2026特別 J2J3百年構想リーグ チャンスビルディングポイント パスレシーブポイント ランキング | データによってサッカーはもっと輝く | Football LAB,1,土信田 悠生,土信田悠生,"[""パスレシーブポイント"", ""90分平均"", ""最近5試合"", ""出場試合"", ""攻撃CBP"", ""奪取P""]","["""", ""24.39"", ""1.47"", ""5.85"", ""19"", ""8.68"", ""42.24""]"
20260802,20260609,j2,,パスレシーブ.html,リーグサマリー:2026特別 J2J3百年構想リーグ チャンスビルディングポイント パスレシーブポイント ランキング | データによってサッカーはもっと輝く | Football LAB,リーグサマリー:2026特別 J2J3百年構想リーグ チャンスビルディングポイント パスレシーブポイント ランキング | データによってサッカーはもっと輝く | Football LAB,リーグサマリー:2026特別 J2J3百年構想リーグ チャンスビルディングポイント パスレシーブポイント ランキング | データによってサッカーはもっと輝く | Football LAB,1,泉 柊椰,泉柊椰,"[""パスレシーブポイント"", ""90分平均"", ""最近5試合"", ""出場試合"", ""攻撃CBP"", ""奪取P""]","["""", ""24.18"", ""1.46"", ""4.93"", ""20"", ""34.77"", ""134.98""]"
20260802,20260609,j2,,パスレシーブ.html,リーグサマリー:2026特別 J2J3百年構想リーグ チャンスビルディングポイント パスレシーブポイント ランキング | データによってサッカーはもっと輝く | Football LAB,リーグサマリー:2026特別 J2J3百年構想リーグ チャンスビルディングポイント パスレシーブポイント ランキング | データによってサッカーはもっと輝く | Football LAB,リーグサマリー:2026特別 J2J3百年構想リーグ チャンスビルディングポイント パスレシーブポイント ランキング | データによってサッカーはもっと輝く | Football LAB,1,ルーカス バルセロス,ルーカスバルセロス,"[""パスレシーブポイント"", ""90分平均"", ""最近5試合"", ""出場試合"", ""攻撃CBP"", ""奪取P""]","["""", ""24.09"", ""1.93"", ""0.48"", ""16"", ""17.76"", ""48.18""]"
20260802,20260609,j2,,パスレシーブ.html,リーグサマリー:2026特別 J2J3百年構想リーグ チャンスビルディングポイント パスレシーブポイント ランキング | データによってサッカーはもっと輝く | Football LAB,リーグサマリー:2026特別 J2J3百年構想リーグ チャンスビルディングポイント パスレシーブポイント ランキング | データによってサッカーはもっと輝く | Football LAB,リーグサマリー:2026特別 J2J3百年構想リーグ チャンスビルディングポイント パスレシーブポイント ランキング | データによってサッカーはもっと輝く | Football LAB,1,キム テウォン,キムテウォン,"[""パスレシーブポイント"", ""90分平均"", ""最近5試合"", ""出場試合"", ""攻撃CBP"", ""奪取P""]","["""", ""24.08"", ""3.26"", ""8.83"", ""16"", ""17.32"", ""47.07""]"
20260802,20260609,j2,,パスレシーブ.html,リーグサマリー:2026特別 J2J3百年構想リーグ チャンスビルディングポイント パスレシーブポイント ランキング | データによってサッカーはもっと輝く | Football LAB,リーグサマリー:2026特別 J2J3百年構想リーグ チャンスビルディングポイント パスレシーブポイント ランキング | データによってサッカーはもっと輝く | Football LAB,リーグサマリー:2026特別 J2J3百年構想リーグ チャンスビルディングポイント パスレシーブポイント ランキング | データによってサッカーはもっと輝く | Football LAB,1,村越 凱光,村越凱光,"[""パスレシーブポイント"", ""90分平均"", ""最近5試合"", ""出場試合"", ""攻撃CBP"", ""奪取P""]","["""", ""24.07"", ""1.32"", ""6.11"", ""19"", ""26.69"", ""137.26""]"
20260802,20260609,j2,2026,ロングカウンター.html,ロングカウンター (チームスタイル指標),リーグサマリー:2026 J2J3百年構想リーグ ロングカウンター (チームスタイル指標) | データによってサッカーはもっと輝く | Football LAB,ロングカウンターのサマリー,1,相模原,相模原,"[""指数"", ""ゴール率"", ""シュート率"", ""ドリブル使用率"", ""ロングパス使用率"", ""空中戦使用率"", ""コンビネーション使用率""]","[""65"", ""2.5%"", ""18.2%"", ""14.9%"", ""52.1%"", ""5.8%"", ""2.5%""]"
20260802,20260609,j2,2026,ロングカウンター.html,ロングカウンター (チームスタイル指標),リーグサマリー:2026 J2J3百年構想リーグ ロングカウンター (チームスタイル指標) | データによってサッカーはもっと輝く | Football LAB,ロングカウンターのサマリー,1,FC大阪,FC大阪,"[""指数"", ""ゴール率"", ""シュート率"", ""ドリブル使用率"", ""ロングパス使用率"", ""空中戦使用率"", ""コンビネーション使用率""]","[""65"", ""0.0%"", ""9.1%"", ""16.5%"", ""55.4%"", ""5.8%"", ""0.0%""]"
20260802,20260609,j2,2026,ロングカウンター.html,ロングカウンター (チームスタイル指標),リーグサマリー:2026 J2J3百年構想リーグ ロングカウンター (チームスタイル指標) | データによってサッカーはもっと輝く | Football LAB,ロングカウンターのサマリー,1,鹿児島,鹿児島,"[""指数"", ""ゴール率"", ""シュート率"", ""ドリブル使用率"", ""ロングパス使用率"", ""空中戦使用率"", ""コンビネーション使用率""]","[""65"", ""0.0%"", ""9.9%"", ""9.9%"", ""63.6%"", ""8.3%"", ""0.8%""]"
20260802,20260609,j2,2026,ロングカウンター.html,ロングカウンター (チームスタイル指標),リーグサマリー:2026 J2J3百年構想リーグ ロングカウンター (チームスタイル指標) | データによってサッカーはもっと輝く | Football LAB,ロングカウンターのサマリー,1,栃木SC,栃木SC,"[""指数"", ""ゴール率"", ""シュート率"", ""ドリブル使用率"", ""ロングパス使用率"", ""空中戦使用率"", ""コンビネーション使用率""]","[""64"", ""2.5%"", ""23.5%"", ""23.5%"", ""41.2%"", ""5.0%"", ""2.5%""]"
20260802,20260609,j2,2026,ロングカウンター.html,ロングカウンター (チームスタイル指標),リーグサマリー:2026 J2J3百年構想リーグ ロングカウンター (チームスタイル指標) | データによってサッカーはもっと輝く | Football LAB,ロングカウンターのサマリー,1,新潟,新潟,"[""指数"", ""ゴール率"", ""シュート率"", ""ドリブル使用率"", ""ロングパス使用率"", ""空中戦使用率"", ""コンビネーション使用率""]","[""64"", ""2.5%"", ""16.8%"", ""19.3%"", ""41.2%"", ""4.2%"", ""2.5%""]"
20260802,20260609,j2,2026,ロングカウンター.html,ロングカウンター (チームスタイル指標),リーグサマリー:2026 J2J3百年構想リーグ ロングカウンター (チームスタイル指標) | データによってサッカーはもっと輝く | Football LAB,ロングカウンターのサマリー,1,松本,松本,"[""指数"", ""ゴール率"", ""シュート率"", ""ドリブル使用率"", ""ロングパス使用率"", ""空中戦使用率"", ""コンビネーション使用率""]","[""63"", ""6.0%"", ""14.5%"", ""8.5%"", ""56.4%"", ""8.5%"", ""0.0%""]"
20260802,20260609,j2,2026,ロングカウンター.html,ロングカウンター (チームスタイル指標),リーグサマリー:2026 J2J3百年構想リーグ ロングカウンター (チームスタイル指標) | データによってサッカーはもっと輝く | Football LAB,ロングカウンターのサマリー,1,湘南,湘南,"[""指数"", ""ゴール率"", ""シュート率"", ""ドリブル使用率"", ""ロングパス使用率"", ""空中戦使用率"", ""コンビネーション使用率""]","[""62"", ""3.4%"", ""14.7%"", ""11.2%"", ""56.0%"", ""6.9%"", ""1.7%""]"
20260802,20260609,j2,2026,ロングカウンター.html,ロングカウンター (チームスタイル指標),リーグサマリー:2026 J2J3百年構想リーグ ロングカウンター (チームスタイル指標) | データによってサッカーはもっと輝く | Football LAB,ロングカウンターのサマリー,1,仙台,仙台,"[""指数"", ""ゴール率"", ""シュート率"", ""ドリブル使用率"", ""ロングパス使用率"", ""空中戦使用率"", ""コンビネーション使用率""]","[""61"", ""4.3%"", ""20.9%"", ""16.5%"", ""51.3%"", ""4.3%"", ""1.7%""]"
20260802,20260609,j2,2026,ロングカウンター.html,ロングカウンター (チームスタイル指標),リーグサマリー:2026 J2J3百年構想リーグ ロングカウンター (チームスタイル指標) | データによってサッカーはもっと輝く | Football LAB,ロングカウンターのサマリー,1,富山,富山,"[""指数"", ""ゴール率"", ""シュート率"", ""ドリブル使用率"", ""ロングパス使用率"", ""空中戦使用率"", ""コンビネーション使用率""]","[""61"", ""0.0%"", ""16.5%"", ""14.8%"", ""38.3%"", ""0.9%"", ""4.3%""]"
20260802,20260609,j2,2026,ロングカウンター.html,ロングカウンター (チームスタイル指標),リーグサマリー:2026 J2J3百年構想リーグ ロングカウンター (チームスタイル指標) | データによってサッカーはもっと輝く | Football LAB,ロングカウンターのサマリー,1,札幌,札幌,"[""指数"", ""ゴール率"", ""シュート率"", ""ドリブル使用率"", ""ロングパス使用率"", ""空中戦使用率"", ""コンビネーション使用率""]","[""60"", ""0.9%"", ""11.5%"", ""21.2%"", ""57.5%"", ""5.3%"", ""0.9%""]"
20260802,20260609,j2,2026,ロングカウンター.html,ロングカウンター (チームスタイル指標),リーグサマリー:2026 J2J3百年構想リーグ ロングカウンター (チームスタイル指標) | データによってサッカーはもっと輝く | Football LAB,ロングカウンターのサマリー,1,岐阜,岐阜,"[""指数"", ""ゴール率"", ""シュート率"", ""ドリブル使用率"", ""ロングパス使用率"", ""空中戦使用率"", ""コンビネーション使用率""]","[""60"", ""4.4%"", ""15.9%"", ""21.2%"", ""54.0%"", ""1.8%"", ""2.7%""]"
20260802,20260609,j2,2026,ロングカウンター.html,ロングカウンター (チームスタイル指標),リーグサマリー:2026 J2J3百年構想リーグ ロングカウンター (チームスタイル指標) | データによってサッカーはもっと輝く | Football LAB,ロングカウンターのサマリー,1,いわき,いわき,"[""指数"", ""ゴール率"", ""シュート率"", ""ドリブル使用率"", ""ロングパス使用率"", ""空中戦使用率"", ""コンビネーション使用率""]","[""60"", ""0.9%"", ""16.1%"", ""14.3%"", ""51.8%"", ""7.1%"", ""1.8%""]"
20260802,20260609,j2,2026,ロングカウンター.html,ロングカウンター (チームスタイル指標),リーグサマリー:2026 J2J3百年構想リーグ ロングカウンター (チームスタイル指標) | データによってサッカーはもっと輝く | Football LAB,ロングカウンターのサマリー,1,山口,山口,"[""指数"", ""ゴール率"", ""シュート率"", ""ドリブル使用率"", ""ロングパス使用率"", ""空中戦使用率"", ""コンビネーション使用率""]","[""58"", ""0.9%"", ""15.5%"", ""17.3%"", ""57.3%"", ""7.3%"", ""0.0%""]"
20260802,20260609,j2,2026,ロングカウンター.html,ロングカウンター (チームスタイル指標),リーグサマリー:2026 J2J3百年構想リーグ ロングカウンター (チームスタイル指標) | データによってサッカーはもっと輝く | Football LAB,ロングカウンターのサマリー,1,磐田,磐田,"[""指数"", ""ゴール率"", ""シュート率"", ""ドリブル使用率"", ""ロングパス使用率"", ""空中戦使用率"", ""コンビネーション使用率""]","[""58"", ""2.8%"", ""18.3%"", ""12.8%"", ""53.2%"", ""11.0%"", ""1.8%""]"
20260802,20260609,j2,2026,ロングカウンター.html,ロングカウンター (チームスタイル指標),リーグサマリー:2026 J2J3百年構想リーグ ロングカウンター (チームスタイル指標) | データによってサッカーはもっと輝く | Football LAB,ロングカウンターのサマリー,1,金沢,金沢,"[""指数"", ""ゴール率"", ""シュート率"", ""ドリブル使用率"", ""ロングパス使用率"", ""空中戦使用率"", ""コンビネーション使用率""]","[""54"", ""0.0%"", ""17.5%"", ""16.5%"", ""49.5%"", ""7.8%"", ""1.9%""]"
20260802,20260609,j2,2026,ロングカウンター.html,ロングカウンター (チームスタイル指標),リーグサマリー:2026 J2J3百年構想リーグ ロングカウンター (チームスタイル指標) | データによってサッカーはもっと輝く | Football LAB,ロングカウンターのサマリー,1,甲府,甲府,"[""指数"", ""ゴール率"", ""シュート率"", ""ドリブル使用率"", ""ロングパス使用率"", ""空中戦使用率"", ""コンビネーション使用率""]","[""52"", ""2.0%"", ""13.0%"", ""14.0%"", ""67.0%"", ""10.0%"", ""0.0%""]"
20260802,20260609,j2,2026,ロングカウンター.html,ロングカウンター (チームスタイル指標),リーグサマリー:2026 J2J3百年構想リーグ ロングカウンター (チームスタイル指標) | データによってサッカーはもっと輝く | Football LAB,ロングカウンターのサマリー,1,栃木C,栃木C,"[""指数"", ""ゴール率"", ""シュート率"", ""ドリブル使用率"", ""ロングパス使用率"", ""空中戦使用率"", ""コンビネーション使用率""]","[""51"", ""1.0%"", ""9.2%"", ""15.3%"", ""56.1%"", ""2.0%"", ""1.0%""]"
20260802,20260609,j2,2026,ロングカウンター.html,ロングカウンター (チームスタイル指標),リーグサマリー:2026 J2J3百年構想リーグ ロングカウンター (チームスタイル指標) | データによってサッカーはもっと輝く | Football LAB,ロングカウンターのサマリー,1,宮崎,宮崎,"[""指数"", ""ゴール率"", ""シュート率"", ""ドリブル使用率"", ""ロングパス使用率"", ""空中戦使用率"", ""コンビネーション使用率""]","[""50"", ""1.0%"", ""14.4%"", ""15.5%"", ""44.3%"", ""5.2%"", ""2.1%""]"
20260802,20260609,j2,2026,ロングカウンター.html,ロングカウンター (チームスタイル指標),リーグサマリー:2026 J2J3百年構想リーグ ロングカウンター (チームスタイル指標) | データによってサッカーはもっと輝く | Football LAB,ロングカウンターのサマリー,1,群馬,群馬,"[""指数"", ""ゴール率"", ""シュート率"", ""ドリブル使用率"", ""ロングパス使用率"", ""空中戦使用率"", ""コンビネーション使用率""]","[""49"", ""4.2%"", ""18.8%"", ""14.6%"", ""50.0%"", ""4.2%"", ""0.0%""]"
20260802,20260609,j2,2026,ロングカウンター.html,ロングカウンター (チームスタイル指標),リーグサマリー:2026 J2J3百年構想リーグ ロングカウンター (チームスタイル指標) | データによってサッカーはもっと輝く | Football LAB,ロングカウンターのサマリー,1,八戸,八戸,"[""指数"", ""ゴール率"", ""シュート率"", ""ドリブル使用率"", ""ロングパス使用率"", ""空中戦使用率"", ""コンビネーション使用率""]","[""49"", ""1.1%"", ""11.6%"", ""14.7%"", ""62.1%"", ""3.2%"", ""2.1%""]"
20260802,20260609,j2,2026,ロングカウンター.html,ロングカウンター (チームスタイル指標),リーグサマリー:2026 J2J3百年構想リーグ ロングカウンター (チームスタイル指標) | データによってサッカーはもっと輝く | Football LAB,ロングカウンターのサマリー,1,今治,今治,"[""指数"", ""ゴール率"", ""シュート率"", ""ドリブル使用率"", ""ロングパス使用率"", ""空中戦使用率"", ""コンビネーション使用率""]","[""49"", ""1.1%"", ""21.1%"", ""18.9%"", ""41.1%"", ""5.3%"", ""1.1%""]"
20260802,20260609,j2,2026,ロングカウンター.html,ロングカウンター (チームスタイル指標),リーグサマリー:2026 J2J3百年構想リーグ ロングカウンター (チームスタイル指標) | データによってサッカーはもっと輝く | Football LAB,ロングカウンターのサマリー,1,讃岐,讃岐,"[""指数"", ""ゴール率"", ""シュート率"", ""ドリブル使用率"", ""ロングパス使用率"", ""空中戦使用率"", ""コンビネーション使用率""]","[""49"", ""0.0%"", ""11.6%"", ""11.6%"", ""60.0%"", ""4.2%"", ""1.1%""]"
20260802,20260609,j2,2026,ロングカウンター.html,ロングカウンター (チームスタイル指標),リーグサマリー:2026 J2J3百年構想リーグ ロングカウンター (チームスタイル指標) | データによってサッカーはもっと輝く | Football LAB,ロングカウンターのサマリー,1,山形,山形,"[""指数"", ""ゴール率"", ""シュート率"", ""ドリブル使用率"", ""ロングパス使用率"", ""空中戦使用率"", ""コンビネーション使用率""]","[""47"", ""5.4%"", ""21.5%"", ""15.1%"", ""57.0%"", ""3.2%"", ""0.0%""]"
20260802,20260609,j2,2026,ロングカウンター.html,ロングカウンター (チームスタイル指標),リーグサマリー:2026 J2J3百年構想リーグ ロングカウンター (チームスタイル指標) | データによってサッカーはもっと輝く | Football LAB,ロングカウンターのサマリー,1,熊本,熊本,"[""指数"", ""ゴール率"", ""シュート率"", ""ドリブル使用率"", ""ロングパス使用率"", ""空中戦使用率"", ""コンビネーション使用率""]","[""47"", ""0.0%"", ""14.1%"", ""12.0%"", ""62.0%"", ""3.3%"", ""0.0%""]"
20260802,20260609,j2,2026,ロングカウンター.html,ロングカウンター (チームスタイル指標),リーグサマリー:2026 J2J3百年構想リーグ ロングカウンター (チームスタイル指標) | データによってサッカーはもっと輝く | Football LAB,ロングカウンターのサマリー,1,横浜FC,横浜FC,"[""指数"", ""ゴール率"", ""シュート率"", ""ドリブル使用率"", ""ロングパス使用率"", ""空中戦使用率"", ""コンビネーション使用率""]","[""47"", ""3.3%"", ""20.7%"", ""19.6%"", ""51.1%"", ""1.1%"", ""2.2%""]"
20260802,20260609,j2,2026,ロングカウンター.html,ロングカウンター (チームスタイル指標),リーグサマリー:2026 J2J3百年構想リーグ ロングカウンター (チームスタイル指標) | データによってサッカーはもっと輝く | Football LAB,ロングカウンターのサマリー,1,秋田,秋田,"[""指数"", ""ゴール率"", ""シュート率"", ""ドリブル使用率"", ""ロングパス使用率"", ""空中戦使用率"", ""コンビネーション使用率""]","[""46"", ""1.1%"", ""8.8%"", ""13.2%"", ""56.0%"", ""14.3%"", ""0.0%""]"
20260802,20260609,j2,2026,ロングカウンター.html,ロングカウンター (チームスタイル指標),リーグサマリー:2026 J2J3百年構想リーグ ロングカウンター (チームスタイル指標) | データによってサッカーはもっと輝く | Football LAB,ロングカウンターのサマリー,1,藤枝,藤枝,"[""指数"", ""ゴール率"", ""シュート率"", ""ドリブル使用率"", ""ロングパス使用率"", ""空中戦使用率"", ""コンビネーション使用率""]","[""45"", ""2.2%"", ""15.7%"", ""11.2%"", ""50.6%"", ""3.4%"", ""1.1%""]"
20260802,20260609,j2,2026,ロングカウンター.html,ロングカウンター (チームスタイル指標),リーグサマリー:2026 J2J3百年構想リーグ ロングカウンター (チームスタイル指標) | データによってサッカーはもっと輝く | Football LAB,ロングカウンターのサマリー,1,福島,福島,"[""指数"", ""ゴール率"", ""シュート率"", ""ドリブル使用率"", ""ロングパス使用率"", ""空中戦使用率"", ""コンビネーション使用率""]","[""42"", ""1.2%"", ""17.6%"", ""21.2%"", ""51.8%"", ""3.5%"", ""5.9%""]"
20260802,20260609,j2,2026,ロングカウンター.html,ロングカウンター (チームスタイル指標),リーグサマリー:2026 J2J3百年構想リーグ ロングカウンター (チームスタイル指標) | データによってサッカーはもっと輝く | Football LAB,ロングカウンターのサマリー,1,大宮,大宮,"[""指数"", ""ゴール率"", ""シュート率"", ""ドリブル使用率"", ""ロングパス使用率"", ""空中戦使用率"", ""コンビネーション使用率""]","[""41"", ""2.4%"", ""20.2%"", ""15.5%"", ""53.6%"", ""3.6%"", ""0.0%""]"
20260802,20260609,j2,2026,ロングカウンター.html,ロングカウンター (チームスタイル指標),リーグサマリー:2026 J2J3百年構想リーグ ロングカウンター (チームスタイル指標) | データによってサッカーはもっと輝く | Football LAB,ロングカウンターのサマリー,1,長野,長野,"[""指数"", ""ゴール率"", ""シュート率"", ""ドリブル使用率"", ""ロングパス使用率"", ""空中戦使用率"", ""コンビネーション使用率""]","[""40"", ""1.2%"", ""9.8%"", ""17.1%"", ""62.2%"", ""8.5%"", ""2.4%""]"
20260802,20260609,j2,2026,ロングカウンター.html,ロングカウンター (チームスタイル指標),リーグサマリー:2026 J2J3百年構想リーグ ロングカウンター (チームスタイル指標) | データによってサッカーはもっと輝く | Football LAB,ロングカウンターのサマリー,1,徳島,徳島,"[""指数"", ""ゴール率"", ""シュート率"", ""ドリブル使用率"", ""ロングパス使用率"", ""空中戦使用率"", ""コンビネーション使用率""]","[""40"", ""6.1%"", ""23.2%"", ""17.1%"", ""53.7%"", ""1.2%"", ""0.0%""]"
20260802,20260609,j2,2026,ロングカウンター.html,ロングカウンター (チームスタイル指標),リーグサマリー:2026 J2J3百年構想リーグ ロングカウンター (チームスタイル指標) | データによってサッカーはもっと輝く | Football LAB,ロングカウンターのサマリー,1,高知,高知,"[""指数"", ""ゴール率"", ""シュート率"", ""ドリブル使用率"", ""ロングパス使用率"", ""空中戦使用率"", ""コンビネーション使用率""]","[""40"", ""1.2%"", ""17.1%"", ""7.3%"", ""58.5%"", ""1.2%"", ""1.2%""]"
20260802,20260609,j2,2026,ロングカウンター.html,ロングカウンター (チームスタイル指標),リーグサマリー:2026 J2J3百年構想リーグ ロングカウンター (チームスタイル指標) | データによってサッカーはもっと輝く | Football LAB,ロングカウンターのサマリー,1,滋賀,滋賀,"[""指数"", ""ゴール率"", ""シュート率"", ""ドリブル使用率"", ""ロングパス使用率"", ""空中戦使用率"", ""コンビネーション使用率""]","[""40"", ""1.2%"", ""8.6%"", ""16.0%"", ""49.4%"", ""0.0%"", ""0.0%""]"
20260802,20260609,j2,2026,ロングカウンター.html,ロングカウンター (チームスタイル指標),リーグサマリー:2026 J2J3百年構想リーグ ロングカウンター (チームスタイル指標) | データによってサッカーはもっと輝く | Football LAB,ロングカウンターのサマリー,1,鳥取,鳥取,"[""指数"", ""ゴール率"", ""シュート率"", ""ドリブル使用率"", ""ロングパス使用率"", ""空中戦使用率"", ""コンビネーション使用率""]","[""38"", ""0.0%"", ""8.9%"", ""15.2%"", ""51.9%"", ""3.8%"", ""1.3%""]"
20260802,20260609,j2,2026,ロングカウンター.html,ロングカウンター (チームスタイル指標),リーグサマリー:2026 J2J3百年構想リーグ ロングカウンター (チームスタイル指標) | データによってサッカーはもっと輝く | Football LAB,ロングカウンターのサマリー,1,鳥栖,鳥栖,"[""指数"", ""ゴール率"", ""シュート率"", ""ドリブル使用率"", ""ロングパス使用率"", ""空中戦使用率"", ""コンビネーション使用率""]","[""38"", ""2.5%"", ""11.4%"", ""16.5%"", ""54.4%"", ""3.8%"", ""1.3%""]"
20260802,20260609,j2,2026,ロングカウンター.html,ロングカウンター (チームスタイル指標),リーグサマリー:2026 J2J3百年構想リーグ ロングカウンター (チームスタイル指標) | データによってサッカーはもっと輝く | Football LAB,ロングカウンターのサマリー,1,大分,大分,"[""指数"", ""ゴール率"", ""シュート率"", ""ドリブル使用率"", ""ロングパス使用率"", ""空中戦使用率"", ""コンビネーション使用率""]","[""38"", ""1.3%"", ""12.7%"", ""12.7%"", ""55.7%"", ""10.1%"", ""0.0%""]"
20260802,20260609,j2,2026,ロングカウンター.html,ロングカウンター (チームスタイル指標),リーグサマリー:2026 J2J3百年構想リーグ ロングカウンター (チームスタイル指標) | データによってサッカーはもっと輝く | Football LAB,ロングカウンターのサマリー,1,愛媛,愛媛,"[""指数"", ""ゴール率"", ""シュート率"", ""ドリブル使用率"", ""ロングパス使用率"", ""空中戦使用率"", ""コンビネーション使用率""]","[""37"", ""0.0%"", ""15.6%"", ""14.3%"", ""59.7%"", ""1.3%"", ""3.9%""]"
20260802,20260609,j2,2026,ロングカウンター.html,ロングカウンター (チームスタイル指標),リーグサマリー:2026 J2J3百年構想リーグ ロングカウンター (チームスタイル指標) | データによってサッカーはもっと輝く | Football LAB,ロングカウンターのサマリー,1,琉球,琉球,"[""指数"", ""ゴール率"", ""シュート率"", ""ドリブル使用率"", ""ロングパス使用率"", ""空中戦使用率"", ""コンビネーション使用率""]","[""36"", ""0.0%"", ""10.5%"", ""13.2%"", ""57.9%"", ""3.9%"", ""1.3%""]"
20260802,20260609,j2,2026,ロングカウンター.html,ロングカウンター (チームスタイル指標),リーグサマリー:2026 J2J3百年構想リーグ ロングカウンター (チームスタイル指標) | データによってサッカーはもっと輝く | Football LAB,ロングカウンターのサマリー,1,北九州,北九州,"[""指数"", ""ゴール率"", ""シュート率"", ""ドリブル使用率"", ""ロングパス使用率"", ""空中戦使用率"", ""コンビネーション使用率""]","[""36"", ""3.9%"", ""19.7%"", ""21.1%"", ""52.6%"", ""5.3%"", ""0.0%""]"
20260802,20260609,j2,2026,ロングカウンター.html,ロングカウンター (チームスタイル指標),リーグサマリー:2026 J2J3百年構想リーグ ロングカウンター (チームスタイル指標) | データによってサッカーはもっと輝く | Football LAB,ロングカウンターのサマリー,1,奈良,奈良,"[""指数"", ""ゴール率"", ""シュート率"", ""ドリブル使用率"", ""ロングパス使用率"", ""空中戦使用率"", ""コンビネーション使用率""]","[""32"", ""2.9%"", ""14.3%"", ""12.9%"", ""38.6%"", ""4.3%"", ""0.0%""]"
20260802,20260609,j2,2026,ロングカウンター.html,ロングカウンター (チームスタイル指標),リーグサマリー:2026 J2J3百年構想リーグ ロングカウンター (チームスタイル指標) | データによってサッカーはもっと輝く | Football LAB,ロングカウンター (チームスタイル指標),2,仙台,仙台,"[""攻撃セットプレー"", ""左サイド攻撃"", ""中央攻撃"", ""右サイド攻撃"", ""ショートカウンター"", ""ロングカウンター"", ""敵陣ポゼッション"", ""自陣ポゼッション""]","[""48"", ""41"", ""62"", ""52"", ""46"", ""61"", ""50"", ""51""]"
20260802,20260609,j2,2026,ロングカウンター.html,ロングカウンター (チームスタイル指標),リーグサマリー:2026 J2J3百年構想リーグ ロングカウンター (チームスタイル指標) | データによってサッカーはもっと輝く | Football LAB,ロングカウンター (チームスタイル指標),2,秋田,秋田,"[""攻撃セットプレー"", ""左サイド攻撃"", ""中央攻撃"", ""右サイド攻撃"", ""ショートカウンター"", ""ロングカウンター"", ""敵陣ポゼッション"", ""自陣ポゼッション""]","[""62"", ""49"", ""45"", ""76"", ""78"", ""46"", ""30"", ""31""]"
20260802,20260609,j2,2026,ロングカウンター.html,ロングカウンター (チームスタイル指標),リーグサマリー:2026 J2J3百年構想リーグ ロングカウンター (チームスタイル指標) | データによってサッカーはもっと輝く | Football LAB,ロングカウンター (チームスタイル指標),2,湘南,湘南,"[""攻撃セットプレー"", ""左サイド攻撃"", ""中央攻撃"", ""右サイド攻撃"", ""ショートカウンター"", ""ロングカウンター"", ""敵陣ポゼッション"", ""自陣ポゼッション""]","[""52"", ""49"", ""47"", ""59"", ""47"", ""62"", ""50"", ""47""]"
20260802,20260609,j2,2026,ロングカウンター.html,ロングカウンター (チームスタイル指標),リーグサマリー:2026 J2J3百年構想リーグ ロングカウンター (チームスタイル指標) | データによってサッカーはもっと輝く | Football LAB,ロングカウンター (チームスタイル指標),2,横浜FC,横浜FC,"[""攻撃セットプレー"", ""左サイド攻撃"", ""中央攻撃"", ""右サイド攻撃"", ""ショートカウンター"", ""ロングカウンター"", ""敵陣ポゼッション"", ""自陣ポゼッション""]","[""57"", ""54"", ""58"", ""44"", ""44"", ""47"", ""56"", ""54""]"
20260802,20260609,j2,2026,ロングカウンター.html,ロングカウンター (チームスタイル指標),リーグサマリー:2026 J2J3百年構想リーグ ロングカウンター (チームスタイル指標) | データによってサッカーはもっと輝く | Football LAB,ロングカウンター (チームスタイル指標),2,相模原,相模原,"[""攻撃セットプレー"", ""左サイド攻撃"", ""中央攻撃"", ""右サイド攻撃"", ""ショートカウンター"", ""ロングカウンター"", ""敵陣ポゼッション"", ""自陣ポゼッション""]","[""53"", ""57"", ""55"", ""60"", ""66"", ""65"", ""26"", ""31""]"
20260802,20260609,j2,2026,ロングカウンター.html,ロングカウンター (チームスタイル指標),リーグサマリー:2026 J2J3百年構想リーグ ロングカウンター (チームスタイル指標) | データによってサッカーはもっと輝く | Football LAB,ロングカウンター (チームスタイル指標),2,群馬,群馬,"[""攻撃セットプレー"", ""左サイド攻撃"", ""中央攻撃"", ""右サイド攻撃"", ""ショートカウンター"", ""ロングカウンター"", ""敵陣ポゼッション"", ""自陣ポゼッション""]","[""39"", ""44"", ""49"", ""40"", ""43"", ""49"", ""45"", ""58""]"
20260802,20260609,j2,2026,ロングカウンター.html,ロングカウンター (チームスタイル指標),リーグサマリー:2026 J2J3百年構想リーグ ロングカウンター (チームスタイル指標) | データによってサッカーはもっと輝く | Football LAB,ロングカウンター (チームスタイル指標),2,山形,山形,"[""攻撃セットプレー"", ""左サイド攻撃"", ""中央攻撃"", ""右サイド攻撃"", ""ショートカウンター"", ""ロングカウンター"", ""敵陣ポゼッション"", ""自陣ポゼッション""]","[""35"", ""43"", ""44"", ""42"", ""38"", ""47"", ""47"", ""50""]"
20260802,20260609,j2,2026,ロングカウンター.html,ロングカウンター (チームスタイル指標),リーグサマリー:2026 J2J3百年構想リーグ ロングカウンター (チームスタイル指標) | データによってサッカーはもっと輝く | Football LAB,ロングカウンター (チームスタイル指標),2,栃木C,栃木C,"[""攻撃セットプレー"", ""左サイド攻撃"", ""中央攻撃"", ""右サイド攻撃"", ""ショートカウンター"", ""ロングカウンター"", ""敵陣ポゼッション"", ""自陣ポゼッション""]","[""45"", ""54"", ""49"", ""46"", ""50"", ""51"", ""47"", ""53""]"
20260802,20260609,j2,2026,ロングカウンター.html,ロングカウンター (チームスタイル指標),リーグサマリー:2026 J2J3百年構想リーグ ロングカウンター (チームスタイル指標) | データによってサッカーはもっと輝く | Football LAB,ロングカウンター (チームスタイル指標),2,八戸,八戸,"[""攻撃セットプレー"", ""左サイド攻撃"", ""中央攻撃"", ""右サイド攻撃"", ""ショートカウンター"", ""ロングカウンター"", ""敵陣ポゼッション"", ""自陣ポゼッション""]","[""62"", ""59"", ""38"", ""72"", ""63"", ""49"", ""38"", ""37""]"
20260802,20260609,j2,2026,ロングカウンター.html,ロングカウンター (チームスタイル指標),リーグサマリー:2026 J2J3百年構想リーグ ロングカウンター (チームスタイル指標) | データによってサッカーはもっと輝く | Football LAB,ロングカウンター (チームスタイル指標),2,栃木SC,栃木SC,"[""攻撃セットプレー"", ""左サイド攻撃"", ""中央攻撃"", ""右サイド攻撃"", ""ショートカウンター"", ""ロングカウンター"", ""敵陣ポゼッション"", ""自陣ポゼッション""]","[""49"", ""57"", ""58"", ""44"", ""50"", ""64"", ""52"", ""42""]"
20260802,20260609,j2,2026,ロングカウンター.html,ロングカウンター (チームスタイル指標),リーグサマリー:2026 J2J3百年構想リーグ ロングカウンター (チームスタイル指標) | データによってサッカーはもっと輝く | Football LAB,ロングカウンター (チームスタイル指標),2,甲府,甲府,"[""攻撃セットプレー"", ""左サイド攻撃"", ""中央攻撃"", ""右サイド攻撃"", ""ショートカウンター"", ""ロングカウンター"", ""敵陣ポゼッション"", ""自陣ポゼッション""]","[""48"", ""46"", ""35"", ""47"", ""48"", ""52"", ""48"", ""42""]"
20260802,20260609,j2,2026,ロングカウンター.html,ロングカウンター (チームスタイル指標),リーグサマリー:2026 J2J3百年構想リーグ ロングカウンター (チームスタイル指標) | データによってサッカーはもっと輝く | Football LAB,ロングカウンター (チームスタイル指標),2,札幌,札幌,"[""攻撃セットプレー"", ""左サイド攻撃"", ""中央攻撃"", ""右サイド攻撃"", ""ショートカウンター"", ""ロングカウンター"", ""敵陣ポゼッション"", ""自陣ポゼッション""]","[""47"", ""47"", ""46"", ""45"", ""45"", ""60"", ""62"", ""60""]"
20260802,20260609,j2,2026,ロングカウンター.html,ロングカウンター (チームスタイル指標),リーグサマリー:2026 J2J3百年構想リーグ ロングカウンター (チームスタイル指標) | データによってサッカーはもっと輝く | Football LAB,ロングカウンター (チームスタイル指標),2,いわき,いわき,"[""攻撃セットプレー"", ""左サイド攻撃"", ""中央攻撃"", ""右サイド攻撃"", ""ショートカウンター"", ""ロングカウンター"", ""敵陣ポゼッション"", ""自陣ポゼッション""]","[""65"", ""62"", ""56"", ""64"", ""67"", ""60"", ""38"", ""38""]"
20260802,20260609,j2,2026,ロングカウンター.html,ロングカウンター (チームスタイル指標),リーグサマリー:2026 J2J3百年構想リーグ ロングカウンター (チームスタイル指標) | データによってサッカーはもっと輝く | Football LAB,ロングカウンター (チームスタイル指標),2,大宮,大宮,"[""攻撃セットプレー"", ""左サイド攻撃"", ""中央攻撃"", ""右サイド攻撃"", ""ショートカウンター"", ""ロングカウンター"", ""敵陣ポゼッション"", ""自陣ポゼッション""]","[""57"", ""57"", ""60"", ""47"", ""54"", ""41"", ""56"", ""50""]"
20260802,20260609,j2,2026,ロングカウンター.html,ロングカウンター (チームスタイル指標),リーグサマリー:2026 J2J3百年構想リーグ ロングカウンター (チームスタイル指標) | データによってサッカーはもっと輝く | Football LAB,ロングカウンター (チームスタイル指標),2,藤枝,藤枝,"[""攻撃セットプレー"", ""左サイド攻撃"", ""中央攻撃"", ""右サイド攻撃"", ""ショートカウンター"", ""ロングカウンター"", ""敵陣ポゼッション"", ""自陣ポゼッション""]","[""51"", ""51"", ""45"", ""55"", ""48"", ""45"", ""48"", ""56""]"
20260802,20260609,j2,2026,ロングカウンター.html,ロングカウンター (チームスタイル指標),リーグサマリー:2026 J2J3百年構想リーグ ロングカウンター (チームスタイル指標) | データによってサッカーはもっと輝く | Football LAB,ロングカウンター (チームスタイル指標),2,岐阜,岐阜,"[""攻撃セットプレー"", ""左サイド攻撃"", ""中央攻撃"", ""右サイド攻撃"", ""ショートカウンター"", ""ロングカウンター"", ""敵陣ポゼッション"", ""自陣ポゼッション""]","[""51"", ""51"", ""58"", ""53"", ""53"", ""60"", ""68"", ""49""]"
20260802,20260609,j2,2026,ロングカウンター.html,ロングカウンター (チームスタイル指標),リーグサマリー:2026 J2J3百年構想リーグ ロングカウンター (チームスタイル指標) | データによってサッカーはもっと輝く | Football LAB,ロングカウンター (チームスタイル指標),2,松本,松本,"[""攻撃セットプレー"", ""左サイド攻撃"", ""中央攻撃"", ""右サイド攻撃"", ""ショートカウンター"", ""ロングカウンター"", ""敵陣ポゼッション"", ""自陣ポゼッション""]","[""55"", ""37"", ""53"", ""58"", ""59"", ""63"", ""38"", ""39""]"
20260802,20260609,j2,2026,ロングカウンター.html,ロングカウンター (チームスタイル指標),リーグサマリー:2026 J2J3百年構想リーグ ロングカウンター (チームスタイル指標) | データによってサッカーはもっと輝く | Football LAB,ロングカウンター (チームスタイル指標),2,磐田,磐田,"[""攻撃セットプレー"", ""左サイド攻撃"", ""中央攻撃"", ""右サイド攻撃"", ""ショートカウンター"", ""ロングカウンター"", ""敵陣ポゼッション"", ""自陣ポゼッション""]","[""45"", ""38"", ""48"", ""54"", ""47"", ""58"", ""48"", ""50""]"
20260802,20260609,j2,2026,ロングカウンター.html,ロングカウンター (チームスタイル指標),リーグサマリー:2026 J2J3百年構想リーグ ロングカウンター (チームスタイル指標) | データによってサッカーはもっと輝く | Football LAB,ロングカウンター (チームスタイル指標),2,福島,福島,"[""攻撃セットプレー"", ""左サイド攻撃"", ""中央攻撃"", ""右サイド攻撃"", ""ショートカウンター"", ""ロングカウンター"", ""敵陣ポゼッション"", ""自陣ポゼッション""]","[""38"", ""25"", ""90"", ""35"", ""42"", ""42"", ""58"", ""51""]"
20260802,20260609,j2,2026,ロングカウンター.html,ロングカウンター (チームスタイル指標),リーグサマリー:2026 J2J3百年構想リーグ ロングカウンター (チームスタイル指標) | データによってサッカーはもっと輝く | Football LAB,ロングカウンター (チームスタイル指標),2,長野,長野,"[""攻撃セットプレー"", ""左サイド攻撃"", ""中央攻撃"", ""右サイド攻撃"", ""ショートカウンター"", ""ロングカウンター"", ""敵陣ポゼッション"", ""自陣ポゼッション""]","[""48"", ""61"", ""48"", ""42"", ""52"", ""40"", ""44"", ""39""]"
20260802,20260609,j2,2026,ロングカウンター.html,ロングカウンター (チームスタイル指標),リーグサマリー:2026 J2J3百年構想リーグ ロングカウンター (チームスタイル指標) | データによってサッカーはもっと輝く | Football LAB,ロングカウンター (チームスタイル指標),2,富山,富山,"[""攻撃セットプレー"", ""左サイド攻撃"", ""中央攻撃"", ""右サイド攻撃"", ""ショートカウンター"", ""ロングカウンター"", ""敵陣ポゼッション"", ""自陣ポゼッション""]","[""62"", ""71"", ""60"", ""52"", ""51"", ""61"", ""66"", ""56""]"
20260802,20260609,j2,2026,ロングカウンター.html,ロングカウンター (チームスタイル指標),リーグサマリー:2026 J2J3百年構想リーグ ロングカウンター (チームスタイル指標) | データによってサッカーはもっと輝く | Football LAB,ロングカウンター (チームスタイル指標),2,新潟,新潟,"[""攻撃セットプレー"", ""左サイド攻撃"", ""中央攻撃"", ""右サイド攻撃"", ""ショートカウンター"", ""ロングカウンター"", ""敵陣ポゼッション"", ""自陣ポゼッション""]","[""51"", ""54"", ""48"", ""41"", ""48"", ""64"", ""51"", ""52""]"
20260802,20260609,j2,2026,ロングカウンター.html,ロングカウンター (チームスタイル指標),リーグサマリー:2026 J2J3百年構想リーグ ロングカウンター (チームスタイル指標) | データによってサッカーはもっと輝く | Football LAB,ロングカウンター (チームスタイル指標),2,徳島,徳島,"[""攻撃セットプレー"", ""左サイド攻撃"", ""中央攻撃"", ""右サイド攻撃"", ""ショートカウンター"", ""ロングカウンター"", ""敵陣ポゼッション"", ""自陣ポゼッション""]","[""32"", ""33"", ""44"", ""32"", ""34"", ""40"", ""45"", ""67""]"
20260802,20260609,j2,2026,ロングカウンター.html,ロングカウンター (チームスタイル指標),リーグサマリー:2026 J2J3百年構想リーグ ロングカウンター (チームスタイル指標) | データによってサッカーはもっと輝く | Football LAB,ロングカウンター (チームスタイル指標),2,高知,高知,"[""攻撃セットプレー"", ""左サイド攻撃"", ""中央攻撃"", ""右サイド攻撃"", ""ショートカウンター"", ""ロングカウンター"", ""敵陣ポゼッション"", ""自陣ポゼッション""]","[""40"", ""41"", ""37"", ""46"", ""44"", ""40"", ""60"", ""57""]"
20260802,20260609,j2,2026,ロングカウンター.html,ロングカウンター (チームスタイル指標),リーグサマリー:2026 J2J3百年構想リーグ ロングカウンター (チームスタイル指標) | データによってサッカーはもっと輝く | Football LAB,ロングカウンター (チームスタイル指標),2,愛媛,愛媛,"[""攻撃セットプレー"", ""左サイド攻撃"", ""中央攻撃"", ""右サイド攻撃"", ""ショートカウンター"", ""ロングカウンター"", ""敵陣ポゼッション"", ""自陣ポゼッション""]","[""56"", ""69"", ""51"", ""50"", ""51"", ""37"", ""70"", ""49""]"
20260802,20260609,j2,2026,ロングカウンター.html,ロングカウンター (チームスタイル指標),リーグサマリー:2026 J2J3百年構想リーグ ロングカウンター (チームスタイル指標) | データによってサッカーはもっと輝く | Football LAB,ロングカウンター (チームスタイル指標),2,金沢,金沢,"[""攻撃セットプレー"", ""左サイド攻撃"", ""中央攻撃"", ""右サイド攻撃"", ""ショートカウンター"", ""ロングカウンター"", ""敵陣ポゼッション"", ""自陣ポゼッション""]","[""53"", ""49"", ""40"", ""60"", ""48"", ""54"", ""51"", ""42""]"
20260802,20260609,j2,2026,ロングカウンター.html,ロングカウンター (チームスタイル指標),リーグサマリー:2026 J2J3百年構想リーグ ロングカウンター (チームスタイル指標) | データによってサッカーはもっと輝く | Football LAB,ロングカウンター (チームスタイル指標),2,奈良,奈良,"[""攻撃セットプレー"", ""左サイド攻撃"", ""中央攻撃"", ""右サイド攻撃"", ""ショートカウンター"", ""ロングカウンター"", ""敵陣ポゼッション"", ""自陣ポゼッション""]","[""35"", ""48"", ""37"", ""37"", ""34"", ""32"", ""62"", ""69""]"
20260802,20260609,j2,2026,ロングカウンター.html,ロングカウンター (チームスタイル指標),リーグサマリー:2026 J2J3百年構想リーグ ロングカウンター (チームスタイル指標) | データによってサッカーはもっと輝く | Football LAB,ロングカウンター (チームスタイル指標),2,FC大阪,FC大阪,"[""攻撃セットプレー"", ""左サイド攻撃"", ""中央攻撃"", ""右サイド攻撃"", ""ショートカウンター"", ""ロングカウンター"", ""敵陣ポゼッション"", ""自陣ポゼッション""]","[""72"", ""69"", ""61"", ""62"", ""69"", ""65"", ""51"", ""38""]"
20260802,20260609,j2,2026,ロングカウンター.html,ロングカウンター (チームスタイル指標),リーグサマリー:2026 J2J3百年構想リーグ ロングカウンター (チームスタイル指標) | データによってサッカーはもっと輝く | Football LAB,ロングカウンター (チームスタイル指標),2,今治,今治,"[""攻撃セットプレー"", ""左サイド攻撃"", ""中央攻撃"", ""右サイド攻撃"", ""ショートカウンター"", ""ロングカウンター"", ""敵陣ポゼッション"", ""自陣ポゼッション""]","[""52"", ""45"", ""68"", ""46"", ""53"", ""49"", ""44"", ""47""]"
20260802,20260609,j2,2026,ロングカウンター.html,ロングカウンター (チームスタイル指標),リーグサマリー:2026 J2J3百年構想リーグ ロングカウンター (チームスタイル指標) | データによってサッカーはもっと輝く | Football LAB,ロングカウンター (チームスタイル指標),2,讃岐,讃岐,"[""攻撃セットプレー"", ""左サイド攻撃"", ""中央攻撃"", ""右サイド攻撃"", ""ショートカウンター"", ""ロングカウンター"", ""敵陣ポゼッション"", ""自陣ポゼッション""]","[""47"", ""48"", ""46"", ""49"", ""61"", ""49"", ""33"", ""38""]"
20260802,20260609,j2,2026,ロングカウンター.html,ロングカウンター (チームスタイル指標),リーグサマリー:2026 J2J3百年構想リーグ ロングカウンター (チームスタイル指標) | データによってサッカーはもっと輝く | Football LAB,ロングカウンター (チームスタイル指標),2,宮崎,宮崎,"[""攻撃セットプレー"", ""左サイド攻撃"", ""中央攻撃"", ""右サイド攻撃"", ""ショートカウンター"", ""ロングカウンター"", ""敵陣ポゼッション"", ""自陣ポゼッション""]","[""48"", ""56"", ""43"", ""46"", ""45"", ""50"", ""53"", ""54""]"
20260802,20260609,j2,2026,ロングカウンター.html,ロングカウンター (チームスタイル指標),リーグサマリー:2026 J2J3百年構想リーグ ロングカウンター (チームスタイル指標) | データによってサッカーはもっと輝く | Football LAB,ロングカウンター (チームスタイル指標),2,鹿児島,鹿児島,"[""攻撃セットプレー"", ""左サイド攻撃"", ""中央攻撃"", ""右サイド攻撃"", ""ショートカウンター"", ""ロングカウンター"", ""敵陣ポゼッション"", ""自陣ポゼッション""]","[""84"", ""70"", ""44"", ""72"", ""73"", ""65"", ""37"", ""32""]"
20260802,20260609,j2,2026,ロングカウンター.html,ロングカウンター (チームスタイル指標),リーグサマリー:2026 J2J3百年構想リーグ ロングカウンター (チームスタイル指標) | データによってサッカーはもっと輝く | Football LAB,ロングカウンター (チームスタイル指標),2,鳥栖,鳥栖,"[""攻撃セットプレー"", ""左サイド攻撃"", ""中央攻撃"", ""右サイド攻撃"", ""ショートカウンター"", ""ロングカウンター"", ""敵陣ポゼッション"", ""自陣ポゼッション""]","[""53"", ""49"", ""46"", ""51"", ""40"", ""38"", ""67"", ""72""]"
20260802,20260609,j2,2026,ロングカウンター.html,ロングカウンター (チームスタイル指標),リーグサマリー:2026 J2J3百年構想リーグ ロングカウンター (チームスタイル指標) | データによってサッカーはもっと輝く | Football LAB,ロングカウンター (チームスタイル指標),2,山口,山口,"[""攻撃セットプレー"", ""左サイド攻撃"", ""中央攻撃"", ""右サイド攻撃"", ""ショートカウンター"", ""ロングカウンター"", ""敵陣ポゼッション"", ""自陣ポゼッション""]","[""44"", ""45"", ""49"", ""51"", ""47"", ""58"", ""52"", ""57""]"
20260802,20260609,j2,2026,ロングカウンター.html,ロングカウンター (チームスタイル指標),リーグサマリー:2026 J2J3百年構想リーグ ロングカウンター (チームスタイル指標) | データによってサッカーはもっと輝く | Football LAB,ロングカウンター (チームスタイル指標),2,熊本,熊本,"[""攻撃セットプレー"", ""左サイド攻撃"", ""中央攻撃"", ""右サイド攻撃"", ""ショートカウンター"", ""ロングカウンター"", ""敵陣ポゼッション"", ""自陣ポゼッション""]","[""44"", ""43"", ""41"", ""50"", ""44"", ""47"", ""61"", ""58""]"
20260802,20260609,j2,2026,ロングカウンター.html,ロングカウンター (チームスタイル指標),リーグサマリー:2026 J2J3百年構想リーグ ロングカウンター (チームスタイル指標) | データによってサッカーはもっと輝く | Football LAB,ロングカウンター (チームスタイル指標),2,鳥取,鳥取,"[""攻撃セットプレー"", ""左サイド攻撃"", ""中央攻撃"", ""右サイド攻撃"", ""ショートカウンター"", ""ロングカウンター"", ""敵陣ポゼッション"", ""自陣ポゼッション""]","[""41"", ""49"", ""43"", ""38"", ""46"", ""38"", ""51"", ""57""]"
20260802,20260609,j2,2026,ロングカウンター.html,ロングカウンター (チームスタイル指標),リーグサマリー:2026 J2J3百年構想リーグ ロングカウンター (チームスタイル指標) | データによってサッカーはもっと輝く | Football LAB,ロングカウンター (チームスタイル指標),2,大分,大分,"[""攻撃セットプレー"", ""左サイド攻撃"", ""中央攻撃"", ""右サイド攻撃"", ""ショートカウンター"", ""ロングカウンター"", ""敵陣ポゼッション"", ""自陣ポゼッション""]","[""51"", ""45"", ""49"", ""59"", ""48"", ""38"", ""50"", ""60""]"
20260802,20260609,j2,2026,ロングカウンター.html,ロングカウンター (チームスタイル指標),リーグサマリー:2026 J2J3百年構想リーグ ロングカウンター (チームスタイル指標) | データによってサッカーはもっと輝く | Football LAB,ロングカウンター (チームスタイル指標),2,滋賀,滋賀,"[""攻撃セットプレー"", ""左サイド攻撃"", ""中央攻撃"", ""右サイド攻撃"", ""ショートカウンター"", ""ロングカウンター"", ""敵陣ポゼッション"", ""自陣ポゼッション""]","[""44"", ""40"", ""43"", ""43"", ""40"", ""40"", ""43"", ""45""]"
20260802,20260609,j2,2026,ロングカウンター.html,ロングカウンター (チームスタイル指標),リーグサマリー:2026 J2J3百年構想リーグ ロングカウンター (チームスタイル指標) | データによってサッカーはもっと輝く | Football LAB,ロングカウンター (チームスタイル指標),2,琉球,琉球,"[""攻撃セットプレー"", ""左サイド攻撃"", ""中央攻撃"", ""右サイド攻撃"", ""ショートカウンター"", ""ロングカウンター"", ""敵陣ポゼッション"", ""自陣ポゼッション""]","[""43"", ""51"", ""57"", ""39"", ""45"", ""36"", ""47"", ""61""]"
20260802,20260609,j2,2026,ロングカウンター.html,ロングカウンター (チームスタイル指標),リーグサマリー:2026 J2J3百年構想リーグ ロングカウンター (チームスタイル指標) | データによってサッカーはもっと輝く | Football LAB,ロングカウンター (チームスタイル指標),2,北九州,北九州,"[""攻撃セットプレー"", ""左サイド攻撃"", ""中央攻撃"", ""右サイド攻撃"", ""ショートカウンター"", ""ロングカウンター"", ""敵陣ポゼッション"", ""自陣ポゼッション""]","[""43"", ""40"", ""51"", ""46"", ""40"", ""36"", ""53"", ""56""]"
20260802,20260609,j2,2026,ロングカウンター.html,ロングカウンター (チームスタイル指標),リーグサマリー:2026 J2J3百年構想リーグ ロングカウンター (チームスタイル指標) | データによってサッカーはもっと輝く | Football LAB,ロングカウンター (チームスタイル指標),3,仙台,仙台,"[""攻撃セットプレー"", ""左サイド攻撃"", ""中央攻撃"", ""右サイド攻撃"", ""ショートカウンター"", ""ロングカウンター"", ""敵陣ポゼッション"", ""自陣ポゼッション""]","[""32.0%"", ""8.3%"", ""37.3%"", ""12.8%"", ""14.1%"", ""20.9%"", ""21.2%"", ""9.1%""]"
20260802,20260609,j2,2026,ロングカウンター.html,ロングカウンター (チームスタイル指標),リーグサマリー:2026 J2J3百年構想リーグ ロングカウンター (チームスタイル指標) | データによってサッカーはもっと輝く | Football LAB,ロングカウンター (チームスタイル指標),3,秋田,秋田,"[""攻撃セットプレー"", ""左サイド攻撃"", ""中央攻撃"", ""右サイド攻撃"", ""ショートカウンター"", ""ロングカウンター"", ""敵陣ポゼッション"", ""自陣ポゼッション""]","[""27.6%"", ""6.1%"", ""25.1%"", ""6.6%"", ""12.9%"", ""8.8%"", ""13.3%"", ""5.0%""]"
20260802,20260609,j2,2026,ロングカウンター.html,ロングカウンター (チームスタイル指標),リーグサマリー:2026 J2J3百年構想リーグ ロングカウンター (チームスタイル指標) | データによってサッカーはもっと輝く | Football LAB,ロングカウンター (チームスタイル指標),3,湘南,湘南,"[""攻撃セットプレー"", ""左サイド攻撃"", ""中央攻撃"", ""右サイド攻撃"", ""ショートカウンター"", ""ロングカウンター"", ""敵陣ポゼッション"", ""自陣ポゼッション""]","[""19.5%"", ""10.8%"", ""30.4%"", ""10.8%"", ""17.0%"", ""14.7%"", ""11.8%"", ""5.5%""]"
20260802,20260609,j2,2026,ロングカウンター.html,ロングカウンター (チームスタイル指標),リーグサマリー:2026 J2J3百年構想リーグ ロングカウンター (チームスタイル指標) | データによってサッカーはもっと輝く | Football LAB,ロングカウンター (チームスタイル指標),3,横浜FC,横浜FC,"[""攻撃セットプレー"", ""左サイド攻撃"", ""中央攻撃"", ""右サイド攻撃"", ""ショートカウンター"", ""ロングカウンター"", ""敵陣ポゼッション"", ""自陣ポゼッション""]","[""33.8%"", ""16.1%"", ""37.7%"", ""12.7%"", ""21.0%"", ""20.7%"", ""22.3%"", ""5.9%""]"
20260802,20260609,j2,2026,ロングカウンター.html,ロングカウンター (チームスタイル指標),リーグサマリー:2026 J2J3百年構想リーグ ロングカウンター (チームスタイル指標) | データによってサッカーはもっと輝く | Football LAB,ロングカウンター (チームスタイル指標),3,相模原,相模原,"[""攻撃セットプレー"", ""左サイド攻撃"", ""中央攻撃"", ""右サイド攻撃"", ""ショートカウンター"", ""ロングカウンター"", ""敵陣ポゼッション"", ""自陣ポゼッション""]","[""25.5%"", ""11.3%"", ""34.5%"", ""5.4%"", ""16.3%"", ""18.2%"", ""22.2%"", ""4.5%""]"
20260802,20260609,j2,2026,ロングカウンター.html,ロングカウンター (チームスタイル指標),リーグサマリー:2026 J2J3百年構想リーグ ロングカウンター (チームスタイル指標) | データによってサッカーはもっと輝く | Football LAB,ロングカウンター (チームスタイル指標),3,群馬,群馬,"[""攻撃セットプレー"", ""左サイド攻撃"", ""中央攻撃"", ""右サイド攻撃"", ""ショートカウンター"", ""ロングカウンター"", ""敵陣ポゼッション"", ""自陣ポゼッション""]","[""22.0%"", ""12.4%"", ""35.5%"", ""17.3%"", ""17.9%"", ""18.8%"", ""31.9%"", ""6.0%""]"
20260802,20260609,j2,2026,ロングカウンター.html,ロングカウンター (チームスタイル指標),リーグサマリー:2026 J2J3百年構想リーグ ロングカウンター (チームスタイル指標) | データによってサッカーはもっと輝く | Football LAB,ロングカウンター (チームスタイル指標),3,山形,山形,"[""攻撃セットプレー"", ""左サイド攻撃"", ""中央攻撃"", ""右サイド攻撃"", ""ショートカウンター"", ""ロングカウンター"", ""敵陣ポゼッション"", ""自陣ポゼッション""]","[""25.1%"", ""14.8%"", ""36.0%"", ""15.0%"", ""18.5%"", ""21.5%"", ""22.4%"", ""8.2%""]"
20260802,20260609,j2,2026,ロングカウンター.html,ロングカウンター (チームスタイル指標),リーグサマリー:2026 J2J3百年構想リーグ ロングカウンター (チームスタイル指標) | データによってサッカーはもっと輝く | Football LAB,ロングカウンター (チームスタイル指標),3,栃木C,栃木C,"[""攻撃セットプレー"", ""左サイド攻撃"", ""中央攻撃"", ""右サイド攻撃"", ""ショートカウンター"", ""ロングカウンター"", ""敵陣ポゼッション"", ""自陣ポゼッション""]","[""24.8%"", ""13.2%"", ""32.4%"", ""14.3%"", ""20.7%"", ""9.2%"", ""23.4%"", ""7.8%""]"
20260802,20260609,j2,2026,ロングカウンター.html,ロングカウンター (チームスタイル指標),リーグサマリー:2026 J2J3百年構想リーグ ロングカウンター (チームスタイル指標) | データによってサッカーはもっと輝く | Football LAB,ロングカウンター (チームスタイル指標),3,八戸,八戸,"[""攻撃セットプレー"", ""左サイド攻撃"", ""中央攻撃"", ""右サイド攻撃"", ""ショートカウンター"", ""ロングカウンター"", ""敵陣ポゼッション"", ""自陣ポゼッション""]","[""23.1%"", ""13.6%"", ""34.4%"", ""6.6%"", ""13.9%"", ""11.6%"", ""34.0%"", ""5.1%""]"
20260802,20260609,j2,2026,ロングカウンター.html,ロングカウンター (チームスタイル指標),リーグサマリー:2026 J2J3百年構想リーグ ロングカウンター (チームスタイル指標) | データによってサッカーはもっと輝く | Football LAB,ロングカウンター (チームスタイル指標),3,栃木SC,栃木SC,"[""攻撃セットプレー"", ""左サイド攻撃"", ""中央攻撃"", ""右サイド攻撃"", ""ショートカウンター"", ""ロングカウンター"", ""敵陣ポゼッション"", ""自陣ポゼッション""]","[""19.6%"", ""9.3%"", ""40.4%"", ""12.0%"", ""23.9%"", ""23.5%"", ""23.1%"", ""6.6%""]"
20260802,20260609,j2,2026,ロングカウンター.html,ロングカウンター (チームスタイル指標),リーグサマリー:2026 J2J3百年構想リーグ ロングカウンター (チームスタイル指標) | データによってサッカーはもっと輝く | Football LAB,ロングカウンター (チームスタイル指標),3,甲府,甲府,"[""攻撃セットプレー"", ""左サイド攻撃"", ""中央攻撃"", ""右サイド攻撃"", ""ショートカウンター"", ""ロングカウンター"", ""敵陣ポゼッション"", ""自陣ポゼッション""]","[""19.1%"", ""10.1%"", ""31.1%"", ""12.5%"", ""11.4%"", ""13.0%"", ""23.8%"", ""6.3%""]"
20260802,20260609,j2,2026,ロングカウンター.html,ロングカウンター (チームスタイル指標),リーグサマリー:2026 J2J3百年構想リーグ ロングカウンター (チームスタイル指標) | データによってサッカーはもっと輝く | Football LAB,ロングカウンター (チームスタイル指標),3,札幌,札幌,"[""攻撃セットプレー"", ""左サイド攻撃"", ""中央攻撃"", ""右サイド攻撃"", ""ショートカウンター"", ""ロングカウンター"", ""敵陣ポゼッション"", ""自陣ポゼッション""]","[""26.6%"", ""12.3%"", ""37.1%"", ""13.0%"", ""16.7%"", ""11.5%"", ""19.3%"", ""4.3%""]"
20260802,20260609,j2,2026,ロングカウンター.html,ロングカウンター (チームスタイル指標),リーグサマリー:2026 J2J3百年構想リーグ ロングカウンター (チームスタイル指標) | データによってサッカーはもっと輝く | Football LAB,ロングカウンター (チームスタイル指標),3,いわき,いわき,"[""攻撃セットプレー"", ""左サイド攻撃"", ""中央攻撃"", ""右サイド攻撃"", ""ショートカウンター"", ""ロングカウンター"", ""敵陣ポゼッション"", ""自陣ポゼッション""]","[""30.3%"", ""11.2%"", ""30.4%"", ""13.2%"", ""16.5%"", ""16.1%"", ""30.8%"", ""2.9%""]"
20260802,20260609,j2,2026,ロングカウンター.html,ロングカウンター (チームスタイル指標),リーグサマリー:2026 J2J3百年構想リーグ ロングカウンター (チームスタイル指標) | データによってサッカーはもっと輝く | Football LAB,ロングカウンター (チームスタイル指標),3,大宮,大宮,"[""攻撃セットプレー"", ""左サイド攻撃"", ""中央攻撃"", ""右サイド攻撃"", ""ショートカウンター"", ""ロングカウンター"", ""敵陣ポゼッション"", ""自陣ポゼッション""]","[""23.9%"", ""14.7%"", ""38.4%"", ""16.1%"", ""20.6%"", ""20.2%"", ""27.7%"", ""9.0%""]"
20260802,20260609,j2,2026,ロングカウンター.html,ロングカウンター (チームスタイル指標),リーグサマリー:2026 J2J3百年構想リーグ ロングカウンター (チームスタイル指標) | データによってサッカーはもっと輝く | Football LAB,ロングカウンター (チームスタイル指標),3,藤枝,藤枝,"[""攻撃セットプレー"", ""左サイド攻撃"", ""中央攻撃"", ""右サイド攻撃"", ""ショートカウンター"", ""ロングカウンター"", ""敵陣ポゼッション"", ""自陣ポゼッション""]","[""21.9%"", ""17.3%"", ""29.1%"", ""14.8%"", ""20.1%"", ""15.7%"", ""26.9%"", ""7.1%""]"
20260802,20260609,j2,2026,ロングカウンター.html,ロングカウンター (チームスタイル指標),リーグサマリー:2026 J2J3百年構想リーグ ロングカウンター (チームスタイル指標) | データによってサッカーはもっと輝く | Football LAB,ロングカウンター (チームスタイル指標),3,岐阜,岐阜,"[""攻撃セットプレー"", ""左サイド攻撃"", ""中央攻撃"", ""右サイド攻撃"", ""ショートカウンター"", ""ロングカウンター"", ""敵陣ポゼッション"", ""自陣ポゼッション""]","[""23.9%"", ""15.9%"", ""38.0%"", ""16.7%"", ""21.1%"", ""15.9%"", ""26.5%"", ""3.6%""]"
20260802,20260609,j2,2026,ロングカウンター.html,ロングカウンター (チームスタイル指標),リーグサマリー:2026 J2J3百年構想リーグ ロングカウンター (チームスタイル指標) | データによってサッカーはもっと輝く | Football LAB,ロングカウンター (チームスタイル指標),3,松本,松本,"[""攻撃セットプレー"", ""左サイド攻撃"", ""中央攻撃"", ""右サイド攻撃"", ""ショートカウンター"", ""ロングカウンター"", ""敵陣ポゼッション"", ""自陣ポゼッション""]","[""26.8%"", ""14.7%"", ""32.7%"", ""10.5%"", ""20.1%"", ""14.5%"", ""30.8%"", ""5.6%""]"
20260802,20260609,j2,2026,ロングカウンター.html,ロングカウンター (チームスタイル指標),リーグサマリー:2026 J2J3百年構想リーグ ロングカウンター (チームスタイル指標) | データによってサッカーはもっと輝く | Football LAB,ロングカウンター (チームスタイル指標),3,磐田,磐田,"[""攻撃セットプレー"", ""左サイド攻撃"", ""中央攻撃"", ""右サイド攻撃"", ""ショートカウンター"", ""ロングカウンター"", ""敵陣ポゼッション"", ""自陣ポゼッション""]","[""27.1%"", ""8.9%"", ""30.3%"", ""9.1%"", ""14.2%"", ""18.3%"", ""12.5%"", ""6.8%""]"
20260802,20260609,j2,2026,ロングカウンター.html,ロングカウンター (チームスタイル指標),リーグサマリー:2026 J2J3百年構想リーグ ロングカウンター (チームスタイル指標) | データによってサッカーはもっと輝く | Football LAB,ロングカウンター (チームスタイル指標),3,福島,福島,"[""攻撃セットプレー"", ""左サイド攻撃"", ""中央攻撃"", ""右サイド攻撃"", ""ショートカウンター"", ""ロングカウンター"", ""敵陣ポゼッション"", ""自陣ポゼッション""]","[""22.5%"", ""14.2%"", ""33.8%"", ""12.9%"", ""18.6%"", ""17.6%"", ""25.0%"", ""6.5%""]"
20260802,20260609,j2,2026,ロングカウンター.html,ロングカウンター (チームスタイル指標),リーグサマリー:2026 J2J3百年構想リーグ ロングカウンター (チームスタイル指標) | データによってサッカーはもっと輝く | Football LAB,ロングカウンター (チームスタイル指標),3,長野,長野,"[""攻撃セットプレー"", ""左サイド攻撃"", ""中央攻撃"", ""右サイド攻撃"", ""ショートカウンター"", ""ロングカウンター"", ""敵陣ポゼッション"", ""自陣ポゼッション""]","[""24.7%"", ""6.8%"", ""24.5%"", ""6.9%"", ""12.6%"", ""9.8%"", ""14.5%"", ""2.7%""]"
20260802,20260609,j2,2026,ロングカウンター.html,ロングカウンター (チームスタイル指標),リーグサマリー:2026 J2J3百年構想リーグ ロングカウンター (チームスタイル指標) | データによってサッカーはもっと輝く | Football LAB,ロングカウンター (チームスタイル指標),3,富山,富山,"[""攻撃セットプレー"", ""左サイド攻撃"", ""中央攻撃"", ""右サイド攻撃"", ""ショートカウンター"", ""ロングカウンター"", ""敵陣ポゼッション"", ""自陣ポゼッション""]","[""27.7%"", ""18.5%"", ""43.8%"", ""17.5%"", ""22.3%"", ""16.5%"", ""36.6%"", ""11.2%""]"
20260802,20260609,j2,2026,ロングカウンター.html,ロングカウンター (チームスタイル指標),リーグサマリー:2026 J2J3百年構想リーグ ロングカウンター (チームスタイル指標) | データによってサッカーはもっと輝く | Football LAB,ロングカウンター (チームスタイル指標),3,新潟,新潟,"[""攻撃セットプレー"", ""左サイド攻撃"", ""中央攻撃"", ""右サイド攻撃"", ""ショートカウンター"", ""ロングカウンター"", ""敵陣ポゼッション"", ""自陣ポゼッション""]","[""17.7%"", ""12.0%"", ""36.6%"", ""11.8%"", ""13.8%"", ""16.8%"", ""24.7%"", ""8.7%""]"
20260802,20260609,j2,2026,ロングカウンター.html,ロングカウンター (チームスタイル指標),リーグサマリー:2026 J2J3百年構想リーグ ロングカウンター (チームスタイル指標) | データによってサッカーはもっと輝く | Football LAB,ロングカウンター (チームスタイル指標),3,徳島,徳島,"[""攻撃セットプレー"", ""左サイド攻撃"", ""中央攻撃"", ""右サイド攻撃"", ""ショートカウンター"", ""ロングカウンター"", ""敵陣ポゼッション"", ""自陣ポゼッション""]","[""29.1%"", ""10.3%"", ""41.0%"", ""10.4%"", ""15.8%"", ""23.2%"", ""16.7%"", ""9.8%""]"
20260802,20260609,j2,2026,ロングカウンター.html,ロングカウンター (チームスタイル指標),リーグサマリー:2026 J2J3百年構想リーグ ロングカウンター (チームスタイル指標) | データによってサッカーはもっと輝く | Football LAB,ロングカウンター (チームスタイル指標),3,高知,高知,"[""攻撃セットプレー"", ""左サイド攻撃"", ""中央攻撃"", ""右サイド攻撃"", ""ショートカウンター"", ""ロングカウンター"", ""敵陣ポゼッション"", ""自陣ポゼッション""]","[""23.6%"", ""14.0%"", ""40.8%"", ""13.8%"", ""20.9%"", ""17.1%"", ""22.1%"", ""5.8%""]"
20260802,20260609,j2,2026,ロングカウンター.html,ロングカウンター (チームスタイル指標),リーグサマリー:2026 J2J3百年構想リーグ ロングカウンター (チームスタイル指標) | データによってサッカーはもっと輝く | Football LAB,ロングカウンター (チームスタイル指標),3,愛媛,愛媛,"[""攻撃セットプレー"", ""左サイド攻撃"", ""中央攻撃"", ""右サイド攻撃"", ""ショートカウンター"", ""ロングカウンター"", ""敵陣ポゼッション"", ""自陣ポゼッション""]","[""24.1%"", ""16.1%"", ""37.1%"", ""8.9%"", ""21.6%"", ""15.6%"", ""18.6%"", ""5.1%""]"
20260802,20260609,j2,2026,ロングカウンター.html,ロングカウンター (チームスタイル指標),リーグサマリー:2026 J2J3百年構想リーグ ロングカウンター (チームスタイル指標) | データによってサッカーはもっと輝く | Football LAB,ロングカウンター (チームスタイル指標),3,金沢,金沢,"[""攻撃セットプレー"", ""左サイド攻撃"", ""中央攻撃"", ""右サイド攻撃"", ""ショートカウンター"", ""ロングカウンター"", ""敵陣ポゼッション"", ""自陣ポゼッション""]","[""25.2%"", ""14.7%"", ""37.3%"", ""8.2%"", ""18.4%"", ""17.5%"", ""19.3%"", ""7.4%""]"
20260802,20260609,j2,2026,ロングカウンター.html,ロングカウンター (チームスタイル指標),リーグサマリー:2026 J2J3百年構想リーグ ロングカウンター (チームスタイル指標) | データによってサッカーはもっと輝く | Football LAB,ロングカウンター (チームスタイル指標),3,奈良,奈良,"[""攻撃セットプレー"", ""左サイド攻撃"", ""中央攻撃"", ""右サイド攻撃"", ""ショートカウンター"", ""ロングカウンター"", ""敵陣ポゼッション"", ""自陣ポゼッション""]","[""21.2%"", ""12.9%"", ""39.2%"", ""17.3%"", ""19.9%"", ""14.3%"", ""19.2%"", ""7.0%""]"
20260802,20260609,j2,2026,ロングカウンター.html,ロングカウンター (チームスタイル指標),リーグサマリー:2026 J2J3百年構想リーグ ロングカウンター (チームスタイル指標) | データによってサッカーはもっと輝く | Football LAB,ロングカウンター (チームスタイル指標),3,FC大阪,FC大阪,"[""攻撃セットプレー"", ""左サイド攻撃"", ""中央攻撃"", ""右サイド攻撃"", ""ショートカウンター"", ""ロングカウンター"", ""敵陣ポゼッション"", ""自陣ポゼッション""]","[""27.9%"", ""8.7%"", ""29.9%"", ""13.6%"", ""15.7%"", ""9.1%"", ""21.3%"", ""5.9%""]"
20260802,20260609,j2,2026,ロングカウンター.html,ロングカウンター (チームスタイル指標),リーグサマリー:2026 J2J3百年構想リーグ ロングカウンター (チームスタイル指標) | データによってサッカーはもっと輝く | Football LAB,ロングカウンター (チームスタイル指標),3,今治,今治,"[""攻撃セットプレー"", ""左サイド攻撃"", ""中央攻撃"", ""右サイド攻撃"", ""ショートカウンター"", ""ロングカウンター"", ""敵陣ポゼッション"", ""自陣ポゼッション""]","[""25.3%"", ""6.7%"", ""28.4%"", ""8.5%"", ""14.7%"", ""21.1%"", ""14.5%"", ""6.2%""]"
20260802,20260609,j2,2026,ロングカウンター.html,ロングカウンター (チームスタイル指標),リーグサマリー:2026 J2J3百年構想リーグ ロングカウンター (チームスタイル指標) | データによってサッカーはもっと輝く | Football LAB,ロングカウンター (チームスタイル指標),3,讃岐,讃岐,"[""攻撃セットプレー"", ""左サイド攻撃"", ""中央攻撃"", ""右サイド攻撃"", ""ショートカウンター"", ""ロングカウンター"", ""敵陣ポゼッション"", ""自陣ポゼッション""]","[""20.2%"", ""11.4%"", ""35.6%"", ""9.5%"", ""18.3%"", ""11.6%"", ""15.8%"", ""7.5%""]"
20260802,20260609,j2,2026,ロングカウンター.html,ロングカウンター (チームスタイル指標),リーグサマリー:2026 J2J3百年構想リーグ ロングカウンター (チームスタイル指標) | データによってサッカーはもっと輝く | Football LAB,ロングカウンター (チームスタイル指標),3,宮崎,宮崎,"[""攻撃セットプレー"", ""左サイド攻撃"", ""中央攻撃"", ""右サイド攻撃"", ""ショートカウンター"", ""ロングカウンター"", ""敵陣ポゼッション"", ""自陣ポゼッション""]","[""26.8%"", ""12.0%"", ""39.4%"", ""10.6%"", ""20.3%"", ""14.4%"", ""19.4%"", ""4.1%""]"
20260802,20260609,j2,2026,ロングカウンター.html,ロングカウンター (チームスタイル指標),リーグサマリー:2026 J2J3百年構想リーグ ロングカウンター (チームスタイル指標) | データによってサッカーはもっと輝く | Football LAB,ロングカウンター (チームスタイル指標),3,鹿児島,鹿児島,"[""攻撃セットプレー"", ""左サイド攻撃"", ""中央攻撃"", ""右サイド攻撃"", ""ショートカウンター"", ""ロングカウンター"", ""敵陣ポゼッション"", ""自陣ポゼッション""]","[""22.2%"", ""10.6%"", ""36.0%"", ""8.0%"", ""16.0%"", ""9.9%"", ""30.6%"", ""16.7%""]"
20260802,20260609,j2,2026,ロングカウンター.html,ロングカウンター (チームスタイル指標),リーグサマリー:2026 J2J3百年構想リーグ ロングカウンター (チームスタイル指標) | データによってサッカーはもっと輝く | Football LAB,ロングカウンター (チームスタイル指標),3,鳥栖,鳥栖,"[""攻撃セットプレー"", ""左サイド攻撃"", ""中央攻撃"", ""右サイド攻撃"", ""ショートカウンター"", ""ロングカウンター"", ""敵陣ポゼッション"", ""自陣ポゼッション""]","[""22.9%"", ""13.7%"", ""41.2%"", ""17.3%"", ""24.8%"", ""11.4%"", ""21.2%"", ""7.8%""]"
20260802,20260609,j2,2026,ロングカウンター.html,ロングカウンター (チームスタイル指標),リーグサマリー:2026 J2J3百年構想リーグ ロングカウンター (チームスタイル指標) | データによってサッカーはもっと輝く | Football LAB,ロングカウンター (チームスタイル指標),3,山口,山口,"[""攻撃セットプレー"", ""左サイド攻撃"", ""中央攻撃"", ""右サイド攻撃"", ""ショートカウンター"", ""ロングカウンター"", ""敵陣ポゼッション"", ""自陣ポゼッション""]","[""21.6%"", ""12.9%"", ""40.9%"", ""15.9%"", ""20.8%"", ""15.5%"", ""28.9%"", ""8.3%""]"
20260802,20260609,j2,2026,ロングカウンター.html,ロングカウンター (チームスタイル指標),リーグサマリー:2026 J2J3百年構想リーグ ロングカウンター (チームスタイル指標) | データによってサッカーはもっと輝く | Football LAB,ロングカウンター (チームスタイル指標),3,熊本,熊本,"[""攻撃セットプレー"", ""左サイド攻撃"", ""中央攻撃"", ""右サイド攻撃"", ""ショートカウンター"", ""ロングカウンター"", ""敵陣ポゼッション"", ""自陣ポゼッション""]","[""18.6%"", ""14.0%"", ""41.7%"", ""12.7%"", ""17.8%"", ""14.1%"", ""24.8%"", ""7.1%""]"
20260802,20260609,j2,2026,ロングカウンター.html,ロングカウンター (チームスタイル指標),リーグサマリー:2026 J2J3百年構想リーグ ロングカウンター (チームスタイル指標) | データによってサッカーはもっと輝く | Football LAB,ロングカウンター (チームスタイル指標),3,鳥取,鳥取,"[""攻撃セットプレー"", ""左サイド攻撃"", ""中央攻撃"", ""右サイド攻撃"", ""ショートカウンター"", ""ロングカウンター"", ""敵陣ポゼッション"", ""自陣ポゼッション""]","[""20.7%"", ""11.2%"", ""33.7%"", ""12.7%"", ""18.8%"", ""8.9%"", ""18.4%"", ""6.7%""]"
20260802,20260609,j2,2026,ロングカウンター.html,ロングカウンター (チームスタイル指標),リーグサマリー:2026 J2J3百年構想リーグ ロングカウンター (チームスタイル指標) | データによってサッカーはもっと輝く | Football LAB,ロングカウンター (チームスタイル指標),3,大分,大分,"[""攻撃セットプレー"", ""左サイド攻撃"", ""中央攻撃"", ""右サイド攻撃"", ""ショートカウンター"", ""ロングカウンター"", ""敵陣ポゼッション"", ""自陣ポゼッション""]","[""23.7%"", ""14.4%"", ""33.3%"", ""13.0%"", ""19.3%"", ""12.7%"", ""28.6%"", ""6.5%""]"
20260802,20260609,j2,2026,ロングカウンター.html,ロングカウンター (チームスタイル指標),リーグサマリー:2026 J2J3百年構想リーグ ロングカウンター (チームスタイル指標) | データによってサッカーはもっと輝く | Football LAB,ロングカウンター (チームスタイル指標),3,滋賀,滋賀,"[""攻撃セットプレー"", ""左サイド攻撃"", ""中央攻撃"", ""右サイド攻撃"", ""ショートカウンター"", ""ロングカウンター"", ""敵陣ポゼッション"", ""自陣ポゼッション""]","[""27.9%"", ""6.3%"", ""36.5%"", ""8.5%"", ""19.5%"", ""8.6%"", ""10.6%"", ""5.2%""]"
20260802,20260609,j2,2026,ロングカウンター.html,ロングカウンター (チームスタイル指標),リーグサマリー:2026 J2J3百年構想リーグ ロングカウンター (チームスタイル指標) | データによってサッカーはもっと輝く | Football LAB,ロングカウンター (チームスタイル指標),3,琉球,琉球,"[""攻撃セットプレー"", ""左サイド攻撃"", ""中央攻撃"", ""右サイド攻撃"", ""ショートカウンター"", ""ロングカウンター"", ""敵陣ポゼッション"", ""自陣ポゼッション""]","[""24.0%"", ""11.2%"", ""35.4%"", ""10.5%"", ""20.2%"", ""10.5%"", ""22.4%"", ""7.7%""]"
20260802,20260609,j2,2026,ロングカウンター.html,ロングカウンター (チームスタイル指標),リーグサマリー:2026 J2J3百年構想リーグ ロングカウンター (チームスタイル指標) | データによってサッカーはもっと輝く | Football LAB,ロングカウンター (チームスタイル指標),3,北九州,北九州,"[""攻撃セットプレー"", ""左サイド攻撃"", ""中央攻撃"", ""右サイド攻撃"", ""ショートカウンター"", ""ロングカウンター"", ""敵陣ポゼッション"", ""自陣ポゼッション""]","[""23.7%"", ""11.9%"", ""32.6%"", ""11.7%"", ""18.9%"", ""19.7%"", ""18.1%"", ""3.8%""]"
20260802,20260609,j2,2026,中央攻撃.html,中央攻撃 (チームスタイル指標),リーグサマリー:2026 J2J3百年構想リーグ 中央攻撃 (チームスタイル指標) | データによってサッカーはもっと輝く | Football LAB,中央攻撃のサマリー,1,福島,福島,"[""指数"", ""ゴール率"", ""シュート率"", ""ドリブル使用率"", ""ロングパス使用率"", ""空中戦使用率"", ""コンビネーション使用率""]","[""90"", ""5.6%"", ""33.8%"", ""21.6%"", ""20.0%"", ""6.2%"", ""11.1%""]"
20260802,20260609,j2,2026,中央攻撃.html,中央攻撃 (チームスタイル指標),リーグサマリー:2026 J2J3百年構想リーグ 中央攻撃 (チームスタイル指標) | データによってサッカーはもっと輝く | Football LAB,中央攻撃のサマリー,1,今治,今治,"[""指数"", ""ゴール率"", ""シュート率"", ""ドリブル使用率"", ""ロングパス使用率"", ""空中戦使用率"", ""コンビネーション使用率""]","[""68"", ""2.9%"", ""28.4%"", ""16.0%"", ""26.7%"", ""10.7%"", ""4.9%""]"
20260802,20260609,j2,2026,中央攻撃.html,中央攻撃 (チームスタイル指標),リーグサマリー:2026 J2J3百年構想リーグ 中央攻撃 (チームスタイル指標) | データによってサッカーはもっと輝く | Football LAB,中央攻撃のサマリー,1,仙台,仙台,"[""指数"", ""ゴール率"", ""シュート率"", ""ドリブル使用率"", ""ロングパス使用率"", ""空中戦使用率"", ""コンビネーション使用率""]","[""62"", ""5.3%"", ""37.3%"", ""23.1%"", ""23.6%"", ""13.3%"", ""4.0%""]"
20260802,20260609,j2,2026,中央攻撃.html,中央攻撃 (チームスタイル指標),リーグサマリー:2026 J2J3百年構想リーグ 中央攻撃 (チームスタイル指標) | データによってサッカーはもっと輝く | Football LAB,中央攻撃のサマリー,1,FC大阪,FC大阪,"[""指数"", ""ゴール率"", ""シュート率"", ""ドリブル使用率"", ""ロングパス使用率"", ""空中戦使用率"", ""コンビネーション使用率""]","[""61"", ""0.9%"", ""29.9%"", ""16.7%"", ""29.0%"", ""19.5%"", ""5.0%""]"
20260802,20260609,j2,2026,中央攻撃.html,中央攻撃 (チームスタイル指標),リーグサマリー:2026 J2J3百年構想リーグ 中央攻撃 (チームスタイル指標) | データによってサッカーはもっと輝く | Football LAB,中央攻撃のサマリー,1,富山,富山,"[""指数"", ""ゴール率"", ""シュート率"", ""ドリブル使用率"", ""ロングパス使用率"", ""空中戦使用率"", ""コンビネーション使用率""]","[""60"", ""5.9%"", ""43.8%"", ""21.9%"", ""17.4%"", ""5.0%"", ""11.4%""]"
20260802,20260609,j2,2026,中央攻撃.html,中央攻撃 (チームスタイル指標),リーグサマリー:2026 J2J3百年構想リーグ 中央攻撃 (チームスタイル指標) | データによってサッカーはもっと輝く | Football LAB,中央攻撃のサマリー,1,大宮,大宮,"[""指数"", ""ゴール率"", ""シュート率"", ""ドリブル使用率"", ""ロングパス使用率"", ""空中戦使用率"", ""コンビネーション使用率""]","[""60"", ""4.1%"", ""38.4%"", ""15.5%"", ""25.1%"", ""11.0%"", ""8.2%""]"
20260802,20260609,j2,2026,中央攻撃.html,中央攻撃 (チームスタイル指標),リーグサマリー:2026 J2J3百年構想リーグ 中央攻撃 (チームスタイル指標) | データによってサッカーはもっと輝く | Football LAB,中央攻撃のサマリー,1,栃木SC,栃木SC,"[""指数"", ""ゴール率"", ""シュート率"", ""ドリブル使用率"", ""ロングパス使用率"", ""空中戦使用率"", ""コンビネーション使用率""]","[""58"", ""3.8%"", ""40.4%"", ""18.8%"", ""26.8%"", ""15.5%"", ""7.0%""]"
20260802,20260609,j2,2026,中央攻撃.html,中央攻撃 (チームスタイル指標),リーグサマリー:2026 J2J3百年構想リーグ 中央攻撃 (チームスタイル指標) | データによってサッカーはもっと輝く | Football LAB,中央攻撃のサマリー,1,岐阜,岐阜,"[""指数"", ""ゴール率"", ""シュート率"", ""ドリブル使用率"", ""ロングパス使用率"", ""空中戦使用率"", ""コンビネーション使用率""]","[""58"", ""4.7%"", ""38.0%"", ""22.5%"", ""22.1%"", ""5.2%"", ""11.3%""]"
20260802,20260609,j2,2026,中央攻撃.html,中央攻撃 (チームスタイル指標),リーグサマリー:2026 J2J3百年構想リーグ 中央攻撃 (チームスタイル指標) | データによってサッカーはもっと輝く | Football LAB,中央攻撃のサマリー,1,横浜FC,横浜FC,"[""指数"", ""ゴール率"", ""シュート率"", ""ドリブル使用率"", ""ロングパス使用率"", ""空中戦使用率"", ""コンビネーション使用率""]","[""58"", ""3.8%"", ""37.7%"", ""19.8%"", ""27.4%"", ""7.1%"", ""6.1%""]"
20260802,20260609,j2,2026,中央攻撃.html,中央攻撃 (チームスタイル指標),リーグサマリー:2026 J2J3百年構想リーグ 中央攻撃 (チームスタイル指標) | データによってサッカーはもっと輝く | Football LAB,中央攻撃のサマリー,1,琉球,琉球,"[""指数"", ""ゴール率"", ""シュート率"", ""ドリブル使用率"", ""ロングパス使用率"", ""空中戦使用率"", ""コンビネーション使用率""]","[""57"", ""3.3%"", ""35.4%"", ""13.4%"", ""25.4%"", ""11.5%"", ""5.3%""]"
20260802,20260609,j2,2026,中央攻撃.html,中央攻撃 (チームスタイル指標),リーグサマリー:2026 J2J3百年構想リーグ 中央攻撃 (チームスタイル指標) | データによってサッカーはもっと輝く | Football LAB,中央攻撃のサマリー,1,いわき,いわき,"[""指数"", ""ゴール率"", ""シュート率"", ""ドリブル使用率"", ""ロングパス使用率"", ""空中戦使用率"", ""コンビネーション使用率""]","[""56"", ""3.4%"", ""30.4%"", ""12.1%"", ""25.6%"", ""13.5%"", ""6.3%""]"
20260802,20260609,j2,2026,中央攻撃.html,中央攻撃 (チームスタイル指標),リーグサマリー:2026 J2J3百年構想リーグ 中央攻撃 (チームスタイル指標) | データによってサッカーはもっと輝く | Football LAB,中央攻撃のサマリー,1,相模原,相模原,"[""指数"", ""ゴール率"", ""シュート率"", ""ドリブル使用率"", ""ロングパス使用率"", ""空中戦使用率"", ""コンビネーション使用率""]","[""55"", ""4.4%"", ""34.5%"", ""14.8%"", ""29.1%"", ""10.8%"", ""3.0%""]"
20260802,20260609,j2,2026,中央攻撃.html,中央攻撃 (チームスタイル指標),リーグサマリー:2026 J2J3百年構想リーグ 中央攻撃 (チームスタイル指標) | データによってサッカーはもっと輝く | Football LAB,中央攻撃のサマリー,1,松本,松本,"[""指数"", ""ゴール率"", ""シュート率"", ""ドリブル使用率"", ""ロングパス使用率"", ""空中戦使用率"", ""コンビネーション使用率""]","[""53"", ""5.5%"", ""32.7%"", ""11.1%"", ""34.7%"", ""19.1%"", ""6.5%""]"
20260802,20260609,j2,2026,中央攻撃.html,中央攻撃 (チームスタイル指標),リーグサマリー:2026 J2J3百年構想リーグ 中央攻撃 (チームスタイル指標) | データによってサッカーはもっと輝く | Football LAB,中央攻撃のサマリー,1,愛媛,愛媛,"[""指数"", ""ゴール率"", ""シュート率"", ""ドリブル使用率"", ""ロングパス使用率"", ""空中戦使用率"", ""コンビネーション使用率""]","[""51"", ""3.6%"", ""37.1%"", ""19.6%"", ""16.5%"", ""7.7%"", ""9.8%""]"
20260802,20260609,j2,2026,中央攻撃.html,中央攻撃 (チームスタイル指標),リーグサマリー:2026 J2J3百年構想リーグ 中央攻撃 (チームスタイル指標) | データによってサッカーはもっと輝く | Football LAB,中央攻撃のサマリー,1,北九州,北九州,"[""指数"", ""ゴール率"", ""シュート率"", ""ドリブル使用率"", ""ロングパス使用率"", ""空中戦使用率"", ""コンビネーション使用率""]","[""51"", ""2.6%"", ""32.6%"", ""21.2%"", ""26.9%"", ""11.4%"", ""3.1%""]"
20260802,20260609,j2,2026,中央攻撃.html,中央攻撃 (チームスタイル指標),リーグサマリー:2026 J2J3百年構想リーグ 中央攻撃 (チームスタイル指標) | データによってサッカーはもっと輝く | Football LAB,中央攻撃のサマリー,1,栃木C,栃木C,"[""指数"", ""ゴール率"", ""シュート率"", ""ドリブル使用率"", ""ロングパス使用率"", ""空中戦使用率"", ""コンビネーション使用率""]","[""49"", ""3.7%"", ""32.4%"", ""21.3%"", ""20.7%"", ""12.8%"", ""6.4%""]"
20260802,20260609,j2,2026,中央攻撃.html,中央攻撃 (チームスタイル指標),リーグサマリー:2026 J2J3百年構想リーグ 中央攻撃 (チームスタイル指標) | データによってサッカーはもっと輝く | Football LAB,中央攻撃のサマリー,1,群馬,群馬,"[""指数"", ""ゴール率"", ""シュート率"", ""ドリブル使用率"", ""ロングパス使用率"", ""空中戦使用率"", ""コンビネーション使用率""]","[""49"", ""4.3%"", ""35.5%"", ""21.5%"", ""22.6%"", ""9.1%"", ""10.2%""]"
20260802,20260609,j2,2026,中央攻撃.html,中央攻撃 (チームスタイル指標),リーグサマリー:2026 J2J3百年構想リーグ 中央攻撃 (チームスタイル指標) | データによってサッカーはもっと輝く | Football LAB,中央攻撃のサマリー,1,大分,大分,"[""指数"", ""ゴール率"", ""シュート率"", ""ドリブル使用率"", ""ロングパス使用率"", ""空中戦使用率"", ""コンビネーション使用率""]","[""49"", ""2.7%"", ""33.3%"", ""15.1%"", ""21.5%"", ""12.9%"", ""4.8%""]"
20260802,20260609,j2,2026,中央攻撃.html,中央攻撃 (チームスタイル指標),リーグサマリー:2026 J2J3百年構想リーグ 中央攻撃 (チームスタイル指標) | データによってサッカーはもっと輝く | Football LAB,中央攻撃のサマリー,1,山口,山口,"[""指数"", ""ゴール率"", ""シュート率"", ""ドリブル使用率"", ""ロングパス使用率"", ""空中戦使用率"", ""コンビネーション使用率""]","[""49"", ""5.4%"", ""40.9%"", ""15.6%"", ""20.4%"", ""12.4%"", ""8.6%""]"
20260802,20260609,j2,2026,中央攻撃.html,中央攻撃 (チームスタイル指標),リーグサマリー:2026 J2J3百年構想リーグ 中央攻撃 (チームスタイル指標) | データによってサッカーはもっと輝く | Football LAB,中央攻撃のサマリー,1,磐田,磐田,"[""指数"", ""ゴール率"", ""シュート率"", ""ドリブル使用率"", ""ロングパス使用率"", ""空中戦使用率"", ""コンビネーション使用率""]","[""48"", ""3.2%"", ""30.3%"", ""13.0%"", ""28.6%"", ""19.5%"", ""7.0%""]"
20260802,20260609,j2,2026,中央攻撃.html,中央攻撃 (チームスタイル指標),リーグサマリー:2026 J2J3百年構想リーグ 中央攻撃 (チームスタイル指標) | データによってサッカーはもっと輝く | Football LAB,中央攻撃のサマリー,1,長野,長野,"[""指数"", ""ゴール率"", ""シュート率"", ""ドリブル使用率"", ""ロングパス使用率"", ""空中戦使用率"", ""コンビネーション使用率""]","[""48"", ""2.7%"", ""24.5%"", ""21.7%"", ""26.1%"", ""18.5%"", ""4.3%""]"
20260802,20260609,j2,2026,中央攻撃.html,中央攻撃 (チームスタイル指標),リーグサマリー:2026 J2J3百年構想リーグ 中央攻撃 (チームスタイル指標) | データによってサッカーはもっと輝く | Football LAB,中央攻撃のサマリー,1,新潟,新潟,"[""指数"", ""ゴール率"", ""シュート率"", ""ドリブル使用率"", ""ロングパス使用率"", ""空中戦使用率"", ""コンビネーション使用率""]","[""48"", ""2.2%"", ""36.6%"", ""20.2%"", ""24.0%"", ""12.0%"", ""6.6%""]"
20260802,20260609,j2,2026,中央攻撃.html,中央攻撃 (チームスタイル指標),リーグサマリー:2026 J2J3百年構想リーグ 中央攻撃 (チームスタイル指標) | データによってサッカーはもっと輝く | Football LAB,中央攻撃のサマリー,1,湘南,湘南,"[""指数"", ""ゴール率"", ""シュート率"", ""ドリブル使用率"", ""ロングパス使用率"", ""空中戦使用率"", ""コンビネーション使用率""]","[""47"", ""5.5%"", ""30.4%"", ""17.7%"", ""27.1%"", ""14.9%"", ""7.2%""]"
20260802,20260609,j2,2026,中央攻撃.html,中央攻撃 (チームスタイル指標),リーグサマリー:2026 J2J3百年構想リーグ 中央攻撃 (チームスタイル指標) | データによってサッカーはもっと輝く | Football LAB,中央攻撃のサマリー,1,札幌,札幌,"[""指数"", ""ゴール率"", ""シュート率"", ""ドリブル使用率"", ""ロングパス使用率"", ""空中戦使用率"", ""コンビネーション使用率""]","[""46"", ""3.4%"", ""37.1%"", ""19.7%"", ""33.1%"", ""13.5%"", ""5.6%""]"
20260802,20260609,j2,2026,中央攻撃.html,中央攻撃 (チームスタイル指標),リーグサマリー:2026 J2J3百年構想リーグ 中央攻撃 (チームスタイル指標) | データによってサッカーはもっと輝く | Football LAB,中央攻撃のサマリー,1,鳥栖,鳥栖,"[""指数"", ""ゴール率"", ""シュート率"", ""ドリブル使用率"", ""ロングパス使用率"", ""空中戦使用率"", ""コンビネーション使用率""]","[""46"", ""5.6%"", ""41.2%"", ""25.4%"", ""18.6%"", ""6.8%"", ""6.2%""]"
20260802,20260609,j2,2026,中央攻撃.html,中央攻撃 (チームスタイル指標),リーグサマリー:2026 J2J3百年構想リーグ 中央攻撃 (チームスタイル指標) | データによってサッカーはもっと輝く | Football LAB,中央攻撃のサマリー,1,讃岐,讃岐,"[""指数"", ""ゴール率"", ""シュート率"", ""ドリブル使用率"", ""ロングパス使用率"", ""空中戦使用率"", ""コンビネーション使用率""]","[""46"", ""1.1%"", ""35.6%"", ""16.4%"", ""26.0%"", ""15.3%"", ""1.1%""]"
20260802,20260609,j2,2026,中央攻撃.html,中央攻撃 (チームスタイル指標),リーグサマリー:2026 J2J3百年構想リーグ 中央攻撃 (チームスタイル指標) | データによってサッカーはもっと輝く | Football LAB,中央攻撃のサマリー,1,秋田,秋田,"[""指数"", ""ゴール率"", ""シュート率"", ""ドリブル使用率"", ""ロングパス使用率"", ""空中戦使用率"", ""コンビネーション使用率""]","[""45"", ""1.1%"", ""25.1%"", ""7.4%"", ""30.9%"", ""29.1%"", ""2.9%""]"
20260802,20260609,j2,2026,中央攻撃.html,中央攻撃 (チームスタイル指標),リーグサマリー:2026 J2J3百年構想リーグ 中央攻撃 (チームスタイル指標) | データによってサッカーはもっと輝く | Football LAB,中央攻撃のサマリー,1,藤枝,藤枝,"[""指数"", ""ゴール率"", ""シュート率"", ""ドリブル使用率"", ""ロングパス使用率"", ""空中戦使用率"", ""コンビネーション使用率""]","[""45"", ""2.9%"", ""29.1%"", ""18.9%"", ""21.1%"", ""9.1%"", ""5.1%""]"
20260802,20260609,j2,2026,中央攻撃.html,中央攻撃 (チームスタイル指標),リーグサマリー:2026 J2J3百年構想リーグ 中央攻撃 (チームスタイル指標) | データによってサッカーはもっと輝く | Football LAB,中央攻撃のサマリー,1,徳島,徳島,"[""指数"", ""ゴール率"", ""シュート率"", ""ドリブル使用率"", ""ロングパス使用率"", ""空中戦使用率"", ""コンビネーション使用率""]","[""44"", ""11.0%"", ""41.0%"", ""22.0%"", ""28.3%"", ""8.7%"", ""9.8%""]"
20260802,20260609,j2,2026,中央攻撃.html,中央攻撃 (チームスタイル指標),リーグサマリー:2026 J2J3百年構想リーグ 中央攻撃 (チームスタイル指標) | データによってサッカーはもっと輝く | Football LAB,中央攻撃のサマリー,1,鹿児島,鹿児島,"[""指数"", ""ゴール率"", ""シュート率"", ""ドリブル使用率"", ""ロングパス使用率"", ""空中戦使用率"", ""コンビネーション使用率""]","[""44"", ""4.7%"", ""36.0%"", ""14.0%"", ""27.3%"", ""16.3%"", ""5.8%""]"
20260802,20260609,j2,2026,中央攻撃.html,中央攻撃 (チームスタイル指標),リーグサマリー:2026 J2J3百年構想リーグ 中央攻撃 (チームスタイル指標) | データによってサッカーはもっと輝く | Football LAB,中央攻撃のサマリー,1,山形,山形,"[""指数"", ""ゴール率"", ""シュート率"", ""ドリブル使用率"", ""ロングパス使用率"", ""空中戦使用率"", ""コンビネーション使用率""]","[""44"", ""4.1%"", ""36.0%"", ""17.4%"", ""28.5%"", ""12.8%"", ""2.9%""]"
20260802,20260609,j2,2026,中央攻撃.html,中央攻撃 (チームスタイル指標),リーグサマリー:2026 J2J3百年構想リーグ 中央攻撃 (チームスタイル指標) | データによってサッカーはもっと輝く | Football LAB,中央攻撃のサマリー,1,宮崎,宮崎,"[""指数"", ""ゴール率"", ""シュート率"", ""ドリブル使用率"", ""ロングパス使用率"", ""空中戦使用率"", ""コンビネーション使用率""]","[""43"", ""6.5%"", ""39.4%"", ""12.9%"", ""24.1%"", ""15.3%"", ""1.8%""]"
20260802,20260609,j2,2026,中央攻撃.html,中央攻撃 (チームスタイル指標),リーグサマリー:2026 J2J3百年構想リーグ 中央攻撃 (チームスタイル指標) | データによってサッカーはもっと輝く | Football LAB,中央攻撃のサマリー,1,滋賀,滋賀,"[""指数"", ""ゴール率"", ""シュート率"", ""ドリブル使用率"", ""ロングパス使用率"", ""空中戦使用率"", ""コンビネーション使用率""]","[""43"", ""1.2%"", ""36.5%"", ""18.2%"", ""30.0%"", ""15.9%"", ""5.3%""]"
20260802,20260609,j2,2026,中央攻撃.html,中央攻撃 (チームスタイル指標),リーグサマリー:2026 J2J3百年構想リーグ 中央攻撃 (チームスタイル指標) | データによってサッカーはもっと輝く | Football LAB,中央攻撃のサマリー,1,鳥取,鳥取,"[""指数"", ""ゴール率"", ""シュート率"", ""ドリブル使用率"", ""ロングパス使用率"", ""空中戦使用率"", ""コンビネーション使用率""]","[""43"", ""4.7%"", ""33.7%"", ""14.2%"", ""30.8%"", ""14.8%"", ""4.7%""]"
20260802,20260609,j2,2026,中央攻撃.html,中央攻撃 (チームスタイル指標),リーグサマリー:2026 J2J3百年構想リーグ 中央攻撃 (チームスタイル指標) | データによってサッカーはもっと輝く | Football LAB,中央攻撃のサマリー,1,熊本,熊本,"[""指数"", ""ゴール率"", ""シュート率"", ""ドリブル使用率"", ""ロングパス使用率"", ""空中戦使用率"", ""コンビネーション使用率""]","[""41"", ""2.5%"", ""41.7%"", ""19.0%"", ""22.7%"", ""10.4%"", ""8.0%""]"
20260802,20260609,j2,2026,中央攻撃.html,中央攻撃 (チームスタイル指標),リーグサマリー:2026 J2J3百年構想リーグ 中央攻撃 (チームスタイル指標) | データによってサッカーはもっと輝く | Football LAB,中央攻撃のサマリー,1,金沢,金沢,"[""指数"", ""ゴール率"", ""シュート率"", ""ドリブル使用率"", ""ロングパス使用率"", ""空中戦使用率"", ""コンビネーション使用率""]","[""40"", ""3.1%"", ""37.3%"", ""19.3%"", ""21.1%"", ""16.8%"", ""9.3%""]"
20260802,20260609,j2,2026,中央攻撃.html,中央攻撃 (チームスタイル指標),リーグサマリー:2026 J2J3百年構想リーグ 中央攻撃 (チームスタイル指標) | データによってサッカーはもっと輝く | Football LAB,中央攻撃のサマリー,1,八戸,八戸,"[""指数"", ""ゴール率"", ""シュート率"", ""ドリブル使用率"", ""ロングパス使用率"", ""空中戦使用率"", ""コンビネーション使用率""]","[""38"", ""1.3%"", ""34.4%"", ""12.3%"", ""27.9%"", ""14.3%"", ""5.2%""]"
20260802,20260609,j2,2026,中央攻撃.html,中央攻撃 (チームスタイル指標),リーグサマリー:2026 J2J3百年構想リーグ 中央攻撃 (チームスタイル指標) | データによってサッカーはもっと輝く | Football LAB,中央攻撃のサマリー,1,奈良,奈良,"[""指数"", ""ゴール率"", ""シュート率"", ""ドリブル使用率"", ""ロングパス使用率"", ""空中戦使用率"", ""コンビネーション使用率""]","[""37"", ""9.8%"", ""39.2%"", ""14.4%"", ""26.1%"", ""3.3%"", ""7.8%""]"
20260802,20260609,j2,2026,中央攻撃.html,中央攻撃 (チームスタイル指標),リーグサマリー:2026 J2J3百年構想リーグ 中央攻撃 (チームスタイル指標) | データによってサッカーはもっと輝く | Football LAB,中央攻撃のサマリー,1,高知,高知,"[""指数"", ""ゴール率"", ""シュート率"", ""ドリブル使用率"", ""ロングパス使用率"", ""空中戦使用率"", ""コンビネーション使用率""]","[""37"", ""4.6%"", ""40.8%"", ""14.5%"", ""20.4%"", ""13.2%"", ""11.2%""]"
20260802,20260609,j2,2026,中央攻撃.html,中央攻撃 (チームスタイル指標),リーグサマリー:2026 J2J3百年構想リーグ 中央攻撃 (チームスタイル指標) | データによってサッカーはもっと輝く | Football LAB,中央攻撃のサマリー,1,甲府,甲府,"[""指数"", ""ゴール率"", ""シュート率"", ""ドリブル使用率"", ""ロングパス使用率"", ""空中戦使用率"", ""コンビネーション使用率""]","[""35"", ""6.1%"", ""31.1%"", ""16.9%"", ""27.7%"", ""14.9%"", ""6.8%""]"
20260802,20260609,j2,2026,中央攻撃.html,中央攻撃 (チームスタイル指標),リーグサマリー:2026 J2J3百年構想リーグ 中央攻撃 (チームスタイル指標) | データによってサッカーはもっと輝く | Football LAB,中央攻撃 (チームスタイル指標),2,仙台,仙台,"[""攻撃セットプレー"", ""左サイド攻撃"", ""中央攻撃"", ""右サイド攻撃"", ""ショートカウンター"", ""ロングカウンター"", ""敵陣ポゼッション"", ""自陣ポゼッション""]","[""48"", ""41"", ""62"", ""52"", ""46"", ""61"", ""50"", ""51""]"
20260802,20260609,j2,2026,中央攻撃.html,中央攻撃 (チームスタイル指標),リーグサマリー:2026 J2J3百年構想リーグ 中央攻撃 (チームスタイル指標) | データによってサッカーはもっと輝く | Football LAB,中央攻撃 (チームスタイル指標),2,秋田,秋田,"[""攻撃セットプレー"", ""左サイド攻撃"", ""中央攻撃"", ""右サイド攻撃"", ""ショートカウンター"", ""ロングカウンター"", ""敵陣ポゼッション"", ""自陣ポゼッション""]","[""62"", ""49"", ""45"", ""76"", ""78"", ""46"", ""30"", ""31""]"
20260802,20260609,j2,2026,中央攻撃.html,中央攻撃 (チームスタイル指標),リーグサマリー:2026 J2J3百年構想リーグ 中央攻撃 (チームスタイル指標) | データによってサッカーはもっと輝く | Football LAB,中央攻撃 (チームスタイル指標),2,湘南,湘南,"[""攻撃セットプレー"", ""左サイド攻撃"", ""中央攻撃"", ""右サイド攻撃"", ""ショートカウンター"", ""ロングカウンター"", ""敵陣ポゼッション"", ""自陣ポゼッション""]","[""52"", ""49"", ""47"", ""59"", ""47"", ""62"", ""50"", ""47""]"
20260802,20260609,j2,2026,中央攻撃.html,中央攻撃 (チームスタイル指標),リーグサマリー:2026 J2J3百年構想リーグ 中央攻撃 (チームスタイル指標) | データによってサッカーはもっと輝く | Football LAB,中央攻撃 (チームスタイル指標),2,横浜FC,横浜FC,"[""攻撃セットプレー"", ""左サイド攻撃"", ""中央攻撃"", ""右サイド攻撃"", ""ショートカウンター"", ""ロングカウンター"", ""敵陣ポゼッション"", ""自陣ポゼッション""]","[""57"", ""54"", ""58"", ""44"", ""44"", ""47"", ""56"", ""54""]"
20260802,20260609,j2,2026,中央攻撃.html,中央攻撃 (チームスタイル指標),リーグサマリー:2026 J2J3百年構想リーグ 中央攻撃 (チームスタイル指標) | データによってサッカーはもっと輝く | Football LAB,中央攻撃 (チームスタイル指標),2,相模原,相模原,"[""攻撃セットプレー"", ""左サイド攻撃"", ""中央攻撃"", ""右サイド攻撃"", ""ショートカウンター"", ""ロングカウンター"", ""敵陣ポゼッション"", ""自陣ポゼッション""]","[""53"", ""57"", ""55"", ""60"", ""66"", ""65"", ""26"", ""31""]"
20260802,20260609,j2,2026,中央攻撃.html,中央攻撃 (チームスタイル指標),リーグサマリー:2026 J2J3百年構想リーグ 中央攻撃 (チームスタイル指標) | データによってサッカーはもっと輝く | Football LAB,中央攻撃 (チームスタイル指標),2,群馬,群馬,"[""攻撃セットプレー"", ""左サイド攻撃"", ""中央攻撃"", ""右サイド攻撃"", ""ショートカウンター"", ""ロングカウンター"", ""敵陣ポゼッション"", ""自陣ポゼッション""]","[""39"", ""44"", ""49"", ""40"", ""43"", ""49"", ""45"", ""58""]"
20260802,20260609,j2,2026,中央攻撃.html,中央攻撃 (チームスタイル指標),リーグサマリー:2026 J2J3百年構想リーグ 中央攻撃 (チームスタイル指標) | データによってサッカーはもっと輝く | Football LAB,中央攻撃 (チームスタイル指標),2,山形,山形,"[""攻撃セットプレー"", ""左サイド攻撃"", ""中央攻撃"", ""右サイド攻撃"", ""ショートカウンター"", ""ロングカウンター"", ""敵陣ポゼッション"", ""自陣ポゼッション""]","[""35"", ""43"", ""44"", ""42"", ""38"", ""47"", ""47"", ""50""]"
20260802,20260609,j2,2026,中央攻撃.html,中央攻撃 (チームスタイル指標),リーグサマリー:2026 J2J3百年構想リーグ 中央攻撃 (チームスタイル指標) | データによってサッカーはもっと輝く | Football LAB,中央攻撃 (チームスタイル指標),2,栃木C,栃木C,"[""攻撃セットプレー"", ""左サイド攻撃"", ""中央攻撃"", ""右サイド攻撃"", ""ショートカウンター"", ""ロングカウンター"", ""敵陣ポゼッション"", ""自陣ポゼッション""]","[""45"", ""54"", ""49"", ""46"", ""50"", ""51"", ""47"", ""53""]"
20260802,20260609,j2,2026,中央攻撃.html,中央攻撃 (チームスタイル指標),リーグサマリー:2026 J2J3百年構想リーグ 中央攻撃 (チームスタイル指標) | データによってサッカーはもっと輝く | Football LAB,中央攻撃 (チームスタイル指標),2,八戸,八戸,"[""攻撃セットプレー"", ""左サイド攻撃"", ""中央攻撃"", ""右サイド攻撃"", ""ショートカウンター"", ""ロングカウンター"", ""敵陣ポゼッション"", ""自陣ポゼッション""]","[""62"", ""59"", ""38"", ""72"", ""63"", ""49"", ""38"", ""37""]"
20260802,20260609,j2,2026,中央攻撃.html,中央攻撃 (チームスタイル指標),リーグサマリー:2026 J2J3百年構想リーグ 中央攻撃 (チームスタイル指標) | データによってサッカーはもっと輝く | Football LAB,中央攻撃 (チームスタイル指標),2,栃木SC,栃木SC,"[""攻撃セットプレー"", ""左サイド攻撃"", ""中央攻撃"", ""右サイド攻撃"", ""ショートカウンター"", ""ロングカウンター"", ""敵陣ポゼッション"", ""自陣ポゼッション""]","[""49"", ""57"", ""58"", ""44"", ""50"", ""64"", ""52"", ""42""]"
20260802,20260609,j2,2026,中央攻撃.html,中央攻撃 (チームスタイル指標),リーグサマリー:2026 J2J3百年構想リーグ 中央攻撃 (チームスタイル指標) | データによってサッカーはもっと輝く | Football LAB,中央攻撃 (チームスタイル指標),2,甲府,甲府,"[""攻撃セットプレー"", ""左サイド攻撃"", ""中央攻撃"", ""右サイド攻撃"", ""ショートカウンター"", ""ロングカウンター"", ""敵陣ポゼッション"", ""自陣ポゼッション""]","[""48"", ""46"", ""35"", ""47"", ""48"", ""52"", ""48"", ""42""]"
20260802,20260609,j2,2026,中央攻撃.html,中央攻撃 (チームスタイル指標),リーグサマリー:2026 J2J3百年構想リーグ 中央攻撃 (チームスタイル指標) | データによってサッカーはもっと輝く | Football LAB,中央攻撃 (チームスタイル指標),2,札幌,札幌,"[""攻撃セットプレー"", ""左サイド攻撃"", ""中央攻撃"", ""右サイド攻撃"", ""ショートカウンター"", ""ロングカウンター"", ""敵陣ポゼッション"", ""自陣ポゼッション""]","[""47"", ""47"", ""46"", ""45"", ""45"", ""60"", ""62"", ""60""]"
20260802,20260609,j2,2026,中央攻撃.html,中央攻撃 (チームスタイル指標),リーグサマリー:2026 J2J3百年構想リーグ 中央攻撃 (チームスタイル指標) | データによってサッカーはもっと輝く | Football LAB,中央攻撃 (チームスタイル指標),2,いわき,いわき,"[""攻撃セットプレー"", ""左サイド攻撃"", ""中央攻撃"", ""右サイド攻撃"", ""ショートカウンター"", ""ロングカウンター"", ""敵陣ポゼッション"", ""自陣ポゼッション""]","[""65"", ""62"", ""56"", ""64"", ""67"", ""60"", ""38"", ""38""]"
20260802,20260609,j2,2026,中央攻撃.html,中央攻撃 (チームスタイル指標),リーグサマリー:2026 J2J3百年構想リーグ 中央攻撃 (チームスタイル指標) | データによってサッカーはもっと輝く | Football LAB,中央攻撃 (チームスタイル指標),2,大宮,大宮,"[""攻撃セットプレー"", ""左サイド攻撃"", ""中央攻撃"", ""右サイド攻撃"", ""ショートカウンター"", ""ロングカウンター"", ""敵陣ポゼッション"", ""自陣ポゼッション""]","[""57"", ""57"", ""60"", ""47"", ""54"", ""41"", ""56"", ""50""]"
20260802,20260609,j2,2026,中央攻撃.html,中央攻撃 (チームスタイル指標),リーグサマリー:2026 J2J3百年構想リーグ 中央攻撃 (チームスタイル指標) | データによってサッカーはもっと輝く | Football LAB,中央攻撃 (チームスタイル指標),2,藤枝,藤枝,"[""攻撃セットプレー"", ""左サイド攻撃"", ""中央攻撃"", ""右サイド攻撃"", ""ショートカウンター"", ""ロングカウンター"", ""敵陣ポゼッション"", ""自陣ポゼッション""]","[""51"", ""51"", ""45"", ""55"", ""48"", ""45"", ""48"", ""56""]"
20260802,20260609,j2,2026,中央攻撃.html,中央攻撃 (チームスタイル指標),リーグサマリー:2026 J2J3百年構想リーグ 中央攻撃 (チームスタイル指標) | データによってサッカーはもっと輝く | Football LAB,中央攻撃 (チームスタイル指標),2,岐阜,岐阜,"[""攻撃セットプレー"", ""左サイド攻撃"", ""中央攻撃"", ""右サイド攻撃"", ""ショートカウンター"", ""ロングカウンター"", ""敵陣ポゼッション"", ""自陣ポゼッション""]","[""51"", ""51"", ""58"", ""53"", ""53"", ""60"", ""68"", ""49""]"
20260802,20260609,j2,2026,中央攻撃.html,中央攻撃 (チームスタイル指標),リーグサマリー:2026 J2J3百年構想リーグ 中央攻撃 (チームスタイル指標) | データによってサッカーはもっと輝く | Football LAB,中央攻撃 (チームスタイル指標),2,松本,松本,"[""攻撃セットプレー"", ""左サイド攻撃"", ""中央攻撃"", ""右サイド攻撃"", ""ショートカウンター"", ""ロングカウンター"", ""敵陣ポゼッション"", ""自陣ポゼッション""]","[""55"", ""37"", ""53"", ""58"", ""59"", ""63"", ""38"", ""39""]"
20260802,20260609,j2,2026,中央攻撃.html,中央攻撃 (チームスタイル指標),リーグサマリー:2026 J2J3百年構想リーグ 中央攻撃 (チームスタイル指標) | データによってサッカーはもっと輝く | Football LAB,中央攻撃 (チームスタイル指標),2,磐田,磐田,"[""攻撃セットプレー"", ""左サイド攻撃"", ""中央攻撃"", ""右サイド攻撃"", ""ショートカウンター"", ""ロングカウンター"", ""敵陣ポゼッション"", ""自陣ポゼッション""]","[""45"", ""38"", ""48"", ""54"", ""47"", ""58"", ""48"", ""50""]"
20260802,20260609,j2,2026,中央攻撃.html,中央攻撃 (チームスタイル指標),リーグサマリー:2026 J2J3百年構想リーグ 中央攻撃 (チームスタイル指標) | データによってサッカーはもっと輝く | Football LAB,中央攻撃 (チームスタイル指標),2,福島,福島,"[""攻撃セットプレー"", ""左サイド攻撃"", ""中央攻撃"", ""右サイド攻撃"", ""ショートカウンター"", ""ロングカウンター"", ""敵陣ポゼッション"", ""自陣ポゼッション""]","[""38"", ""25"", ""90"", ""35"", ""42"", ""42"", ""58"", ""51""]"
20260802,20260609,j2,2026,中央攻撃.html,中央攻撃 (チームスタイル指標),リーグサマリー:2026 J2J3百年構想リーグ 中央攻撃 (チームスタイル指標) | データによってサッカーはもっと輝く | Football LAB,中央攻撃 (チームスタイル指標),2,長野,長野,"[""攻撃セットプレー"", ""左サイド攻撃"", ""中央攻撃"", ""右サイド攻撃"", ""ショートカウンター"", ""ロングカウンター"", ""敵陣ポゼッション"", ""自陣ポゼッション""]","[""48"", ""61"", ""48"", ""42"", ""52"", ""40"", ""44"", ""39""]"
20260802,20260609,j2,2026,中央攻撃.html,中央攻撃 (チームスタイル指標),リーグサマリー:2026 J2J3百年構想リーグ 中央攻撃 (チームスタイル指標) | データによってサッカーはもっと輝く | Football LAB,中央攻撃 (チームスタイル指標),2,富山,富山,"[""攻撃セットプレー"", ""左サイド攻撃"", ""中央攻撃"", ""右サイド攻撃"", ""ショートカウンター"", ""ロングカウンター"", ""敵陣ポゼッション"", ""自陣ポゼッション""]","[""62"", ""71"", ""60"", ""52"", ""51"", ""61"", ""66"", ""56""]"
20260802,20260609,j2,2026,中央攻撃.html,中央攻撃 (チームスタイル指標),リーグサマリー:2026 J2J3百年構想リーグ 中央攻撃 (チームスタイル指標) | データによってサッカーはもっと輝く | Football LAB,中央攻撃 (チームスタイル指標),2,新潟,新潟,"[""攻撃セットプレー"", ""左サイド攻撃"", ""中央攻撃"", ""右サイド攻撃"", ""ショートカウンター"", ""ロングカウンター"", ""敵陣ポゼッション"", ""自陣ポゼッション""]","[""51"", ""54"", ""48"", ""41"", ""48"", ""64"", ""51"", ""52""]"
20260802,20260609,j2,2026,中央攻撃.html,中央攻撃 (チームスタイル指標),リーグサマリー:2026 J2J3百年構想リーグ 中央攻撃 (チームスタイル指標) | データによってサッカーはもっと輝く | Football LAB,中央攻撃 (チームスタイル指標),2,徳島,徳島,"[""攻撃セットプレー"", ""左サイド攻撃"", ""中央攻撃"", ""右サイド攻撃"", ""ショートカウンター"", ""ロングカウンター"", ""敵陣ポゼッション"", ""自陣ポゼッション""]","[""32"", ""33"", ""44"", ""32"", ""34"", ""40"", ""45"", ""67""]"
20260802,20260609,j2,2026,中央攻撃.html,中央攻撃 (チームスタイル指標),リーグサマリー:2026 J2J3百年構想リーグ 中央攻撃 (チームスタイル指標) | データによってサッカーはもっと輝く | Football LAB,中央攻撃 (チームスタイル指標),2,高知,高知,"[""攻撃セットプレー"", ""左サイド攻撃"", ""中央攻撃"", ""右サイド攻撃"", ""ショートカウンター"", ""ロングカウンター"", ""敵陣ポゼッション"", ""自陣ポゼッション""]","[""40"", ""41"", ""37"", ""46"", ""44"", ""40"", ""60"", ""57""]"
20260802,20260609,j2,2026,中央攻撃.html,中央攻撃 (チームスタイル指標),リーグサマリー:2026 J2J3百年構想リーグ 中央攻撃 (チームスタイル指標) | データによってサッカーはもっと輝く | Football LAB,中央攻撃 (チームスタイル指標),2,愛媛,愛媛,"[""攻撃セットプレー"", ""左サイド攻撃"", ""中央攻撃"", ""右サイド攻撃"", ""ショートカウンター"", ""ロングカウンター"", ""敵陣ポゼッション"", ""自陣ポゼッション""]","[""56"", ""69"", ""51"", ""50"", ""51"", ""37"", ""70"", ""49""]"
20260802,20260609,j2,2026,中央攻撃.html,中央攻撃 (チームスタイル指標),リーグサマリー:2026 J2J3百年構想リーグ 中央攻撃 (チームスタイル指標) | データによってサッカーはもっと輝く | Football LAB,中央攻撃 (チームスタイル指標),2,金沢,金沢,"[""攻撃セットプレー"", ""左サイド攻撃"", ""中央攻撃"", ""右サイド攻撃"", ""ショートカウンター"", ""ロングカウンター"", ""敵陣ポゼッション"", ""自陣ポゼッション""]","[""53"", ""49"", ""40"", ""60"", ""48"", ""54"", ""51"", ""42""]"
20260802,20260609,j2,2026,中央攻撃.html,中央攻撃 (チームスタイル指標),リーグサマリー:2026 J2J3百年構想リーグ 中央攻撃 (チームスタイル指標) | データによってサッカーはもっと輝く | Football LAB,中央攻撃 (チームスタイル指標),2,奈良,奈良,"[""攻撃セットプレー"", ""左サイド攻撃"", ""中央攻撃"", ""右サイド攻撃"", ""ショートカウンター"", ""ロングカウンター"", ""敵陣ポゼッション"", ""自陣ポゼッション""]","[""35"", ""48"", ""37"", ""37"", ""34"", ""32"", ""62"", ""69""]"
20260802,20260609,j2,2026,中央攻撃.html,中央攻撃 (チームスタイル指標),リーグサマリー:2026 J2J3百年構想リーグ 中央攻撃 (チームスタイル指標) | データによってサッカーはもっと輝く | Football LAB,中央攻撃 (チームスタイル指標),2,FC大阪,FC大阪,"[""攻撃セットプレー"", ""左サイド攻撃"", ""中央攻撃"", ""右サイド攻撃"", ""ショートカウンター"", ""ロングカウンター"", ""敵陣ポゼッション"", ""自陣ポゼッション""]","[""72"", ""69"", ""61"", ""62"", ""69"", ""65"", ""51"", ""38""]"
20260802,20260609,j2,2026,中央攻撃.html,中央攻撃 (チームスタイル指標),リーグサマリー:2026 J2J3百年構想リーグ 中央攻撃 (チームスタイル指標) | データによってサッカーはもっと輝く | Football LAB,中央攻撃 (チームスタイル指標),2,今治,今治,"[""攻撃セットプレー"", ""左サイド攻撃"", ""中央攻撃"", ""右サイド攻撃"", ""ショートカウンター"", ""ロングカウンター"", ""敵陣ポゼッション"", ""自陣ポゼッション""]","[""52"", ""45"", ""68"", ""46"", ""53"", ""49"", ""44"", ""47""]"
20260802,20260609,j2,2026,中央攻撃.html,中央攻撃 (チームスタイル指標),リーグサマリー:2026 J2J3百年構想リーグ 中央攻撃 (チームスタイル指標) | データによってサッカーはもっと輝く | Football LAB,中央攻撃 (チームスタイル指標),2,讃岐,讃岐,"[""攻撃セットプレー"", ""左サイド攻撃"", ""中央攻撃"", ""右サイド攻撃"", ""ショートカウンター"", ""ロングカウンター"", ""敵陣ポゼッション"", ""自陣ポゼッション""]","[""47"", ""48"", ""46"", ""49"", ""61"", ""49"", ""33"", ""38""]"
20260802,20260609,j2,2026,中央攻撃.html,中央攻撃 (チームスタイル指標),リーグサマリー:2026 J2J3百年構想リーグ 中央攻撃 (チームスタイル指標) | データによってサッカーはもっと輝く | Football LAB,中央攻撃 (チームスタイル指標),2,宮崎,宮崎,"[""攻撃セットプレー"", ""左サイド攻撃"", ""中央攻撃"", ""右サイド攻撃"", ""ショートカウンター"", ""ロングカウンター"", ""敵陣ポゼッション"", ""自陣ポゼッション""]","[""48"", ""56"", ""43"", ""46"", ""45"", ""50"", ""53"", ""54""]"
20260802,20260609,j2,2026,中央攻撃.html,中央攻撃 (チームスタイル指標),リーグサマリー:2026 J2J3百年構想リーグ 中央攻撃 (チームスタイル指標) | データによってサッカーはもっと輝く | Football LAB,中央攻撃 (チームスタイル指標),2,鹿児島,鹿児島,"[""攻撃セットプレー"", ""左サイド攻撃"", ""中央攻撃"", ""右サイド攻撃"", ""ショートカウンター"", ""ロングカウンター"", ""敵陣ポゼッション"", ""自陣ポゼッション""]","[""84"", ""70"", ""44"", ""72"", ""73"", ""65"", ""37"", ""32""]"
20260802,20260609,j2,2026,中央攻撃.html,中央攻撃 (チームスタイル指標),リーグサマリー:2026 J2J3百年構想リーグ 中央攻撃 (チームスタイル指標) | データによってサッカーはもっと輝く | Football LAB,中央攻撃 (チームスタイル指標),2,鳥栖,鳥栖,"[""攻撃セットプレー"", ""左サイド攻撃"", ""中央攻撃"", ""右サイド攻撃"", ""ショートカウンター"", ""ロングカウンター"", ""敵陣ポゼッション"", ""自陣ポゼッション""]","[""53"", ""49"", ""46"", ""51"", ""40"", ""38"", ""67"", ""72""]"
20260802,20260609,j2,2026,中央攻撃.html,中央攻撃 (チームスタイル指標),リーグサマリー:2026 J2J3百年構想リーグ 中央攻撃 (チームスタイル指標) | データによってサッカーはもっと輝く | Football LAB,中央攻撃 (チームスタイル指標),2,山口,山口,"[""攻撃セットプレー"", ""左サイド攻撃"", ""中央攻撃"", ""右サイド攻撃"", ""ショートカウンター"", ""ロングカウンター"", ""敵陣ポゼッション"", ""自陣ポゼッション""]","[""44"", ""45"", ""49"", ""51"", ""47"", ""58"", ""52"", ""57""]"
20260802,20260609,j2,2026,中央攻撃.html,中央攻撃 (チームスタイル指標),リーグサマリー:2026 J2J3百年構想リーグ 中央攻撃 (チームスタイル指標) | データによってサッカーはもっと輝く | Football LAB,中央攻撃 (チームスタイル指標),2,熊本,熊本,"[""攻撃セットプレー"", ""左サイド攻撃"", ""中央攻撃"", ""右サイド攻撃"", ""ショートカウンター"", ""ロングカウンター"", ""敵陣ポゼッション"", ""自陣ポゼッション""]","[""44"", ""43"", ""41"", ""50"", ""44"", ""47"", ""61"", ""58""]"
20260802,20260609,j2,2026,中央攻撃.html,中央攻撃 (チームスタイル指標),リーグサマリー:2026 J2J3百年構想リーグ 中央攻撃 (チームスタイル指標) | データによってサッカーはもっと輝く | Football LAB,中央攻撃 (チームスタイル指標),2,鳥取,鳥取,"[""攻撃セットプレー"", ""左サイド攻撃"", ""中央攻撃"", ""右サイド攻撃"", ""ショートカウンター"", ""ロングカウンター"", ""敵陣ポゼッション"", ""自陣ポゼッション""]","[""41"", ""49"", ""43"", ""38"", ""46"", ""38"", ""51"", ""57""]"
20260802,20260609,j2,2026,中央攻撃.html,中央攻撃 (チームスタイル指標),リーグサマリー:2026 J2J3百年構想リーグ 中央攻撃 (チームスタイル指標) | データによってサッカーはもっと輝く | Football LAB,中央攻撃 (チームスタイル指標),2,大分,大分,"[""攻撃セットプレー"", ""左サイド攻撃"", ""中央攻撃"", ""右サイド攻撃"", ""ショートカウンター"", ""ロングカウンター"", ""敵陣ポゼッション"", ""自陣ポゼッション""]","[""51"", ""45"", ""49"", ""59"", ""48"", ""38"", ""50"", ""60""]"
20260802,20260609,j2,2026,中央攻撃.html,中央攻撃 (チームスタイル指標),リーグサマリー:2026 J2J3百年構想リーグ 中央攻撃 (チームスタイル指標) | データによってサッカーはもっと輝く | Football LAB,中央攻撃 (チームスタイル指標),2,滋賀,滋賀,"[""攻撃セットプレー"", ""左サイド攻撃"", ""中央攻撃"", ""右サイド攻撃"", ""ショートカウンター"", ""ロングカウンター"", ""敵陣ポゼッション"", ""自陣ポゼッション""]","[""44"", ""40"", ""43"", ""43"", ""40"", ""40"", ""43"", ""45""]"
20260802,20260609,j2,2026,中央攻撃.html,中央攻撃 (チームスタイル指標),リーグサマリー:2026 J2J3百年構想リーグ 中央攻撃 (チームスタイル指標) | データによってサッカーはもっと輝く | Football LAB,中央攻撃 (チームスタイル指標),2,琉球,琉球,"[""攻撃セットプレー"", ""左サイド攻撃"", ""中央攻撃"", ""右サイド攻撃"", ""ショートカウンター"", ""ロングカウンター"", ""敵陣ポゼッション"", ""自陣ポゼッション""]","[""43"", ""51"", ""57"", ""39"", ""45"", ""36"", ""47"", ""61""]"
20260802,20260609,j2,2026,中央攻撃.html,中央攻撃 (チームスタイル指標),リーグサマリー:2026 J2J3百年構想リーグ 中央攻撃 (チームスタイル指標) | データによってサッカーはもっと輝く | Football LAB,中央攻撃 (チームスタイル指標),2,北九州,北九州,"[""攻撃セットプレー"", ""左サイド攻撃"", ""中央攻撃"", ""右サイド攻撃"", ""ショートカウンター"", ""ロングカウンター"", ""敵陣ポゼッション"", ""自陣ポゼッション""]","[""43"", ""40"", ""51"", ""46"", ""40"", ""36"", ""53"", ""56""]"
20260802,20260609,j2,2026,中央攻撃.html,中央攻撃 (チームスタイル指標),リーグサマリー:2026 J2J3百年構想リーグ 中央攻撃 (チームスタイル指標) | データによってサッカーはもっと輝く | Football LAB,中央攻撃 (チームスタイル指標),3,仙台,仙台,"[""攻撃セットプレー"", ""左サイド攻撃"", ""中央攻撃"", ""右サイド攻撃"", ""ショートカウンター"", ""ロングカウンター"", ""敵陣ポゼッション"", ""自陣ポゼッション""]","[""32.0%"", ""8.3%"", ""37.3%"", ""12.8%"", ""14.1%"", ""20.9%"", ""21.2%"", ""9.1%""]"
20260802,20260609,j2,2026,中央攻撃.html,中央攻撃 (チームスタイル指標),リーグサマリー:2026 J2J3百年構想リーグ 中央攻撃 (チームスタイル指標) | データによってサッカーはもっと輝く | Football LAB,中央攻撃 (チームスタイル指標),3,秋田,秋田,"[""攻撃セットプレー"", ""左サイド攻撃"", ""中央攻撃"", ""右サイド攻撃"", ""ショートカウンター"", ""ロングカウンター"", ""敵陣ポゼッション"", ""自陣ポゼッション""]","[""27.6%"", ""6.1%"", ""25.1%"", ""6.6%"", ""12.9%"", ""8.8%"", ""13.3%"", ""5.0%""]"
20260802,20260609,j2,2026,中央攻撃.html,中央攻撃 (チームスタイル指標),リーグサマリー:2026 J2J3百年構想リーグ 中央攻撃 (チームスタイル指標) | データによってサッカーはもっと輝く | Football LAB,中央攻撃 (チームスタイル指標),3,湘南,湘南,"[""攻撃セットプレー"", ""左サイド攻撃"", ""中央攻撃"", ""右サイド攻撃"", ""ショートカウンター"", ""ロングカウンター"", ""敵陣ポゼッション"", ""自陣ポゼッション""]","[""19.5%"", ""10.8%"", ""30.4%"", ""10.8%"", ""17.0%"", ""14.7%"", ""11.8%"", ""5.5%""]"
20260802,20260609,j2,2026,中央攻撃.html,中央攻撃 (チームスタイル指標),リーグサマリー:2026 J2J3百年構想リーグ 中央攻撃 (チームスタイル指標) | データによってサッカーはもっと輝く | Football LAB,中央攻撃 (チームスタイル指標),3,横浜FC,横浜FC,"[""攻撃セットプレー"", ""左サイド攻撃"", ""中央攻撃"", ""右サイド攻撃"", ""ショートカウンター"", ""ロングカウンター"", ""敵陣ポゼッション"", ""自陣ポゼッション""]","[""33.8%"", ""16.1%"", ""37.7%"", ""12.7%"", ""21.0%"", ""20.7%"", ""22.3%"", ""5.9%""]"
20260802,20260609,j2,2026,中央攻撃.html,中央攻撃 (チームスタイル指標),リーグサマリー:2026 J2J3百年構想リーグ 中央攻撃 (チームスタイル指標) | データによってサッカーはもっと輝く | Football LAB,中央攻撃 (チームスタイル指標),3,相模原,相模原,"[""攻撃セットプレー"", ""左サイド攻撃"", ""中央攻撃"", ""右サイド攻撃"", ""ショートカウンター"", ""ロングカウンター"", ""敵陣ポゼッション"", ""自陣ポゼッション""]","[""25.5%"", ""11.3%"", ""34.5%"", ""5.4%"", ""16.3%"", ""18.2%"", ""22.2%"", ""4.5%""]"
20260802,20260609,j2,2026,中央攻撃.html,中央攻撃 (チームスタイル指標),リーグサマリー:2026 J2J3百年構想リーグ 中央攻撃 (チームスタイル指標) | データによってサッカーはもっと輝く | Football LAB,中央攻撃 (チームスタイル指標),3,群馬,群馬,"[""攻撃セットプレー"", ""左サイド攻撃"", ""中央攻撃"", ""右サイド攻撃"", ""ショートカウンター"", ""ロングカウンター"", ""敵陣ポゼッション"", ""自陣ポゼッション""]","[""22.0%"", ""12.4%"", ""35.5%"", ""17.3%"", ""17.9%"", ""18.8%"", ""31.9%"", ""6.0%""]"
20260802,20260609,j2,2026,中央攻撃.html,中央攻撃 (チームスタイル指標),リーグサマリー:2026 J2J3百年構想リーグ 中央攻撃 (チームスタイル指標) | データによってサッカーはもっと輝く | Football LAB,中央攻撃 (チームスタイル指標),3,山形,山形,"[""攻撃セットプレー"", ""左サイド攻撃"", ""中央攻撃"", ""右サイド攻撃"", ""ショートカウンター"", ""ロングカウンター"", ""敵陣ポゼッション"", ""自陣ポゼッション""]","[""25.1%"", ""14.8%"", ""36.0%"", ""15.0%"", ""18.5%"", ""21.5%"", ""22.4%"", ""8.2%""]"
20260802,20260609,j2,2026,中央攻撃.html,中央攻撃 (チームスタイル指標),リーグサマリー:2026 J2J3百年構想リーグ 中央攻撃 (チームスタイル指標) | データによってサッカーはもっと輝く | Football LAB,中央攻撃 (チームスタイル指標),3,栃木C,栃木C,"[""攻撃セットプレー"", ""左サイド攻撃"", ""中央攻撃"", ""右サイド攻撃"", ""ショートカウンター"", ""ロングカウンター"", ""敵陣ポゼッション"", ""自陣ポゼッション""]","[""24.8%"", ""13.2%"", ""32.4%"", ""14.3%"", ""20.7%"", ""9.2%"", ""23.4%"", ""7.8%""]"
20260802,20260609,j2,2026,中央攻撃.html,中央攻撃 (チームスタイル指標),リーグサマリー:2026 J2J3百年構想リーグ 中央攻撃 (チームスタイル指標) | データによってサッカーはもっと輝く | Football LAB,中央攻撃 (チームスタイル指標),3,八戸,八戸,"[""攻撃セットプレー"", ""左サイド攻撃"", ""中央攻撃"", ""右サイド攻撃"", ""ショートカウンター"", ""ロングカウンター"", ""敵陣ポゼッション"", ""自陣ポゼッション""]","[""23.1%"", ""13.6%"", ""34.4%"", ""6.6%"", ""13.9%"", ""11.6%"", ""34.0%"", ""5.1%""]"
20260802,20260609,j2,2026,中央攻撃.html,中央攻撃 (チームスタイル指標),リーグサマリー:2026 J2J3百年構想リーグ 中央攻撃 (チームスタイル指標) | データによってサッカーはもっと輝く | Football LAB,中央攻撃 (チームスタイル指標),3,栃木SC,栃木SC,"[""攻撃セットプレー"", ""左サイド攻撃"", ""中央攻撃"", ""右サイド攻撃"", ""ショートカウンター"", ""ロングカウンター"", ""敵陣ポゼッション"", ""自陣ポゼッション""]","[""19.6%"", ""9.3%"", ""40.4%"", ""12.0%"", ""23.9%"", ""23.5%"", ""23.1%"", ""6.6%""]"
20260802,20260609,j2,2026,中央攻撃.html,中央攻撃 (チームスタイル指標),リーグサマリー:2026 J2J3百年構想リーグ 中央攻撃 (チームスタイル指標) | データによってサッカーはもっと輝く | Football LAB,中央攻撃 (チームスタイル指標),3,甲府,甲府,"[""攻撃セットプレー"", ""左サイド攻撃"", ""中央攻撃"", ""右サイド攻撃"", ""ショートカウンター"", ""ロングカウンター"", ""敵陣ポゼッション"", ""自陣ポゼッション""]","[""19.1%"", ""10.1%"", ""31.1%"", ""12.5%"", ""11.4%"", ""13.0%"", ""23.8%"", ""6.3%""]"
20260802,20260609,j2,2026,中央攻撃.html,中央攻撃 (チームスタイル指標),リーグサマリー:2026 J2J3百年構想リーグ 中央攻撃 (チームスタイル指標) | データによってサッカーはもっと輝く | Football LAB,中央攻撃 (チームスタイル指標),3,札幌,札幌,"[""攻撃セットプレー"", ""左サイド攻撃"", ""中央攻撃"", ""右サイド攻撃"", ""ショートカウンター"", ""ロングカウンター"", ""敵陣ポゼッション"", ""自陣ポゼッション""]","[""26.6%"", ""12.3%"", ""37.1%"", ""13.0%"", ""16.7%"", ""11.5%"", ""19.3%"", ""4.3%""]"
20260802,20260609,j2,2026,中央攻撃.html,中央攻撃 (チームスタイル指標),リーグサマリー:2026 J2J3百年構想リーグ 中央攻撃 (チームスタイル指標) | データによってサッカーはもっと輝く | Football LAB,中央攻撃 (チームスタイル指標),3,いわき,いわき,"[""攻撃セットプレー"", ""左サイド攻撃"", ""中央攻撃"", ""右サイド攻撃"", ""ショートカウンター"", ""ロングカウンター"", ""敵陣ポゼッション"", ""自陣ポゼッション""]","[""30.3%"", ""11.2%"", ""30.4%"", ""13.2%"", ""16.5%"", ""16.1%"", ""30.8%"", ""2.9%""]"
20260802,20260609,j2,2026,中央攻撃.html,中央攻撃 (チームスタイル指標),リーグサマリー:2026 J2J3百年構想リーグ 中央攻撃 (チームスタイル指標) | データによってサッカーはもっと輝く | Football LAB,中央攻撃 (チームスタイル指標),3,大宮,大宮,"[""攻撃セットプレー"", ""左サイド攻撃"", ""中央攻撃"", ""右サイド攻撃"", ""ショートカウンター"", ""ロングカウンター"", ""敵陣ポゼッション"", ""自陣ポゼッション""]","[""23.9%"", ""14.7%"", ""38.4%"", ""16.1%"", ""20.6%"", ""20.2%"", ""27.7%"", ""9.0%""]"
20260802,20260609,j2,2026,中央攻撃.html,中央攻撃 (チームスタイル指標),リーグサマリー:2026 J2J3百年構想リーグ 中央攻撃 (チームスタイル指標) | データによってサッカーはもっと輝く | Football LAB,中央攻撃 (チームスタイル指標),3,藤枝,藤枝,"[""攻撃セットプレー"", ""左サイド攻撃"", ""中央攻撃"", ""右サイド攻撃"", ""ショートカウンター"", ""ロングカウンター"", ""敵陣ポゼッション"", ""自陣ポゼッション""]","[""21.9%"", ""17.3%"", ""29.1%"", ""14.8%"", ""20.1%"", ""15.7%"", ""26.9%"", ""7.1%""]"
20260802,20260609,j2,2026,中央攻撃.html,中央攻撃 (チームスタイル指標),リーグサマリー:2026 J2J3百年構想リーグ 中央攻撃 (チームスタイル指標) | データによってサッカーはもっと輝く | Football LAB,中央攻撃 (チームスタイル指標),3,岐阜,岐阜,"[""攻撃セットプレー"", ""左サイド攻撃"", ""中央攻撃"", ""右サイド攻撃"", ""ショートカウンター"", ""ロングカウンター"", ""敵陣ポゼッション"", ""自陣ポゼッション""]","[""23.9%"", ""15.9%"", ""38.0%"", ""16.7%"", ""21.1%"", ""15.9%"", ""26.5%"", ""3.6%""]"
20260802,20260609,j2,2026,中央攻撃.html,中央攻撃 (チームスタイル指標),リーグサマリー:2026 J2J3百年構想リーグ 中央攻撃 (チームスタイル指標) | データによってサッカーはもっと輝く | Football LAB,中央攻撃 (チームスタイル指標),3,松本,松本,"[""攻撃セットプレー"", ""左サイド攻撃"", ""中央攻撃"", ""右サイド攻撃"", ""ショートカウンター"", ""ロングカウンター"", ""敵陣ポゼッション"", ""自陣ポゼッション""]","[""26.8%"", ""14.7%"", ""32.7%"", ""10.5%"", ""20.1%"", ""14.5%"", ""30.8%"", ""5.6%""]"
20260802,20260609,j2,2026,中央攻撃.html,中央攻撃 (チームスタイル指標),リーグサマリー:2026 J2J3百年構想リーグ 中央攻撃 (チームスタイル指標) | データによってサッカーはもっと輝く | Football LAB,中央攻撃 (チームスタイル指標),3,磐田,磐田,"[""攻撃セットプレー"", ""左サイド攻撃"", ""中央攻撃"", ""右サイド攻撃"", ""ショートカウンター"", ""ロングカウンター"", ""敵陣ポゼッション"", ""自陣ポゼッション""]","[""27.1%"", ""8.9%"", ""30.3%"", ""9.1%"", ""14.2%"", ""18.3%"", ""12.5%"", ""6.8%""]"
20260802,20260609,j2,2026,中央攻撃.html,中央攻撃 (チームスタイル指標),リーグサマリー:2026 J2J3百年構想リーグ 中央攻撃 (チームスタイル指標) | データによってサッカーはもっと輝く | Football LAB,中央攻撃 (チームスタイル指標),3,福島,福島,"[""攻撃セットプレー"", ""左サイド攻撃"", ""中央攻撃"", ""右サイド攻撃"", ""ショートカウンター"", ""ロングカウンター"", ""敵陣ポゼッション"", ""自陣ポゼッション""]","[""22.5%"", ""14.2%"", ""33.8%"", ""12.9%"", ""18.6%"", ""17.6%"", ""25.0%"", ""6.5%""]"
20260802,20260609,j2,2026,中央攻撃.html,中央攻撃 (チームスタイル指標),リーグサマリー:2026 J2J3百年構想リーグ 中央攻撃 (チームスタイル指標) | データによってサッカーはもっと輝く | Football LAB,中央攻撃 (チームスタイル指標),3,長野,長野,"[""攻撃セットプレー"", ""左サイド攻撃"", ""中央攻撃"", ""右サイド攻撃"", ""ショートカウンター"", ""ロングカウンター"", ""敵陣ポゼッション"", ""自陣ポゼッション""]","[""24.7%"", ""6.8%"", ""24.5%"", ""6.9%"", ""12.6%"", ""9.8%"", ""14.5%"", ""2.7%""]"
20260802,20260609,j2,2026,中央攻撃.html,中央攻撃 (チームスタイル指標),リーグサマリー:2026 J2J3百年構想リーグ 中央攻撃 (チームスタイル指標) | データによってサッカーはもっと輝く | Football LAB,中央攻撃 (チームスタイル指標),3,富山,富山,"[""攻撃セットプレー"", ""左サイド攻撃"", ""中央攻撃"", ""右サイド攻撃"", ""ショートカウンター"", ""ロングカウンター"", ""敵陣ポゼッション"", ""自陣ポゼッション""]","[""27.7%"", ""18.5%"", ""43.8%"", ""17.5%"", ""22.3%"", ""16.5%"", ""36.6%"", ""11.2%""]"
20260802,20260609,j2,2026,中央攻撃.html,中央攻撃 (チームスタイル指標),リーグサマリー:2026 J2J3百年構想リーグ 中央攻撃 (チームスタイル指標) | データによってサッカーはもっと輝く | Football LAB,中央攻撃 (チームスタイル指標),3,新潟,新潟,"[""攻撃セットプレー"", ""左サイド攻撃"", ""中央攻撃"", ""右サイド攻撃"", ""ショートカウンター"", ""ロングカウンター"", ""敵陣ポゼッション"", ""自陣ポゼッション""]","[""17.7%"", ""12.0%"", ""36.6%"", ""11.8%"", ""13.8%"", ""16.8%"", ""24.7%"", ""8.7%""]"
20260802,20260609,j2,2026,中央攻撃.html,中央攻撃 (チームスタイル指標),リーグサマリー:2026 J2J3百年構想リーグ 中央攻撃 (チームスタイル指標) | データによってサッカーはもっと輝く | Football LAB,中央攻撃 (チームスタイル指標),3,徳島,徳島,"[""攻撃セットプレー"", ""左サイド攻撃"", ""中央攻撃"", ""右サイド攻撃"", ""ショートカウンター"", ""ロングカウンター"", ""敵陣ポゼッション"", ""自陣ポゼッション""]","[""29.1%"", ""10.3%"", ""41.0%"", ""10.4%"", ""15.8%"", ""23.2%"", ""16.7%"", ""9.8%""]"
20260802,20260609,j2,2026,中央攻撃.html,中央攻撃 (チームスタイル指標),リーグサマリー:2026 J2J3百年構想リーグ 中央攻撃 (チームスタイル指標) | データによってサッカーはもっと輝く | Football LAB,中央攻撃 (チームスタイル指標),3,高知,高知,"[""攻撃セットプレー"", ""左サイド攻撃"", ""中央攻撃"", ""右サイド攻撃"", ""ショートカウンター"", ""ロングカウンター"", ""敵陣ポゼッション"", ""自陣ポゼッション""]","[""23.6%"", ""14.0%"", ""40.8%"", ""13.8%"", ""20.9%"", ""17.1%"", ""22.1%"", ""5.8%""]"
20260802,20260609,j2,2026,中央攻撃.html,中央攻撃 (チームスタイル指標),リーグサマリー:2026 J2J3百年構想リーグ 中央攻撃 (チームスタイル指標) | データによってサッカーはもっと輝く | Football LAB,中央攻撃 (チームスタイル指標),3,愛媛,愛媛,"[""攻撃セットプレー"", ""左サイド攻撃"", ""中央攻撃"", ""右サイド攻撃"", ""ショートカウンター"", ""ロングカウンター"", ""敵陣ポゼッション"", ""自陣ポゼッション""]","[""24.1%"", ""16.1%"", ""37.1%"", ""8.9%"", ""21.6%"", ""15.6%"", ""18.6%"", ""5.1%""]"
20260802,20260609,j2,2026,中央攻撃.html,中央攻撃 (チームスタイル指標),リーグサマリー:2026 J2J3百年構想リーグ 中央攻撃 (チームスタイル指標) | データによってサッカーはもっと輝く | Football LAB,中央攻撃 (チームスタイル指標),3,金沢,金沢,"[""攻撃セットプレー"", ""左サイド攻撃"", ""中央攻撃"", ""右サイド攻撃"", ""ショートカウンター"", ""ロングカウンター"", ""敵陣ポゼッション"", ""自陣ポゼッション""]","[""25.2%"", ""14.7%"", ""37.3%"", ""8.2%"", ""18.4%"", ""17.5%"", ""19.3%"", ""7.4%""]"
20260802,20260609,j2,2026,中央攻撃.html,中央攻撃 (チームスタイル指標),リーグサマリー:2026 J2J3百年構想リーグ 中央攻撃 (チームスタイル指標) | データによってサッカーはもっと輝く | Football LAB,中央攻撃 (チームスタイル指標),3,奈良,奈良,"[""攻撃セットプレー"", ""左サイド攻撃"", ""中央攻撃"", ""右サイド攻撃"", ""ショートカウンター"", ""ロングカウンター"", ""敵陣ポゼッション"", ""自陣ポゼッション""]","[""21.2%"", ""12.9%"", ""39.2%"", ""17.3%"", ""19.9%"", ""14.3%"", ""19.2%"", ""7.0%""]"
20260802,20260609,j2,2026,中央攻撃.html,中央攻撃 (チームスタイル指標),リーグサマリー:2026 J2J3百年構想リーグ 中央攻撃 (チームスタイル指標) | データによってサッカーはもっと輝く | Football LAB,中央攻撃 (チームスタイル指標),3,FC大阪,FC大阪,"[""攻撃セットプレー"", ""左サイド攻撃"", ""中央攻撃"", ""右サイド攻撃"", ""ショートカウンター"", ""ロングカウンター"", ""敵陣ポゼッション"", ""自陣ポゼッション""]","[""27.9%"", ""8.7%"", ""29.9%"", ""13.6%"", ""15.7%"", ""9.1%"", ""21.3%"", ""5.9%""]"
20260802,20260609,j2,2026,中央攻撃.html,中央攻撃 (チームスタイル指標),リーグサマリー:2026 J2J3百年構想リーグ 中央攻撃 (チームスタイル指標) | データによってサッカーはもっと輝く | Football LAB,中央攻撃 (チームスタイル指標),3,今治,今治,"[""攻撃セットプレー"", ""左サイド攻撃"", ""中央攻撃"", ""右サイド攻撃"", ""ショートカウンター"", ""ロングカウンター"", ""敵陣ポゼッション"", ""自陣ポゼッション""]","[""25.3%"", ""6.7%"", ""28.4%"", ""8.5%"", ""14.7%"", ""21.1%"", ""14.5%"", ""6.2%""]"
20260802,20260609,j2,2026,中央攻撃.html,中央攻撃 (チームスタイル指標),リーグサマリー:2026 J2J3百年構想リーグ 中央攻撃 (チームスタイル指標) | データによってサッカーはもっと輝く | Football LAB,中央攻撃 (チームスタイル指標),3,讃岐,讃岐,"[""攻撃セットプレー"", ""左サイド攻撃"", ""中央攻撃"", ""右サイド攻撃"", ""ショートカウンター"", ""ロングカウンター"", ""敵陣ポゼッション"", ""自陣ポゼッション""]","[""20.2%"", ""11.4%"", ""35.6%"", ""9.5%"", ""18.3%"", ""11.6%"", ""15.8%"", ""7.5%""]"
20260802,20260609,j2,2026,中央攻撃.html,中央攻撃 (チームスタイル指標),リーグサマリー:2026 J2J3百年構想リーグ 中央攻撃 (チームスタイル指標) | データによってサッカーはもっと輝く | Football LAB,中央攻撃 (チームスタイル指標),3,宮崎,宮崎,"[""攻撃セットプレー"", ""左サイド攻撃"", ""中央攻撃"", ""右サイド攻撃"", ""ショートカウンター"", ""ロングカウンター"", ""敵陣ポゼッション"", ""自陣ポゼッション""]","[""26.8%"", ""12.0%"", ""39.4%"", ""10.6%"", ""20.3%"", ""14.4%"", ""19.4%"", ""4.1%""]"
20260802,20260609,j2,2026,中央攻撃.html,中央攻撃 (チームスタイル指標),リーグサマリー:2026 J2J3百年構想リーグ 中央攻撃 (チームスタイル指標) | データによってサッカーはもっと輝く | Football LAB,中央攻撃 (チームスタイル指標),3,鹿児島,鹿児島,"[""攻撃セットプレー"", ""左サイド攻撃"", ""中央攻撃"", ""右サイド攻撃"", ""ショートカウンター"", ""ロングカウンター"", ""敵陣ポゼッション"", ""自陣ポゼッション""]","[""22.2%"", ""10.6%"", ""36.0%"", ""8.0%"", ""16.0%"", ""9.9%"", ""30.6%"", ""16.7%""]"
20260802,20260609,j2,2026,中央攻撃.html,中央攻撃 (チームスタイル指標),リーグサマリー:2026 J2J3百年構想リーグ 中央攻撃 (チームスタイル指標) | データによってサッカーはもっと輝く | Football LAB,中央攻撃 (チームスタイル指標),3,鳥栖,鳥栖,"[""攻撃セットプレー"", ""左サイド攻撃"", ""中央攻撃"", ""右サイド攻撃"", ""ショートカウンター"", ""ロングカウンター"", ""敵陣ポゼッション"", ""自陣ポゼッション""]","[""22.9%"", ""13.7%"", ""41.2%"", ""17.3%"", ""24.8%"", ""11.4%"", ""21.2%"", ""7.8%""]"
20260802,20260609,j2,2026,中央攻撃.html,中央攻撃 (チームスタイル指標),リーグサマリー:2026 J2J3百年構想リーグ 中央攻撃 (チームスタイル指標) | データによってサッカーはもっと輝く | Football LAB,中央攻撃 (チームスタイル指標),3,山口,山口,"[""攻撃セットプレー"", ""左サイド攻撃"", ""中央攻撃"", ""右サイド攻撃"", ""ショートカウンター"", ""ロングカウンター"", ""敵陣ポゼッション"", ""自陣ポゼッション""]","[""21.6%"", ""12.9%"", ""40.9%"", ""15.9%"", ""20.8%"", ""15.5%"", ""28.9%"", ""8.3%""]"
20260802,20260609,j2,2026,中央攻撃.html,中央攻撃 (チームスタイル指標),リーグサマリー:2026 J2J3百年構想リーグ 中央攻撃 (チームスタイル指標) | データによってサッカーはもっと輝く | Football LAB,中央攻撃 (チームスタイル指標),3,熊本,熊本,"[""攻撃セットプレー"", ""左サイド攻撃"", ""中央攻撃"", ""右サイド攻撃"", ""ショートカウンター"", ""ロングカウンター"", ""敵陣ポゼッション"", ""自陣ポゼッション""]","[""18.6%"", ""14.0%"", ""41.7%"", ""12.7%"", ""17.8%"", ""14.1%"", ""24.8%"", ""7.1%""]"
20260802,20260609,j2,2026,中央攻撃.html,中央攻撃 (チームスタイル指標),リーグサマリー:2026 J2J3百年構想リーグ 中央攻撃 (チームスタイル指標) | データによってサッカーはもっと輝く | Football LAB,中央攻撃 (チームスタイル指標),3,鳥取,鳥取,"[""攻撃セットプレー"", ""左サイド攻撃"", ""中央攻撃"", ""右サイド攻撃"", ""ショートカウンター"", ""ロングカウンター"", ""敵陣ポゼッション"", ""自陣ポゼッション""]","[""20.7%"", ""11.2%"", ""33.7%"", ""12.7%"", ""18.8%"", ""8.9%"", ""18.4%"", ""6.7%""]"
20260802,20260609,j2,2026,中央攻撃.html,中央攻撃 (チームスタイル指標),リーグサマリー:2026 J2J3百年構想リーグ 中央攻撃 (チームスタイル指標) | データによってサッカーはもっと輝く | Football LAB,中央攻撃 (チームスタイル指標),3,大分,大分,"[""攻撃セットプレー"", ""左サイド攻撃"", ""中央攻撃"", ""右サイド攻撃"", ""ショートカウンター"", ""ロングカウンター"", ""敵陣ポゼッション"", ""自陣ポゼッション""]","[""23.7%"", ""14.4%"", ""33.3%"", ""13.0%"", ""19.3%"", ""12.7%"", ""28.6%"", ""6.5%""]"
20260802,20260609,j2,2026,中央攻撃.html,中央攻撃 (チームスタイル指標),リーグサマリー:2026 J2J3百年構想リーグ 中央攻撃 (チームスタイル指標) | データによってサッカーはもっと輝く | Football LAB,中央攻撃 (チームスタイル指標),3,滋賀,滋賀,"[""攻撃セットプレー"", ""左サイド攻撃"", ""中央攻撃"", ""右サイド攻撃"", ""ショートカウンター"", ""ロングカウンター"", ""敵陣ポゼッション"", ""自陣ポゼッション""]","[""27.9%"", ""6.3%"", ""36.5%"", ""8.5%"", ""19.5%"", ""8.6%"", ""10.6%"", ""5.2%""]"
20260802,20260609,j2,2026,中央攻撃.html,中央攻撃 (チームスタイル指標),リーグサマリー:2026 J2J3百年構想リーグ 中央攻撃 (チームスタイル指標) | データによってサッカーはもっと輝く | Football LAB,中央攻撃 (チームスタイル指標),3,琉球,琉球,"[""攻撃セットプレー"", ""左サイド攻撃"", ""中央攻撃"", ""右サイド攻撃"", ""ショートカウンター"", ""ロングカウンター"", ""敵陣ポゼッション"", ""自陣ポゼッション""]","[""24.0%"", ""11.2%"", ""35.4%"", ""10.5%"", ""20.2%"", ""10.5%"", ""22.4%"", ""7.7%""]"
20260802,20260609,j2,2026,中央攻撃.html,中央攻撃 (チームスタイル指標),リーグサマリー:2026 J2J3百年構想リーグ 中央攻撃 (チームスタイル指標) | データによってサッカーはもっと輝く | Football LAB,中央攻撃 (チームスタイル指標),3,北九州,北九州,"[""攻撃セットプレー"", ""左サイド攻撃"", ""中央攻撃"", ""右サイド攻撃"", ""ショートカウンター"", ""ロングカウンター"", ""敵陣ポゼッション"", ""自陣ポゼッション""]","[""23.7%"", ""11.9%"", ""32.6%"", ""11.7%"", ""18.9%"", ""19.7%"", ""18.1%"", ""3.8%""]"
20260802,20260609,j2,2026,右サイド攻撃.html,右サイド攻撃 (チームスタイル指標),リーグサマリー:2026 J2J3百年構想リーグ 右サイド攻撃 (チームスタイル指標) | データによってサッカーはもっと輝く | Football LAB,右サイド攻撃のサマリー,1,秋田,秋田,"[""指数"", ""ゴール率"", ""シュート率"", ""ドリブル使用率"", ""ロングパス使用率"", ""空中戦使用率"", ""コンビネーション使用率""]","[""76"", ""0.3%"", ""6.6%"", ""13.2%"", ""21.7%"", ""19.4%"", ""1.6%""]"
20260802,20260609,j2,2026,右サイド攻撃.html,右サイド攻撃 (チームスタイル指標),リーグサマリー:2026 J2J3百年構想リーグ 右サイド攻撃 (チームスタイル指標) | データによってサッカーはもっと輝く | Football LAB,右サイド攻撃のサマリー,1,鹿児島,鹿児島,"[""指数"", ""ゴール率"", ""シュート率"", ""ドリブル使用率"", ""ロングパス使用率"", ""空中戦使用率"", ""コンビネーション使用率""]","[""72"", ""1.4%"", ""8.0%"", ""10.0%"", ""26.6%"", ""17.3%"", ""4.2%""]"
20260802,20260609,j2,2026,右サイド攻撃.html,右サイド攻撃 (チームスタイル指標),リーグサマリー:2026 J2J3百年構想リーグ 右サイド攻撃 (チームスタイル指標) | データによってサッカーはもっと輝く | Football LAB,右サイド攻撃のサマリー,1,八戸,八戸,"[""指数"", ""ゴール率"", ""シュート率"", ""ドリブル使用率"", ""ロングパス使用率"", ""空中戦使用率"", ""コンビネーション使用率""]","[""72"", ""0.0%"", ""6.6%"", ""12.5%"", ""25.3%"", ""11.8%"", ""1.7%""]"
20260802,20260609,j2,2026,右サイド攻撃.html,右サイド攻撃 (チームスタイル指標),リーグサマリー:2026 J2J3百年構想リーグ 右サイド攻撃 (チームスタイル指標) | データによってサッカーはもっと輝く | Football LAB,右サイド攻撃のサマリー,1,いわき,いわき,"[""指数"", ""ゴール率"", ""シュート率"", ""ドリブル使用率"", ""ロングパス使用率"", ""空中戦使用率"", ""コンビネーション使用率""]","[""64"", ""1.6%"", ""13.2%"", ""19.1%"", ""24.1%"", ""18.3%"", ""5.4%""]"
20260802,20260609,j2,2026,右サイド攻撃.html,右サイド攻撃 (チームスタイル指標),リーグサマリー:2026 J2J3百年構想リーグ 右サイド攻撃 (チームスタイル指標) | データによってサッカーはもっと輝く | Football LAB,右サイド攻撃のサマリー,1,FC大阪,FC大阪,"[""指数"", ""ゴール率"", ""シュート率"", ""ドリブル使用率"", ""ロングパス使用率"", ""空中戦使用率"", ""コンビネーション使用率""]","[""62"", ""0.4%"", ""13.6%"", ""15.2%"", ""23.6%"", ""14.4%"", ""5.6%""]"
20260802,20260609,j2,2026,右サイド攻撃.html,右サイド攻撃 (チームスタイル指標),リーグサマリー:2026 J2J3百年構想リーグ 右サイド攻撃 (チームスタイル指標) | データによってサッカーはもっと輝く | Football LAB,右サイド攻撃のサマリー,1,金沢,金沢,"[""指数"", ""ゴール率"", ""シュート率"", ""ドリブル使用率"", ""ロングパス使用率"", ""空中戦使用率"", ""コンビネーション使用率""]","[""60"", ""1.2%"", ""8.2%"", ""15.5%"", ""26.1%"", ""16.7%"", ""5.7%""]"
20260802,20260609,j2,2026,右サイド攻撃.html,右サイド攻撃 (チームスタイル指標),リーグサマリー:2026 J2J3百年構想リーグ 右サイド攻撃 (チームスタイル指標) | データによってサッカーはもっと輝く | Football LAB,右サイド攻撃のサマリー,1,相模原,相模原,"[""指数"", ""ゴール率"", ""シュート率"", ""ドリブル使用率"", ""ロングパス使用率"", ""空中戦使用率"", ""コンビネーション使用率""]","[""60"", ""0.8%"", ""5.4%"", ""13.2%"", ""23.1%"", ""12.8%"", ""2.5%""]"
20260802,20260609,j2,2026,右サイド攻撃.html,右サイド攻撃 (チームスタイル指標),リーグサマリー:2026 J2J3百年構想リーグ 右サイド攻撃 (チームスタイル指標) | データによってサッカーはもっと輝く | Football LAB,右サイド攻撃のサマリー,1,湘南,湘南,"[""指数"", ""ゴール率"", ""シュート率"", ""ドリブル使用率"", ""ロングパス使用率"", ""空中戦使用率"", ""コンビネーション使用率""]","[""59"", ""0.8%"", ""10.8%"", ""15.0%"", ""22.9%"", ""9.2%"", ""5.0%""]"
20260802,20260609,j2,2026,右サイド攻撃.html,右サイド攻撃 (チームスタイル指標),リーグサマリー:2026 J2J3百年構想リーグ 右サイド攻撃 (チームスタイル指標) | データによってサッカーはもっと輝く | Football LAB,右サイド攻撃のサマリー,1,大分,大分,"[""指数"", ""ゴール率"", ""シュート率"", ""ドリブル使用率"", ""ロングパス使用率"", ""空中戦使用率"", ""コンビネーション使用率""]","[""59"", ""1.7%"", ""13.0%"", ""17.6%"", ""31.8%"", ""15.5%"", ""5.9%""]"
20260802,20260609,j2,2026,右サイド攻撃.html,右サイド攻撃 (チームスタイル指標),リーグサマリー:2026 J2J3百年構想リーグ 右サイド攻撃 (チームスタイル指標) | データによってサッカーはもっと輝く | Football LAB,右サイド攻撃のサマリー,1,松本,松本,"[""指数"", ""ゴール率"", ""シュート率"", ""ドリブル使用率"", ""ロングパス使用率"", ""空中戦使用率"", ""コンビネーション使用率""]","[""58"", ""0.8%"", ""10.5%"", ""7.6%"", ""23.2%"", ""20.3%"", ""5.9%""]"
20260802,20260609,j2,2026,右サイド攻撃.html,右サイド攻撃 (チームスタイル指標),リーグサマリー:2026 J2J3百年構想リーグ 右サイド攻撃 (チームスタイル指標) | データによってサッカーはもっと輝く | Football LAB,右サイド攻撃のサマリー,1,藤枝,藤枝,"[""指数"", ""ゴール率"", ""シュート率"", ""ドリブル使用率"", ""ロングパス使用率"", ""空中戦使用率"", ""コンビネーション使用率""]","[""55"", ""0.9%"", ""14.8%"", ""24.7%"", ""26.9%"", ""11.7%"", ""5.4%""]"
20260802,20260609,j2,2026,右サイド攻撃.html,右サイド攻撃 (チームスタイル指標),リーグサマリー:2026 J2J3百年構想リーグ 右サイド攻撃 (チームスタイル指標) | データによってサッカーはもっと輝く | Football LAB,右サイド攻撃のサマリー,1,磐田,磐田,"[""指数"", ""ゴール率"", ""シュート率"", ""ドリブル使用率"", ""ロングパス使用率"", ""空中戦使用率"", ""コンビネーション使用率""]","[""54"", ""1.8%"", ""9.1%"", ""13.7%"", ""26.9%"", ""17.4%"", ""5.0%""]"
20260802,20260609,j2,2026,右サイド攻撃.html,右サイド攻撃 (チームスタイル指標),リーグサマリー:2026 J2J3百年構想リーグ 右サイド攻撃 (チームスタイル指標) | データによってサッカーはもっと輝く | Football LAB,右サイド攻撃のサマリー,1,岐阜,岐阜,"[""指数"", ""ゴール率"", ""シュート率"", ""ドリブル使用率"", ""ロングパス使用率"", ""空中戦使用率"", ""コンビネーション使用率""]","[""53"", ""1.9%"", ""16.7%"", ""17.6%"", ""22.7%"", ""4.2%"", ""12.5%""]"
20260802,20260609,j2,2026,右サイド攻撃.html,右サイド攻撃 (チームスタイル指標),リーグサマリー:2026 J2J3百年構想リーグ 右サイド攻撃 (チームスタイル指標) | データによってサッカーはもっと輝く | Football LAB,右サイド攻撃のサマリー,1,富山,富山,"[""指数"", ""ゴール率"", ""シュート率"", ""ドリブル使用率"", ""ロングパス使用率"", ""空中戦使用率"", ""コンビネーション使用率""]","[""52"", ""2.8%"", ""17.5%"", ""25.0%"", ""17.5%"", ""4.7%"", ""10.4%""]"
20260802,20260609,j2,2026,右サイド攻撃.html,右サイド攻撃 (チームスタイル指標),リーグサマリー:2026 J2J3百年構想リーグ 右サイド攻撃 (チームスタイル指標) | データによってサッカーはもっと輝く | Football LAB,右サイド攻撃のサマリー,1,仙台,仙台,"[""指数"", ""ゴール率"", ""シュート率"", ""ドリブル使用率"", ""ロングパス使用率"", ""空中戦使用率"", ""コンビネーション使用率""]","[""52"", ""2.4%"", ""12.8%"", ""19.0%"", ""20.9%"", ""10.9%"", ""3.8%""]"
20260802,20260609,j2,2026,右サイド攻撃.html,右サイド攻撃 (チームスタイル指標),リーグサマリー:2026 J2J3百年構想リーグ 右サイド攻撃 (チームスタイル指標) | データによってサッカーはもっと輝く | Football LAB,右サイド攻撃のサマリー,1,鳥栖,鳥栖,"[""指数"", ""ゴール率"", ""シュート率"", ""ドリブル使用率"", ""ロングパス使用率"", ""空中戦使用率"", ""コンビネーション使用率""]","[""51"", ""1.4%"", ""17.3%"", ""22.6%"", ""25.5%"", ""13.0%"", ""10.6%""]"
20260802,20260609,j2,2026,右サイド攻撃.html,右サイド攻撃 (チームスタイル指標),リーグサマリー:2026 J2J3百年構想リーグ 右サイド攻撃 (チームスタイル指標) | データによってサッカーはもっと輝く | Football LAB,右サイド攻撃のサマリー,1,山口,山口,"[""指数"", ""ゴール率"", ""シュート率"", ""ドリブル使用率"", ""ロングパス使用率"", ""空中戦使用率"", ""コンビネーション使用率""]","[""51"", ""0.5%"", ""15.9%"", ""17.9%"", ""27.5%"", ""11.1%"", ""7.7%""]"
20260802,20260609,j2,2026,右サイド攻撃.html,右サイド攻撃 (チームスタイル指標),リーグサマリー:2026 J2J3百年構想リーグ 右サイド攻撃 (チームスタイル指標) | データによってサッカーはもっと輝く | Football LAB,右サイド攻撃のサマリー,1,熊本,熊本,"[""指数"", ""ゴール率"", ""シュート率"", ""ドリブル使用率"", ""ロングパス使用率"", ""空中戦使用率"", ""コンビネーション使用率""]","[""50"", ""2.0%"", ""12.7%"", ""15.6%"", ""25.9%"", ""6.3%"", ""6.8%""]"
20260802,20260609,j2,2026,右サイド攻撃.html,右サイド攻撃 (チームスタイル指標),リーグサマリー:2026 J2J3百年構想リーグ 右サイド攻撃 (チームスタイル指標) | データによってサッカーはもっと輝く | Football LAB,右サイド攻撃のサマリー,1,愛媛,愛媛,"[""指数"", ""ゴール率"", ""シュート率"", ""ドリブル使用率"", ""ロングパス使用率"", ""空中戦使用率"", ""コンビネーション使用率""]","[""50"", ""2.0%"", ""8.9%"", ""9.9%"", ""15.3%"", ""8.9%"", ""8.4%""]"
20260802,20260609,j2,2026,右サイド攻撃.html,右サイド攻撃 (チームスタイル指標),リーグサマリー:2026 J2J3百年構想リーグ 右サイド攻撃 (チームスタイル指標) | データによってサッカーはもっと輝く | Football LAB,右サイド攻撃のサマリー,1,讃岐,讃岐,"[""指数"", ""ゴール率"", ""シュート率"", ""ドリブル使用率"", ""ロングパス使用率"", ""空中戦使用率"", ""コンビネーション使用率""]","[""49"", ""0.5%"", ""9.5%"", ""9.0%"", ""30.3%"", ""9.5%"", ""3.5%""]"
20260802,20260609,j2,2026,右サイド攻撃.html,右サイド攻撃 (チームスタイル指標),リーグサマリー:2026 J2J3百年構想リーグ 右サイド攻撃 (チームスタイル指標) | データによってサッカーはもっと輝く | Football LAB,右サイド攻撃のサマリー,1,大宮,大宮,"[""指数"", ""ゴール率"", ""シュート率"", ""ドリブル使用率"", ""ロングパス使用率"", ""空中戦使用率"", ""コンビネーション使用率""]","[""47"", ""2.1%"", ""16.1%"", ""24.9%"", ""23.8%"", ""11.9%"", ""7.3%""]"
20260802,20260609,j2,2026,右サイド攻撃.html,右サイド攻撃 (チームスタイル指標),リーグサマリー:2026 J2J3百年構想リーグ 右サイド攻撃 (チームスタイル指標) | データによってサッカーはもっと輝く | Football LAB,右サイド攻撃のサマリー,1,甲府,甲府,"[""指数"", ""ゴール率"", ""シュート率"", ""ドリブル使用率"", ""ロングパス使用率"", ""空中戦使用率"", ""コンビネーション使用率""]","[""47"", ""1.6%"", ""12.5%"", ""18.2%"", ""30.2%"", ""7.3%"", ""8.9%""]"
20260802,20260609,j2,2026,右サイド攻撃.html,右サイド攻撃 (チームスタイル指標),リーグサマリー:2026 J2J3百年構想リーグ 右サイド攻撃 (チームスタイル指標) | データによってサッカーはもっと輝く | Football LAB,右サイド攻撃のサマリー,1,栃木C,栃木C,"[""指数"", ""ゴール率"", ""シュート率"", ""ドリブル使用率"", ""ロングパス使用率"", ""空中戦使用率"", ""コンビネーション使用率""]","[""46"", ""0.5%"", ""14.3%"", ""26.5%"", ""28.6%"", ""5.3%"", ""5.3%""]"
20260802,20260609,j2,2026,右サイド攻撃.html,右サイド攻撃 (チームスタイル指標),リーグサマリー:2026 J2J3百年構想リーグ 右サイド攻撃 (チームスタイル指標) | データによってサッカーはもっと輝く | Football LAB,右サイド攻撃のサマリー,1,高知,高知,"[""指数"", ""ゴール率"", ""シュート率"", ""ドリブル使用率"", ""ロングパス使用率"", ""空中戦使用率"", ""コンビネーション使用率""]","[""46"", ""2.7%"", ""13.8%"", ""9.6%"", ""30.3%"", ""16.5%"", ""6.9%""]"
20260802,20260609,j2,2026,右サイド攻撃.html,右サイド攻撃 (チームスタイル指標),リーグサマリー:2026 J2J3百年構想リーグ 右サイド攻撃 (チームスタイル指標) | データによってサッカーはもっと輝く | Football LAB,右サイド攻撃のサマリー,1,今治,今治,"[""指数"", ""ゴール率"", ""シュート率"", ""ドリブル使用率"", ""ロングパス使用率"", ""空中戦使用率"", ""コンビネーション使用率""]","[""46"", ""0.5%"", ""8.5%"", ""10.1%"", ""19.7%"", ""12.8%"", ""5.3%""]"
20260802,20260609,j2,2026,右サイド攻撃.html,右サイド攻撃 (チームスタイル指標),リーグサマリー:2026 J2J3百年構想リーグ 右サイド攻撃 (チームスタイル指標) | データによってサッカーはもっと輝く | Football LAB,右サイド攻撃のサマリー,1,宮崎,宮崎,"[""指数"", ""ゴール率"", ""シュート率"", ""ドリブル使用率"", ""ロングパス使用率"", ""空中戦使用率"", ""コンビネーション使用率""]","[""46"", ""0.5%"", ""10.6%"", ""21.3%"", ""15.4%"", ""12.2%"", ""6.9%""]"
20260802,20260609,j2,2026,右サイド攻撃.html,右サイド攻撃 (チームスタイル指標),リーグサマリー:2026 J2J3百年構想リーグ 右サイド攻撃 (チームスタイル指標) | データによってサッカーはもっと輝く | Football LAB,右サイド攻撃のサマリー,1,北九州,北九州,"[""指数"", ""ゴール率"", ""シュート率"", ""ドリブル使用率"", ""ロングパス使用率"", ""空中戦使用率"", ""コンビネーション使用率""]","[""46"", ""1.1%"", ""11.7%"", ""18.1%"", ""30.3%"", ""7.4%"", ""9.6%""]"
20260802,20260609,j2,2026,右サイド攻撃.html,右サイド攻撃 (チームスタイル指標),リーグサマリー:2026 J2J3百年構想リーグ 右サイド攻撃 (チームスタイル指標) | データによってサッカーはもっと輝く | Football LAB,右サイド攻撃のサマリー,1,札幌,札幌,"[""指数"", ""ゴール率"", ""シュート率"", ""ドリブル使用率"", ""ロングパス使用率"", ""空中戦使用率"", ""コンビネーション使用率""]","[""45"", ""1.1%"", ""13.0%"", ""16.3%"", ""22.3%"", ""6.0%"", ""6.0%""]"
20260802,20260609,j2,2026,右サイド攻撃.html,右サイド攻撃 (チームスタイル指標),リーグサマリー:2026 J2J3百年構想リーグ 右サイド攻撃 (チームスタイル指標) | データによってサッカーはもっと輝く | Football LAB,右サイド攻撃のサマリー,1,栃木SC,栃木SC,"[""指数"", ""ゴール率"", ""シュート率"", ""ドリブル使用率"", ""ロングパス使用率"", ""空中戦使用率"", ""コンビネーション使用率""]","[""44"", ""1.1%"", ""12.0%"", ""19.1%"", ""26.2%"", ""13.1%"", ""5.5%""]"
20260802,20260609,j2,2026,右サイド攻撃.html,右サイド攻撃 (チームスタイル指標),リーグサマリー:2026 J2J3百年構想リーグ 右サイド攻撃 (チームスタイル指標) | データによってサッカーはもっと輝く | Football LAB,右サイド攻撃のサマリー,1,横浜FC,横浜FC,"[""指数"", ""ゴール率"", ""シュート率"", ""ドリブル使用率"", ""ロングパス使用率"", ""空中戦使用率"", ""コンビネーション使用率""]","[""44"", ""1.1%"", ""12.7%"", ""27.1%"", ""26.5%"", ""6.6%"", ""8.8%""]"
20260802,20260609,j2,2026,右サイド攻撃.html,右サイド攻撃 (チームスタイル指標),リーグサマリー:2026 J2J3百年構想リーグ 右サイド攻撃 (チームスタイル指標) | データによってサッカーはもっと輝く | Football LAB,右サイド攻撃のサマリー,1,滋賀,滋賀,"[""指数"", ""ゴール率"", ""シュート率"", ""ドリブル使用率"", ""ロングパス使用率"", ""空中戦使用率"", ""コンビネーション使用率""]","[""43"", ""1.1%"", ""8.5%"", ""17.6%"", ""24.4%"", ""11.4%"", ""7.4%""]"
20260802,20260609,j2,2026,右サイド攻撃.html,右サイド攻撃 (チームスタイル指標),リーグサマリー:2026 J2J3百年構想リーグ 右サイド攻撃 (チームスタイル指標) | データによってサッカーはもっと輝く | Football LAB,右サイド攻撃のサマリー,1,長野,長野,"[""指数"", ""ゴール率"", ""シュート率"", ""ドリブル使用率"", ""ロングパス使用率"", ""空中戦使用率"", ""コンビネーション使用率""]","[""42"", ""1.2%"", ""6.9%"", ""14.5%"", ""21.4%"", ""13.3%"", ""4.6%""]"
20260802,20260609,j2,2026,右サイド攻撃.html,右サイド攻撃 (チームスタイル指標),リーグサマリー:2026 J2J3百年構想リーグ 右サイド攻撃 (チームスタイル指標) | データによってサッカーはもっと輝く | Football LAB,右サイド攻撃のサマリー,1,山形,山形,"[""指数"", ""ゴール率"", ""シュート率"", ""ドリブル使用率"", ""ロングパス使用率"", ""空中戦使用率"", ""コンビネーション使用率""]","[""42"", ""1.7%"", ""15.0%"", ""18.5%"", ""20.8%"", ""15.0%"", ""9.2%""]"
20260802,20260609,j2,2026,右サイド攻撃.html,右サイド攻撃 (チームスタイル指標),リーグサマリー:2026 J2J3百年構想リーグ 右サイド攻撃 (チームスタイル指標) | データによってサッカーはもっと輝く | Football LAB,右サイド攻撃のサマリー,1,新潟,新潟,"[""指数"", ""ゴール率"", ""シュート率"", ""ドリブル使用率"", ""ロングパス使用率"", ""空中戦使用率"", ""コンビネーション使用率""]","[""41"", ""0.0%"", ""11.8%"", ""15.9%"", ""19.4%"", ""11.8%"", ""5.9%""]"
20260802,20260609,j2,2026,右サイド攻撃.html,右サイド攻撃 (チームスタイル指標),リーグサマリー:2026 J2J3百年構想リーグ 右サイド攻撃 (チームスタイル指標) | データによってサッカーはもっと輝く | Football LAB,右サイド攻撃のサマリー,1,群馬,群馬,"[""指数"", ""ゴール率"", ""シュート率"", ""ドリブル使用率"", ""ロングパス使用率"", ""空中戦使用率"", ""コンビネーション使用率""]","[""40"", ""1.8%"", ""17.3%"", ""19.0%"", ""22.6%"", ""6.5%"", ""5.4%""]"
20260802,20260609,j2,2026,右サイド攻撃.html,右サイド攻撃 (チームスタイル指標),リーグサマリー:2026 J2J3百年構想リーグ 右サイド攻撃 (チームスタイル指標) | データによってサッカーはもっと輝く | Football LAB,右サイド攻撃のサマリー,1,琉球,琉球,"[""指数"", ""ゴール率"", ""シュート率"", ""ドリブル使用率"", ""ロングパス使用率"", ""空中戦使用率"", ""コンビネーション使用率""]","[""39"", ""1.2%"", ""10.5%"", ""9.3%"", ""27.2%"", ""6.2%"", ""6.2%""]"
20260802,20260609,j2,2026,右サイド攻撃.html,右サイド攻撃 (チームスタイル指標),リーグサマリー:2026 J2J3百年構想リーグ 右サイド攻撃 (チームスタイル指標) | データによってサッカーはもっと輝く | Football LAB,右サイド攻撃のサマリー,1,鳥取,鳥取,"[""指数"", ""ゴール率"", ""シュート率"", ""ドリブル使用率"", ""ロングパス使用率"", ""空中戦使用率"", ""コンビネーション使用率""]","[""38"", ""0.6%"", ""12.7%"", ""10.2%"", ""25.5%"", ""8.9%"", ""8.9%""]"
20260802,20260609,j2,2026,右サイド攻撃.html,右サイド攻撃 (チームスタイル指標),リーグサマリー:2026 J2J3百年構想リーグ 右サイド攻撃 (チームスタイル指標) | データによってサッカーはもっと輝く | Football LAB,右サイド攻撃のサマリー,1,奈良,奈良,"[""指数"", ""ゴール率"", ""シュート率"", ""ドリブル使用率"", ""ロングパス使用率"", ""空中戦使用率"", ""コンビネーション使用率""]","[""37"", ""1.3%"", ""17.3%"", ""16.7%"", ""23.7%"", ""7.7%"", ""10.9%""]"
20260802,20260609,j2,2026,右サイド攻撃.html,右サイド攻撃 (チームスタイル指標),リーグサマリー:2026 J2J3百年構想リーグ 右サイド攻撃 (チームスタイル指標) | データによってサッカーはもっと輝く | Football LAB,右サイド攻撃のサマリー,1,福島,福島,"[""指数"", ""ゴール率"", ""シュート率"", ""ドリブル使用率"", ""ロングパス使用率"", ""空中戦使用率"", ""コンビネーション使用率""]","[""35"", ""0.7%"", ""12.9%"", ""16.3%"", ""19.7%"", ""10.2%"", ""7.5%""]"
20260802,20260609,j2,2026,右サイド攻撃.html,右サイド攻撃 (チームスタイル指標),リーグサマリー:2026 J2J3百年構想リーグ 右サイド攻撃 (チームスタイル指標) | データによってサッカーはもっと輝く | Football LAB,右サイド攻撃のサマリー,1,徳島,徳島,"[""指数"", ""ゴール率"", ""シュート率"", ""ドリブル使用率"", ""ロングパス使用率"", ""空中戦使用率"", ""コンビネーション使用率""]","[""32"", ""0.7%"", ""10.4%"", ""18.5%"", ""28.1%"", ""7.4%"", ""4.4%""]"
20260802,20260609,j2,2026,右サイド攻撃.html,右サイド攻撃 (チームスタイル指標),リーグサマリー:2026 J2J3百年構想リーグ 右サイド攻撃 (チームスタイル指標) | データによってサッカーはもっと輝く | Football LAB,右サイド攻撃 (チームスタイル指標),2,仙台,仙台,"[""攻撃セットプレー"", ""左サイド攻撃"", ""中央攻撃"", ""右サイド攻撃"", ""ショートカウンター"", ""ロングカウンター"", ""敵陣ポゼッション"", ""自陣ポゼッション""]","[""48"", ""41"", ""62"", ""52"", ""46"", ""61"", ""50"", ""51""]"
20260802,20260609,j2,2026,右サイド攻撃.html,右サイド攻撃 (チームスタイル指標),リーグサマリー:2026 J2J3百年構想リーグ 右サイド攻撃 (チームスタイル指標) | データによってサッカーはもっと輝く | Football LAB,右サイド攻撃 (チームスタイル指標),2,秋田,秋田,"[""攻撃セットプレー"", ""左サイド攻撃"", ""中央攻撃"", ""右サイド攻撃"", ""ショートカウンター"", ""ロングカウンター"", ""敵陣ポゼッション"", ""自陣ポゼッション""]","[""62"", ""49"", ""45"", ""76"", ""78"", ""46"", ""30"", ""31""]"
20260802,20260609,j2,2026,右サイド攻撃.html,右サイド攻撃 (チームスタイル指標),リーグサマリー:2026 J2J3百年構想リーグ 右サイド攻撃 (チームスタイル指標) | データによってサッカーはもっと輝く | Football LAB,右サイド攻撃 (チームスタイル指標),2,湘南,湘南,"[""攻撃セットプレー"", ""左サイド攻撃"", ""中央攻撃"", ""右サイド攻撃"", ""ショートカウンター"", ""ロングカウンター"", ""敵陣ポゼッション"", ""自陣ポゼッション""]","[""52"", ""49"", ""47"", ""59"", ""47"", ""62"", ""50"", ""47""]"
20260802,20260609,j2,2026,右サイド攻撃.html,右サイド攻撃 (チームスタイル指標),リーグサマリー:2026 J2J3百年構想リーグ 右サイド攻撃 (チームスタイル指標) | データによってサッカーはもっと輝く | Football LAB,右サイド攻撃 (チームスタイル指標),2,横浜FC,横浜FC,"[""攻撃セットプレー"", ""左サイド攻撃"", ""中央攻撃"", ""右サイド攻撃"", ""ショートカウンター"", ""ロングカウンター"", ""敵陣ポゼッション"", ""自陣ポゼッション""]","[""57"", ""54"", ""58"", ""44"", ""44"", ""47"", ""56"", ""54""]"
20260802,20260609,j2,2026,右サイド攻撃.html,右サイド攻撃 (チームスタイル指標),リーグサマリー:2026 J2J3百年構想リーグ 右サイド攻撃 (チームスタイル指標) | データによってサッカーはもっと輝く | Football LAB,右サイド攻撃 (チームスタイル指標),2,相模原,相模原,"[""攻撃セットプレー"", ""左サイド攻撃"", ""中央攻撃"", ""右サイド攻撃"", ""ショートカウンター"", ""ロングカウンター"", ""敵陣ポゼッション"", ""自陣ポゼッション""]","[""53"", ""57"", ""55"", ""60"", ""66"", ""65"", ""26"", ""31""]"
20260802,20260609,j2,2026,右サイド攻撃.html,右サイド攻撃 (チームスタイル指標),リーグサマリー:2026 J2J3百年構想リーグ 右サイド攻撃 (チームスタイル指標) | データによってサッカーはもっと輝く | Football LAB,右サイド攻撃 (チームスタイル指標),2,群馬,群馬,"[""攻撃セットプレー"", ""左サイド攻撃"", ""中央攻撃"", ""右サイド攻撃"", ""ショートカウンター"", ""ロングカウンター"", ""敵陣ポゼッション"", ""自陣ポゼッション""]","[""39"", ""44"", ""49"", ""40"", ""43"", ""49"", ""45"", ""58""]"
20260802,20260609,j2,2026,右サイド攻撃.html,右サイド攻撃 (チームスタイル指標),リーグサマリー:2026 J2J3百年構想リーグ 右サイド攻撃 (チームスタイル指標) | データによってサッカーはもっと輝く | Football LAB,右サイド攻撃 (チームスタイル指標),2,山形,山形,"[""攻撃セットプレー"", ""左サイド攻撃"", ""中央攻撃"", ""右サイド攻撃"", ""ショートカウンター"", ""ロングカウンター"", ""敵陣ポゼッション"", ""自陣ポゼッション""]","[""35"", ""43"", ""44"", ""42"", ""38"", ""47"", ""47"", ""50""]"
20260802,20260609,j2,2026,右サイド攻撃.html,右サイド攻撃 (チームスタイル指標),リーグサマリー:2026 J2J3百年構想リーグ 右サイド攻撃 (チームスタイル指標) | データによってサッカーはもっと輝く | Football LAB,右サイド攻撃 (チームスタイル指標),2,栃木C,栃木C,"[""攻撃セットプレー"", ""左サイド攻撃"", ""中央攻撃"", ""右サイド攻撃"", ""ショートカウンター"", ""ロングカウンター"", ""敵陣ポゼッション"", ""自陣ポゼッション""]","[""45"", ""54"", ""49"", ""46"", ""50"", ""51"", ""47"", ""53""]"
20260802,20260609,j2,2026,右サイド攻撃.html,右サイド攻撃 (チームスタイル指標),リーグサマリー:2026 J2J3百年構想リーグ 右サイド攻撃 (チームスタイル指標) | データによってサッカーはもっと輝く | Football LAB,右サイド攻撃 (チームスタイル指標),2,八戸,八戸,"[""攻撃セットプレー"", ""左サイド攻撃"", ""中央攻撃"", ""右サイド攻撃"", ""ショートカウンター"", ""ロングカウンター"", ""敵陣ポゼッション"", ""自陣ポゼッション""]","[""62"", ""59"", ""38"", ""72"", ""63"", ""49"", ""38"", ""37""]"
20260802,20260609,j2,2026,右サイド攻撃.html,右サイド攻撃 (チームスタイル指標),リーグサマリー:2026 J2J3百年構想リーグ 右サイド攻撃 (チームスタイル指標) | データによってサッカーはもっと輝く | Football LAB,右サイド攻撃 (チームスタイル指標),2,栃木SC,栃木SC,"[""攻撃セットプレー"", ""左サイド攻撃"", ""中央攻撃"", ""右サイド攻撃"", ""ショートカウンター"", ""ロングカウンター"", ""敵陣ポゼッション"", ""自陣ポゼッション""]","[""49"", ""57"", ""58"", ""44"", ""50"", ""64"", ""52"", ""42""]"
20260802,20260609,j2,2026,右サイド攻撃.html,右サイド攻撃 (チームスタイル指標),リーグサマリー:2026 J2J3百年構想リーグ 右サイド攻撃 (チームスタイル指標) | データによってサッカーはもっと輝く | Football LAB,右サイド攻撃 (チームスタイル指標),2,甲府,甲府,"[""攻撃セットプレー"", ""左サイド攻撃"", ""中央攻撃"", ""右サイド攻撃"", ""ショートカウンター"", ""ロングカウンター"", ""敵陣ポゼッション"", ""自陣ポゼッション""]","[""48"", ""46"", ""35"", ""47"", ""48"", ""52"", ""48"", ""42""]"
20260802,20260609,j2,2026,右サイド攻撃.html,右サイド攻撃 (チームスタイル指標),リーグサマリー:2026 J2J3百年構想リーグ 右サイド攻撃 (チームスタイル指標) | データによってサッカーはもっと輝く | Football LAB,右サイド攻撃 (チームスタイル指標),2,札幌,札幌,"[""攻撃セットプレー"", ""左サイド攻撃"", ""中央攻撃"", ""右サイド攻撃"", ""ショートカウンター"", ""ロングカウンター"", ""敵陣ポゼッション"", ""自陣ポゼッション""]","[""47"", ""47"", ""46"", ""45"", ""45"", ""60"", ""62"", ""60""]"
20260802,20260609,j2,2026,右サイド攻撃.html,右サイド攻撃 (チームスタイル指標),リーグサマリー:2026 J2J3百年構想リーグ 右サイド攻撃 (チームスタイル指標) | データによってサッカーはもっと輝く | Football LAB,右サイド攻撃 (チームスタイル指標),2,いわき,いわき,"[""攻撃セットプレー"", ""左サイド攻撃"", ""中央攻撃"", ""右サイド攻撃"", ""ショートカウンター"", ""ロングカウンター"", ""敵陣ポゼッション"", ""自陣ポゼッション""]","[""65"", ""62"", ""56"", ""64"", ""67"", ""60"", ""38"", ""38""]"
20260802,20260609,j2,2026,右サイド攻撃.html,右サイド攻撃 (チームスタイル指標),リーグサマリー:2026 J2J3百年構想リーグ 右サイド攻撃 (チームスタイル指標) | データによってサッカーはもっと輝く | Football LAB,右サイド攻撃 (チームスタイル指標),2,大宮,大宮,"[""攻撃セットプレー"", ""左サイド攻撃"", ""中央攻撃"", ""右サイド攻撃"", ""ショートカウンター"", ""ロングカウンター"", ""敵陣ポゼッション"", ""自陣ポゼッション""]","[""57"", ""57"", ""60"", ""47"", ""54"", ""41"", ""56"", ""50""]"
20260802,20260609,j2,2026,右サイド攻撃.html,右サイド攻撃 (チームスタイル指標),リーグサマリー:2026 J2J3百年構想リーグ 右サイド攻撃 (チームスタイル指標) | データによってサッカーはもっと輝く | Football LAB,右サイド攻撃 (チームスタイル指標),2,藤枝,藤枝,"[""攻撃セットプレー"", ""左サイド攻撃"", ""中央攻撃"", ""右サイド攻撃"", ""ショートカウンター"", ""ロングカウンター"", ""敵陣ポゼッション"", ""自陣ポゼッション""]","[""51"", ""51"", ""45"", ""55"", ""48"", ""45"", ""48"", ""56""]"
20260802,20260609,j2,2026,右サイド攻撃.html,右サイド攻撃 (チームスタイル指標),リーグサマリー:2026 J2J3百年構想リーグ 右サイド攻撃 (チームスタイル指標) | データによってサッカーはもっと輝く | Football LAB,右サイド攻撃 (チームスタイル指標),2,岐阜,岐阜,"[""攻撃セットプレー"", ""左サイド攻撃"", ""中央攻撃"", ""右サイド攻撃"", ""ショートカウンター"", ""ロングカウンター"", ""敵陣ポゼッション"", ""自陣ポゼッション""]","[""51"", ""51"", ""58"", ""53"", ""53"", ""60"", ""68"", ""49""]"
20260802,20260609,j2,2026,右サイド攻撃.html,右サイド攻撃 (チームスタイル指標),リーグサマリー:2026 J2J3百年構想リーグ 右サイド攻撃 (チームスタイル指標) | データによってサッカーはもっと輝く | Football LAB,右サイド攻撃 (チームスタイル指標),2,松本,松本,"[""攻撃セットプレー"", ""左サイド攻撃"", ""中央攻撃"", ""右サイド攻撃"", ""ショートカウンター"", ""ロングカウンター"", ""敵陣ポゼッション"", ""自陣ポゼッション""]","[""55"", ""37"", ""53"", ""58"", ""59"", ""63"", ""38"", ""39""]"
20260802,20260609,j2,2026,右サイド攻撃.html,右サイド攻撃 (チームスタイル指標),リーグサマリー:2026 J2J3百年構想リーグ 右サイド攻撃 (チームスタイル指標) | データによってサッカーはもっと輝く | Football LAB,右サイド攻撃 (チームスタイル指標),2,磐田,磐田,"[""攻撃セットプレー"", ""左サイド攻撃"", ""中央攻撃"", ""右サイド攻撃"", ""ショートカウンター"", ""ロングカウンター"", ""敵陣ポゼッション"", ""自陣ポゼッション""]","[""45"", ""38"", ""48"", ""54"", ""47"", ""58"", ""48"", ""50""]"
20260802,20260609,j2,2026,右サイド攻撃.html,右サイド攻撃 (チームスタイル指標),リーグサマリー:2026 J2J3百年構想リーグ 右サイド攻撃 (チームスタイル指標) | データによってサッカーはもっと輝く | Football LAB,右サイド攻撃 (チームスタイル指標),2,福島,福島,"[""攻撃セットプレー"", ""左サイド攻撃"", ""中央攻撃"", ""右サイド攻撃"", ""ショートカウンター"", ""ロングカウンター"", ""敵陣ポゼッション"", ""自陣ポゼッション""]","[""38"", ""25"", ""90"", ""35"", ""42"", ""42"", ""58"", ""51""]"
20260802,20260609,j2,2026,右サイド攻撃.html,右サイド攻撃 (チームスタイル指標),リーグサマリー:2026 J2J3百年構想リーグ 右サイド攻撃 (チームスタイル指標) | データによってサッカーはもっと輝く | Football LAB,右サイド攻撃 (チームスタイル指標),2,長野,長野,"[""攻撃セットプレー"", ""左サイド攻撃"", ""中央攻撃"", ""右サイド攻撃"", ""ショートカウンター"", ""ロングカウンター"", ""敵陣ポゼッション"", ""自陣ポゼッション""]","[""48"", ""61"", ""48"", ""42"", ""52"", ""40"", ""44"", ""39""]"
20260802,20260609,j2,2026,右サイド攻撃.html,右サイド攻撃 (チームスタイル指標),リーグサマリー:2026 J2J3百年構想リーグ 右サイド攻撃 (チームスタイル指標) | データによってサッカーはもっと輝く | Football LAB,右サイド攻撃 (チームスタイル指標),2,富山,富山,"[""攻撃セットプレー"", ""左サイド攻撃"", ""中央攻撃"", ""右サイド攻撃"", ""ショートカウンター"", ""ロングカウンター"", ""敵陣ポゼッション"", ""自陣ポゼッション""]","[""62"", ""71"", ""60"", ""52"", ""51"", ""61"", ""66"", ""56""]"
20260802,20260609,j2,2026,右サイド攻撃.html,右サイド攻撃 (チームスタイル指標),リーグサマリー:2026 J2J3百年構想リーグ 右サイド攻撃 (チームスタイル指標) | データによってサッカーはもっと輝く | Football LAB,右サイド攻撃 (チームスタイル指標),2,新潟,新潟,"[""攻撃セットプレー"", ""左サイド攻撃"", ""中央攻撃"", ""右サイド攻撃"", ""ショートカウンター"", ""ロングカウンター"", ""敵陣ポゼッション"", ""自陣ポゼッション""]","[""51"", ""54"", ""48"", ""41"", ""48"", ""64"", ""51"", ""52""]"
20260802,20260609,j2,2026,右サイド攻撃.html,右サイド攻撃 (チームスタイル指標),リーグサマリー:2026 J2J3百年構想リーグ 右サイド攻撃 (チームスタイル指標) | データによってサッカーはもっと輝く | Football LAB,右サイド攻撃 (チームスタイル指標),2,徳島,徳島,"[""攻撃セットプレー"", ""左サイド攻撃"", ""中央攻撃"", ""右サイド攻撃"", ""ショートカウンター"", ""ロングカウンター"", ""敵陣ポゼッション"", ""自陣ポゼッション""]","[""32"", ""33"", ""44"", ""32"", ""34"", ""40"", ""45"", ""67""]"
20260802,20260609,j2,2026,右サイド攻撃.html,右サイド攻撃 (チームスタイル指標),リーグサマリー:2026 J2J3百年構想リーグ 右サイド攻撃 (チームスタイル指標) | データによってサッカーはもっと輝く | Football LAB,右サイド攻撃 (チームスタイル指標),2,高知,高知,"[""攻撃セットプレー"", ""左サイド攻撃"", ""中央攻撃"", ""右サイド攻撃"", ""ショートカウンター"", ""ロングカウンター"", ""敵陣ポゼッション"", ""自陣ポゼッション""]","[""40"", ""41"", ""37"", ""46"", ""44"", ""40"", ""60"", ""57""]"
20260802,20260609,j2,2026,右サイド攻撃.html,右サイド攻撃 (チームスタイル指標),リーグサマリー:2026 J2J3百年構想リーグ 右サイド攻撃 (チームスタイル指標) | データによってサッカーはもっと輝く | Football LAB,右サイド攻撃 (チームスタイル指標),2,愛媛,愛媛,"[""攻撃セットプレー"", ""左サイド攻撃"", ""中央攻撃"", ""右サイド攻撃"", ""ショートカウンター"", ""ロングカウンター"", ""敵陣ポゼッション"", ""自陣ポゼッション""]","[""56"", ""69"", ""51"", ""50"", ""51"", ""37"", ""70"", ""49""]"
20260802,20260609,j2,2026,右サイド攻撃.html,右サイド攻撃 (チームスタイル指標),リーグサマリー:2026 J2J3百年構想リーグ 右サイド攻撃 (チームスタイル指標) | データによってサッカーはもっと輝く | Football LAB,右サイド攻撃 (チームスタイル指標),2,金沢,金沢,"[""攻撃セットプレー"", ""左サイド攻撃"", ""中央攻撃"", ""右サイド攻撃"", ""ショートカウンター"", ""ロングカウンター"", ""敵陣ポゼッション"", ""自陣ポゼッション""]","[""53"", ""49"", ""40"", ""60"", ""48"", ""54"", ""51"", ""42""]"
20260802,20260609,j2,2026,右サイド攻撃.html,右サイド攻撃 (チームスタイル指標),リーグサマリー:2026 J2J3百年構想リーグ 右サイド攻撃 (チームスタイル指標) | データによってサッカーはもっと輝く | Football LAB,右サイド攻撃 (チームスタイル指標),2,奈良,奈良,"[""攻撃セットプレー"", ""左サイド攻撃"", ""中央攻撃"", ""右サイド攻撃"", ""ショートカウンター"", ""ロングカウンター"", ""敵陣ポゼッション"", ""自陣ポゼッション""]","[""35"", ""48"", ""37"", ""37"", ""34"", ""32"", ""62"", ""69""]"
20260802,20260609,j2,2026,右サイド攻撃.html,右サイド攻撃 (チームスタイル指標),リーグサマリー:2026 J2J3百年構想リーグ 右サイド攻撃 (チームスタイル指標) | データによってサッカーはもっと輝く | Football LAB,右サイド攻撃 (チームスタイル指標),2,FC大阪,FC大阪,"[""攻撃セットプレー"", ""左サイド攻撃"", ""中央攻撃"", ""右サイド攻撃"", ""ショートカウンター"", ""ロングカウンター"", ""敵陣ポゼッション"", ""自陣ポゼッション""]","[""72"", ""69"", ""61"", ""62"", ""69"", ""65"", ""51"", ""38""]"
20260802,20260609,j2,2026,右サイド攻撃.html,右サイド攻撃 (チームスタイル指標),リーグサマリー:2026 J2J3百年構想リーグ 右サイド攻撃 (チームスタイル指標) | データによってサッカーはもっと輝く | Football LAB,右サイド攻撃 (チームスタイル指標),2,今治,今治,"[""攻撃セットプレー"", ""左サイド攻撃"", ""中央攻撃"", ""右サイド攻撃"", ""ショートカウンター"", ""ロングカウンター"", ""敵陣ポゼッション"", ""自陣ポゼッション""]","[""52"", ""45"", ""68"", ""46"", ""53"", ""49"", ""44"", ""47""]"
20260802,20260609,j2,2026,右サイド攻撃.html,右サイド攻撃 (チームスタイル指標),リーグサマリー:2026 J2J3百年構想リーグ 右サイド攻撃 (チームスタイル指標) | データによってサッカーはもっと輝く | Football LAB,右サイド攻撃 (チームスタイル指標),2,讃岐,讃岐,"[""攻撃セットプレー"", ""左サイド攻撃"", ""中央攻撃"", ""右サイド攻撃"", ""ショートカウンター"", ""ロングカウンター"", ""敵陣ポゼッション"", ""自陣ポゼッション""]","[""47"", ""48"", ""46"", ""49"", ""61"", ""49"", ""33"", ""38""]"
20260802,20260609,j2,2026,右サイド攻撃.html,右サイド攻撃 (チームスタイル指標),リーグサマリー:2026 J2J3百年構想リーグ 右サイド攻撃 (チームスタイル指標) | データによってサッカーはもっと輝く | Football LAB,右サイド攻撃 (チームスタイル指標),2,宮崎,宮崎,"[""攻撃セットプレー"", ""左サイド攻撃"", ""中央攻撃"", ""右サイド攻撃"", ""ショートカウンター"", ""ロングカウンター"", ""敵陣ポゼッション"", ""自陣ポゼッション""]","[""48"", ""56"", ""43"", ""46"", ""45"", ""50"", ""53"", ""54""]"
20260802,20260609,j2,2026,右サイド攻撃.html,右サイド攻撃 (チームスタイル指標),リーグサマリー:2026 J2J3百年構想リーグ 右サイド攻撃 (チームスタイル指標) | データによってサッカーはもっと輝く | Football LAB,右サイド攻撃 (チームスタイル指標),2,鹿児島,鹿児島,"[""攻撃セットプレー"", ""左サイド攻撃"", ""中央攻撃"", ""右サイド攻撃"", ""ショートカウンター"", ""ロングカウンター"", ""敵陣ポゼッション"", ""自陣ポゼッション""]","[""84"", ""70"", ""44"", ""72"", ""73"", ""65"", ""37"", ""32""]"
20260802,20260609,j2,2026,右サイド攻撃.html,右サイド攻撃 (チームスタイル指標),リーグサマリー:2026 J2J3百年構想リーグ 右サイド攻撃 (チームスタイル指標) | データによってサッカーはもっと輝く | Football LAB,右サイド攻撃 (チームスタイル指標),2,鳥栖,鳥栖,"[""攻撃セットプレー"", ""左サイド攻撃"", ""中央攻撃"", ""右サイド攻撃"", ""ショートカウンター"", ""ロングカウンター"", ""敵陣ポゼッション"", ""自陣ポゼッション""]","[""53"", ""49"", ""46"", ""51"", ""40"", ""38"", ""67"", ""72""]"
20260802,20260609,j2,2026,右サイド攻撃.html,右サイド攻撃 (チームスタイル指標),リーグサマリー:2026 J2J3百年構想リーグ 右サイド攻撃 (チームスタイル指標) | データによってサッカーはもっと輝く | Football LAB,右サイド攻撃 (チームスタイル指標),2,山口,山口,"[""攻撃セットプレー"", ""左サイド攻撃"", ""中央攻撃"", ""右サイド攻撃"", ""ショートカウンター"", ""ロングカウンター"", ""敵陣ポゼッション"", ""自陣ポゼッション""]","[""44"", ""45"", ""49"", ""51"", ""47"", ""58"", ""52"", ""57""]"
20260802,20260609,j2,2026,右サイド攻撃.html,右サイド攻撃 (チームスタイル指標),リーグサマリー:2026 J2J3百年構想リーグ 右サイド攻撃 (チームスタイル指標) | データによってサッカーはもっと輝く | Football LAB,右サイド攻撃 (チームスタイル指標),2,熊本,熊本,"[""攻撃セットプレー"", ""左サイド攻撃"", ""中央攻撃"", ""右サイド攻撃"", ""ショートカウンター"", ""ロングカウンター"", ""敵陣ポゼッション"", ""自陣ポゼッション""]","[""44"", ""43"", ""41"", ""50"", ""44"", ""47"", ""61"", ""58""]"
20260802,20260609,j2,2026,右サイド攻撃.html,右サイド攻撃 (チームスタイル指標),リーグサマリー:2026 J2J3百年構想リーグ 右サイド攻撃 (チームスタイル指標) | データによってサッカーはもっと輝く | Football LAB,右サイド攻撃 (チームスタイル指標),2,鳥取,鳥取,"[""攻撃セットプレー"", ""左サイド攻撃"", ""中央攻撃"", ""右サイド攻撃"", ""ショートカウンター"", ""ロングカウンター"", ""敵陣ポゼッション"", ""自陣ポゼッション""]","[""41"", ""49"", ""43"", ""38"", ""46"", ""38"", ""51"", ""57""]"
20260802,20260609,j2,2026,右サイド攻撃.html,右サイド攻撃 (チームスタイル指標),リーグサマリー:2026 J2J3百年構想リーグ 右サイド攻撃 (チームスタイル指標) | データによってサッカーはもっと輝く | Football LAB,右サイド攻撃 (チームスタイル指標),2,大分,大分,"[""攻撃セットプレー"", ""左サイド攻撃"", ""中央攻撃"", ""右サイド攻撃"", ""ショートカウンター"", ""ロングカウンター"", ""敵陣ポゼッション"", ""自陣ポゼッション""]","[""51"", ""45"", ""49"", ""59"", ""48"", ""38"", ""50"", ""60""]"
20260802,20260609,j2,2026,右サイド攻撃.html,右サイド攻撃 (チームスタイル指標),リーグサマリー:2026 J2J3百年構想リーグ 右サイド攻撃 (チームスタイル指標) | データによってサッカーはもっと輝く | Football LAB,右サイド攻撃 (チームスタイル指標),2,滋賀,滋賀,"[""攻撃セットプレー"", ""左サイド攻撃"", ""中央攻撃"", ""右サイド攻撃"", ""ショートカウンター"", ""ロングカウンター"", ""敵陣ポゼッション"", ""自陣ポゼッション""]","[""44"", ""40"", ""43"", ""43"", ""40"", ""40"", ""43"", ""45""]"
20260802,20260609,j2,2026,右サイド攻撃.html,右サイド攻撃 (チームスタイル指標),リーグサマリー:2026 J2J3百年構想リーグ 右サイド攻撃 (チームスタイル指標) | データによってサッカーはもっと輝く | Football LAB,右サイド攻撃 (チームスタイル指標),2,琉球,琉球,"[""攻撃セットプレー"", ""左サイド攻撃"", ""中央攻撃"", ""右サイド攻撃"", ""ショートカウンター"", ""ロングカウンター"", ""敵陣ポゼッション"", ""自陣ポゼッション""]","[""43"", ""51"", ""57"", ""39"", ""45"", ""36"", ""47"", ""61""]"
20260802,20260609,j2,2026,右サイド攻撃.html,右サイド攻撃 (チームスタイル指標),リーグサマリー:2026 J2J3百年構想リーグ 右サイド攻撃 (チームスタイル指標) | データによってサッカーはもっと輝く | Football LAB,右サイド攻撃 (チームスタイル指標),2,北九州,北九州,"[""攻撃セットプレー"", ""左サイド攻撃"", ""中央攻撃"", ""右サイド攻撃"", ""ショートカウンター"", ""ロングカウンター"", ""敵陣ポゼッション"", ""自陣ポゼッション""]","[""43"", ""40"", ""51"", ""46"", ""40"", ""36"", ""53"", ""56""]"
20260802,20260609,j2,2026,右サイド攻撃.html,右サイド攻撃 (チームスタイル指標),リーグサマリー:2026 J2J3百年構想リーグ 右サイド攻撃 (チームスタイル指標) | データによってサッカーはもっと輝く | Football LAB,右サイド攻撃 (チームスタイル指標),3,仙台,仙台,"[""攻撃セットプレー"", ""左サイド攻撃"", ""中央攻撃"", ""右サイド攻撃"", ""ショートカウンター"", ""ロングカウンター"", ""敵陣ポゼッション"", ""自陣ポゼッション""]","[""32.0%"", ""8.3%"", ""37.3%"", ""12.8%"", ""14.1%"", ""20.9%"", ""21.2%"", ""9.1%""]"
20260802,20260609,j2,2026,右サイド攻撃.html,右サイド攻撃 (チームスタイル指標),リーグサマリー:2026 J2J3百年構想リーグ 右サイド攻撃 (チームスタイル指標) | データによってサッカーはもっと輝く | Football LAB,右サイド攻撃 (チームスタイル指標),3,秋田,秋田,"[""攻撃セットプレー"", ""左サイド攻撃"", ""中央攻撃"", ""右サイド攻撃"", ""ショートカウンター"", ""ロングカウンター"", ""敵陣ポゼッション"", ""自陣ポゼッション""]","[""27.6%"", ""6.1%"", ""25.1%"", ""6.6%"", ""12.9%"", ""8.8%"", ""13.3%"", ""5.0%""]"
20260802,20260609,j2,2026,右サイド攻撃.html,右サイド攻撃 (チームスタイル指標),リーグサマリー:2026 J2J3百年構想リーグ 右サイド攻撃 (チームスタイル指標) | データによってサッカーはもっと輝く | Football LAB,右サイド攻撃 (チームスタイル指標),3,湘南,湘南,"[""攻撃セットプレー"", ""左サイド攻撃"", ""中央攻撃"", ""右サイド攻撃"", ""ショートカウンター"", ""ロングカウンター"", ""敵陣ポゼッション"", ""自陣ポゼッション""]","[""19.5%"", ""10.8%"", ""30.4%"", ""10.8%"", ""17.0%"", ""14.7%"", ""11.8%"", ""5.5%""]"
20260802,20260609,j2,2026,右サイド攻撃.html,右サイド攻撃 (チームスタイル指標),リーグサマリー:2026 J2J3百年構想リーグ 右サイド攻撃 (チームスタイル指標) | データによってサッカーはもっと輝く | Football LAB,右サイド攻撃 (チームスタイル指標),3,横浜FC,横浜FC,"[""攻撃セットプレー"", ""左サイド攻撃"", ""中央攻撃"", ""右サイド攻撃"", ""ショートカウンター"", ""ロングカウンター"", ""敵陣ポゼッション"", ""自陣ポゼッション""]","[""33.8%"", ""16.1%"", ""37.7%"", ""12.7%"", ""21.0%"", ""20.7%"", ""22.3%"", ""5.9%""]"
20260802,20260609,j2,2026,右サイド攻撃.html,右サイド攻撃 (チームスタイル指標),リーグサマリー:2026 J2J3百年構想リーグ 右サイド攻撃 (チームスタイル指標) | データによってサッカーはもっと輝く | Football LAB,右サイド攻撃 (チームスタイル指標),3,相模原,相模原,"[""攻撃セットプレー"", ""左サイド攻撃"", ""中央攻撃"", ""右サイド攻撃"", ""ショートカウンター"", ""ロングカウンター"", ""敵陣ポゼッション"", ""自陣ポゼッション""]","[""25.5%"", ""11.3%"", ""34.5%"", ""5.4%"", ""16.3%"", ""18.2%"", ""22.2%"", ""4.5%""]"
20260802,20260609,j2,2026,右サイド攻撃.html,右サイド攻撃 (チームスタイル指標),リーグサマリー:2026 J2J3百年構想リーグ 右サイド攻撃 (チームスタイル指標) | データによってサッカーはもっと輝く | Football LAB,右サイド攻撃 (チームスタイル指標),3,群馬,群馬,"[""攻撃セットプレー"", ""左サイド攻撃"", ""中央攻撃"", ""右サイド攻撃"", ""ショートカウンター"", ""ロングカウンター"", ""敵陣ポゼッション"", ""自陣ポゼッション""]","[""22.0%"", ""12.4%"", ""35.5%"", ""17.3%"", ""17.9%"", ""18.8%"", ""31.9%"", ""6.0%""]"
20260802,20260609,j2,2026,右サイド攻撃.html,右サイド攻撃 (チームスタイル指標),リーグサマリー:2026 J2J3百年構想リーグ 右サイド攻撃 (チームスタイル指標) | データによってサッカーはもっと輝く | Football LAB,右サイド攻撃 (チームスタイル指標),3,山形,山形,"[""攻撃セットプレー"", ""左サイド攻撃"", ""中央攻撃"", ""右サイド攻撃"", ""ショートカウンター"", ""ロングカウンター"", ""敵陣ポゼッション"", ""自陣ポゼッション""]","[""25.1%"", ""14.8%"", ""36.0%"", ""15.0%"", ""18.5%"", ""21.5%"", ""22.4%"", ""8.2%""]"
20260802,20260609,j2,2026,右サイド攻撃.html,右サイド攻撃 (チームスタイル指標),リーグサマリー:2026 J2J3百年構想リーグ 右サイド攻撃 (チームスタイル指標) | データによってサッカーはもっと輝く | Football LAB,右サイド攻撃 (チームスタイル指標),3,栃木C,栃木C,"[""攻撃セットプレー"", ""左サイド攻撃"", ""中央攻撃"", ""右サイド攻撃"", ""ショートカウンター"", ""ロングカウンター"", ""敵陣ポゼッション"", ""自陣ポゼッション""]","[""24.8%"", ""13.2%"", ""32.4%"", ""14.3%"", ""20.7%"", ""9.2%"", ""23.4%"", ""7.8%""]"
20260802,20260609,j2,2026,右サイド攻撃.html,右サイド攻撃 (チームスタイル指標),リーグサマリー:2026 J2J3百年構想リーグ 右サイド攻撃 (チームスタイル指標) | データによってサッカーはもっと輝く | Football LAB,右サイド攻撃 (チームスタイル指標),3,八戸,八戸,"[""攻撃セットプレー"", ""左サイド攻撃"", ""中央攻撃"", ""右サイド攻撃"", ""ショートカウンター"", ""ロングカウンター"", ""敵陣ポゼッション"", ""自陣ポゼッション""]","[""23.1%"", ""13.6%"", ""34.4%"", ""6.6%"", ""13.9%"", ""11.6%"", ""34.0%"", ""5.1%""]"
20260802,20260609,j2,2026,右サイド攻撃.html,右サイド攻撃 (チームスタイル指標),リーグサマリー:2026 J2J3百年構想リーグ 右サイド攻撃 (チームスタイル指標) | データによってサッカーはもっと輝く | Football LAB,右サイド攻撃 (チームスタイル指標),3,栃木SC,栃木SC,"[""攻撃セットプレー"", ""左サイド攻撃"", ""中央攻撃"", ""右サイド攻撃"", ""ショートカウンター"", ""ロングカウンター"", ""敵陣ポゼッション"", ""自陣ポゼッション""]","[""19.6%"", ""9.3%"", ""40.4%"", ""12.0%"", ""23.9%"", ""23.5%"", ""23.1%"", ""6.6%""]"
20260802,20260609,j2,2026,右サイド攻撃.html,右サイド攻撃 (チームスタイル指標),リーグサマリー:2026 J2J3百年構想リーグ 右サイド攻撃 (チームスタイル指標) | データによってサッカーはもっと輝く | Football LAB,右サイド攻撃 (チームスタイル指標),3,甲府,甲府,"[""攻撃セットプレー"", ""左サイド攻撃"", ""中央攻撃"", ""右サイド攻撃"", ""ショートカウンター"", ""ロングカウンター"", ""敵陣ポゼッション"", ""自陣ポゼッション""]","[""19.1%"", ""10.1%"", ""31.1%"", ""12.5%"", ""11.4%"", ""13.0%"", ""23.8%"", ""6.3%""]"
20260802,20260609,j2,2026,右サイド攻撃.html,右サイド攻撃 (チームスタイル指標),リーグサマリー:2026 J2J3百年構想リーグ 右サイド攻撃 (チームスタイル指標) | データによってサッカーはもっと輝く | Football LAB,右サイド攻撃 (チームスタイル指標),3,札幌,札幌,"[""攻撃セットプレー"", ""左サイド攻撃"", ""中央攻撃"", ""右サイド攻撃"", ""ショートカウンター"", ""ロングカウンター"", ""敵陣ポゼッション"", ""自陣ポゼッション""]","[""26.6%"", ""12.3%"", ""37.1%"", ""13.0%"", ""16.7%"", ""11.5%"", ""19.3%"", ""4.3%""]"
20260802,20260609,j2,2026,右サイド攻撃.html,右サイド攻撃 (チームスタイル指標),リーグサマリー:2026 J2J3百年構想リーグ 右サイド攻撃 (チームスタイル指標) | データによってサッカーはもっと輝く | Football LAB,右サイド攻撃 (チームスタイル指標),3,いわき,いわき,"[""攻撃セットプレー"", ""左サイド攻撃"", ""中央攻撃"", ""右サイド攻撃"", ""ショートカウンター"", ""ロングカウンター"", ""敵陣ポゼッション"", ""自陣ポゼッション""]","[""30.3%"", ""11.2%"", ""30.4%"", ""13.2%"", ""16.5%"", ""16.1%"", ""30.8%"", ""2.9%""]"
20260802,20260609,j2,2026,右サイド攻撃.html,右サイド攻撃 (チームスタイル指標),リーグサマリー:2026 J2J3百年構想リーグ 右サイド攻撃 (チームスタイル指標) | データによってサッカーはもっと輝く | Football LAB,右サイド攻撃 (チームスタイル指標),3,大宮,大宮,"[""攻撃セットプレー"", ""左サイド攻撃"", ""中央攻撃"", ""右サイド攻撃"", ""ショートカウンター"", ""ロングカウンター"", ""敵陣ポゼッション"", ""自陣ポゼッション""]","[""23.9%"", ""14.7%"", ""38.4%"", ""16.1%"", ""20.6%"", ""20.2%"", ""27.7%"", ""9.0%""]"
20260802,20260609,j2,2026,右サイド攻撃.html,右サイド攻撃 (チームスタイル指標),リーグサマリー:2026 J2J3百年構想リーグ 右サイド攻撃 (チームスタイル指標) | データによってサッカーはもっと輝く | Football LAB,右サイド攻撃 (チームスタイル指標),3,藤枝,藤枝,"[""攻撃セットプレー"", ""左サイド攻撃"", ""中央攻撃"", ""右サイド攻撃"", ""ショートカウンター"", ""ロングカウンター"", ""敵陣ポゼッション"", ""自陣ポゼッション""]","[""21.9%"", ""17.3%"", ""29.1%"", ""14.8%"", ""20.1%"", ""15.7%"", ""26.9%"", ""7.1%""]"
20260802,20260609,j2,2026,右サイド攻撃.html,右サイド攻撃 (チームスタイル指標),リーグサマリー:2026 J2J3百年構想リーグ 右サイド攻撃 (チームスタイル指標) | データによってサッカーはもっと輝く | Football LAB,右サイド攻撃 (チームスタイル指標),3,岐阜,岐阜,"[""攻撃セットプレー"", ""左サイド攻撃"", ""中央攻撃"", ""右サイド攻撃"", ""ショートカウンター"", ""ロングカウンター"", ""敵陣ポゼッション"", ""自陣ポゼッション""]","[""23.9%"", ""15.9%"", ""38.0%"", ""16.7%"", ""21.1%"", ""15.9%"", ""26.5%"", ""3.6%""]"
20260802,20260609,j2,2026,右サイド攻撃.html,右サイド攻撃 (チームスタイル指標),リーグサマリー:2026 J2J3百年構想リーグ 右サイド攻撃 (チームスタイル指標) | データによってサッカーはもっと輝く | Football LAB,右サイド攻撃 (チームスタイル指標),3,松本,松本,"[""攻撃セットプレー"", ""左サイド攻撃"", ""中央攻撃"", ""右サイド攻撃"", ""ショートカウンター"", ""ロングカウンター"", ""敵陣ポゼッション"", ""自陣ポゼッション""]","[""26.8%"", ""14.7%"", ""32.7%"", ""10.5%"", ""20.1%"", ""14.5%"", ""30.8%"", ""5.6%""]"
20260802,20260609,j2,2026,右サイド攻撃.html,右サイド攻撃 (チームスタイル指標),リーグサマリー:2026 J2J3百年構想リーグ 右サイド攻撃 (チームスタイル指標) | データによってサッカーはもっと輝く | Football LAB,右サイド攻撃 (チームスタイル指標),3,磐田,磐田,"[""攻撃セットプレー"", ""左サイド攻撃"", ""中央攻撃"", ""右サイド攻撃"", ""ショートカウンター"", ""ロングカウンター"", ""敵陣ポゼッション"", ""自陣ポゼッション""]","[""27.1%"", ""8.9%"", ""30.3%"", ""9.1%"", ""14.2%"", ""18.3%"", ""12.5%"", ""6.8%""]"
20260802,20260609,j2,2026,右サイド攻撃.html,右サイド攻撃 (チームスタイル指標),リーグサマリー:2026 J2J3百年構想リーグ 右サイド攻撃 (チームスタイル指標) | データによってサッカーはもっと輝く | Football LAB,右サイド攻撃 (チームスタイル指標),3,福島,福島,"[""攻撃セットプレー"", ""左サイド攻撃"", ""中央攻撃"", ""右サイド攻撃"", ""ショートカウンター"", ""ロングカウンター"", ""敵陣ポゼッション"", ""自陣ポゼッション""]","[""22.5%"", ""14.2%"", ""33.8%"", ""12.9%"", ""18.6%"", ""17.6%"", ""25.0%"", ""6.5%""]"
20260802,20260609,j2,2026,右サイド攻撃.html,右サイド攻撃 (チームスタイル指標),リーグサマリー:2026 J2J3百年構想リーグ 右サイド攻撃 (チームスタイル指標) | データによってサッカーはもっと輝く | Football LAB,右サイド攻撃 (チームスタイル指標),3,長野,長野,"[""攻撃セットプレー"", ""左サイド攻撃"", ""中央攻撃"", ""右サイド攻撃"", ""ショートカウンター"", ""ロングカウンター"", ""敵陣ポゼッション"", ""自陣ポゼッション""]","[""24.7%"", ""6.8%"", ""24.5%"", ""6.9%"", ""12.6%"", ""9.8%"", ""14.5%"", ""2.7%""]"
20260802,20260609,j2,2026,右サイド攻撃.html,右サイド攻撃 (チームスタイル指標),リーグサマリー:2026 J2J3百年構想リーグ 右サイド攻撃 (チームスタイル指標) | データによってサッカーはもっと輝く | Football LAB,右サイド攻撃 (チームスタイル指標),3,富山,富山,"[""攻撃セットプレー"", ""左サイド攻撃"", ""中央攻撃"", ""右サイド攻撃"", ""ショートカウンター"", ""ロングカウンター"", ""敵陣ポゼッション"", ""自陣ポゼッション""]","[""27.7%"", ""18.5%"", ""43.8%"", ""17.5%"", ""22.3%"", ""16.5%"", ""36.6%"", ""11.2%""]"
20260802,20260609,j2,2026,右サイド攻撃.html,右サイド攻撃 (チームスタイル指標),リーグサマリー:2026 J2J3百年構想リーグ 右サイド攻撃 (チームスタイル指標) | データによってサッカーはもっと輝く | Football LAB,右サイド攻撃 (チームスタイル指標),3,新潟,新潟,"[""攻撃セットプレー"", ""左サイド攻撃"", ""中央攻撃"", ""右サイド攻撃"", ""ショートカウンター"", ""ロングカウンター"", ""敵陣ポゼッション"", ""自陣ポゼッション""]","[""17.7%"", ""12.0%"", ""36.6%"", ""11.8%"", ""13.8%"", ""16.8%"", ""24.7%"", ""8.7%""]"
20260802,20260609,j2,2026,右サイド攻撃.html,右サイド攻撃 (チームスタイル指標),リーグサマリー:2026 J2J3百年構想リーグ 右サイド攻撃 (チームスタイル指標) | データによってサッカーはもっと輝く | Football LAB,右サイド攻撃 (チームスタイル指標),3,徳島,徳島,"[""攻撃セットプレー"", ""左サイド攻撃"", ""中央攻撃"", ""右サイド攻撃"", ""ショートカウンター"", ""ロングカウンター"", ""敵陣ポゼッション"", ""自陣ポゼッション""]","[""29.1%"", ""10.3%"", ""41.0%"", ""10.4%"", ""15.8%"", ""23.2%"", ""16.7%"", ""9.8%""]"
20260802,20260609,j2,2026,右サイド攻撃.html,右サイド攻撃 (チームスタイル指標),リーグサマリー:2026 J2J3百年構想リーグ 右サイド攻撃 (チームスタイル指標) | データによってサッカーはもっと輝く | Football LAB,右サイド攻撃 (チームスタイル指標),3,高知,高知,"[""攻撃セットプレー"", ""左サイド攻撃"", ""中央攻撃"", ""右サイド攻撃"", ""ショートカウンター"", ""ロングカウンター"", ""敵陣ポゼッション"", ""自陣ポゼッション""]","[""23.6%"", ""14.0%"", ""40.8%"", ""13.8%"", ""20.9%"", ""17.1%"", ""22.1%"", ""5.8%""]"
20260802,20260609,j2,2026,右サイド攻撃.html,右サイド攻撃 (チームスタイル指標),リーグサマリー:2026 J2J3百年構想リーグ 右サイド攻撃 (チームスタイル指標) | データによってサッカーはもっと輝く | Football LAB,右サイド攻撃 (チームスタイル指標),3,愛媛,愛媛,"[""攻撃セットプレー"", ""左サイド攻撃"", ""中央攻撃"", ""右サイド攻撃"", ""ショートカウンター"", ""ロングカウンター"", ""敵陣ポゼッション"", ""自陣ポゼッション""]","[""24.1%"", ""16.1%"", ""37.1%"", ""8.9%"", ""21.6%"", ""15.6%"", ""18.6%"", ""5.1%""]"
20260802,20260609,j2,2026,右サイド攻撃.html,右サイド攻撃 (チームスタイル指標),リーグサマリー:2026 J2J3百年構想リーグ 右サイド攻撃 (チームスタイル指標) | データによってサッカーはもっと輝く | Football LAB,右サイド攻撃 (チームスタイル指標),3,金沢,金沢,"[""攻撃セットプレー"", ""左サイド攻撃"", ""中央攻撃"", ""右サイド攻撃"", ""ショートカウンター"", ""ロングカウンター"", ""敵陣ポゼッション"", ""自陣ポゼッション""]","[""25.2%"", ""14.7%"", ""37.3%"", ""8.2%"", ""18.4%"", ""17.5%"", ""19.3%"", ""7.4%""]"
20260802,20260609,j2,2026,右サイド攻撃.html,右サイド攻撃 (チームスタイル指標),リーグサマリー:2026 J2J3百年構想リーグ 右サイド攻撃 (チームスタイル指標) | データによってサッカーはもっと輝く | Football LAB,右サイド攻撃 (チームスタイル指標),3,奈良,奈良,"[""攻撃セットプレー"", ""左サイド攻撃"", ""中央攻撃"", ""右サイド攻撃"", ""ショートカウンター"", ""ロングカウンター"", ""敵陣ポゼッション"", ""自陣ポゼッション""]","[""21.2%"", ""12.9%"", ""39.2%"", ""17.3%"", ""19.9%"", ""14.3%"", ""19.2%"", ""7.0%""]"
20260802,20260609,j2,2026,右サイド攻撃.html,右サイド攻撃 (チームスタイル指標),リーグサマリー:2026 J2J3百年構想リーグ 右サイド攻撃 (チームスタイル指標) | データによってサッカーはもっと輝く | Football LAB,右サイド攻撃 (チームスタイル指標),3,FC大阪,FC大阪,"[""攻撃セットプレー"", ""左サイド攻撃"", ""中央攻撃"", ""右サイド攻撃"", ""ショートカウンター"", ""ロングカウンター"", ""敵陣ポゼッション"", ""自陣ポゼッション""]","[""27.9%"", ""8.7%"", ""29.9%"", ""13.6%"", ""15.7%"", ""9.1%"", ""21.3%"", ""5.9%""]"
20260802,20260609,j2,2026,右サイド攻撃.html,右サイド攻撃 (チームスタイル指標),リーグサマリー:2026 J2J3百年構想リーグ 右サイド攻撃 (チームスタイル指標) | データによってサッカーはもっと輝く | Football LAB,右サイド攻撃 (チームスタイル指標),3,今治,今治,"[""攻撃セットプレー"", ""左サイド攻撃"", ""中央攻撃"", ""右サイド攻撃"", ""ショートカウンター"", ""ロングカウンター"", ""敵陣ポゼッション"", ""自陣ポゼッション""]","[""25.3%"", ""6.7%"", ""28.4%"", ""8.5%"", ""14.7%"", ""21.1%"", ""14.5%"", ""6.2%""]"
20260802,20260609,j2,2026,右サイド攻撃.html,右サイド攻撃 (チームスタイル指標),リーグサマリー:2026 J2J3百年構想リーグ 右サイド攻撃 (チームスタイル指標) | データによってサッカーはもっと輝く | Football LAB,右サイド攻撃 (チームスタイル指標),3,讃岐,讃岐,"[""攻撃セットプレー"", ""左サイド攻撃"", ""中央攻撃"", ""右サイド攻撃"", ""ショートカウンター"", ""ロングカウンター"", ""敵陣ポゼッション"", ""自陣ポゼッション""]","[""20.2%"", ""11.4%"", ""35.6%"", ""9.5%"", ""18.3%"", ""11.6%"", ""15.8%"", ""7.5%""]"
20260802,20260609,j2,2026,右サイド攻撃.html,右サイド攻撃 (チームスタイル指標),リーグサマリー:2026 J2J3百年構想リーグ 右サイド攻撃 (チームスタイル指標) | データによってサッカーはもっと輝く | Football LAB,右サイド攻撃 (チームスタイル指標),3,宮崎,宮崎,"[""攻撃セットプレー"", ""左サイド攻撃"", ""中央攻撃"", ""右サイド攻撃"", ""ショートカウンター"", ""ロングカウンター"", ""敵陣ポゼッション"", ""自陣ポゼッション""]","[""26.8%"", ""12.0%"", ""39.4%"", ""10.6%"", ""20.3%"", ""14.4%"", ""19.4%"", ""4.1%""]"
20260802,20260609,j2,2026,右サイド攻撃.html,右サイド攻撃 (チームスタイル指標),リーグサマリー:2026 J2J3百年構想リーグ 右サイド攻撃 (チームスタイル指標) | データによってサッカーはもっと輝く | Football LAB,右サイド攻撃 (チームスタイル指標),3,鹿児島,鹿児島,"[""攻撃セットプレー"", ""左サイド攻撃"", ""中央攻撃"", ""右サイド攻撃"", ""ショートカウンター"", ""ロングカウンター"", ""敵陣ポゼッション"", ""自陣ポゼッション""]","[""22.2%"", ""10.6%"", ""36.0%"", ""8.0%"", ""16.0%"", ""9.9%"", ""30.6%"", ""16.7%""]"
20260802,20260609,j2,2026,右サイド攻撃.html,右サイド攻撃 (チームスタイル指標),リーグサマリー:2026 J2J3百年構想リーグ 右サイド攻撃 (チームスタイル指標) | データによってサッカーはもっと輝く | Football LAB,右サイド攻撃 (チームスタイル指標),3,鳥栖,鳥栖,"[""攻撃セットプレー"", ""左サイド攻撃"", ""中央攻撃"", ""右サイド攻撃"", ""ショートカウンター"", ""ロングカウンター"", ""敵陣ポゼッション"", ""自陣ポゼッション""]","[""22.9%"", ""13.7%"", ""41.2%"", ""17.3%"", ""24.8%"", ""11.4%"", ""21.2%"", ""7.8%""]"
20260802,20260609,j2,2026,右サイド攻撃.html,右サイド攻撃 (チームスタイル指標),リーグサマリー:2026 J2J3百年構想リーグ 右サイド攻撃 (チームスタイル指標) | データによってサッカーはもっと輝く | Football LAB,右サイド攻撃 (チームスタイル指標),3,山口,山口,"[""攻撃セットプレー"", ""左サイド攻撃"", ""中央攻撃"", ""右サイド攻撃"", ""ショートカウンター"", ""ロングカウンター"", ""敵陣ポゼッション"", ""自陣ポゼッション""]","[""21.6%"", ""12.9%"", ""40.9%"", ""15.9%"", ""20.8%"", ""15.5%"", ""28.9%"", ""8.3%""]"
20260802,20260609,j2,2026,右サイド攻撃.html,右サイド攻撃 (チームスタイル指標),リーグサマリー:2026 J2J3百年構想リーグ 右サイド攻撃 (チームスタイル指標) | データによってサッカーはもっと輝く | Football LAB,右サイド攻撃 (チームスタイル指標),3,熊本,熊本,"[""攻撃セットプレー"", ""左サイド攻撃"", ""中央攻撃"", ""右サイド攻撃"", ""ショートカウンター"", ""ロングカウンター"", ""敵陣ポゼッション"", ""自陣ポゼッション""]","[""18.6%"", ""14.0%"", ""41.7%"", ""12.7%"", ""17.8%"", ""14.1%"", ""24.8%"", ""7.1%""]"
20260802,20260609,j2,2026,右サイド攻撃.html,右サイド攻撃 (チームスタイル指標),リーグサマリー:2026 J2J3百年構想リーグ 右サイド攻撃 (チームスタイル指標) | データによってサッカーはもっと輝く | Football LAB,右サイド攻撃 (チームスタイル指標),3,鳥取,鳥取,"[""攻撃セットプレー"", ""左サイド攻撃"", ""中央攻撃"", ""右サイド攻撃"", ""ショートカウンター"", ""ロングカウンター"", ""敵陣ポゼッション"", ""自陣ポゼッション""]","[""20.7%"", ""11.2%"", ""33.7%"", ""12.7%"", ""18.8%"", ""8.9%"", ""18.4%"", ""6.7%""]"
20260802,20260609,j2,2026,右サイド攻撃.html,右サイド攻撃 (チームスタイル指標),リーグサマリー:2026 J2J3百年構想リーグ 右サイド攻撃 (チームスタイル指標) | データによってサッカーはもっと輝く | Football LAB,右サイド攻撃 (チームスタイル指標),3,大分,大分,"[""攻撃セットプレー"", ""左サイド攻撃"", ""中央攻撃"", ""右サイド攻撃"", ""ショートカウンター"", ""ロングカウンター"", ""敵陣ポゼッション"", ""自陣ポゼッション""]","[""23.7%"", ""14.4%"", ""33.3%"", ""13.0%"", ""19.3%"", ""12.7%"", ""28.6%"", ""6.5%""]"
20260802,20260609,j2,2026,右サイド攻撃.html,右サイド攻撃 (チームスタイル指標),リーグサマリー:2026 J2J3百年構想リーグ 右サイド攻撃 (チームスタイル指標) | データによってサッカーはもっと輝く | Football LAB,右サイド攻撃 (チームスタイル指標),3,滋賀,滋賀,"[""攻撃セットプレー"", ""左サイド攻撃"", ""中央攻撃"", ""右サイド攻撃"", ""ショートカウンター"", ""ロングカウンター"", ""敵陣ポゼッション"", ""自陣ポゼッション""]","[""27.9%"", ""6.3%"", ""36.5%"", ""8.5%"", ""19.5%"", ""8.6%"", ""10.6%"", ""5.2%""]"
20260802,20260609,j2,2026,右サイド攻撃.html,右サイド攻撃 (チームスタイル指標),リーグサマリー:2026 J2J3百年構想リーグ 右サイド攻撃 (チームスタイル指標) | データによってサッカーはもっと輝く | Football LAB,右サイド攻撃 (チームスタイル指標),3,琉球,琉球,"[""攻撃セットプレー"", ""左サイド攻撃"", ""中央攻撃"", ""右サイド攻撃"", ""ショートカウンター"", ""ロングカウンター"", ""敵陣ポゼッション"", ""自陣ポゼッション""]","[""24.0%"", ""11.2%"", ""35.4%"", ""10.5%"", ""20.2%"", ""10.5%"", ""22.4%"", ""7.7%""]"
20260802,20260609,j2,2026,右サイド攻撃.html,右サイド攻撃 (チームスタイル指標),リーグサマリー:2026 J2J3百年構想リーグ 右サイド攻撃 (チームスタイル指標) | データによってサッカーはもっと輝く | Football LAB,右サイド攻撃 (チームスタイル指標),3,北九州,北九州,"[""攻撃セットプレー"", ""左サイド攻撃"", ""中央攻撃"", ""右サイド攻撃"", ""ショートカウンター"", ""ロングカウンター"", ""敵陣ポゼッション"", ""自陣ポゼッション""]","[""23.7%"", ""11.9%"", ""32.6%"", ""11.7%"", ""18.9%"", ""19.7%"", ""18.1%"", ""3.8%""]"
20260802,20260609,j2,,奪取.html,リーグサマリー:2026特別 J2J3百年構想リーグ チャンスビルディングポイント 奪取ポイント ランキング | データによってサッカーはもっと輝く | Football LAB,リーグサマリー:2026特別 J2J3百年構想リーグ チャンスビルディングポイント 奪取ポイント ランキング | データによってサッカーはもっと輝く | Football LAB,リーグサマリー:2026特別 J2J3百年構想リーグ チャンスビルディングポイント 奪取ポイント ランキング | データによってサッカーはもっと輝く | Football LAB,1,松本,松本,"[""奪取ポイント"", ""試合平均"", ""最近5試合"", ""順位"", ""勝点"", ""得点"", ""失点""]","[""2,074.70"", ""103.74"", ""482.77"", ""7"", ""26"", ""31"", ""21""]"
20260802,20260609,j2,,奪取.html,リーグサマリー:2026特別 J2J3百年構想リーグ チャンスビルディングポイント 奪取ポイント ランキング | データによってサッカーはもっと輝く | Football LAB,リーグサマリー:2026特別 J2J3百年構想リーグ チャンスビルディングポイント 奪取ポイント ランキング | データによってサッカーはもっと輝く | Football LAB,リーグサマリー:2026特別 J2J3百年構想リーグ チャンスビルディングポイント 奪取ポイント ランキング | データによってサッカーはもっと輝く | Football LAB,1,八戸,八戸,"[""奪取ポイント"", ""試合平均"", ""最近5試合"", ""順位"", ""勝点"", ""得点"", ""失点""]","[""1,963.60"", ""98.18"", ""530.82"", ""9"", ""20"", ""15"", ""19""]"
20260802,20260609,j2,,奪取.html,リーグサマリー:2026特別 J2J3百年構想リーグ チャンスビルディングポイント 奪取ポイント ランキング | データによってサッカーはもっと輝く | Football LAB,リーグサマリー:2026特別 J2J3百年構想リーグ チャンスビルディングポイント 奪取ポイント ランキング | データによってサッカーはもっと輝く | Football LAB,リーグサマリー:2026特別 J2J3百年構想リーグ チャンスビルディングポイント 奪取ポイント ランキング | データによってサッカーはもっと輝く | Football LAB,1,甲府,甲府,"[""奪取ポイント"", ""試合平均"", ""最近5試合"", ""順位"", ""勝点"", ""得点"", ""失点""]","[""1,937.05"", ""96.85"", ""418.64"", ""1"", ""35"", ""21"", ""13""]"
20260802,20260609,j2,,奪取.html,リーグサマリー:2026特別 J2J3百年構想リーグ チャンスビルディングポイント 奪取ポイント ランキング | データによってサッカーはもっと輝く | Football LAB,リーグサマリー:2026特別 J2J3百年構想リーグ チャンスビルディングポイント 奪取ポイント ランキング | データによってサッカーはもっと輝く | Football LAB,リーグサマリー:2026特別 J2J3百年構想リーグ チャンスビルディングポイント 奪取ポイント ランキング | データによってサッカーはもっと輝く | Football LAB,1,秋田,秋田,"[""奪取ポイント"", ""試合平均"", ""最近5試合"", ""順位"", ""勝点"", ""得点"", ""失点""]","[""1,919.03"", ""95.95"", ""538.42"", ""2"", ""35"", ""23"", ""14""]"
20260802,20260609,j2,,奪取.html,リーグサマリー:2026特別 J2J3百年構想リーグ チャンスビルディングポイント 奪取ポイント ランキング | データによってサッカーはもっと輝く | Football LAB,リーグサマリー:2026特別 J2J3百年構想リーグ チャンスビルディングポイント 奪取ポイント ランキング | データによってサッカーはもっと輝く | Football LAB,リーグサマリー:2026特別 J2J3百年構想リーグ チャンスビルディングポイント 奪取ポイント ランキング | データによってサッカーはもっと輝く | Football LAB,1,大宮,大宮,"[""奪取ポイント"", ""試合平均"", ""最近5試合"", ""順位"", ""勝点"", ""得点"", ""失点""]","[""1,888.57"", ""94.43"", ""369.29"", ""4"", ""30"", ""38"", ""28""]"
20260802,20260609,j2,,奪取.html,リーグサマリー:2026特別 J2J3百年構想リーグ チャンスビルディングポイント 奪取ポイント ランキング | データによってサッカーはもっと輝く | Football LAB,リーグサマリー:2026特別 J2J3百年構想リーグ チャンスビルディングポイント 奪取ポイント ランキング | データによってサッカーはもっと輝く | Football LAB,リーグサマリー:2026特別 J2J3百年構想リーグ チャンスビルディングポイント 奪取ポイント ランキング | データによってサッカーはもっと輝く | Football LAB,1,鹿児島,鹿児島,"[""奪取ポイント"", ""試合平均"", ""最近5試合"", ""順位"", ""勝点"", ""得点"", ""失点""]","[""1,888.43"", ""94.42"", ""480.11"", ""2"", ""33"", ""23"", ""15""]"
20260802,20260609,j2,,奪取.html,リーグサマリー:2026特別 J2J3百年構想リーグ チャンスビルディングポイント 奪取ポイント ランキング | データによってサッカーはもっと輝く | Football LAB,リーグサマリー:2026特別 J2J3百年構想リーグ チャンスビルディングポイント 奪取ポイント ランキング | データによってサッカーはもっと輝く | Football LAB,リーグサマリー:2026特別 J2J3百年構想リーグ チャンスビルディングポイント 奪取ポイント ランキング | データによってサッカーはもっと輝く | Football LAB,1,富山,富山,"[""奪取ポイント"", ""試合平均"", ""最近5試合"", ""順位"", ""勝点"", ""得点"", ""失点""]","[""1,870.44"", ""93.52"", ""478.35"", ""1"", ""38"", ""37"", ""24""]"
20260802,20260609,j2,,奪取.html,リーグサマリー:2026特別 J2J3百年構想リーグ チャンスビルディングポイント 奪取ポイント ランキング | データによってサッカーはもっと輝く | Football LAB,リーグサマリー:2026特別 J2J3百年構想リーグ チャンスビルディングポイント 奪取ポイント ランキング | データによってサッカーはもっと輝く | Football LAB,リーグサマリー:2026特別 J2J3百年構想リーグ チャンスビルディングポイント 奪取ポイント ランキング | データによってサッカーはもっと輝く | Football LAB,1,愛媛,愛媛,"[""奪取ポイント"", ""試合平均"", ""最近5試合"", ""順位"", ""勝点"", ""得点"", ""失点""]","[""1,863.42"", ""93.17"", ""511.59"", ""5"", ""28"", ""25"", ""18""]"
20260802,20260609,j2,,奪取.html,リーグサマリー:2026特別 J2J3百年構想リーグ チャンスビルディングポイント 奪取ポイント ランキング | データによってサッカーはもっと輝く | Football LAB,リーグサマリー:2026特別 J2J3百年構想リーグ チャンスビルディングポイント 奪取ポイント ランキング | データによってサッカーはもっと輝く | Football LAB,リーグサマリー:2026特別 J2J3百年構想リーグ チャンスビルディングポイント 奪取ポイント ランキング | データによってサッカーはもっと輝く | Football LAB,1,いわき,いわき,"[""奪取ポイント"", ""試合平均"", ""最近5試合"", ""順位"", ""勝点"", ""得点"", ""失点""]","[""1,863.30"", ""93.17"", ""445.49"", ""3"", ""31"", ""22"", ""18""]"
20260802,20260609,j2,,奪取.html,リーグサマリー:2026特別 J2J3百年構想リーグ チャンスビルディングポイント 奪取ポイント ランキング | データによってサッカーはもっと輝く | Football LAB,リーグサマリー:2026特別 J2J3百年構想リーグ チャンスビルディングポイント 奪取ポイント ランキング | データによってサッカーはもっと輝く | Football LAB,リーグサマリー:2026特別 J2J3百年構想リーグ チャンスビルディングポイント 奪取ポイント ランキング | データによってサッカーはもっと輝く | Football LAB,1,熊本,熊本,"[""奪取ポイント"", ""試合平均"", ""最近5試合"", ""順位"", ""勝点"", ""得点"", ""失点""]","[""1,862.79"", ""93.14"", ""389.33"", ""5"", ""27"", ""20"", ""20""]"
20260802,20260609,j2,,奪取.html,リーグサマリー:2026特別 J2J3百年構想リーグ チャンスビルディングポイント 奪取ポイント ランキング | データによってサッカーはもっと輝く | Football LAB,リーグサマリー:2026特別 J2J3百年構想リーグ チャンスビルディングポイント 奪取ポイント ランキング | データによってサッカーはもっと輝く | Football LAB,リーグサマリー:2026特別 J2J3百年構想リーグ チャンスビルディングポイント 奪取ポイント ランキング | データによってサッカーはもっと輝く | Football LAB,1,FC大阪,FC大阪,"[""奪取ポイント"", ""試合平均"", ""最近5試合"", ""順位"", ""勝点"", ""得点"", ""失点""]","[""1,861.36"", ""93.07"", ""473.76"", ""8"", ""20"", ""15"", ""18""]"
20260802,20260609,j2,,奪取.html,リーグサマリー:2026特別 J2J3百年構想リーグ チャンスビルディングポイント 奪取ポイント ランキング | データによってサッカーはもっと輝く | Football LAB,リーグサマリー:2026特別 J2J3百年構想リーグ チャンスビルディングポイント 奪取ポイント ランキング | データによってサッカーはもっと輝く | Football LAB,リーグサマリー:2026特別 J2J3百年構想リーグ チャンスビルディングポイント 奪取ポイント ランキング | データによってサッカーはもっと輝く | Football LAB,1,讃岐,讃岐,"[""奪取ポイント"", ""試合平均"", ""最近5試合"", ""順位"", ""勝点"", ""得点"", ""失点""]","[""1,856.88"", ""92.84"", ""488.06"", ""10"", ""19"", ""14"", ""32""]"
20260802,20260609,j2,,奪取.html,リーグサマリー:2026特別 J2J3百年構想リーグ チャンスビルディングポイント 奪取ポイント ランキング | データによってサッカーはもっと輝く | Football LAB,リーグサマリー:2026特別 J2J3百年構想リーグ チャンスビルディングポイント 奪取ポイント ランキング | データによってサッカーはもっと輝く | Football LAB,リーグサマリー:2026特別 J2J3百年構想リーグ チャンスビルディングポイント 奪取ポイント ランキング | データによってサッカーはもっと輝く | Football LAB,1,藤枝,藤枝,"[""奪取ポイント"", ""試合平均"", ""最近5試合"", ""順位"", ""勝点"", ""得点"", ""失点""]","[""1,840.57"", ""92.03"", ""502.14"", ""5"", ""30"", ""21"", ""17""]"
20260802,20260609,j2,,奪取.html,リーグサマリー:2026特別 J2J3百年構想リーグ チャンスビルディングポイント 奪取ポイント ランキング | データによってサッカーはもっと輝く | Football LAB,リーグサマリー:2026特別 J2J3百年構想リーグ チャンスビルディングポイント 奪取ポイント ランキング | データによってサッカーはもっと輝く | Football LAB,リーグサマリー:2026特別 J2J3百年構想リーグ チャンスビルディングポイント 奪取ポイント ランキング | データによってサッカーはもっと輝く | Football LAB,1,今治,今治,"[""奪取ポイント"", ""試合平均"", ""最近5試合"", ""順位"", ""勝点"", ""得点"", ""失点""]","[""1,815.59"", ""90.78"", ""493.47"", ""9"", ""20"", ""14"", ""18""]"
20260802,20260609,j2,,奪取.html,リーグサマリー:2026特別 J2J3百年構想リーグ チャンスビルディングポイント 奪取ポイント ランキング | データによってサッカーはもっと輝く | Football LAB,リーグサマリー:2026特別 J2J3百年構想リーグ チャンスビルディングポイント 奪取ポイント ランキング | データによってサッカーはもっと輝く | Football LAB,リーグサマリー:2026特別 J2J3百年構想リーグ チャンスビルディングポイント 奪取ポイント ランキング | データによってサッカーはもっと輝く | Football LAB,1,札幌,札幌,"[""奪取ポイント"", ""試合平均"", ""最近5試合"", ""順位"", ""勝点"", ""得点"", ""失点""]","[""1,809.40"", ""90.47"", ""484.09"", ""2"", ""31"", ""26"", ""22""]"
20260802,20260609,j2,,奪取.html,リーグサマリー:2026特別 J2J3百年構想リーグ チャンスビルディングポイント 奪取ポイント ランキング | データによってサッカーはもっと輝く | Football LAB,リーグサマリー:2026特別 J2J3百年構想リーグ チャンスビルディングポイント 奪取ポイント ランキング | データによってサッカーはもっと輝く | Football LAB,リーグサマリー:2026特別 J2J3百年構想リーグ チャンスビルディングポイント 奪取ポイント ランキング | データによってサッカーはもっと輝く | Football LAB,1,金沢,金沢,"[""奪取ポイント"", ""試合平均"", ""最近5試合"", ""順位"", ""勝点"", ""得点"", ""失点""]","[""1,799.56"", ""89.98"", ""449.08"", ""6"", ""27"", ""15"", ""21""]"
20260802,20260609,j2,,奪取.html,リーグサマリー:2026特別 J2J3百年構想リーグ チャンスビルディングポイント 奪取ポイント ランキング | データによってサッカーはもっと輝く | Football LAB,リーグサマリー:2026特別 J2J3百年構想リーグ チャンスビルディングポイント 奪取ポイント ランキング | データによってサッカーはもっと輝く | Football LAB,リーグサマリー:2026特別 J2J3百年構想リーグ チャンスビルディングポイント 奪取ポイント ランキング | データによってサッカーはもっと輝く | Football LAB,1,新潟,新潟,"[""奪取ポイント"", ""試合平均"", ""最近5試合"", ""順位"", ""勝点"", ""得点"", ""失点""]","[""1,796.04"", ""89.80"", ""480.69"", ""2"", ""35"", ""21"", ""17""]"
20260802,20260609,j2,,奪取.html,リーグサマリー:2026特別 J2J3百年構想リーグ チャンスビルディングポイント 奪取ポイント ランキング | データによってサッカーはもっと輝く | Football LAB,リーグサマリー:2026特別 J2J3百年構想リーグ チャンスビルディングポイント 奪取ポイント ランキング | データによってサッカーはもっと輝く | Football LAB,リーグサマリー:2026特別 J2J3百年構想リーグ チャンスビルディングポイント 奪取ポイント ランキング | データによってサッカーはもっと輝く | Football LAB,1,栃木SC,栃木SC,"[""奪取ポイント"", ""試合平均"", ""最近5試合"", ""順位"", ""勝点"", ""得点"", ""失点""]","[""1,795.93"", ""89.80"", ""427.57"", ""10"", ""18"", ""23"", ""28""]"
20260802,20260609,j2,,奪取.html,リーグサマリー:2026特別 J2J3百年構想リーグ チャンスビルディングポイント 奪取ポイント ランキング | データによってサッカーはもっと輝く | Football LAB,リーグサマリー:2026特別 J2J3百年構想リーグ チャンスビルディングポイント 奪取ポイント ランキング | データによってサッカーはもっと輝く | Football LAB,リーグサマリー:2026特別 J2J3百年構想リーグ チャンスビルディングポイント 奪取ポイント ランキング | データによってサッカーはもっと輝く | Football LAB,1,磐田,磐田,"[""奪取ポイント"", ""試合平均"", ""最近5試合"", ""順位"", ""勝点"", ""得点"", ""失点""]","[""1,766.37"", ""88.32"", ""479.45"", ""8"", ""25"", ""16"", ""23""]"
20260802,20260609,j2,,奪取.html,リーグサマリー:2026特別 J2J3百年構想リーグ チャンスビルディングポイント 奪取ポイント ランキング | データによってサッカーはもっと輝く | Football LAB,リーグサマリー:2026特別 J2J3百年構想リーグ チャンスビルディングポイント 奪取ポイント ランキング | データによってサッカーはもっと輝く | Football LAB,リーグサマリー:2026特別 J2J3百年構想リーグ チャンスビルディングポイント 奪取ポイント ランキング | データによってサッカーはもっと輝く | Football LAB,1,湘南,湘南,"[""奪取ポイント"", ""試合平均"", ""最近5試合"", ""順位"", ""勝点"", ""得点"", ""失点""]","[""1,762.03"", ""88.10"", ""403.46"", ""3"", ""31"", ""25"", ""19""]"
20260802,20260609,j2,,奪取.html,リーグサマリー:2026特別 J2J3百年構想リーグ チャンスビルディングポイント 奪取ポイント ランキング | データによってサッカーはもっと輝く | Football LAB,リーグサマリー:2026特別 J2J3百年構想リーグ チャンスビルディングポイント 奪取ポイント ランキング | データによってサッカーはもっと輝く | Football LAB,リーグサマリー:2026特別 J2J3百年構想リーグ チャンスビルディングポイント 奪取ポイント ランキング | データによってサッカーはもっと輝く | Football LAB,1,福島,福島,"[""奪取ポイント"", ""試合平均"", ""最近5試合"", ""順位"", ""勝点"", ""得点"", ""失点""]","[""1,757.62"", ""87.88"", ""467.33"", ""9"", ""18"", ""28"", ""41""]"
20260802,20260609,j2,,奪取.html,リーグサマリー:2026特別 J2J3百年構想リーグ チャンスビルディングポイント 奪取ポイント ランキング | データによってサッカーはもっと輝く | Football LAB,リーグサマリー:2026特別 J2J3百年構想リーグ チャンスビルディングポイント 奪取ポイント ランキング | データによってサッカーはもっと輝く | Football LAB,リーグサマリー:2026特別 J2J3百年構想リーグ チャンスビルディングポイント 奪取ポイント ランキング | データによってサッカーはもっと輝く | Football LAB,1,岐阜,岐阜,"[""奪取ポイント"", ""試合平均"", ""最近5試合"", ""順位"", ""勝点"", ""得点"", ""失点""]","[""1,751.23"", ""87.56"", ""416.08"", ""6"", ""28"", ""24"", ""26""]"
20260802,20260609,j2,,奪取.html,リーグサマリー:2026特別 J2J3百年構想リーグ チャンスビルディングポイント 奪取ポイント ランキング | データによってサッカーはもっと輝く | Football LAB,リーグサマリー:2026特別 J2J3百年構想リーグ チャンスビルディングポイント 奪取ポイント ランキング | データによってサッカーはもっと輝く | Football LAB,リーグサマリー:2026特別 J2J3百年構想リーグ チャンスビルディングポイント 奪取ポイント ランキング | データによってサッカーはもっと輝く | Football LAB,1,長野,長野,"[""奪取ポイント"", ""試合平均"", ""最近5試合"", ""順位"", ""勝点"", ""得点"", ""失点""]","[""1,749.97"", ""87.50"", ""502.31"", ""10"", ""16"", ""15"", ""33""]"
20260802,20260609,j2,,奪取.html,リーグサマリー:2026特別 J2J3百年構想リーグ チャンスビルディングポイント 奪取ポイント ランキング | データによってサッカーはもっと輝く | Football LAB,リーグサマリー:2026特別 J2J3百年構想リーグ チャンスビルディングポイント 奪取ポイント ランキング | データによってサッカーはもっと輝く | Football LAB,リーグサマリー:2026特別 J2J3百年構想リーグ チャンスビルディングポイント 奪取ポイント ランキング | データによってサッカーはもっと輝く | Football LAB,1,相模原,相模原,"[""奪取ポイント"", ""試合平均"", ""最近5試合"", ""順位"", ""勝点"", ""得点"", ""失点""]","[""1,747.58"", ""87.38"", ""431.73"", ""5"", ""28"", ""31"", ""33""]"
20260802,20260609,j2,,奪取.html,リーグサマリー:2026特別 J2J3百年構想リーグ チャンスビルディングポイント 奪取ポイント ランキング | データによってサッカーはもっと輝く | Football LAB,リーグサマリー:2026特別 J2J3百年構想リーグ チャンスビルディングポイント 奪取ポイント ランキング | データによってサッカーはもっと輝く | Football LAB,リーグサマリー:2026特別 J2J3百年構想リーグ チャンスビルディングポイント 奪取ポイント ランキング | データによってサッカーはもっと輝く | Football LAB,1,仙台,仙台,"[""奪取ポイント"", ""試合平均"", ""最近5試合"", ""順位"", ""勝点"", ""得点"", ""失点""]","[""1,747.01"", ""87.35"", ""462.11"", ""1"", ""43"", ""32"", ""15""]"
20260802,20260609,j2,,奪取.html,リーグサマリー:2026特別 J2J3百年構想リーグ チャンスビルディングポイント 奪取ポイント ランキング | データによってサッカーはもっと輝く | Football LAB,リーグサマリー:2026特別 J2J3百年構想リーグ チャンスビルディングポイント 奪取ポイント ランキング | データによってサッカーはもっと輝く | Football LAB,リーグサマリー:2026特別 J2J3百年構想リーグ チャンスビルディングポイント 奪取ポイント ランキング | データによってサッカーはもっと輝く | Football LAB,1,高知,高知,"[""奪取ポイント"", ""試合平均"", ""最近5試合"", ""順位"", ""勝点"", ""得点"", ""失点""]","[""1,746.49"", ""87.32"", ""455.32"", ""4"", ""30"", ""23"", ""21""]"
20260802,20260609,j2,,奪取.html,リーグサマリー:2026特別 J2J3百年構想リーグ チャンスビルディングポイント 奪取ポイント ランキング | データによってサッカーはもっと輝く | Football LAB,リーグサマリー:2026特別 J2J3百年構想リーグ チャンスビルディングポイント 奪取ポイント ランキング | データによってサッカーはもっと輝く | Football LAB,リーグサマリー:2026特別 J2J3百年構想リーグ チャンスビルディングポイント 奪取ポイント ランキング | データによってサッカーはもっと輝く | Football LAB,1,琉球,琉球,"[""奪取ポイント"", ""試合平均"", ""最近5試合"", ""順位"", ""勝点"", ""得点"", ""失点""]","[""1,741.70"", ""87.08"", ""473.71"", ""9"", ""17"", ""13"", ""25""]"
20260802,20260609,j2,,奪取.html,リーグサマリー:2026特別 J2J3百年構想リーグ チャンスビルディングポイント 奪取ポイント ランキング | データによってサッカーはもっと輝く | Football LAB,リーグサマリー:2026特別 J2J3百年構想リーグ チャンスビルディングポイント 奪取ポイント ランキング | データによってサッカーはもっと輝く | Football LAB,リーグサマリー:2026特別 J2J3百年構想リーグ チャンスビルディングポイント 奪取ポイント ランキング | データによってサッカーはもっと輝く | Football LAB,1,鳥取,鳥取,"[""奪取ポイント"", ""試合平均"", ""最近5試合"", ""順位"", ""勝点"", ""得点"", ""失点""]","[""1,670.76"", ""83.54"", ""450.12"", ""6"", ""27"", ""20"", ""24""]"
20260802,20260609,j2,,奪取.html,リーグサマリー:2026特別 J2J3百年構想リーグ チャンスビルディングポイント 奪取ポイント ランキング | データによってサッカーはもっと輝く | Football LAB,リーグサマリー:2026特別 J2J3百年構想リーグ チャンスビルディングポイント 奪取ポイント ランキング | データによってサッカーはもっと輝く | Football LAB,リーグサマリー:2026特別 J2J3百年構想リーグ チャンスビルディングポイント 奪取ポイント ランキング | データによってサッカーはもっと輝く | Football LAB,1,山口,山口,"[""奪取ポイント"", ""試合平均"", ""最近5試合"", ""順位"", ""勝点"", ""得点"", ""失点""]","[""1,663.25"", ""83.16"", ""373.01"", ""4"", ""29"", ""24"", ""22""]"
20260802,20260609,j2,,奪取.html,リーグサマリー:2026特別 J2J3百年構想リーグ チャンスビルディングポイント 奪取ポイント ランキング | データによってサッカーはもっと輝く | Football LAB,リーグサマリー:2026特別 J2J3百年構想リーグ チャンスビルディングポイント 奪取ポイント ランキング | データによってサッカーはもっと輝く | Football LAB,リーグサマリー:2026特別 J2J3百年構想リーグ チャンスビルディングポイント 奪取ポイント ランキング | データによってサッカーはもっと輝く | Football LAB,1,宮崎,宮崎,"[""奪取ポイント"", ""試合平均"", ""最近5試合"", ""順位"", ""勝点"", ""得点"", ""失点""]","[""1,645.05"", ""82.25"", ""350.80"", ""1"", ""47"", ""35"", ""11""]"
20260802,20260609,j2,,奪取.html,リーグサマリー:2026特別 J2J3百年構想リーグ チャンスビルディングポイント 奪取ポイント ランキング | データによってサッカーはもっと輝く | Football LAB,リーグサマリー:2026特別 J2J3百年構想リーグ チャンスビルディングポイント 奪取ポイント ランキング | データによってサッカーはもっと輝く | Football LAB,リーグサマリー:2026特別 J2J3百年構想リーグ チャンスビルディングポイント 奪取ポイント ランキング | データによってサッカーはもっと輝く | Football LAB,1,栃木C,栃木C,"[""奪取ポイント"", ""試合平均"", ""最近5試合"", ""順位"", ""勝点"", ""得点"", ""失点""]","[""1,639.61"", ""81.98"", ""441.60"", ""8"", ""21"", ""20"", ""33""]"
20260802,20260609,j2,,奪取.html,リーグサマリー:2026特別 J2J3百年構想リーグ チャンスビルディングポイント 奪取ポイント ランキング | データによってサッカーはもっと輝く | Football LAB,リーグサマリー:2026特別 J2J3百年構想リーグ チャンスビルディングポイント 奪取ポイント ランキング | データによってサッカーはもっと輝く | Football LAB,リーグサマリー:2026特別 J2J3百年構想リーグ チャンスビルディングポイント 奪取ポイント ランキング | データによってサッカーはもっと輝く | Football LAB,1,大分,大分,"[""奪取ポイント"", ""試合平均"", ""最近5試合"", ""順位"", ""勝点"", ""得点"", ""失点""]","[""1,638.76"", ""81.94"", ""369.68"", ""7"", ""22"", ""18"", ""18""]"
20260802,20260609,j2,,奪取.html,リーグサマリー:2026特別 J2J3百年構想リーグ チャンスビルディングポイント 奪取ポイント ランキング | データによってサッカーはもっと輝く | Football LAB,リーグサマリー:2026特別 J2J3百年構想リーグ チャンスビルディングポイント 奪取ポイント ランキング | データによってサッカーはもっと輝く | Football LAB,リーグサマリー:2026特別 J2J3百年構想リーグ チャンスビルディングポイント 奪取ポイント ランキング | データによってサッカーはもっと輝く | Football LAB,1,横浜FC,横浜FC,"[""奪取ポイント"", ""試合平均"", ""最近5試合"", ""順位"", ""勝点"", ""得点"", ""失点""]","[""1,633.20"", ""81.66"", ""401.30"", ""4"", ""29"", ""34"", ""27""]"
20260802,20260609,j2,,奪取.html,リーグサマリー:2026特別 J2J3百年構想リーグ チャンスビルディングポイント 奪取ポイント ランキング | データによってサッカーはもっと輝く | Football LAB,リーグサマリー:2026特別 J2J3百年構想リーグ チャンスビルディングポイント 奪取ポイント ランキング | データによってサッカーはもっと輝く | Football LAB,リーグサマリー:2026特別 J2J3百年構想リーグ チャンスビルディングポイント 奪取ポイント ランキング | データによってサッカーはもっと輝く | Football LAB,1,徳島,徳島,"[""奪取ポイント"", ""試合平均"", ""最近5試合"", ""順位"", ""勝点"", ""得点"", ""失点""]","[""1,631.30"", ""81.57"", ""399.27"", ""3"", ""32"", ""36"", ""22""]"
20260802,20260609,j2,,奪取.html,リーグサマリー:2026特別 J2J3百年構想リーグ チャンスビルディングポイント 奪取ポイント ランキング | データによってサッカーはもっと輝く | Football LAB,リーグサマリー:2026特別 J2J3百年構想リーグ チャンスビルディングポイント 奪取ポイント ランキング | データによってサッカーはもっと輝く | Football LAB,リーグサマリー:2026特別 J2J3百年構想リーグ チャンスビルディングポイント 奪取ポイント ランキング | データによってサッカーはもっと輝く | Football LAB,1,滋賀,滋賀,"[""奪取ポイント"", ""試合平均"", ""最近5試合"", ""順位"", ""勝点"", ""得点"", ""失点""]","[""1,627.82"", ""81.39"", ""382.68"", ""8"", ""21"", ""15"", ""28""]"
20260802,20260609,j2,,奪取.html,リーグサマリー:2026特別 J2J3百年構想リーグ チャンスビルディングポイント 奪取ポイント ランキング | データによってサッカーはもっと輝く | Football LAB,リーグサマリー:2026特別 J2J3百年構想リーグ チャンスビルディングポイント 奪取ポイント ランキング | データによってサッカーはもっと輝く | Football LAB,リーグサマリー:2026特別 J2J3百年構想リーグ チャンスビルディングポイント 奪取ポイント ランキング | データによってサッカーはもっと輝く | Football LAB,1,北九州,北九州,"[""奪取ポイント"", ""試合平均"", ""最近5試合"", ""順位"", ""勝点"", ""得点"", ""失点""]","[""1,563.17"", ""78.16"", ""356.89"", ""10"", ""15"", ""17"", ""32""]"
20260802,20260609,j2,,奪取.html,リーグサマリー:2026特別 J2J3百年構想リーグ チャンスビルディングポイント 奪取ポイント ランキング | データによってサッカーはもっと輝く | Football LAB,リーグサマリー:2026特別 J2J3百年構想リーグ チャンスビルディングポイント 奪取ポイント ランキング | データによってサッカーはもっと輝く | Football LAB,リーグサマリー:2026特別 J2J3百年構想リーグ チャンスビルディングポイント 奪取ポイント ランキング | データによってサッカーはもっと輝く | Football LAB,1,鳥栖,鳥栖,"[""奪取ポイント"", ""試合平均"", ""最近5試合"", ""順位"", ""勝点"", ""得点"", ""失点""]","[""1,547.46"", ""77.37"", ""342.81"", ""3"", ""32"", ""24"", ""14""]"
20260802,20260609,j2,,奪取.html,リーグサマリー:2026特別 J2J3百年構想リーグ チャンスビルディングポイント 奪取ポイント ランキング | データによってサッカーはもっと輝く | Football LAB,リーグサマリー:2026特別 J2J3百年構想リーグ チャンスビルディングポイント 奪取ポイント ランキング | データによってサッカーはもっと輝く | Football LAB,リーグサマリー:2026特別 J2J3百年構想リーグ チャンスビルディングポイント 奪取ポイント ランキング | データによってサッカーはもっと輝く | Football LAB,1,群馬,群馬,"[""奪取ポイント"", ""試合平均"", ""最近5試合"", ""順位"", ""勝点"", ""得点"", ""失点""]","[""1,535.67"", ""76.78"", ""325.03"", ""6"", ""23"", ""26"", ""36""]"
20260802,20260609,j2,,奪取.html,リーグサマリー:2026特別 J2J3百年構想リーグ チャンスビルディングポイント 奪取ポイント ランキング | データによってサッカーはもっと輝く | Football LAB,リーグサマリー:2026特別 J2J3百年構想リーグ チャンスビルディングポイント 奪取ポイント ランキング | データによってサッカーはもっと輝く | Football LAB,リーグサマリー:2026特別 J2J3百年構想リーグ チャンスビルディングポイント 奪取ポイント ランキング | データによってサッカーはもっと輝く | Football LAB,1,山形,山形,"[""奪取ポイント"", ""試合平均"", ""最近5試合"", ""順位"", ""勝点"", ""得点"", ""失点""]","[""1,461.08"", ""73.05"", ""399.53"", ""7"", ""22"", ""20"", ""25""]"
20260802,20260609,j2,,奪取.html,リーグサマリー:2026特別 J2J3百年構想リーグ チャンスビルディングポイント 奪取ポイント ランキング | データによってサッカーはもっと輝く | Football LAB,リーグサマリー:2026特別 J2J3百年構想リーグ チャンスビルディングポイント 奪取ポイント ランキング | データによってサッカーはもっと輝く | Football LAB,リーグサマリー:2026特別 J2J3百年構想リーグ チャンスビルディングポイント 奪取ポイント ランキング | データによってサッカーはもっと輝く | Football LAB,1,奈良,奈良,"[""奪取ポイント"", ""試合平均"", ""最近5試合"", ""順位"", ""勝点"", ""得点"", ""失点""]","[""1,420.40"", ""71.02"", ""320.32"", ""7"", ""21"", ""25"", ""34""]"
20260802,20260609,j2,,奪取.html,リーグサマリー:2026特別 J2J3百年構想リーグ チャンスビルディングポイント 奪取ポイント ランキング | データによってサッカーはもっと輝く | Football LAB,リーグサマリー:2026特別 J2J3百年構想リーグ チャンスビルディングポイント 奪取ポイント ランキング | データによってサッカーはもっと輝く | Football LAB,リーグサマリー:2026特別 J2J3百年構想リーグ チャンスビルディングポイント 奪取ポイント ランキング | データによってサッカーはもっと輝く | Football LAB,2,深澤 佑太,深澤佑太,"[""奪取ポイント"", ""90分平均"", ""最近5試合"", ""出場試合"", ""攻撃CBP"", ""守備P""]","["""", ""343.53"", ""18.55"", ""91.20"", ""20"", ""24.22"", ""25.90""]"
20260802,20260609,j2,,奪取.html,リーグサマリー:2026特別 J2J3百年構想リーグ チャンスビルディングポイント 奪取ポイント ランキング | データによってサッカーはもっと輝く | Football LAB,リーグサマリー:2026特別 J2J3百年構想リーグ チャンスビルディングポイント 奪取ポイント ランキング | データによってサッカーはもっと輝く | Football LAB,リーグサマリー:2026特別 J2J3百年構想リーグ チャンスビルディングポイント 奪取ポイント ランキング | データによってサッカーはもっと輝く | Football LAB,2,諸岡 裕人,諸岡裕人,"[""奪取ポイント"", ""90分平均"", ""最近5試合"", ""出場試合"", ""攻撃CBP"", ""守備P""]","["""", ""310.21"", ""20.25"", ""78.60"", ""15"", ""20.41"", ""24.69""]"
20260802,20260609,j2,,奪取.html,リーグサマリー:2026特別 J2J3百年構想リーグ チャンスビルディングポイント 奪取ポイント ランキング | データによってサッカーはもっと輝く | Football LAB,リーグサマリー:2026特別 J2J3百年構想リーグ チャンスビルディングポイント 奪取ポイント ランキング | データによってサッカーはもっと輝く | Football LAB,リーグサマリー:2026特別 J2J3百年構想リーグ チャンスビルディングポイント 奪取ポイント ランキング | データによってサッカーはもっと輝く | Football LAB,2,岡澤 昂星,岡澤昂星,"[""奪取ポイント"", ""90分平均"", ""最近5試合"", ""出場試合"", ""攻撃CBP"", ""守備P""]","["""", ""284.53"", ""15.37"", ""62.41"", ""19"", ""23.36"", ""22.23""]"
20260802,20260609,j2,,奪取.html,リーグサマリー:2026特別 J2J3百年構想リーグ チャンスビルディングポイント 奪取ポイント ランキング | データによってサッカーはもっと輝く | Football LAB,リーグサマリー:2026特別 J2J3百年構想リーグ チャンスビルディングポイント 奪取ポイント ランキング | データによってサッカーはもっと輝く | Football LAB,リーグサマリー:2026特別 J2J3百年構想リーグ チャンスビルディングポイント 奪取ポイント ランキング | データによってサッカーはもっと輝く | Football LAB,2,高吉 正真,高吉正真,"[""奪取ポイント"", ""90分平均"", ""最近5試合"", ""出場試合"", ""攻撃CBP"", ""守備P""]","["""", ""265.57"", ""15.02"", ""68.16"", ""19"", ""17.83"", ""27.65""]"
20260802,20260609,j2,,奪取.html,リーグサマリー:2026特別 J2J3百年構想リーグ チャンスビルディングポイント 奪取ポイント ランキング | データによってサッカーはもっと輝く | Football LAB,リーグサマリー:2026特別 J2J3百年構想リーグ チャンスビルディングポイント 奪取ポイント ランキング | データによってサッカーはもっと輝く | Football LAB,リーグサマリー:2026特別 J2J3百年構想リーグ チャンスビルディングポイント 奪取ポイント ランキング | データによってサッカーはもっと輝く | Football LAB,2,松本 凪生,松本凪生,"[""奪取ポイント"", ""90分平均"", ""最近5試合"", ""出場試合"", ""攻撃CBP"", ""守備P""]","["""", ""259.25"", ""15.42"", ""67.98"", ""19"", ""28.99"", ""23.10""]"
20260802,20260609,j2,,奪取.html,リーグサマリー:2026特別 J2J3百年構想リーグ チャンスビルディングポイント 奪取ポイント ランキング | データによってサッカーはもっと輝く | Football LAB,リーグサマリー:2026特別 J2J3百年構想リーグ チャンスビルディングポイント 奪取ポイント ランキング | データによってサッカーはもっと輝く | Football LAB,リーグサマリー:2026特別 J2J3百年構想リーグ チャンスビルディングポイント 奪取ポイント ランキング | データによってサッカーはもっと輝く | Football LAB,2,家坂 葉光,家坂葉光,"[""奪取ポイント"", ""90分平均"", ""最近5試合"", ""出場試合"", ""攻撃CBP"", ""守備P""]","["""", ""254.60"", ""16.32"", ""49.54"", ""17"", ""23.68"", ""11.87""]"
20260802,20260609,j2,,奪取.html,リーグサマリー:2026特別 J2J3百年構想リーグ チャンスビルディングポイント 奪取ポイント ランキング | データによってサッカーはもっと輝く | Football LAB,リーグサマリー:2026特別 J2J3百年構想リーグ チャンスビルディングポイント 奪取ポイント ランキング | データによってサッカーはもっと輝く | Football LAB,リーグサマリー:2026特別 J2J3百年構想リーグ チャンスビルディングポイント 奪取ポイント ランキング | データによってサッカーはもっと輝く | Football LAB,2,住田 将,住田将,"[""奪取ポイント"", ""90分平均"", ""最近5試合"", ""出場試合"", ""攻撃CBP"", ""守備P""]","["""", ""252.66"", ""15.48"", ""87.61"", ""18"", ""26.95"", ""18.18""]"
20260802,20260609,j2,,奪取.html,リーグサマリー:2026特別 J2J3百年構想リーグ チャンスビルディングポイント 奪取ポイント ランキング | データによってサッカーはもっと輝く | Football LAB,リーグサマリー:2026特別 J2J3百年構想リーグ チャンスビルディングポイント 奪取ポイント ランキング | データによってサッカーはもっと輝く | Football LAB,リーグサマリー:2026特別 J2J3百年構想リーグ チャンスビルディングポイント 奪取ポイント ランキング | データによってサッカーはもっと輝く | Football LAB,2,平松 航,平松航,"[""奪取ポイント"", ""90分平均"", ""最近5試合"", ""出場試合"", ""攻撃CBP"", ""守備P""]","["""", ""247.85"", ""12.21"", ""77.04"", ""20"", ""15.43"", ""57.22""]"
20260802,20260609,j2,,奪取.html,リーグサマリー:2026特別 J2J3百年構想リーグ チャンスビルディングポイント 奪取ポイント ランキング | データによってサッカーはもっと輝く | Football LAB,リーグサマリー:2026特別 J2J3百年構想リーグ チャンスビルディングポイント 奪取ポイント ランキング | データによってサッカーはもっと輝く | Football LAB,リーグサマリー:2026特別 J2J3百年構想リーグ チャンスビルディングポイント 奪取ポイント ランキング | データによってサッカーはもっと輝く | Football LAB,2,安田 虎士朗,安田虎士朗,"[""奪取ポイント"", ""90分平均"", ""最近5試合"", ""出場試合"", ""攻撃CBP"", ""守備P""]","["""", ""242.99"", ""13.41"", ""47.72"", ""19"", ""22.36"", ""14.74""]"
20260802,20260609,j2,,奪取.html,リーグサマリー:2026特別 J2J3百年構想リーグ チャンスビルディングポイント 奪取ポイント ランキング | データによってサッカーはもっと輝く | Football LAB,リーグサマリー:2026特別 J2J3百年構想リーグ チャンスビルディングポイント 奪取ポイント ランキング | データによってサッカーはもっと輝く | Football LAB,リーグサマリー:2026特別 J2J3百年構想リーグ チャンスビルディングポイント 奪取ポイント ランキング | データによってサッカーはもっと輝く | Football LAB,2,禹 相皓,禹相皓,"[""奪取ポイント"", ""90分平均"", ""最近5試合"", ""出場試合"", ""攻撃CBP"", ""守備P""]","["""", ""242.29"", ""13.00"", ""65.41"", ""20"", ""17.30"", ""19.34""]"
20260802,20260609,j2,,奪取.html,リーグサマリー:2026特別 J2J3百年構想リーグ チャンスビルディングポイント 奪取ポイント ランキング | データによってサッカーはもっと輝く | Football LAB,リーグサマリー:2026特別 J2J3百年構想リーグ チャンスビルディングポイント 奪取ポイント ランキング | データによってサッカーはもっと輝く | Football LAB,リーグサマリー:2026特別 J2J3百年構想リーグ チャンスビルディングポイント 奪取ポイント ランキング | データによってサッカーはもっと輝く | Football LAB,2,武井 成豪,武井成豪,"[""奪取ポイント"", ""90分平均"", ""最近5試合"", ""出場試合"", ""攻撃CBP"", ""守備P""]","["""", ""241.54"", ""14.42"", ""49.43"", ""20"", ""17.84"", ""20.67""]"
20260802,20260609,j2,,奪取.html,リーグサマリー:2026特別 J2J3百年構想リーグ チャンスビルディングポイント 奪取ポイント ランキング | データによってサッカーはもっと輝く | Football LAB,リーグサマリー:2026特別 J2J3百年構想リーグ チャンスビルディングポイント 奪取ポイント ランキング | データによってサッカーはもっと輝く | Football LAB,リーグサマリー:2026特別 J2J3百年構想リーグ チャンスビルディングポイント 奪取ポイント ランキング | データによってサッカーはもっと輝く | Football LAB,2,森田 凜,森田凜,"[""奪取ポイント"", ""90分平均"", ""最近5試合"", ""出場試合"", ""攻撃CBP"", ""守備P""]","["""", ""241.54"", ""12.06"", ""41.28"", ""20"", ""31.42"", ""20.61""]"
20260802,20260609,j2,,奪取.html,リーグサマリー:2026特別 J2J3百年構想リーグ チャンスビルディングポイント 奪取ポイント ランキング | データによってサッカーはもっと輝く | Football LAB,リーグサマリー:2026特別 J2J3百年構想リーグ チャンスビルディングポイント 奪取ポイント ランキング | データによってサッカーはもっと輝く | Football LAB,リーグサマリー:2026特別 J2J3百年構想リーグ チャンスビルディングポイント 奪取ポイント ランキング | データによってサッカーはもっと輝く | Football LAB,2,上村 周平,上村周平,"[""奪取ポイント"", ""90分平均"", ""最近5試合"", ""出場試合"", ""攻撃CBP"", ""守備P""]","["""", ""240.27"", ""13.69"", ""56.44"", ""20"", ""24.27"", ""20.80""]"
20260802,20260609,j2,,奪取.html,リーグサマリー:2026特別 J2J3百年構想リーグ チャンスビルディングポイント 奪取ポイント ランキング | データによってサッカーはもっと輝く | Football LAB,リーグサマリー:2026特別 J2J3百年構想リーグ チャンスビルディングポイント 奪取ポイント ランキング | データによってサッカーはもっと輝く | Football LAB,リーグサマリー:2026特別 J2J3百年構想リーグ チャンスビルディングポイント 奪取ポイント ランキング | データによってサッカーはもっと輝く | Football LAB,2,池田 廉,池田廉,"[""奪取ポイント"", ""90分平均"", ""最近5試合"", ""出場試合"", ""攻撃CBP"", ""守備P""]","["""", ""238.50"", ""18.63"", ""60.09"", ""17"", ""15.34"", ""17.22""]"
20260802,20260609,j2,,奪取.html,リーグサマリー:2026特別 J2J3百年構想リーグ チャンスビルディングポイント 奪取ポイント ランキング | データによってサッカーはもっと輝く | Football LAB,リーグサマリー:2026特別 J2J3百年構想リーグ チャンスビルディングポイント 奪取ポイント ランキング | データによってサッカーはもっと輝く | Football LAB,リーグサマリー:2026特別 J2J3百年構想リーグ チャンスビルディングポイント 奪取ポイント ランキング | データによってサッカーはもっと輝く | Football LAB,2,岡野 凜平,岡野凜平,"[""奪取ポイント"", ""90分平均"", ""最近5試合"", ""出場試合"", ""攻撃CBP"", ""守備P""]","["""", ""237.19"", ""14.15"", ""48.89"", ""18"", ""21.07"", ""16.02""]"
20260802,20260609,j2,,奪取.html,リーグサマリー:2026特別 J2J3百年構想リーグ チャンスビルディングポイント 奪取ポイント ランキング | データによってサッカーはもっと輝く | Football LAB,リーグサマリー:2026特別 J2J3百年構想リーグ チャンスビルディングポイント 奪取ポイント ランキング | データによってサッカーはもっと輝く | Football LAB,リーグサマリー:2026特別 J2J3百年構想リーグ チャンスビルディングポイント 奪取ポイント ランキング | データによってサッカーはもっと輝く | Football LAB,2,吉尾 虹樹,吉尾虹樹,"[""奪取ポイント"", ""90分平均"", ""最近5試合"", ""出場試合"", ""攻撃CBP"", ""守備P""]","["""", ""236.28"", ""14.13"", ""74.03"", ""20"", ""19.61"", ""13.96""]"
20260802,20260609,j2,,奪取.html,リーグサマリー:2026特別 J2J3百年構想リーグ チャンスビルディングポイント 奪取ポイント ランキング | データによってサッカーはもっと輝く | Football LAB,リーグサマリー:2026特別 J2J3百年構想リーグ チャンスビルディングポイント 奪取ポイント ランキング | データによってサッカーはもっと輝く | Football LAB,リーグサマリー:2026特別 J2J3百年構想リーグ チャンスビルディングポイント 奪取ポイント ランキング | データによってサッカーはもっと輝く | Football LAB,2,白井 達也,白井達也,"[""奪取ポイント"", ""90分平均"", ""最近5試合"", ""出場試合"", ""攻撃CBP"", ""守備P""]","["""", ""235.08"", ""11.62"", ""51.55"", ""20"", ""17.18"", ""48.83""]"
20260802,20260609,j2,,奪取.html,リーグサマリー:2026特別 J2J3百年構想リーグ チャンスビルディングポイント 奪取ポイント ランキング | データによってサッカーはもっと輝く | Football LAB,リーグサマリー:2026特別 J2J3百年構想リーグ チャンスビルディングポイント 奪取ポイント ランキング | データによってサッカーはもっと輝く | Football LAB,リーグサマリー:2026特別 J2J3百年構想リーグ チャンスビルディングポイント 奪取ポイント ランキング | データによってサッカーはもっと輝く | Football LAB,2,雪江 悠人,雪江悠人,"[""奪取ポイント"", ""90分平均"", ""最近5試合"", ""出場試合"", ""攻撃CBP"", ""守備P""]","["""", ""234.96"", ""13.82"", ""59.20"", ""17"", ""21.33"", ""36.81""]"
20260802,20260609,j2,,奪取.html,リーグサマリー:2026特別 J2J3百年構想リーグ チャンスビルディングポイント 奪取ポイント ランキング | データによってサッカーはもっと輝く | Football LAB,リーグサマリー:2026特別 J2J3百年構想リーグ チャンスビルディングポイント 奪取ポイント ランキング | データによってサッカーはもっと輝く | Football LAB,リーグサマリー:2026特別 J2J3百年構想リーグ チャンスビルディングポイント 奪取ポイント ランキング | データによってサッカーはもっと輝く | Football LAB,2,渡邉 英祐,渡邉英祐,"[""奪取ポイント"", ""90分平均"", ""最近5試合"", ""出場試合"", ""攻撃CBP"", ""守備P""]","["""", ""234.29"", ""14.36"", ""38.81"", ""20"", ""20.60"", ""18.78""]"
20260802,20260609,j2,,奪取.html,リーグサマリー:2026特別 J2J3百年構想リーグ チャンスビルディングポイント 奪取ポイント ランキング | データによってサッカーはもっと輝く | Football LAB,リーグサマリー:2026特別 J2J3百年構想リーグ チャンスビルディングポイント 奪取ポイント ランキング | データによってサッカーはもっと輝く | Football LAB,リーグサマリー:2026特別 J2J3百年構想リーグ チャンスビルディングポイント 奪取ポイント ランキング | データによってサッカーはもっと輝く | Football LAB,2,大西 悠介,大西悠介,"[""奪取ポイント"", ""90分平均"", ""最近5試合"", ""出場試合"", ""攻撃CBP"", ""守備P""]","["""", ""227.61"", ""16.37"", ""74.95"", ""19"", ""13.42"", ""17.98""]"
20260802,20260609,j2,,奪取.html,リーグサマリー:2026特別 J2J3百年構想リーグ チャンスビルディングポイント 奪取ポイント ランキング | データによってサッカーはもっと輝く | Football LAB,リーグサマリー:2026特別 J2J3百年構想リーグ チャンスビルディングポイント 奪取ポイント ランキング | データによってサッカーはもっと輝く | Football LAB,リーグサマリー:2026特別 J2J3百年構想リーグ チャンスビルディングポイント 奪取ポイント ランキング | データによってサッカーはもっと輝く | Football LAB,2,藤森 隆汰,藤森隆汰,"[""奪取ポイント"", ""90分平均"", ""最近5試合"", ""出場試合"", ""攻撃CBP"", ""守備P""]","["""", ""227.28"", ""11.18"", ""66.90"", ""20"", ""28.82"", ""47.48""]"
20260802,20260609,j2,,奪取.html,リーグサマリー:2026特別 J2J3百年構想リーグ チャンスビルディングポイント 奪取ポイント ランキング | データによってサッカーはもっと輝く | Football LAB,リーグサマリー:2026特別 J2J3百年構想リーグ チャンスビルディングポイント 奪取ポイント ランキング | データによってサッカーはもっと輝く | Football LAB,リーグサマリー:2026特別 J2J3百年構想リーグ チャンスビルディングポイント 奪取ポイント ランキング | データによってサッカーはもっと輝く | Football LAB,2,深澤 壯太,深澤壯太,"[""奪取ポイント"", ""90分平均"", ""最近5試合"", ""出場試合"", ""攻撃CBP"", ""守備P""]","["""", ""227.05"", ""13.13"", ""58.70"", ""17"", ""34.26"", ""34.88""]"
20260802,20260609,j2,,奪取.html,リーグサマリー:2026特別 J2J3百年構想リーグ チャンスビルディングポイント 奪取ポイント ランキング | データによってサッカーはもっと輝く | Football LAB,リーグサマリー:2026特別 J2J3百年構想リーグ チャンスビルディングポイント 奪取ポイント ランキング | データによってサッカーはもっと輝く | Football LAB,リーグサマリー:2026特別 J2J3百年構想リーグ チャンスビルディングポイント 奪取ポイント ランキング | データによってサッカーはもっと輝く | Football LAB,2,西谷 優希,西谷優希,"[""奪取ポイント"", ""90分平均"", ""最近5試合"", ""出場試合"", ""攻撃CBP"", ""守備P""]","["""", ""226.82"", ""12.73"", ""42.34"", ""19"", ""21.36"", ""15.69""]"
20260802,20260609,j2,,奪取.html,リーグサマリー:2026特別 J2J3百年構想リーグ チャンスビルディングポイント 奪取ポイント ランキング | データによってサッカーはもっと輝く | Football LAB,リーグサマリー:2026特別 J2J3百年構想リーグ チャンスビルディングポイント 奪取ポイント ランキング | データによってサッカーはもっと輝く | Football LAB,リーグサマリー:2026特別 J2J3百年構想リーグ チャンスビルディングポイント 奪取ポイント ランキング | データによってサッカーはもっと輝く | Football LAB,2,高野 裕維,高野裕維,"[""奪取ポイント"", ""90分平均"", ""最近5試合"", ""出場試合"", ""攻撃CBP"", ""守備P""]","["""", ""225.88"", ""11.64"", ""71.49"", ""20"", ""27.87"", ""17.94""]"
20260802,20260609,j2,,奪取.html,リーグサマリー:2026特別 J2J3百年構想リーグ チャンスビルディングポイント 奪取ポイント ランキング | データによってサッカーはもっと輝く | Football LAB,リーグサマリー:2026特別 J2J3百年構想リーグ チャンスビルディングポイント 奪取ポイント ランキング | データによってサッカーはもっと輝く | Football LAB,リーグサマリー:2026特別 J2J3百年構想リーグ チャンスビルディングポイント 奪取ポイント ランキング | データによってサッカーはもっと輝く | Football LAB,2,土井 紅貴,土井紅貴,"[""奪取ポイント"", ""90分平均"", ""最近5試合"", ""出場試合"", ""攻撃CBP"", ""守備P""]","["""", ""225.60"", ""12.32"", ""68.10"", ""20"", ""14.17"", ""20.16""]"
20260802,20260609,j2,,奪取.html,リーグサマリー:2026特別 J2J3百年構想リーグ チャンスビルディングポイント 奪取ポイント ランキング | データによってサッカーはもっと輝く | Football LAB,リーグサマリー:2026特別 J2J3百年構想リーグ チャンスビルディングポイント 奪取ポイント ランキング | データによってサッカーはもっと輝く | Football LAB,リーグサマリー:2026特別 J2J3百年構想リーグ チャンスビルディングポイント 奪取ポイント ランキング | データによってサッカーはもっと輝く | Football LAB,2,前田 椋介,前田椋介,"[""奪取ポイント"", ""90分平均"", ""最近5試合"", ""出場試合"", ""攻撃CBP"", ""守備P""]","["""", ""224.75"", ""11.92"", ""49.70"", ""19"", ""45.21"", ""21.44""]"
20260802,20260609,j2,,奪取.html,リーグサマリー:2026特別 J2J3百年構想リーグ チャンスビルディングポイント 奪取ポイント ランキング | データによってサッカーはもっと輝く | Football LAB,リーグサマリー:2026特別 J2J3百年構想リーグ チャンスビルディングポイント 奪取ポイント ランキング | データによってサッカーはもっと輝く | Football LAB,リーグサマリー:2026特別 J2J3百年構想リーグ チャンスビルディングポイント 奪取ポイント ランキング | データによってサッカーはもっと輝く | Football LAB,2,永野 修都,永野修都,"[""奪取ポイント"", ""90分平均"", ""最近5試合"", ""出場試合"", ""攻撃CBP"", ""守備P""]","["""", ""222.83"", ""12.86"", ""60.79"", ""17"", ""20.25"", ""48.43""]"
20260802,20260609,j2,,奪取.html,リーグサマリー:2026特別 J2J3百年構想リーグ チャンスビルディングポイント 奪取ポイント ランキング | データによってサッカーはもっと輝く | Football LAB,リーグサマリー:2026特別 J2J3百年構想リーグ チャンスビルディングポイント 奪取ポイント ランキング | データによってサッカーはもっと輝く | Football LAB,リーグサマリー:2026特別 J2J3百年構想リーグ チャンスビルディングポイント 奪取ポイント ランキング | データによってサッカーはもっと輝く | Football LAB,2,稲葉 修土,稲葉修土,"[""奪取ポイント"", ""90分平均"", ""最近5試合"", ""出場試合"", ""攻撃CBP"", ""守備P""]","["""", ""222.59"", ""18.74"", ""0.00"", ""13"", ""14.42"", ""9.20""]"
20260802,20260609,j2,,奪取.html,リーグサマリー:2026特別 J2J3百年構想リーグ チャンスビルディングポイント 奪取ポイント ランキング | データによってサッカーはもっと輝く | Football LAB,リーグサマリー:2026特別 J2J3百年構想リーグ チャンスビルディングポイント 奪取ポイント ランキング | データによってサッカーはもっと輝く | Football LAB,リーグサマリー:2026特別 J2J3百年構想リーグ チャンスビルディングポイント 奪取ポイント ランキング | データによってサッカーはもっと輝く | Football LAB,2,針谷 岳晃,針谷岳晃,"[""奪取ポイント"", ""90分平均"", ""最近5試合"", ""出場試合"", ""攻撃CBP"", ""守備P""]","["""", ""220.63"", ""16.46"", ""64.84"", ""17"", ""29.14"", ""24.71""]"
20260802,20260609,j2,,奪取.html,リーグサマリー:2026特別 J2J3百年構想リーグ チャンスビルディングポイント 奪取ポイント ランキング | データによってサッカーはもっと輝く | Football LAB,リーグサマリー:2026特別 J2J3百年構想リーグ チャンスビルディングポイント 奪取ポイント ランキング | データによってサッカーはもっと輝く | Football LAB,リーグサマリー:2026特別 J2J3百年構想リーグ チャンスビルディングポイント 奪取ポイント ランキング | データによってサッカーはもっと輝く | Football LAB,2,松井 蓮之,松井蓮之,"[""奪取ポイント"", ""90分平均"", ""最近5試合"", ""出場試合"", ""攻撃CBP"", ""守備P""]","["""", ""219.98"", ""18.05"", ""47.28"", ""16"", ""11.28"", ""15.46""]"
20260802,20260609,j2,,守備.html,リーグサマリー:2026特別 J2J3百年構想リーグ チャンスビルディングポイント 守備ポイント ランキング | データによってサッカーはもっと輝く | Football LAB,リーグサマリー:2026特別 J2J3百年構想リーグ チャンスビルディングポイント 守備ポイント ランキング | データによってサッカーはもっと輝く | Football LAB,リーグサマリー:2026特別 J2J3百年構想リーグ チャンスビルディングポイント 守備ポイント ランキング | データによってサッカーはもっと輝く | Football LAB,1,福島,福島,"[""守備ポイント"", ""試合平均"", ""最近5試合"", ""順位"", ""勝点"", ""得点"", ""失点""]","[""343.42"", ""17.17"", ""90.46"", ""9"", ""18"", ""28"", ""41""]"
20260802,20260609,j2,,守備.html,リーグサマリー:2026特別 J2J3百年構想リーグ チャンスビルディングポイント 守備ポイント ランキング | データによってサッカーはもっと輝く | Football LAB,リーグサマリー:2026特別 J2J3百年構想リーグ チャンスビルディングポイント 守備ポイント ランキング | データによってサッカーはもっと輝く | Football LAB,リーグサマリー:2026特別 J2J3百年構想リーグ チャンスビルディングポイント 守備ポイント ランキング | データによってサッカーはもっと輝く | Football LAB,1,相模原,相模原,"[""守備ポイント"", ""試合平均"", ""最近5試合"", ""順位"", ""勝点"", ""得点"", ""失点""]","[""329.23"", ""16.46"", ""72.21"", ""5"", ""28"", ""31"", ""33""]"
20260802,20260609,j2,,守備.html,リーグサマリー:2026特別 J2J3百年構想リーグ チャンスビルディングポイント 守備ポイント ランキング | データによってサッカーはもっと輝く | Football LAB,リーグサマリー:2026特別 J2J3百年構想リーグ チャンスビルディングポイント 守備ポイント ランキング | データによってサッカーはもっと輝く | Football LAB,リーグサマリー:2026特別 J2J3百年構想リーグ チャンスビルディングポイント 守備ポイント ランキング | データによってサッカーはもっと輝く | Football LAB,1,滋賀,滋賀,"[""守備ポイント"", ""試合平均"", ""最近5試合"", ""順位"", ""勝点"", ""得点"", ""失点""]","[""320.22"", ""16.01"", ""84.85"", ""8"", ""21"", ""15"", ""28""]"
20260802,20260609,j2,,守備.html,リーグサマリー:2026特別 J2J3百年構想リーグ チャンスビルディングポイント 守備ポイント ランキング | データによってサッカーはもっと輝く | Football LAB,リーグサマリー:2026特別 J2J3百年構想リーグ チャンスビルディングポイント 守備ポイント ランキング | データによってサッカーはもっと輝く | Football LAB,リーグサマリー:2026特別 J2J3百年構想リーグ チャンスビルディングポイント 守備ポイント ランキング | データによってサッカーはもっと輝く | Football LAB,1,鳥取,鳥取,"[""守備ポイント"", ""試合平均"", ""最近5試合"", ""順位"", ""勝点"", ""得点"", ""失点""]","[""316.10"", ""15.81"", ""81.80"", ""6"", ""27"", ""20"", ""24""]"
20260802,20260609,j2,,守備.html,リーグサマリー:2026特別 J2J3百年構想リーグ チャンスビルディングポイント 守備ポイント ランキング | データによってサッカーはもっと輝く | Football LAB,リーグサマリー:2026特別 J2J3百年構想リーグ チャンスビルディングポイント 守備ポイント ランキング | データによってサッカーはもっと輝く | Football LAB,リーグサマリー:2026特別 J2J3百年構想リーグ チャンスビルディングポイント 守備ポイント ランキング | データによってサッカーはもっと輝く | Football LAB,1,栃木SC,栃木SC,"[""守備ポイント"", ""試合平均"", ""最近5試合"", ""順位"", ""勝点"", ""得点"", ""失点""]","[""307.96"", ""15.40"", ""78.39"", ""10"", ""18"", ""23"", ""28""]"
20260802,20260609,j2,,守備.html,リーグサマリー:2026特別 J2J3百年構想リーグ チャンスビルディングポイント 守備ポイント ランキング | データによってサッカーはもっと輝く | Football LAB,リーグサマリー:2026特別 J2J3百年構想リーグ チャンスビルディングポイント 守備ポイント ランキング | データによってサッカーはもっと輝く | Football LAB,リーグサマリー:2026特別 J2J3百年構想リーグ チャンスビルディングポイント 守備ポイント ランキング | データによってサッカーはもっと輝く | Football LAB,1,讃岐,讃岐,"[""守備ポイント"", ""試合平均"", ""最近5試合"", ""順位"", ""勝点"", ""得点"", ""失点""]","[""307.65"", ""15.38"", ""87.27"", ""10"", ""19"", ""14"", ""32""]"
20260802,20260609,j2,,守備.html,リーグサマリー:2026特別 J2J3百年構想リーグ チャンスビルディングポイント 守備ポイント ランキング | データによってサッカーはもっと輝く | Football LAB,リーグサマリー:2026特別 J2J3百年構想リーグ チャンスビルディングポイント 守備ポイント ランキング | データによってサッカーはもっと輝く | Football LAB,リーグサマリー:2026特別 J2J3百年構想リーグ チャンスビルディングポイント 守備ポイント ランキング | データによってサッカーはもっと輝く | Football LAB,1,長野,長野,"[""守備ポイント"", ""試合平均"", ""最近5試合"", ""順位"", ""勝点"", ""得点"", ""失点""]","[""305.88"", ""15.29"", ""74.09"", ""10"", ""16"", ""15"", ""33""]"
20260802,20260609,j2,,守備.html,リーグサマリー:2026特別 J2J3百年構想リーグ チャンスビルディングポイント 守備ポイント ランキング | データによってサッカーはもっと輝く | Football LAB,リーグサマリー:2026特別 J2J3百年構想リーグ チャンスビルディングポイント 守備ポイント ランキング | データによってサッカーはもっと輝く | Football LAB,リーグサマリー:2026特別 J2J3百年構想リーグ チャンスビルディングポイント 守備ポイント ランキング | データによってサッカーはもっと輝く | Football LAB,1,山形,山形,"[""守備ポイント"", ""試合平均"", ""最近5試合"", ""順位"", ""勝点"", ""得点"", ""失点""]","[""305.28"", ""15.26"", ""78.97"", ""7"", ""22"", ""20"", ""25""]"
20260802,20260609,j2,,守備.html,リーグサマリー:2026特別 J2J3百年構想リーグ チャンスビルディングポイント 守備ポイント ランキング | データによってサッカーはもっと輝く | Football LAB,リーグサマリー:2026特別 J2J3百年構想リーグ チャンスビルディングポイント 守備ポイント ランキング | データによってサッカーはもっと輝く | Football LAB,リーグサマリー:2026特別 J2J3百年構想リーグ チャンスビルディングポイント 守備ポイント ランキング | データによってサッカーはもっと輝く | Football LAB,1,今治,今治,"[""守備ポイント"", ""試合平均"", ""最近5試合"", ""順位"", ""勝点"", ""得点"", ""失点""]","[""303.70"", ""15.18"", ""96.12"", ""9"", ""20"", ""14"", ""18""]"
20260802,20260609,j2,,守備.html,リーグサマリー:2026特別 J2J3百年構想リーグ チャンスビルディングポイント 守備ポイント ランキング | データによってサッカーはもっと輝く | Football LAB,リーグサマリー:2026特別 J2J3百年構想リーグ チャンスビルディングポイント 守備ポイント ランキング | データによってサッカーはもっと輝く | Football LAB,リーグサマリー:2026特別 J2J3百年構想リーグ チャンスビルディングポイント 守備ポイント ランキング | データによってサッカーはもっと輝く | Football LAB,1,北九州,北九州,"[""守備ポイント"", ""試合平均"", ""最近5試合"", ""順位"", ""勝点"", ""得点"", ""失点""]","[""303.60"", ""15.18"", ""79.54"", ""10"", ""15"", ""17"", ""32""]"
20260802,20260609,j2,,守備.html,リーグサマリー:2026特別 J2J3百年構想リーグ チャンスビルディングポイント 守備ポイント ランキング | データによってサッカーはもっと輝く | Football LAB,リーグサマリー:2026特別 J2J3百年構想リーグ チャンスビルディングポイント 守備ポイント ランキング | データによってサッカーはもっと輝く | Football LAB,リーグサマリー:2026特別 J2J3百年構想リーグ チャンスビルディングポイント 守備ポイント ランキング | データによってサッカーはもっと輝く | Football LAB,1,栃木C,栃木C,"[""守備ポイント"", ""試合平均"", ""最近5試合"", ""順位"", ""勝点"", ""得点"", ""失点""]","[""302.31"", ""15.12"", ""71.56"", ""8"", ""21"", ""20"", ""33""]"
20260802,20260609,j2,,守備.html,リーグサマリー:2026特別 J2J3百年構想リーグ チャンスビルディングポイント 守備ポイント ランキング | データによってサッカーはもっと輝く | Football LAB,リーグサマリー:2026特別 J2J3百年構想リーグ チャンスビルディングポイント 守備ポイント ランキング | データによってサッカーはもっと輝く | Football LAB,リーグサマリー:2026特別 J2J3百年構想リーグ チャンスビルディングポイント 守備ポイント ランキング | データによってサッカーはもっと輝く | Football LAB,1,山口,山口,"[""守備ポイント"", ""試合平均"", ""最近5試合"", ""順位"", ""勝点"", ""得点"", ""失点""]","[""300.88"", ""15.04"", ""84.50"", ""4"", ""29"", ""24"", ""22""]"
20260802,20260609,j2,,守備.html,リーグサマリー:2026特別 J2J3百年構想リーグ チャンスビルディングポイント 守備ポイント ランキング | データによってサッカーはもっと輝く | Football LAB,リーグサマリー:2026特別 J2J3百年構想リーグ チャンスビルディングポイント 守備ポイント ランキング | データによってサッカーはもっと輝く | Football LAB,リーグサマリー:2026特別 J2J3百年構想リーグ チャンスビルディングポイント 守備ポイント ランキング | データによってサッカーはもっと輝く | Football LAB,1,群馬,群馬,"[""守備ポイント"", ""試合平均"", ""最近5試合"", ""順位"", ""勝点"", ""得点"", ""失点""]","[""295.30"", ""14.76"", ""84.00"", ""6"", ""23"", ""26"", ""36""]"
20260802,20260609,j2,,守備.html,リーグサマリー:2026特別 J2J3百年構想リーグ チャンスビルディングポイント 守備ポイント ランキング | データによってサッカーはもっと輝く | Football LAB,リーグサマリー:2026特別 J2J3百年構想リーグ チャンスビルディングポイント 守備ポイント ランキング | データによってサッカーはもっと輝く | Football LAB,リーグサマリー:2026特別 J2J3百年構想リーグ チャンスビルディングポイント 守備ポイント ランキング | データによってサッカーはもっと輝く | Football LAB,1,奈良,奈良,"[""守備ポイント"", ""試合平均"", ""最近5試合"", ""順位"", ""勝点"", ""得点"", ""失点""]","[""294.49"", ""14.72"", ""71.33"", ""7"", ""21"", ""25"", ""34""]"
20260802,20260609,j2,,守備.html,リーグサマリー:2026特別 J2J3百年構想リーグ チャンスビルディングポイント 守備ポイント ランキング | データによってサッカーはもっと輝く | Football LAB,リーグサマリー:2026特別 J2J3百年構想リーグ チャンスビルディングポイント 守備ポイント ランキング | データによってサッカーはもっと輝く | Football LAB,リーグサマリー:2026特別 J2J3百年構想リーグ チャンスビルディングポイント 守備ポイント ランキング | データによってサッカーはもっと輝く | Football LAB,1,八戸,八戸,"[""守備ポイント"", ""試合平均"", ""最近5試合"", ""順位"", ""勝点"", ""得点"", ""失点""]","[""292.32"", ""14.62"", ""71.03"", ""9"", ""20"", ""15"", ""19""]"
20260802,20260609,j2,,守備.html,リーグサマリー:2026特別 J2J3百年構想リーグ チャンスビルディングポイント 守備ポイント ランキング | データによってサッカーはもっと輝く | Football LAB,リーグサマリー:2026特別 J2J3百年構想リーグ チャンスビルディングポイント 守備ポイント ランキング | データによってサッカーはもっと輝く | Football LAB,リーグサマリー:2026特別 J2J3百年構想リーグ チャンスビルディングポイント 守備ポイント ランキング | データによってサッカーはもっと輝く | Football LAB,1,磐田,磐田,"[""守備ポイント"", ""試合平均"", ""最近5試合"", ""順位"", ""勝点"", ""得点"", ""失点""]","[""292.30"", ""14.61"", ""72.96"", ""8"", ""25"", ""16"", ""23""]"
20260802,20260609,j2,,守備.html,リーグサマリー:2026特別 J2J3百年構想リーグ チャンスビルディングポイント 守備ポイント ランキング | データによってサッカーはもっと輝く | Football LAB,リーグサマリー:2026特別 J2J3百年構想リーグ チャンスビルディングポイント 守備ポイント ランキング | データによってサッカーはもっと輝く | Football LAB,リーグサマリー:2026特別 J2J3百年構想リーグ チャンスビルディングポイント 守備ポイント ランキング | データによってサッカーはもっと輝く | Football LAB,1,琉球,琉球,"[""守備ポイント"", ""試合平均"", ""最近5試合"", ""順位"", ""勝点"", ""得点"", ""失点""]","[""291.71"", ""14.59"", ""78.39"", ""9"", ""17"", ""13"", ""25""]"
20260802,20260609,j2,,守備.html,リーグサマリー:2026特別 J2J3百年構想リーグ チャンスビルディングポイント 守備ポイント ランキング | データによってサッカーはもっと輝く | Football LAB,リーグサマリー:2026特別 J2J3百年構想リーグ チャンスビルディングポイント 守備ポイント ランキング | データによってサッカーはもっと輝く | Football LAB,リーグサマリー:2026特別 J2J3百年構想リーグ チャンスビルディングポイント 守備ポイント ランキング | データによってサッカーはもっと輝く | Football LAB,1,熊本,熊本,"[""守備ポイント"", ""試合平均"", ""最近5試合"", ""順位"", ""勝点"", ""得点"", ""失点""]","[""290.35"", ""14.52"", ""71.28"", ""5"", ""27"", ""20"", ""20""]"
20260802,20260609,j2,,守備.html,リーグサマリー:2026特別 J2J3百年構想リーグ チャンスビルディングポイント 守備ポイント ランキング | データによってサッカーはもっと輝く | Football LAB,リーグサマリー:2026特別 J2J3百年構想リーグ チャンスビルディングポイント 守備ポイント ランキング | データによってサッカーはもっと輝く | Football LAB,リーグサマリー:2026特別 J2J3百年構想リーグ チャンスビルディングポイント 守備ポイント ランキング | データによってサッカーはもっと輝く | Football LAB,1,湘南,湘南,"[""守備ポイント"", ""試合平均"", ""最近5試合"", ""順位"", ""勝点"", ""得点"", ""失点""]","[""287.60"", ""14.38"", ""67.80"", ""3"", ""31"", ""25"", ""19""]"
20260802,20260609,j2,,守備.html,リーグサマリー:2026特別 J2J3百年構想リーグ チャンスビルディングポイント 守備ポイント ランキング | データによってサッカーはもっと輝く | Football LAB,リーグサマリー:2026特別 J2J3百年構想リーグ チャンスビルディングポイント 守備ポイント ランキング | データによってサッカーはもっと輝く | Football LAB,リーグサマリー:2026特別 J2J3百年構想リーグ チャンスビルディングポイント 守備ポイント ランキング | データによってサッカーはもっと輝く | Football LAB,1,新潟,新潟,"[""守備ポイント"", ""試合平均"", ""最近5試合"", ""順位"", ""勝点"", ""得点"", ""失点""]","[""287.14"", ""14.36"", ""80.64"", ""2"", ""35"", ""21"", ""17""]"
20260802,20260609,j2,,守備.html,リーグサマリー:2026特別 J2J3百年構想リーグ チャンスビルディングポイント 守備ポイント ランキング | データによってサッカーはもっと輝く | Football LAB,リーグサマリー:2026特別 J2J3百年構想リーグ チャンスビルディングポイント 守備ポイント ランキング | データによってサッカーはもっと輝く | Football LAB,リーグサマリー:2026特別 J2J3百年構想リーグ チャンスビルディングポイント 守備ポイント ランキング | データによってサッカーはもっと輝く | Football LAB,1,金沢,金沢,"[""守備ポイント"", ""試合平均"", ""最近5試合"", ""順位"", ""勝点"", ""得点"", ""失点""]","[""284.93"", ""14.25"", ""67.33"", ""6"", ""27"", ""15"", ""21""]"
20260802,20260609,j2,,守備.html,リーグサマリー:2026特別 J2J3百年構想リーグ チャンスビルディングポイント 守備ポイント ランキング | データによってサッカーはもっと輝く | Football LAB,リーグサマリー:2026特別 J2J3百年構想リーグ チャンスビルディングポイント 守備ポイント ランキング | データによってサッカーはもっと輝く | Football LAB,リーグサマリー:2026特別 J2J3百年構想リーグ チャンスビルディングポイント 守備ポイント ランキング | データによってサッカーはもっと輝く | Football LAB,1,秋田,秋田,"[""守備ポイント"", ""試合平均"", ""最近5試合"", ""順位"", ""勝点"", ""得点"", ""失点""]","[""283.40"", ""14.17"", ""74.31"", ""2"", ""35"", ""23"", ""14""]"
20260802,20260609,j2,,守備.html,リーグサマリー:2026特別 J2J3百年構想リーグ チャンスビルディングポイント 守備ポイント ランキング | データによってサッカーはもっと輝く | Football LAB,リーグサマリー:2026特別 J2J3百年構想リーグ チャンスビルディングポイント 守備ポイント ランキング | データによってサッカーはもっと輝く | Football LAB,リーグサマリー:2026特別 J2J3百年構想リーグ チャンスビルディングポイント 守備ポイント ランキング | データによってサッカーはもっと輝く | Football LAB,1,甲府,甲府,"[""守備ポイント"", ""試合平均"", ""最近5試合"", ""順位"", ""勝点"", ""得点"", ""失点""]","[""283.23"", ""14.16"", ""75.80"", ""1"", ""35"", ""21"", ""13""]"
20260802,20260609,j2,,守備.html,リーグサマリー:2026特別 J2J3百年構想リーグ チャンスビルディングポイント 守備ポイント ランキング | データによってサッカーはもっと輝く | Football LAB,リーグサマリー:2026特別 J2J3百年構想リーグ チャンスビルディングポイント 守備ポイント ランキング | データによってサッカーはもっと輝く | Football LAB,リーグサマリー:2026特別 J2J3百年構想リーグ チャンスビルディングポイント 守備ポイント ランキング | データによってサッカーはもっと輝く | Football LAB,1,愛媛,愛媛,"[""守備ポイント"", ""試合平均"", ""最近5試合"", ""順位"", ""勝点"", ""得点"", ""失点""]","[""282.68"", ""14.13"", ""57.36"", ""5"", ""28"", ""25"", ""18""]"
20260802,20260609,j2,,守備.html,リーグサマリー:2026特別 J2J3百年構想リーグ チャンスビルディングポイント 守備ポイント ランキング | データによってサッカーはもっと輝く | Football LAB,リーグサマリー:2026特別 J2J3百年構想リーグ チャンスビルディングポイント 守備ポイント ランキング | データによってサッカーはもっと輝く | Football LAB,リーグサマリー:2026特別 J2J3百年構想リーグ チャンスビルディングポイント 守備ポイント ランキング | データによってサッカーはもっと輝く | Football LAB,1,富山,富山,"[""守備ポイント"", ""試合平均"", ""最近5試合"", ""順位"", ""勝点"", ""得点"", ""失点""]","[""276.66"", ""13.83"", ""72.96"", ""1"", ""38"", ""37"", ""24""]"
20260802,20260609,j2,,守備.html,リーグサマリー:2026特別 J2J3百年構想リーグ チャンスビルディングポイント 守備ポイント ランキング | データによってサッカーはもっと輝く | Football LAB,リーグサマリー:2026特別 J2J3百年構想リーグ チャンスビルディングポイント 守備ポイント ランキング | データによってサッカーはもっと輝く | Football LAB,リーグサマリー:2026特別 J2J3百年構想リーグ チャンスビルディングポイント 守備ポイント ランキング | データによってサッカーはもっと輝く | Football LAB,1,高知,高知,"[""守備ポイント"", ""試合平均"", ""最近5試合"", ""順位"", ""勝点"", ""得点"", ""失点""]","[""276.21"", ""13.81"", ""67.87"", ""4"", ""30"", ""23"", ""21""]"
20260802,20260609,j2,,守備.html,リーグサマリー:2026特別 J2J3百年構想リーグ チャンスビルディングポイント 守備ポイント ランキング | データによってサッカーはもっと輝く | Football LAB,リーグサマリー:2026特別 J2J3百年構想リーグ チャンスビルディングポイント 守備ポイント ランキング | データによってサッカーはもっと輝く | Football LAB,リーグサマリー:2026特別 J2J3百年構想リーグ チャンスビルディングポイント 守備ポイント ランキング | データによってサッカーはもっと輝く | Football LAB,1,大分,大分,"[""守備ポイント"", ""試合平均"", ""最近5試合"", ""順位"", ""勝点"", ""得点"", ""失点""]","[""275.46"", ""13.77"", ""62.46"", ""7"", ""22"", ""18"", ""18""]"
20260802,20260609,j2,,守備.html,リーグサマリー:2026特別 J2J3百年構想リーグ チャンスビルディングポイント 守備ポイント ランキング | データによってサッカーはもっと輝く | Football LAB,リーグサマリー:2026特別 J2J3百年構想リーグ チャンスビルディングポイント 守備ポイント ランキング | データによってサッカーはもっと輝く | Football LAB,リーグサマリー:2026特別 J2J3百年構想リーグ チャンスビルディングポイント 守備ポイント ランキング | データによってサッカーはもっと輝く | Football LAB,1,藤枝,藤枝,"[""守備ポイント"", ""試合平均"", ""最近5試合"", ""順位"", ""勝点"", ""得点"", ""失点""]","[""273.10"", ""13.66"", ""77.91"", ""5"", ""30"", ""21"", ""17""]"
20260802,20260609,j2,,守備.html,リーグサマリー:2026特別 J2J3百年構想リーグ チャンスビルディングポイント 守備ポイント ランキング | データによってサッカーはもっと輝く | Football LAB,リーグサマリー:2026特別 J2J3百年構想リーグ チャンスビルディングポイント 守備ポイント ランキング | データによってサッカーはもっと輝く | Football LAB,リーグサマリー:2026特別 J2J3百年構想リーグ チャンスビルディングポイント 守備ポイント ランキング | データによってサッカーはもっと輝く | Football LAB,1,松本,松本,"[""守備ポイント"", ""試合平均"", ""最近5試合"", ""順位"", ""勝点"", ""得点"", ""失点""]","[""270.91"", ""13.55"", ""65.76"", ""7"", ""26"", ""31"", ""21""]"
20260802,20260609,j2,,守備.html,リーグサマリー:2026特別 J2J3百年構想リーグ チャンスビルディングポイント 守備ポイント ランキング | データによってサッカーはもっと輝く | Football LAB,リーグサマリー:2026特別 J2J3百年構想リーグ チャンスビルディングポイント 守備ポイント ランキング | データによってサッカーはもっと輝く | Football LAB,リーグサマリー:2026特別 J2J3百年構想リーグ チャンスビルディングポイント 守備ポイント ランキング | データによってサッカーはもっと輝く | Football LAB,1,札幌,札幌,"[""守備ポイント"", ""試合平均"", ""最近5試合"", ""順位"", ""勝点"", ""得点"", ""失点""]","[""270.46"", ""13.52"", ""72.06"", ""2"", ""31"", ""26"", ""22""]"
20260802,20260609,j2,,守備.html,リーグサマリー:2026特別 J2J3百年構想リーグ チャンスビルディングポイント 守備ポイント ランキング | データによってサッカーはもっと輝く | Football LAB,リーグサマリー:2026特別 J2J3百年構想リーグ チャンスビルディングポイント 守備ポイント ランキング | データによってサッカーはもっと輝く | Football LAB,リーグサマリー:2026特別 J2J3百年構想リーグ チャンスビルディングポイント 守備ポイント ランキング | データによってサッカーはもっと輝く | Football LAB,1,FC大阪,FC大阪,"[""守備ポイント"", ""試合平均"", ""最近5試合"", ""順位"", ""勝点"", ""得点"", ""失点""]","[""269.76"", ""13.49"", ""75.51"", ""8"", ""20"", ""15"", ""18""]"
20260802,20260609,j2,,守備.html,リーグサマリー:2026特別 J2J3百年構想リーグ チャンスビルディングポイント 守備ポイント ランキング | データによってサッカーはもっと輝く | Football LAB,リーグサマリー:2026特別 J2J3百年構想リーグ チャンスビルディングポイント 守備ポイント ランキング | データによってサッカーはもっと輝く | Football LAB,リーグサマリー:2026特別 J2J3百年構想リーグ チャンスビルディングポイント 守備ポイント ランキング | データによってサッカーはもっと輝く | Football LAB,1,岐阜,岐阜,"[""守備ポイント"", ""試合平均"", ""最近5試合"", ""順位"", ""勝点"", ""得点"", ""失点""]","[""268.97"", ""13.45"", ""71.43"", ""6"", ""28"", ""24"", ""26""]"
20260802,20260609,j2,,守備.html,リーグサマリー:2026特別 J2J3百年構想リーグ チャンスビルディングポイント 守備ポイント ランキング | データによってサッカーはもっと輝く | Football LAB,リーグサマリー:2026特別 J2J3百年構想リーグ チャンスビルディングポイント 守備ポイント ランキング | データによってサッカーはもっと輝く | Football LAB,リーグサマリー:2026特別 J2J3百年構想リーグ チャンスビルディングポイント 守備ポイント ランキング | データによってサッカーはもっと輝く | Football LAB,1,大宮,大宮,"[""守備ポイント"", ""試合平均"", ""最近5試合"", ""順位"", ""勝点"", ""得点"", ""失点""]","[""267.73"", ""13.39"", ""74.96"", ""4"", ""30"", ""38"", ""28""]"
20260802,20260609,j2,,守備.html,リーグサマリー:2026特別 J2J3百年構想リーグ チャンスビルディングポイント 守備ポイント ランキング | データによってサッカーはもっと輝く | Football LAB,リーグサマリー:2026特別 J2J3百年構想リーグ チャンスビルディングポイント 守備ポイント ランキング | データによってサッカーはもっと輝く | Football LAB,リーグサマリー:2026特別 J2J3百年構想リーグ チャンスビルディングポイント 守備ポイント ランキング | データによってサッカーはもっと輝く | Football LAB,1,いわき,いわき,"[""守備ポイント"", ""試合平均"", ""最近5試合"", ""順位"", ""勝点"", ""得点"", ""失点""]","[""266.42"", ""13.32"", ""63.72"", ""3"", ""31"", ""22"", ""18""]"
20260802,20260609,j2,,守備.html,リーグサマリー:2026特別 J2J3百年構想リーグ チャンスビルディングポイント 守備ポイント ランキング | データによってサッカーはもっと輝く | Football LAB,リーグサマリー:2026特別 J2J3百年構想リーグ チャンスビルディングポイント 守備ポイント ランキング | データによってサッカーはもっと輝く | Football LAB,リーグサマリー:2026特別 J2J3百年構想リーグ チャンスビルディングポイント 守備ポイント ランキング | データによってサッカーはもっと輝く | Football LAB,1,仙台,仙台,"[""守備ポイント"", ""試合平均"", ""最近5試合"", ""順位"", ""勝点"", ""得点"", ""失点""]","[""263.12"", ""13.16"", ""65.22"", ""1"", ""43"", ""32"", ""15""]"
20260802,20260609,j2,,守備.html,リーグサマリー:2026特別 J2J3百年構想リーグ チャンスビルディングポイント 守備ポイント ランキング | データによってサッカーはもっと輝く | Football LAB,リーグサマリー:2026特別 J2J3百年構想リーグ チャンスビルディングポイント 守備ポイント ランキング | データによってサッカーはもっと輝く | Football LAB,リーグサマリー:2026特別 J2J3百年構想リーグ チャンスビルディングポイント 守備ポイント ランキング | データによってサッカーはもっと輝く | Football LAB,1,徳島,徳島,"[""守備ポイント"", ""試合平均"", ""最近5試合"", ""順位"", ""勝点"", ""得点"", ""失点""]","[""261.65"", ""13.08"", ""65.98"", ""3"", ""32"", ""36"", ""22""]"
20260802,20260609,j2,,守備.html,リーグサマリー:2026特別 J2J3百年構想リーグ チャンスビルディングポイント 守備ポイント ランキング | データによってサッカーはもっと輝く | Football LAB,リーグサマリー:2026特別 J2J3百年構想リーグ チャンスビルディングポイント 守備ポイント ランキング | データによってサッカーはもっと輝く | Football LAB,リーグサマリー:2026特別 J2J3百年構想リーグ チャンスビルディングポイント 守備ポイント ランキング | データによってサッカーはもっと輝く | Football LAB,1,宮崎,宮崎,"[""守備ポイント"", ""試合平均"", ""最近5試合"", ""順位"", ""勝点"", ""得点"", ""失点""]","[""256.18"", ""12.81"", ""64.67"", ""1"", ""47"", ""35"", ""11""]"
20260802,20260609,j2,,守備.html,リーグサマリー:2026特別 J2J3百年構想リーグ チャンスビルディングポイント 守備ポイント ランキング | データによってサッカーはもっと輝く | Football LAB,リーグサマリー:2026特別 J2J3百年構想リーグ チャンスビルディングポイント 守備ポイント ランキング | データによってサッカーはもっと輝く | Football LAB,リーグサマリー:2026特別 J2J3百年構想リーグ チャンスビルディングポイント 守備ポイント ランキング | データによってサッカーはもっと輝く | Football LAB,1,鳥栖,鳥栖,"[""守備ポイント"", ""試合平均"", ""最近5試合"", ""順位"", ""勝点"", ""得点"", ""失点""]","[""240.01"", ""12.00"", ""56.50"", ""3"", ""32"", ""24"", ""14""]"
20260802,20260609,j2,,守備.html,リーグサマリー:2026特別 J2J3百年構想リーグ チャンスビルディングポイント 守備ポイント ランキング | データによってサッカーはもっと輝く | Football LAB,リーグサマリー:2026特別 J2J3百年構想リーグ チャンスビルディングポイント 守備ポイント ランキング | データによってサッカーはもっと輝く | Football LAB,リーグサマリー:2026特別 J2J3百年構想リーグ チャンスビルディングポイント 守備ポイント ランキング | データによってサッカーはもっと輝く | Football LAB,1,鹿児島,鹿児島,"[""守備ポイント"", ""試合平均"", ""最近5試合"", ""順位"", ""勝点"", ""得点"", ""失点""]","[""239.22"", ""11.96"", ""60.67"", ""2"", ""33"", ""23"", ""15""]"
20260802,20260609,j2,,守備.html,リーグサマリー:2026特別 J2J3百年構想リーグ チャンスビルディングポイント 守備ポイント ランキング | データによってサッカーはもっと輝く | Football LAB,リーグサマリー:2026特別 J2J3百年構想リーグ チャンスビルディングポイント 守備ポイント ランキング | データによってサッカーはもっと輝く | Football LAB,リーグサマリー:2026特別 J2J3百年構想リーグ チャンスビルディングポイント 守備ポイント ランキング | データによってサッカーはもっと輝く | Football LAB,1,横浜FC,横浜FC,"[""守備ポイント"", ""試合平均"", ""最近5試合"", ""順位"", ""勝点"", ""得点"", ""失点""]","[""217.96"", ""10.90"", ""62.33"", ""4"", ""29"", ""34"", ""27""]"
20260802,20260609,j2,,守備.html,リーグサマリー:2026特別 J2J3百年構想リーグ チャンスビルディングポイント 守備ポイント ランキング | データによってサッカーはもっと輝く | Football LAB,リーグサマリー:2026特別 J2J3百年構想リーグ チャンスビルディングポイント 守備ポイント ランキング | データによってサッカーはもっと輝く | Football LAB,リーグサマリー:2026特別 J2J3百年構想リーグ チャンスビルディングポイント 守備ポイント ランキング | データによってサッカーはもっと輝く | Football LAB,2,マテイ ヨニッチ,マテイヨニッチ,"[""守備ポイント"", ""90分平均"", ""最近5試合"", ""出場試合"", ""攻撃CBP"", ""奪取P""]","["""", ""58.44"", ""3.37"", ""12.00"", ""17"", ""18.20"", ""130.28""]"
20260802,20260609,j2,,守備.html,リーグサマリー:2026特別 J2J3百年構想リーグ チャンスビルディングポイント 守備ポイント ランキング | データによってサッカーはもっと輝く | Football LAB,リーグサマリー:2026特別 J2J3百年構想リーグ チャンスビルディングポイント 守備ポイント ランキング | データによってサッカーはもっと輝く | Football LAB,リーグサマリー:2026特別 J2J3百年構想リーグ チャンスビルディングポイント 守備ポイント ランキング | データによってサッカーはもっと輝く | Football LAB,2,菊地 脩太,菊地脩太,"[""守備ポイント"", ""90分平均"", ""最近5試合"", ""出場試合"", ""攻撃CBP"", ""奪取P""]","["""", ""57.46"", ""2.97"", ""18.83"", ""19"", ""25.09"", ""157.75""]"
20260802,20260609,j2,,守備.html,リーグサマリー:2026特別 J2J3百年構想リーグ チャンスビルディングポイント 守備ポイント ランキング | データによってサッカーはもっと輝く | Football LAB,リーグサマリー:2026特別 J2J3百年構想リーグ チャンスビルディングポイント 守備ポイント ランキング | データによってサッカーはもっと輝く | Football LAB,リーグサマリー:2026特別 J2J3百年構想リーグ チャンスビルディングポイント 守備ポイント ランキング | データによってサッカーはもっと輝く | Football LAB,2,平松 航,平松航,"[""守備ポイント"", ""90分平均"", ""最近5試合"", ""出場試合"", ""攻撃CBP"", ""奪取P""]","["""", ""57.22"", ""2.82"", ""15.62"", ""20"", ""15.43"", ""247.85""]"
20260802,20260609,j2,,守備.html,リーグサマリー:2026特別 J2J3百年構想リーグ チャンスビルディングポイント 守備ポイント ランキング | データによってサッカーはもっと輝く | Football LAB,リーグサマリー:2026特別 J2J3百年構想リーグ チャンスビルディングポイント 守備ポイント ランキング | データによってサッカーはもっと輝く | Football LAB,リーグサマリー:2026特別 J2J3百年構想リーグ チャンスビルディングポイント 守備ポイント ランキング | データによってサッカーはもっと輝く | Football LAB,2,野瀬 翔也,野瀬翔也,"[""守備ポイント"", ""90分平均"", ""最近5試合"", ""出場試合"", ""攻撃CBP"", ""奪取P""]","["""", ""55.41"", ""3.10"", ""14.45"", ""19"", ""18.91"", ""190.73""]"
20260802,20260609,j2,,守備.html,リーグサマリー:2026特別 J2J3百年構想リーグ チャンスビルディングポイント 守備ポイント ランキング | データによってサッカーはもっと輝く | Football LAB,リーグサマリー:2026特別 J2J3百年構想リーグ チャンスビルディングポイント 守備ポイント ランキング | データによってサッカーはもっと輝く | Football LAB,リーグサマリー:2026特別 J2J3百年構想リーグ チャンスビルディングポイント 守備ポイント ランキング | データによってサッカーはもっと輝く | Football LAB,2,袴田 裕太郎,袴田裕太郎,"[""守備ポイント"", ""90分平均"", ""最近5試合"", ""出場試合"", ""攻撃CBP"", ""奪取P""]","["""", ""53.69"", ""2.64"", ""11.68"", ""20"", ""20.12"", ""205.17""]"
20260802,20260609,j2,,守備.html,リーグサマリー:2026特別 J2J3百年構想リーグ チャンスビルディングポイント 守備ポイント ランキング | データによってサッカーはもっと輝く | Football LAB,リーグサマリー:2026特別 J2J3百年構想リーグ チャンスビルディングポイント 守備ポイント ランキング | データによってサッカーはもっと輝く | Football LAB,リーグサマリー:2026特別 J2J3百年構想リーグ チャンスビルディングポイント 守備ポイント ランキング | データによってサッカーはもっと輝く | Football LAB,2,土屋 櫂大,土屋櫂大,"[""守備ポイント"", ""90分平均"", ""最近5試合"", ""出場試合"", ""攻撃CBP"", ""奪取P""]","["""", ""52.84"", ""3.30"", ""8.01"", ""16"", ""16.67"", ""159.19""]"
20260802,20260609,j2,,守備.html,リーグサマリー:2026特別 J2J3百年構想リーグ チャンスビルディングポイント 守備ポイント ランキング | データによってサッカーはもっと輝く | Football LAB,リーグサマリー:2026特別 J2J3百年構想リーグ チャンスビルディングポイント 守備ポイント ランキング | データによってサッカーはもっと輝く | Football LAB,リーグサマリー:2026特別 J2J3百年構想リーグ チャンスビルディングポイント 守備ポイント ランキング | データによってサッカーはもっと輝く | Football LAB,2,ペレイラ,ペレイラ,"[""守備ポイント"", ""90分平均"", ""最近5試合"", ""出場試合"", ""攻撃CBP"", ""奪取P""]","["""", ""50.97"", ""2.78"", ""11.88"", ""18"", ""18.65"", ""150.26""]"
20260802,20260609,j2,,守備.html,リーグサマリー:2026特別 J2J3百年構想リーグ チャンスビルディングポイント 守備ポイント ランキング | データによってサッカーはもっと輝く | Football LAB,リーグサマリー:2026特別 J2J3百年構想リーグ チャンスビルディングポイント 守備ポイント ランキング | データによってサッカーはもっと輝く | Football LAB,リーグサマリー:2026特別 J2J3百年構想リーグ チャンスビルディングポイント 守備ポイント ランキング | データによってサッカーはもっと輝く | Football LAB,2,菅田 真啓,菅田真啓,"[""守備ポイント"", ""90分平均"", ""最近5試合"", ""出場試合"", ""攻撃CBP"", ""奪取P""]","["""", ""50.59"", ""3.04"", ""15.18"", ""18"", ""14.06"", ""126.98""]"
20260802,20260609,j2,,守備.html,リーグサマリー:2026特別 J2J3百年構想リーグ チャンスビルディングポイント 守備ポイント ランキング | データによってサッカーはもっと輝く | Football LAB,リーグサマリー:2026特別 J2J3百年構想リーグ チャンスビルディングポイント 守備ポイント ランキング | データによってサッカーはもっと輝く | Football LAB,リーグサマリー:2026特別 J2J3百年構想リーグ チャンスビルディングポイント 守備ポイント ランキング | データによってサッカーはもっと輝く | Football LAB,2,李 泰河,李泰河,"[""守備ポイント"", ""90分平均"", ""最近5試合"", ""出場試合"", ""攻撃CBP"", ""奪取P""]","["""", ""50.46"", ""2.75"", ""15.48"", ""19"", ""19.82"", ""164.06""]"
20260802,20260609,j2,,守備.html,リーグサマリー:2026特別 J2J3百年構想リーグ チャンスビルディングポイント 守備ポイント ランキング | データによってサッカーはもっと輝く | Football LAB,リーグサマリー:2026特別 J2J3百年構想リーグ チャンスビルディングポイント 守備ポイント ランキング | データによってサッカーはもっと輝く | Football LAB,リーグサマリー:2026特別 J2J3百年構想リーグ チャンスビルディングポイント 守備ポイント ランキング | データによってサッカーはもっと輝く | Football LAB,2,岡本 將成,岡本將成,"[""守備ポイント"", ""90分平均"", ""最近5試合"", ""出場試合"", ""攻撃CBP"", ""奪取P""]","["""", ""50.10"", ""2.87"", ""11.95"", ""18"", ""14.27"", ""152.05""]"
20260802,20260609,j2,,守備.html,リーグサマリー:2026特別 J2J3百年構想リーグ チャンスビルディングポイント 守備ポイント ランキング | データによってサッカーはもっと輝く | Football LAB,リーグサマリー:2026特別 J2J3百年構想リーグ チャンスビルディングポイント 守備ポイント ランキング | データによってサッカーはもっと輝く | Football LAB,リーグサマリー:2026特別 J2J3百年構想リーグ チャンスビルディングポイント 守備ポイント ランキング | データによってサッカーはもっと輝く | Football LAB,2,金子 光汰,金子光汰,"[""守備ポイント"", ""90分平均"", ""最近5試合"", ""出場試合"", ""攻撃CBP"", ""奪取P""]","["""", ""49.81"", ""2.72"", ""13.39"", ""18"", ""12.09"", ""204.26""]"
20260802,20260609,j2,,守備.html,リーグサマリー:2026特別 J2J3百年構想リーグ チャンスビルディングポイント 守備ポイント ランキング | データによってサッカーはもっと輝く | Football LAB,リーグサマリー:2026特別 J2J3百年構想リーグ チャンスビルディングポイント 守備ポイント ランキング | データによってサッカーはもっと輝く | Football LAB,リーグサマリー:2026特別 J2J3百年構想リーグ チャンスビルディングポイント 守備ポイント ランキング | データによってサッカーはもっと輝く | Football LAB,2,杉山 耕二,杉山耕二,"[""守備ポイント"", ""90分平均"", ""最近5試合"", ""出場試合"", ""攻撃CBP"", ""奪取P""]","["""", ""49.45"", ""2.47"", ""11.13"", ""20"", ""22.06"", ""193.71""]"
20260802,20260609,j2,,守備.html,リーグサマリー:2026特別 J2J3百年構想リーグ チャンスビルディングポイント 守備ポイント ランキング | データによってサッカーはもっと輝く | Football LAB,リーグサマリー:2026特別 J2J3百年構想リーグ チャンスビルディングポイント 守備ポイント ランキング | データによってサッカーはもっと輝く | Football LAB,リーグサマリー:2026特別 J2J3百年構想リーグ チャンスビルディングポイント 守備ポイント ランキング | データによってサッカーはもっと輝く | Football LAB,2,田川 知樹,田川知樹,"[""守備ポイント"", ""90分平均"", ""最近5試合"", ""出場試合"", ""攻撃CBP"", ""奪取P""]","["""", ""49.30"", ""2.51"", ""14.72"", ""19"", ""12.47"", ""51.10""]"
20260802,20260609,j2,,守備.html,リーグサマリー:2026特別 J2J3百年構想リーグ チャンスビルディングポイント 守備ポイント ランキング | データによってサッカーはもっと輝く | Football LAB,リーグサマリー:2026特別 J2J3百年構想リーグ チャンスビルディングポイント 守備ポイント ランキング | データによってサッカーはもっと輝く | Football LAB,リーグサマリー:2026特別 J2J3百年構想リーグ チャンスビルディングポイント 守備ポイント ランキング | データによってサッカーはもっと輝く | Football LAB,2,舩木 翔,舩木翔,"[""守備ポイント"", ""90分平均"", ""最近5試合"", ""出場試合"", ""攻撃CBP"", ""奪取P""]","["""", ""49.26"", ""2.71"", ""11.02"", ""19"", ""20.31"", ""129.19""]"
20260802,20260609,j2,,守備.html,リーグサマリー:2026特別 J2J3百年構想リーグ チャンスビルディングポイント 守備ポイント ランキング | データによってサッカーはもっと輝く | Football LAB,リーグサマリー:2026特別 J2J3百年構想リーグ チャンスビルディングポイント 守備ポイント ランキング | データによってサッカーはもっと輝く | Football LAB,リーグサマリー:2026特別 J2J3百年構想リーグ チャンスビルディングポイント 守備ポイント ランキング | データによってサッカーはもっと輝く | Football LAB,2,白井 達也,白井達也,"[""守備ポイント"", ""90分平均"", ""最近5試合"", ""出場試合"", ""攻撃CBP"", ""奪取P""]","["""", ""48.83"", ""2.41"", ""12.65"", ""20"", ""17.18"", ""235.08""]"
20260802,20260609,j2,,守備.html,リーグサマリー:2026特別 J2J3百年構想リーグ チャンスビルディングポイント 守備ポイント ランキング | データによってサッカーはもっと輝く | Football LAB,リーグサマリー:2026特別 J2J3百年構想リーグ チャンスビルディングポイント 守備ポイント ランキング | データによってサッカーはもっと輝く | Football LAB,リーグサマリー:2026特別 J2J3百年構想リーグ チャンスビルディングポイント 守備ポイント ランキング | データによってサッカーはもっと輝く | Football LAB,2,佐藤 大翔,佐藤大翔,"[""守備ポイント"", ""90分平均"", ""最近5試合"", ""出場試合"", ""攻撃CBP"", ""奪取P""]","["""", ""48.83"", ""2.46"", ""13.57"", ""20"", ""22.38"", ""120.48""]"
20260802,20260609,j2,,守備.html,リーグサマリー:2026特別 J2J3百年構想リーグ チャンスビルディングポイント 守備ポイント ランキング | データによってサッカーはもっと輝く | Football LAB,リーグサマリー:2026特別 J2J3百年構想リーグ チャンスビルディングポイント 守備ポイント ランキング | データによってサッカーはもっと輝く | Football LAB,リーグサマリー:2026特別 J2J3百年構想リーグ チャンスビルディングポイント 守備ポイント ランキング | データによってサッカーはもっと輝く | Football LAB,2,奈良坂 巧,奈良坂巧,"[""守備ポイント"", ""90分平均"", ""最近5試合"", ""出場試合"", ""攻撃CBP"", ""奪取P""]","["""", ""48.57"", ""3.35"", ""2.81"", ""15"", ""17.35"", ""146.58""]"
20260802,20260609,j2,,守備.html,リーグサマリー:2026特別 J2J3百年構想リーグ チャンスビルディングポイント 守備ポイント ランキング | データによってサッカーはもっと輝く | Football LAB,リーグサマリー:2026特別 J2J3百年構想リーグ チャンスビルディングポイント 守備ポイント ランキング | データによってサッカーはもっと輝く | Football LAB,リーグサマリー:2026特別 J2J3百年構想リーグ チャンスビルディングポイント 守備ポイント ランキング | データによってサッカーはもっと輝く | Football LAB,2,永野 修都,永野修都,"[""守備ポイント"", ""90分平均"", ""最近5試合"", ""出場試合"", ""攻撃CBP"", ""奪取P""]","["""", ""48.43"", ""2.79"", ""16.73"", ""17"", ""20.25"", ""222.83""]"
20260802,20260609,j2,,守備.html,リーグサマリー:2026特別 J2J3百年構想リーグ チャンスビルディングポイント 守備ポイント ランキング | データによってサッカーはもっと輝く | Football LAB,リーグサマリー:2026特別 J2J3百年構想リーグ チャンスビルディングポイント 守備ポイント ランキング | データによってサッカーはもっと輝く | Football LAB,リーグサマリー:2026特別 J2J3百年構想リーグ チャンスビルディングポイント 守備ポイント ランキング | データによってサッカーはもっと輝く | Football LAB,2,山内 琳太郎,山内琳太郎,"[""守備ポイント"", ""90分平均"", ""最近5試合"", ""出場試合"", ""攻撃CBP"", ""奪取P""]","["""", ""47.48"", ""2.75"", ""11.81"", ""19"", ""7.76"", ""134.72""]"
20260802,20260609,j2,,守備.html,リーグサマリー:2026特別 J2J3百年構想リーグ チャンスビルディングポイント 守備ポイント ランキング | データによってサッカーはもっと輝く | Football LAB,リーグサマリー:2026特別 J2J3百年構想リーグ チャンスビルディングポイント 守備ポイント ランキング | データによってサッカーはもっと輝く | Football LAB,リーグサマリー:2026特別 J2J3百年構想リーグ チャンスビルディングポイント 守備ポイント ランキング | データによってサッカーはもっと輝く | Football LAB,2,柳 育崇,柳育崇,"[""守備ポイント"", ""90分平均"", ""最近5試合"", ""出場試合"", ""攻撃CBP"", ""奪取P""]","["""", ""47.48"", ""3.05"", ""4.47"", ""18"", ""10.78"", ""154.47""]"
20260802,20260609,j2,,守備.html,リーグサマリー:2026特別 J2J3百年構想リーグ チャンスビルディングポイント 守備ポイント ランキング | データによってサッカーはもっと輝く | Football LAB,リーグサマリー:2026特別 J2J3百年構想リーグ チャンスビルディングポイント 守備ポイント ランキング | データによってサッカーはもっと輝く | Football LAB,リーグサマリー:2026特別 J2J3百年構想リーグ チャンスビルディングポイント 守備ポイント ランキング | データによってサッカーはもっと輝く | Football LAB,2,藤森 隆汰,藤森隆汰,"[""守備ポイント"", ""90分平均"", ""最近5試合"", ""出場試合"", ""攻撃CBP"", ""奪取P""]","["""", ""47.48"", ""2.34"", ""13.04"", ""20"", ""28.82"", ""227.28""]"
20260802,20260609,j2,,守備.html,リーグサマリー:2026特別 J2J3百年構想リーグ チャンスビルディングポイント 守備ポイント ランキング | データによってサッカーはもっと輝く | Football LAB,リーグサマリー:2026特別 J2J3百年構想リーグ チャンスビルディングポイント 守備ポイント ランキング | データによってサッカーはもっと輝く | Football LAB,リーグサマリー:2026特別 J2J3百年構想リーグ チャンスビルディングポイント 守備ポイント ランキング | データによってサッカーはもっと輝く | Football LAB,2,山田 奈央,山田奈央,"[""守備ポイント"", ""90分平均"", ""最近5試合"", ""出場試合"", ""攻撃CBP"", ""奪取P""]","["""", ""47.26"", ""2.49"", ""12.54"", ""19"", ""17.70"", ""131.07""]"
20260802,20260609,j2,,守備.html,リーグサマリー:2026特別 J2J3百年構想リーグ チャンスビルディングポイント 守備ポイント ランキング | データによってサッカーはもっと輝く | Football LAB,リーグサマリー:2026特別 J2J3百年構想リーグ チャンスビルディングポイント 守備ポイント ランキング | データによってサッカーはもっと輝く | Football LAB,リーグサマリー:2026特別 J2J3百年構想リーグ チャンスビルディングポイント 守備ポイント ランキング | データによってサッカーはもっと輝く | Football LAB,2,藤谷 匠,藤谷匠,"[""守備ポイント"", ""90分平均"", ""最近5試合"", ""出場試合"", ""攻撃CBP"", ""奪取P""]","["""", ""47.00"", ""3.44"", ""18.52"", ""15"", ""18.57"", ""104.90""]"
20260802,20260609,j2,,守備.html,リーグサマリー:2026特別 J2J3百年構想リーグ チャンスビルディングポイント 守備ポイント ランキング | データによってサッカーはもっと輝く | Football LAB,リーグサマリー:2026特別 J2J3百年構想リーグ チャンスビルディングポイント 守備ポイント ランキング | データによってサッカーはもっと輝く | Football LAB,リーグサマリー:2026特別 J2J3百年構想リーグ チャンスビルディングポイント 守備ポイント ランキング | データによってサッカーはもっと輝く | Football LAB,2,西尾 隆矢,西尾隆矢,"[""守備ポイント"", ""90分平均"", ""最近5試合"", ""出場試合"", ""攻撃CBP"", ""奪取P""]","["""", ""46.34"", ""2.65"", ""9.66"", ""18"", ""20.34"", ""182.76""]"
20260802,20260609,j2,,守備.html,リーグサマリー:2026特別 J2J3百年構想リーグ チャンスビルディングポイント 守備ポイント ランキング | データによってサッカーはもっと輝く | Football LAB,リーグサマリー:2026特別 J2J3百年構想リーグ チャンスビルディングポイント 守備ポイント ランキング | データによってサッカーはもっと輝く | Football LAB,リーグサマリー:2026特別 J2J3百年構想リーグ チャンスビルディングポイント 守備ポイント ランキング | データによってサッカーはもっと輝く | Football LAB,2,喜岡 佳太,喜岡佳太,"[""守備ポイント"", ""90分平均"", ""最近5試合"", ""出場試合"", ""攻撃CBP"", ""奪取P""]","["""", ""45.26"", ""2.83"", ""5.43"", ""16"", ""17.73"", ""212.85""]"
20260802,20260609,j2,,守備.html,リーグサマリー:2026特別 J2J3百年構想リーグ チャンスビルディングポイント 守備ポイント ランキング | データによってサッカーはもっと輝く | Football LAB,リーグサマリー:2026特別 J2J3百年構想リーグ チャンスビルディングポイント 守備ポイント ランキング | データによってサッカーはもっと輝く | Football LAB,リーグサマリー:2026特別 J2J3百年構想リーグ チャンスビルディングポイント 守備ポイント ランキング | データによってサッカーはもっと輝く | Football LAB,2,川上 竜,川上竜,"[""守備ポイント"", ""90分平均"", ""最近5試合"", ""出場試合"", ""攻撃CBP"", ""奪取P""]","["""", ""45.06"", ""2.18"", ""14.34"", ""20"", ""23.27"", ""198.09""]"
20260802,20260609,j2,,守備.html,リーグサマリー:2026特別 J2J3百年構想リーグ チャンスビルディングポイント 守備ポイント ランキング | データによってサッカーはもっと輝く | Football LAB,リーグサマリー:2026特別 J2J3百年構想リーグ チャンスビルディングポイント 守備ポイント ランキング | データによってサッカーはもっと輝く | Football LAB,リーグサマリー:2026特別 J2J3百年構想リーグ チャンスビルディングポイント 守備ポイント ランキング | データによってサッカーはもっと輝く | Football LAB,2,家泉 怜依,家泉怜依,"[""守備ポイント"", ""90分平均"", ""最近5試合"", ""出場試合"", ""攻撃CBP"", ""奪取P""]","["""", ""44.47"", ""2.59"", ""7.35"", ""17"", ""19.89"", ""163.88""]"
20260802,20260609,j2,,守備.html,リーグサマリー:2026特別 J2J3百年構想リーグ チャンスビルディングポイント 守備ポイント ランキング | データによってサッカーはもっと輝く | Football LAB,リーグサマリー:2026特別 J2J3百年構想リーグ チャンスビルディングポイント 守備ポイント ランキング | データによってサッカーはもっと輝く | Football LAB,リーグサマリー:2026特別 J2J3百年構想リーグ チャンスビルディングポイント 守備ポイント ランキング | データによってサッカーはもっと輝く | Football LAB,2,石井 大生,石井大生,"[""守備ポイント"", ""90分平均"", ""最近5試合"", ""出場試合"", ""攻撃CBP"", ""奪取P""]","["""", ""44.05"", ""2.93"", ""2.32"", ""18"", ""24.10"", ""149.91""]"
20260802,20260609,j2,,守備.html,リーグサマリー:2026特別 J2J3百年構想リーグ チャンスビルディングポイント 守備ポイント ランキング | データによってサッカーはもっと輝く | Football LAB,リーグサマリー:2026特別 J2J3百年構想リーグ チャンスビルディングポイント 守備ポイント ランキング | データによってサッカーはもっと輝く | Football LAB,リーグサマリー:2026特別 J2J3百年構想リーグ チャンスビルディングポイント 守備ポイント ランキング | データによってサッカーはもっと輝く | Football LAB,2,飯泉 涼矢,飯泉涼矢,"[""守備ポイント"", ""90分平均"", ""最近5試合"", ""出場試合"", ""攻撃CBP"", ""奪取P""]","["""", ""43.83"", ""2.73"", ""10.88"", ""16"", ""14.58"", ""159.05""]"
20260802,20260609,j2,,守備.html,リーグサマリー:2026特別 J2J3百年構想リーグ チャンスビルディングポイント 守備ポイント ランキング | データによってサッカーはもっと輝く | Football LAB,リーグサマリー:2026特別 J2J3百年構想リーグ チャンスビルディングポイント 守備ポイント ランキング | データによってサッカーはもっと輝く | Football LAB,リーグサマリー:2026特別 J2J3百年構想リーグ チャンスビルディングポイント 守備ポイント ランキング | データによってサッカーはもっと輝く | Football LAB,2,加藤 大育,加藤大育,"[""守備ポイント"", ""90分平均"", ""最近5試合"", ""出場試合"", ""攻撃CBP"", ""奪取P""]","["""", ""43.06"", ""2.45"", ""13.00"", ""18"", ""14.61"", ""147.13""]"
20260802,20260609,j2,2026,左サイド攻撃.html,左サイド攻撃 (チームスタイル指標),リーグサマリー:2026 J2J3百年構想リーグ 左サイド攻撃 (チームスタイル指標) | データによってサッカーはもっと輝く | Football LAB,左サイド攻撃のサマリー,1,富山,富山,"[""指数"", ""ゴール率"", ""シュート率"", ""ドリブル使用率"", ""ロングパス使用率"", ""空中戦使用率"", ""コンビネーション使用率""]","[""71"", ""1.6%"", ""18.5%"", ""20.1%"", ""14.0%"", ""5.2%"", ""12.0%""]"
20260802,20260609,j2,2026,左サイド攻撃.html,左サイド攻撃 (チームスタイル指標),リーグサマリー:2026 J2J3百年構想リーグ 左サイド攻撃 (チームスタイル指標) | データによってサッカーはもっと輝く | Football LAB,左サイド攻撃のサマリー,1,鹿児島,鹿児島,"[""指数"", ""ゴール率"", ""シュート率"", ""ドリブル使用率"", ""ロングパス使用率"", ""空中戦使用率"", ""コンビネーション使用率""]","[""70"", ""0.0%"", ""10.6%"", ""13.3%"", ""23.9%"", ""12.0%"", ""4.3%""]"
20260802,20260609,j2,2026,左サイド攻撃.html,左サイド攻撃 (チームスタイル指標),リーグサマリー:2026 J2J3百年構想リーグ 左サイド攻撃 (チームスタイル指標) | データによってサッカーはもっと輝く | Football LAB,左サイド攻撃のサマリー,1,FC大阪,FC大阪,"[""指数"", ""ゴール率"", ""シュート率"", ""ドリブル使用率"", ""ロングパス使用率"", ""空中戦使用率"", ""コンビネーション使用率""]","[""69"", ""0.0%"", ""8.7%"", ""21.7%"", ""28.4%"", ""17.7%"", ""4.0%""]"
20260802,20260609,j2,2026,左サイド攻撃.html,左サイド攻撃 (チームスタイル指標),リーグサマリー:2026 J2J3百年構想リーグ 左サイド攻撃 (チームスタイル指標) | データによってサッカーはもっと輝く | Football LAB,左サイド攻撃のサマリー,1,愛媛,愛媛,"[""指数"", ""ゴール率"", ""シュート率"", ""ドリブル使用率"", ""ロングパス使用率"", ""空中戦使用率"", ""コンビネーション使用率""]","[""69"", ""0.7%"", ""16.1%"", ""20.4%"", ""18.1%"", ""8.4%"", ""9.0%""]"
20260802,20260609,j2,2026,左サイド攻撃.html,左サイド攻撃 (チームスタイル指標),リーグサマリー:2026 J2J3百年構想リーグ 左サイド攻撃 (チームスタイル指標) | データによってサッカーはもっと輝く | Football LAB,左サイド攻撃のサマリー,1,いわき,いわき,"[""指数"", ""ゴール率"", ""シュート率"", ""ドリブル使用率"", ""ロングパス使用率"", ""空中戦使用率"", ""コンビネーション使用率""]","[""62"", ""0.7%"", ""11.2%"", ""17.5%"", ""21.9%"", ""13.0%"", ""4.5%""]"
20260802,20260609,j2,2026,左サイド攻撃.html,左サイド攻撃 (チームスタイル指標),リーグサマリー:2026 J2J3百年構想リーグ 左サイド攻撃 (チームスタイル指標) | データによってサッカーはもっと輝く | Football LAB,左サイド攻撃のサマリー,1,長野,長野,"[""指数"", ""ゴール率"", ""シュート率"", ""ドリブル使用率"", ""ロングパス使用率"", ""空中戦使用率"", ""コンビネーション使用率""]","[""61"", ""0.8%"", ""6.8%"", ""16.3%"", ""26.1%"", ""15.2%"", ""4.5%""]"
20260802,20260609,j2,2026,左サイド攻撃.html,左サイド攻撃 (チームスタイル指標),リーグサマリー:2026 J2J3百年構想リーグ 左サイド攻撃 (チームスタイル指標) | データによってサッカーはもっと輝く | Football LAB,左サイド攻撃のサマリー,1,八戸,八戸,"[""指数"", ""ゴール率"", ""シュート率"", ""ドリブル使用率"", ""ロングパス使用率"", ""空中戦使用率"", ""コンビネーション使用率""]","[""59"", ""1.2%"", ""13.6%"", ""18.3%"", ""22.6%"", ""10.5%"", ""5.8%""]"
20260802,20260609,j2,2026,左サイド攻撃.html,左サイド攻撃 (チームスタイル指標),リーグサマリー:2026 J2J3百年構想リーグ 左サイド攻撃 (チームスタイル指標) | データによってサッカーはもっと輝く | Football LAB,左サイド攻撃のサマリー,1,栃木SC,栃木SC,"[""指数"", ""ゴール率"", ""シュート率"", ""ドリブル使用率"", ""ロングパス使用率"", ""空中戦使用率"", ""コンビネーション使用率""]","[""57"", ""0.8%"", ""9.3%"", ""20.2%"", ""19.0%"", ""13.7%"", ""4.4%""]"
20260802,20260609,j2,2026,左サイド攻撃.html,左サイド攻撃 (チームスタイル指標),リーグサマリー:2026 J2J3百年構想リーグ 左サイド攻撃 (チームスタイル指標) | データによってサッカーはもっと輝く | Football LAB,左サイド攻撃のサマリー,1,相模原,相模原,"[""指数"", ""ゴール率"", ""シュート率"", ""ドリブル使用率"", ""ロングパス使用率"", ""空中戦使用率"", ""コンビネーション使用率""]","[""57"", ""1.2%"", ""11.3%"", ""19.0%"", ""21.4%"", ""9.7%"", ""4.4%""]"
20260802,20260609,j2,2026,左サイド攻撃.html,左サイド攻撃 (チームスタイル指標),リーグサマリー:2026 J2J3百年構想リーグ 左サイド攻撃 (チームスタイル指標) | データによってサッカーはもっと輝く | Football LAB,左サイド攻撃のサマリー,1,大宮,大宮,"[""指数"", ""ゴール率"", ""シュート率"", ""ドリブル使用率"", ""ロングパス使用率"", ""空中戦使用率"", ""コンビネーション使用率""]","[""57"", ""2.4%"", ""14.7%"", ""15.9%"", ""24.1%"", ""7.3%"", ""6.1%""]"
20260802,20260609,j2,2026,左サイド攻撃.html,左サイド攻撃 (チームスタイル指標),リーグサマリー:2026 J2J3百年構想リーグ 左サイド攻撃 (チームスタイル指標) | データによってサッカーはもっと輝く | Football LAB,左サイド攻撃のサマリー,1,宮崎,宮崎,"[""指数"", ""ゴール率"", ""シュート率"", ""ドリブル使用率"", ""ロングパス使用率"", ""空中戦使用率"", ""コンビネーション使用率""]","[""56"", ""2.5%"", ""12.0%"", ""25.3%"", ""28.6%"", ""12.0%"", ""6.2%""]"
20260802,20260609,j2,2026,左サイド攻撃.html,左サイド攻撃 (チームスタイル指標),リーグサマリー:2026 J2J3百年構想リーグ 左サイド攻撃 (チームスタイル指標) | データによってサッカーはもっと輝く | Football LAB,左サイド攻撃のサマリー,1,横浜FC,横浜FC,"[""指数"", ""ゴール率"", ""シュート率"", ""ドリブル使用率"", ""ロングパス使用率"", ""空中戦使用率"", ""コンビネーション使用率""]","[""54"", ""2.1%"", ""16.1%"", ""22.5%"", ""27.1%"", ""7.6%"", ""12.3%""]"
20260802,20260609,j2,2026,左サイド攻撃.html,左サイド攻撃 (チームスタイル指標),リーグサマリー:2026 J2J3百年構想リーグ 左サイド攻撃 (チームスタイル指標) | データによってサッカーはもっと輝く | Football LAB,左サイド攻撃のサマリー,1,栃木C,栃木C,"[""指数"", ""ゴール率"", ""シュート率"", ""ドリブル使用率"", ""ロングパス使用率"", ""空中戦使用率"", ""コンビネーション使用率""]","[""54"", ""2.1%"", ""13.2%"", ""29.5%"", ""25.2%"", ""7.7%"", ""5.1%""]"
20260802,20260609,j2,2026,左サイド攻撃.html,左サイド攻撃 (チームスタイル指標),リーグサマリー:2026 J2J3百年構想リーグ 左サイド攻撃 (チームスタイル指標) | データによってサッカーはもっと輝く | Football LAB,左サイド攻撃のサマリー,1,新潟,新潟,"[""指数"", ""ゴール率"", ""シュート率"", ""ドリブル使用率"", ""ロングパス使用率"", ""空中戦使用率"", ""コンビネーション使用率""]","[""54"", ""1.3%"", ""12.0%"", ""18.8%"", ""19.7%"", ""7.7%"", ""6.4%""]"
20260802,20260609,j2,2026,左サイド攻撃.html,左サイド攻撃 (チームスタイル指標),リーグサマリー:2026 J2J3百年構想リーグ 左サイド攻撃 (チームスタイル指標) | データによってサッカーはもっと輝く | Football LAB,左サイド攻撃のサマリー,1,琉球,琉球,"[""指数"", ""ゴール率"", ""シュート率"", ""ドリブル使用率"", ""ロングパス使用率"", ""空中戦使用率"", ""コンビネーション使用率""]","[""51"", ""0.0%"", ""11.2%"", ""16.1%"", ""23.3%"", ""6.7%"", ""8.5%""]"
20260802,20260609,j2,2026,左サイド攻撃.html,左サイド攻撃 (チームスタイル指標),リーグサマリー:2026 J2J3百年構想リーグ 左サイド攻撃 (チームスタイル指標) | データによってサッカーはもっと輝く | Football LAB,左サイド攻撃のサマリー,1,岐阜,岐阜,"[""指数"", ""ゴール率"", ""シュート率"", ""ドリブル使用率"", ""ロングパス使用率"", ""空中戦使用率"", ""コンビネーション使用率""]","[""51"", ""0.0%"", ""15.9%"", ""21.8%"", ""20.9%"", ""12.3%"", ""9.5%""]"
20260802,20260609,j2,2026,左サイド攻撃.html,左サイド攻撃 (チームスタイル指標),リーグサマリー:2026 J2J3百年構想リーグ 左サイド攻撃 (チームスタイル指標) | データによってサッカーはもっと輝く | Football LAB,左サイド攻撃のサマリー,1,藤枝,藤枝,"[""指数"", ""ゴール率"", ""シュート率"", ""ドリブル使用率"", ""ロングパス使用率"", ""空中戦使用率"", ""コンビネーション使用率""]","[""51"", ""1.4%"", ""17.3%"", ""29.1%"", ""19.5%"", ""7.7%"", ""6.4%""]"
20260802,20260609,j2,2026,左サイド攻撃.html,左サイド攻撃 (チームスタイル指標),リーグサマリー:2026 J2J3百年構想リーグ 左サイド攻撃 (チームスタイル指標) | データによってサッカーはもっと輝く | Football LAB,左サイド攻撃のサマリー,1,鳥取,鳥取,"[""指数"", ""ゴール率"", ""シュート率"", ""ドリブル使用率"", ""ロングパス使用率"", ""空中戦使用率"", ""コンビネーション使用率""]","[""49"", ""1.9%"", ""11.2%"", ""17.3%"", ""25.2%"", ""9.8%"", ""8.9%""]"
20260802,20260609,j2,2026,左サイド攻撃.html,左サイド攻撃 (チームスタイル指標),リーグサマリー:2026 J2J3百年構想リーグ 左サイド攻撃 (チームスタイル指標) | データによってサッカーはもっと輝く | Football LAB,左サイド攻撃のサマリー,1,秋田,秋田,"[""指数"", ""ゴール率"", ""シュート率"", ""ドリブル使用率"", ""ロングパス使用率"", ""空中戦使用率"", ""コンビネーション使用率""]","[""49"", ""0.0%"", ""6.1%"", ""16.9%"", ""29.1%"", ""22.5%"", ""5.2%""]"
20260802,20260609,j2,2026,左サイド攻撃.html,左サイド攻撃 (チームスタイル指標),リーグサマリー:2026 J2J3百年構想リーグ 左サイド攻撃 (チームスタイル指標) | データによってサッカーはもっと輝く | Football LAB,左サイド攻撃のサマリー,1,湘南,湘南,"[""指数"", ""ゴール率"", ""シュート率"", ""ドリブル使用率"", ""ロングパス使用率"", ""空中戦使用率"", ""コンビネーション使用率""]","[""49"", ""0.9%"", ""10.8%"", ""18.4%"", ""24.5%"", ""9.4%"", ""6.1%""]"
20260802,20260609,j2,2026,左サイド攻撃.html,左サイド攻撃 (チームスタイル指標),リーグサマリー:2026 J2J3百年構想リーグ 左サイド攻撃 (チームスタイル指標) | データによってサッカーはもっと輝く | Football LAB,左サイド攻撃のサマリー,1,鳥栖,鳥栖,"[""指数"", ""ゴール率"", ""シュート率"", ""ドリブル使用率"", ""ロングパス使用率"", ""空中戦使用率"", ""コンビネーション使用率""]","[""49"", ""1.4%"", ""13.7%"", ""23.1%"", ""24.1%"", ""11.3%"", ""9.0%""]"
20260802,20260609,j2,2026,左サイド攻撃.html,左サイド攻撃 (チームスタイル指標),リーグサマリー:2026 J2J3百年構想リーグ 左サイド攻撃 (チームスタイル指標) | データによってサッカーはもっと輝く | Football LAB,左サイド攻撃のサマリー,1,金沢,金沢,"[""指数"", ""ゴール率"", ""シュート率"", ""ドリブル使用率"", ""ロングパス使用率"", ""空中戦使用率"", ""コンビネーション使用率""]","[""49"", ""0.0%"", ""14.7%"", ""27.0%"", ""24.6%"", ""11.8%"", ""6.2%""]"
20260802,20260609,j2,2026,左サイド攻撃.html,左サイド攻撃 (チームスタイル指標),リーグサマリー:2026 J2J3百年構想リーグ 左サイド攻撃 (チームスタイル指標) | データによってサッカーはもっと輝く | Football LAB,左サイド攻撃のサマリー,1,讃岐,讃岐,"[""指数"", ""ゴール率"", ""シュート率"", ""ドリブル使用率"", ""ロングパス使用率"", ""空中戦使用率"", ""コンビネーション使用率""]","[""48"", ""0.0%"", ""11.4%"", ""19.0%"", ""26.7%"", ""12.4%"", ""4.8%""]"
20260802,20260609,j2,2026,左サイド攻撃.html,左サイド攻撃 (チームスタイル指標),リーグサマリー:2026 J2J3百年構想リーグ 左サイド攻撃 (チームスタイル指標) | データによってサッカーはもっと輝く | Football LAB,左サイド攻撃のサマリー,1,奈良,奈良,"[""指数"", ""ゴール率"", ""シュート率"", ""ドリブル使用率"", ""ロングパス使用率"", ""空中戦使用率"", ""コンビネーション使用率""]","[""48"", ""1.4%"", ""12.9%"", ""15.2%"", ""25.7%"", ""6.2%"", ""7.1%""]"
20260802,20260609,j2,2026,左サイド攻撃.html,左サイド攻撃 (チームスタイル指標),リーグサマリー:2026 J2J3百年構想リーグ 左サイド攻撃 (チームスタイル指標) | データによってサッカーはもっと輝く | Football LAB,左サイド攻撃のサマリー,1,札幌,札幌,"[""指数"", ""ゴール率"", ""シュート率"", ""ドリブル使用率"", ""ロングパス使用率"", ""空中戦使用率"", ""コンビネーション使用率""]","[""47"", ""0.5%"", ""12.3%"", ""17.2%"", ""21.1%"", ""2.9%"", ""8.3%""]"
20260802,20260609,j2,2026,左サイド攻撃.html,左サイド攻撃 (チームスタイル指標),リーグサマリー:2026 J2J3百年構想リーグ 左サイド攻撃 (チームスタイル指標) | データによってサッカーはもっと輝く | Football LAB,左サイド攻撃のサマリー,1,甲府,甲府,"[""指数"", ""ゴール率"", ""シュート率"", ""ドリブル使用率"", ""ロングパス使用率"", ""空中戦使用率"", ""コンビネーション使用率""]","[""46"", ""3.0%"", ""10.1%"", ""17.7%"", ""22.2%"", ""14.1%"", ""3.5%""]"
20260802,20260609,j2,2026,左サイド攻撃.html,左サイド攻撃 (チームスタイル指標),リーグサマリー:2026 J2J3百年構想リーグ 左サイド攻撃 (チームスタイル指標) | データによってサッカーはもっと輝く | Football LAB,左サイド攻撃のサマリー,1,今治,今治,"[""指数"", ""ゴール率"", ""シュート率"", ""ドリブル使用率"", ""ロングパス使用率"", ""空中戦使用率"", ""コンビネーション使用率""]","[""45"", ""0.5%"", ""6.7%"", ""24.6%"", ""25.1%"", ""9.2%"", ""3.6%""]"
20260802,20260609,j2,2026,左サイド攻撃.html,左サイド攻撃 (チームスタイル指標),リーグサマリー:2026 J2J3百年構想リーグ 左サイド攻撃 (チームスタイル指標) | データによってサッカーはもっと輝く | Football LAB,左サイド攻撃のサマリー,1,山口,山口,"[""指数"", ""ゴール率"", ""シュート率"", ""ドリブル使用率"", ""ロングパス使用率"", ""空中戦使用率"", ""コンビネーション使用率""]","[""45"", ""0.5%"", ""12.9%"", ""11.9%"", ""27.8%"", ""11.3%"", ""8.8%""]"
20260802,20260609,j2,2026,左サイド攻撃.html,左サイド攻撃 (チームスタイル指標),リーグサマリー:2026 J2J3百年構想リーグ 左サイド攻撃 (チームスタイル指標) | データによってサッカーはもっと輝く | Football LAB,左サイド攻撃のサマリー,1,大分,大分,"[""指数"", ""ゴール率"", ""シュート率"", ""ドリブル使用率"", ""ロングパス使用率"", ""空中戦使用率"", ""コンビネーション使用率""]","[""45"", ""1.5%"", ""14.4%"", ""19.1%"", ""23.7%"", ""9.8%"", ""9.3%""]"
20260802,20260609,j2,2026,左サイド攻撃.html,左サイド攻撃 (チームスタイル指標),リーグサマリー:2026 J2J3百年構想リーグ 左サイド攻撃 (チームスタイル指標) | データによってサッカーはもっと輝く | Football LAB,左サイド攻撃のサマリー,1,群馬,群馬,"[""指数"", ""ゴール率"", ""シュート率"", ""ドリブル使用率"", ""ロングパス使用率"", ""空中戦使用率"", ""コンビネーション使用率""]","[""44"", ""0.0%"", ""12.4%"", ""19.2%"", ""21.2%"", ""11.4%"", ""9.3%""]"
20260802,20260609,j2,2026,左サイド攻撃.html,左サイド攻撃 (チームスタイル指標),リーグサマリー:2026 J2J3百年構想リーグ 左サイド攻撃 (チームスタイル指標) | データによってサッカーはもっと輝く | Football LAB,左サイド攻撃のサマリー,1,山形,山形,"[""指数"", ""ゴール率"", ""シュート率"", ""ドリブル使用率"", ""ロングパス使用率"", ""空中戦使用率"", ""コンビネーション使用率""]","[""43"", ""2.1%"", ""14.8%"", ""15.3%"", ""31.7%"", ""18.0%"", ""4.8%""]"
20260802,20260609,j2,2026,左サイド攻撃.html,左サイド攻撃 (チームスタイル指標),リーグサマリー:2026 J2J3百年構想リーグ 左サイド攻撃 (チームスタイル指標) | データによってサッカーはもっと輝く | Football LAB,左サイド攻撃のサマリー,1,熊本,熊本,"[""指数"", ""ゴール率"", ""シュート率"", ""ドリブル使用率"", ""ロングパス使用率"", ""空中戦使用率"", ""コンビネーション使用率""]","[""43"", ""2.2%"", ""14.0%"", ""18.8%"", ""24.7%"", ""4.8%"", ""5.4%""]"
20260802,20260609,j2,2026,左サイド攻撃.html,左サイド攻撃 (チームスタイル指標),リーグサマリー:2026 J2J3百年構想リーグ 左サイド攻撃 (チームスタイル指標) | データによってサッカーはもっと輝く | Football LAB,左サイド攻撃のサマリー,1,仙台,仙台,"[""指数"", ""ゴール率"", ""シュート率"", ""ドリブル使用率"", ""ロングパス使用率"", ""空中戦使用率"", ""コンビネーション使用率""]","[""41"", ""1.7%"", ""8.3%"", ""20.0%"", ""31.7%"", ""9.4%"", ""6.1%""]"
20260802,20260609,j2,2026,左サイド攻撃.html,左サイド攻撃 (チームスタイル指標),リーグサマリー:2026 J2J3百年構想リーグ 左サイド攻撃 (チームスタイル指標) | データによってサッカーはもっと輝く | Football LAB,左サイド攻撃のサマリー,1,高知,高知,"[""指数"", ""ゴール率"", ""シュート率"", ""ドリブル使用率"", ""ロングパス使用率"", ""空中戦使用率"", ""コンビネーション使用率""]","[""41"", ""1.1%"", ""14.0%"", ""16.3%"", ""25.8%"", ""6.7%"", ""5.1%""]"
20260802,20260609,j2,2026,左サイド攻撃.html,左サイド攻撃 (チームスタイル指標),リーグサマリー:2026 J2J3百年構想リーグ 左サイド攻撃 (チームスタイル指標) | データによってサッカーはもっと輝く | Football LAB,左サイド攻撃のサマリー,1,北九州,北九州,"[""指数"", ""ゴール率"", ""シュート率"", ""ドリブル使用率"", ""ロングパス使用率"", ""空中戦使用率"", ""コンビネーション使用率""]","[""40"", ""0.6%"", ""11.9%"", ""22.2%"", ""22.7%"", ""10.2%"", ""5.1%""]"
20260802,20260609,j2,2026,左サイド攻撃.html,左サイド攻撃 (チームスタイル指標),リーグサマリー:2026 J2J3百年構想リーグ 左サイド攻撃 (チームスタイル指標) | データによってサッカーはもっと輝く | Football LAB,左サイド攻撃のサマリー,1,滋賀,滋賀,"[""指数"", ""ゴール率"", ""シュート率"", ""ドリブル使用率"", ""ロングパス使用率"", ""空中戦使用率"", ""コンビネーション使用率""]","[""40"", ""0.6%"", ""6.3%"", ""16.7%"", ""32.2%"", ""16.7%"", ""6.9%""]"
20260802,20260609,j2,2026,左サイド攻撃.html,左サイド攻撃 (チームスタイル指標),リーグサマリー:2026 J2J3百年構想リーグ 左サイド攻撃 (チームスタイル指標) | データによってサッカーはもっと輝く | Football LAB,左サイド攻撃のサマリー,1,磐田,磐田,"[""指数"", ""ゴール率"", ""シュート率"", ""ドリブル使用率"", ""ロングパス使用率"", ""空中戦使用率"", ""コンビネーション使用率""]","[""38"", ""0.6%"", ""8.9%"", ""15.5%"", ""25.6%"", ""12.5%"", ""7.7%""]"
20260802,20260609,j2,2026,左サイド攻撃.html,左サイド攻撃 (チームスタイル指標),リーグサマリー:2026 J2J3百年構想リーグ 左サイド攻撃 (チームスタイル指標) | データによってサッカーはもっと輝く | Football LAB,左サイド攻撃のサマリー,1,松本,松本,"[""指数"", ""ゴール率"", ""シュート率"", ""ドリブル使用率"", ""ロングパス使用率"", ""空中戦使用率"", ""コンビネーション使用率""]","[""37"", ""2.5%"", ""14.7%"", ""22.1%"", ""19.0%"", ""12.3%"", ""3.1%""]"
20260802,20260609,j2,2026,左サイド攻撃.html,左サイド攻撃 (チームスタイル指標),リーグサマリー:2026 J2J3百年構想リーグ 左サイド攻撃 (チームスタイル指標) | データによってサッカーはもっと輝く | Football LAB,左サイド攻撃のサマリー,1,徳島,徳島,"[""指数"", ""ゴール率"", ""シュート率"", ""ドリブル使用率"", ""ロングパス使用率"", ""空中戦使用率"", ""コンビネーション使用率""]","[""33"", ""3.4%"", ""10.3%"", ""21.4%"", ""33.1%"", ""4.8%"", ""3.4%""]"
20260802,20260609,j2,2026,左サイド攻撃.html,左サイド攻撃 (チームスタイル指標),リーグサマリー:2026 J2J3百年構想リーグ 左サイド攻撃 (チームスタイル指標) | データによってサッカーはもっと輝く | Football LAB,左サイド攻撃のサマリー,1,福島,福島,"[""指数"", ""ゴール率"", ""シュート率"", ""ドリブル使用率"", ""ロングパス使用率"", ""空中戦使用率"", ""コンビネーション使用率""]","[""25"", ""0.9%"", ""14.2%"", ""22.1%"", ""21.2%"", ""8.8%"", ""9.7%""]"
20260802,20260609,j2,2026,左サイド攻撃.html,左サイド攻撃 (チームスタイル指標),リーグサマリー:2026 J2J3百年構想リーグ 左サイド攻撃 (チームスタイル指標) | データによってサッカーはもっと輝く | Football LAB,左サイド攻撃 (チームスタイル指標),2,仙台,仙台,"[""攻撃セットプレー"", ""左サイド攻撃"", ""中央攻撃"", ""右サイド攻撃"", ""ショートカウンター"", ""ロングカウンター"", ""敵陣ポゼッション"", ""自陣ポゼッション""]","[""48"", ""41"", ""62"", ""52"", ""46"", ""61"", ""50"", ""51""]"
20260802,20260609,j2,2026,左サイド攻撃.html,左サイド攻撃 (チームスタイル指標),リーグサマリー:2026 J2J3百年構想リーグ 左サイド攻撃 (チームスタイル指標) | データによってサッカーはもっと輝く | Football LAB,左サイド攻撃 (チームスタイル指標),2,秋田,秋田,"[""攻撃セットプレー"", ""左サイド攻撃"", ""中央攻撃"", ""右サイド攻撃"", ""ショートカウンター"", ""ロングカウンター"", ""敵陣ポゼッション"", ""自陣ポゼッション""]","[""62"", ""49"", ""45"", ""76"", ""78"", ""46"", ""30"", ""31""]"
20260802,20260609,j2,2026,左サイド攻撃.html,左サイド攻撃 (チームスタイル指標),リーグサマリー:2026 J2J3百年構想リーグ 左サイド攻撃 (チームスタイル指標) | データによってサッカーはもっと輝く | Football LAB,左サイド攻撃 (チームスタイル指標),2,湘南,湘南,"[""攻撃セットプレー"", ""左サイド攻撃"", ""中央攻撃"", ""右サイド攻撃"", ""ショートカウンター"", ""ロングカウンター"", ""敵陣ポゼッション"", ""自陣ポゼッション""]","[""52"", ""49"", ""47"", ""59"", ""47"", ""62"", ""50"", ""47""]"
20260802,20260609,j2,2026,左サイド攻撃.html,左サイド攻撃 (チームスタイル指標),リーグサマリー:2026 J2J3百年構想リーグ 左サイド攻撃 (チームスタイル指標) | データによってサッカーはもっと輝く | Football LAB,左サイド攻撃 (チームスタイル指標),2,横浜FC,横浜FC,"[""攻撃セットプレー"", ""左サイド攻撃"", ""中央攻撃"", ""右サイド攻撃"", ""ショートカウンター"", ""ロングカウンター"", ""敵陣ポゼッション"", ""自陣ポゼッション""]","[""57"", ""54"", ""58"", ""44"", ""44"", ""47"", ""56"", ""54""]"
20260802,20260609,j2,2026,左サイド攻撃.html,左サイド攻撃 (チームスタイル指標),リーグサマリー:2026 J2J3百年構想リーグ 左サイド攻撃 (チームスタイル指標) | データによってサッカーはもっと輝く | Football LAB,左サイド攻撃 (チームスタイル指標),2,相模原,相模原,"[""攻撃セットプレー"", ""左サイド攻撃"", ""中央攻撃"", ""右サイド攻撃"", ""ショートカウンター"", ""ロングカウンター"", ""敵陣ポゼッション"", ""自陣ポゼッション""]","[""53"", ""57"", ""55"", ""60"", ""66"", ""65"", ""26"", ""31""]"
20260802,20260609,j2,2026,左サイド攻撃.html,左サイド攻撃 (チームスタイル指標),リーグサマリー:2026 J2J3百年構想リーグ 左サイド攻撃 (チームスタイル指標) | データによってサッカーはもっと輝く | Football LAB,左サイド攻撃 (チームスタイル指標),2,群馬,群馬,"[""攻撃セットプレー"", ""左サイド攻撃"", ""中央攻撃"", ""右サイド攻撃"", ""ショートカウンター"", ""ロングカウンター"", ""敵陣ポゼッション"", ""自陣ポゼッション""]","[""39"", ""44"", ""49"", ""40"", ""43"", ""49"", ""45"", ""58""]"
20260802,20260609,j2,2026,左サイド攻撃.html,左サイド攻撃 (チームスタイル指標),リーグサマリー:2026 J2J3百年構想リーグ 左サイド攻撃 (チームスタイル指標) | データによってサッカーはもっと輝く | Football LAB,左サイド攻撃 (チームスタイル指標),2,山形,山形,"[""攻撃セットプレー"", ""左サイド攻撃"", ""中央攻撃"", ""右サイド攻撃"", ""ショートカウンター"", ""ロングカウンター"", ""敵陣ポゼッション"", ""自陣ポゼッション""]","[""35"", ""43"", ""44"", ""42"", ""38"", ""47"", ""47"", ""50""]"
20260802,20260609,j2,2026,左サイド攻撃.html,左サイド攻撃 (チームスタイル指標),リーグサマリー:2026 J2J3百年構想リーグ 左サイド攻撃 (チームスタイル指標) | データによってサッカーはもっと輝く | Football LAB,左サイド攻撃 (チームスタイル指標),2,栃木C,栃木C,"[""攻撃セットプレー"", ""左サイド攻撃"", ""中央攻撃"", ""右サイド攻撃"", ""ショートカウンター"", ""ロングカウンター"", ""敵陣ポゼッション"", ""自陣ポゼッション""]","[""45"", ""54"", ""49"", ""46"", ""50"", ""51"", ""47"", ""53""]"
20260802,20260609,j2,2026,左サイド攻撃.html,左サイド攻撃 (チームスタイル指標),リーグサマリー:2026 J2J3百年構想リーグ 左サイド攻撃 (チームスタイル指標) | データによってサッカーはもっと輝く | Football LAB,左サイド攻撃 (チームスタイル指標),2,八戸,八戸,"[""攻撃セットプレー"", ""左サイド攻撃"", ""中央攻撃"", ""右サイド攻撃"", ""ショートカウンター"", ""ロングカウンター"", ""敵陣ポゼッション"", ""自陣ポゼッション""]","[""62"", ""59"", ""38"", ""72"", ""63"", ""49"", ""38"", ""37""]"
20260802,20260609,j2,2026,左サイド攻撃.html,左サイド攻撃 (チームスタイル指標),リーグサマリー:2026 J2J3百年構想リーグ 左サイド攻撃 (チームスタイル指標) | データによってサッカーはもっと輝く | Football LAB,左サイド攻撃 (チームスタイル指標),2,栃木SC,栃木SC,"[""攻撃セットプレー"", ""左サイド攻撃"", ""中央攻撃"", ""右サイド攻撃"", ""ショートカウンター"", ""ロングカウンター"", ""敵陣ポゼッション"", ""自陣ポゼッション""]","[""49"", ""57"", ""58"", ""44"", ""50"", ""64"", ""52"", ""42""]"
20260802,20260609,j2,2026,左サイド攻撃.html,左サイド攻撃 (チームスタイル指標),リーグサマリー:2026 J2J3百年構想リーグ 左サイド攻撃 (チームスタイル指標) | データによってサッカーはもっと輝く | Football LAB,左サイド攻撃 (チームスタイル指標),2,甲府,甲府,"[""攻撃セットプレー"", ""左サイド攻撃"", ""中央攻撃"", ""右サイド攻撃"", ""ショートカウンター"", ""ロングカウンター"", ""敵陣ポゼッション"", ""自陣ポゼッション""]","[""48"", ""46"", ""35"", ""47"", ""48"", ""52"", ""48"", ""42""]"
20260802,20260609,j2,2026,左サイド攻撃.html,左サイド攻撃 (チームスタイル指標),リーグサマリー:2026 J2J3百年構想リーグ 左サイド攻撃 (チームスタイル指標) | データによってサッカーはもっと輝く | Football LAB,左サイド攻撃 (チームスタイル指標),2,札幌,札幌,"[""攻撃セットプレー"", ""左サイド攻撃"", ""中央攻撃"", ""右サイド攻撃"", ""ショートカウンター"", ""ロングカウンター"", ""敵陣ポゼッション"", ""自陣ポゼッション""]","[""47"", ""47"", ""46"", ""45"", ""45"", ""60"", ""62"", ""60""]"
20260802,20260609,j2,2026,左サイド攻撃.html,左サイド攻撃 (チームスタイル指標),リーグサマリー:2026 J2J3百年構想リーグ 左サイド攻撃 (チームスタイル指標) | データによってサッカーはもっと輝く | Football LAB,左サイド攻撃 (チームスタイル指標),2,いわき,いわき,"[""攻撃セットプレー"", ""左サイド攻撃"", ""中央攻撃"", ""右サイド攻撃"", ""ショートカウンター"", ""ロングカウンター"", ""敵陣ポゼッション"", ""自陣ポゼッション""]","[""65"", ""62"", ""56"", ""64"", ""67"", ""60"", ""38"", ""38""]"
20260802,20260609,j2,2026,左サイド攻撃.html,左サイド攻撃 (チームスタイル指標),リーグサマリー:2026 J2J3百年構想リーグ 左サイド攻撃 (チームスタイル指標) | データによってサッカーはもっと輝く | Football LAB,左サイド攻撃 (チームスタイル指標),2,大宮,大宮,"[""攻撃セットプレー"", ""左サイド攻撃"", ""中央攻撃"", ""右サイド攻撃"", ""ショートカウンター"", ""ロングカウンター"", ""敵陣ポゼッション"", ""自陣ポゼッション""]","[""57"", ""57"", ""60"", ""47"", ""54"", ""41"", ""56"", ""50""]"
20260802,20260609,j2,2026,左サイド攻撃.html,左サイド攻撃 (チームスタイル指標),リーグサマリー:2026 J2J3百年構想リーグ 左サイド攻撃 (チームスタイル指標) | データによってサッカーはもっと輝く | Football LAB,左サイド攻撃 (チームスタイル指標),2,藤枝,藤枝,"[""攻撃セットプレー"", ""左サイド攻撃"", ""中央攻撃"", ""右サイド攻撃"", ""ショートカウンター"", ""ロングカウンター"", ""敵陣ポゼッション"", ""自陣ポゼッション""]","[""51"", ""51"", ""45"", ""55"", ""48"", ""45"", ""48"", ""56""]"
20260802,20260609,j2,2026,左サイド攻撃.html,左サイド攻撃 (チームスタイル指標),リーグサマリー:2026 J2J3百年構想リーグ 左サイド攻撃 (チームスタイル指標) | データによってサッカーはもっと輝く | Football LAB,左サイド攻撃 (チームスタイル指標),2,岐阜,岐阜,"[""攻撃セットプレー"", ""左サイド攻撃"", ""中央攻撃"", ""右サイド攻撃"", ""ショートカウンター"", ""ロングカウンター"", ""敵陣ポゼッション"", ""自陣ポゼッション""]","[""51"", ""51"", ""58"", ""53"", ""53"", ""60"", ""68"", ""49""]"
20260802,20260609,j2,2026,左サイド攻撃.html,左サイド攻撃 (チームスタイル指標),リーグサマリー:2026 J2J3百年構想リーグ 左サイド攻撃 (チームスタイル指標) | データによってサッカーはもっと輝く | Football LAB,左サイド攻撃 (チームスタイル指標),2,松本,松本,"[""攻撃セットプレー"", ""左サイド攻撃"", ""中央攻撃"", ""右サイド攻撃"", ""ショートカウンター"", ""ロングカウンター"", ""敵陣ポゼッション"", ""自陣ポゼッション""]","[""55"", ""37"", ""53"", ""58"", ""59"", ""63"", ""38"", ""39""]"
20260802,20260609,j2,2026,左サイド攻撃.html,左サイド攻撃 (チームスタイル指標),リーグサマリー:2026 J2J3百年構想リーグ 左サイド攻撃 (チームスタイル指標) | データによってサッカーはもっと輝く | Football LAB,左サイド攻撃 (チームスタイル指標),2,磐田,磐田,"[""攻撃セットプレー"", ""左サイド攻撃"", ""中央攻撃"", ""右サイド攻撃"", ""ショートカウンター"", ""ロングカウンター"", ""敵陣ポゼッション"", ""自陣ポゼッション""]","[""45"", ""38"", ""48"", ""54"", ""47"", ""58"", ""48"", ""50""]"
20260802,20260609,j2,2026,左サイド攻撃.html,左サイド攻撃 (チームスタイル指標),リーグサマリー:2026 J2J3百年構想リーグ 左サイド攻撃 (チームスタイル指標) | データによってサッカーはもっと輝く | Football LAB,左サイド攻撃 (チームスタイル指標),2,福島,福島,"[""攻撃セットプレー"", ""左サイド攻撃"", ""中央攻撃"", ""右サイド攻撃"", ""ショートカウンター"", ""ロングカウンター"", ""敵陣ポゼッション"", ""自陣ポゼッション""]","[""38"", ""25"", ""90"", ""35"", ""42"", ""42"", ""58"", ""51""]"
20260802,20260609,j2,2026,左サイド攻撃.html,左サイド攻撃 (チームスタイル指標),リーグサマリー:2026 J2J3百年構想リーグ 左サイド攻撃 (チームスタイル指標) | データによってサッカーはもっと輝く | Football LAB,左サイド攻撃 (チームスタイル指標),2,長野,長野,"[""攻撃セットプレー"", ""左サイド攻撃"", ""中央攻撃"", ""右サイド攻撃"", ""ショートカウンター"", ""ロングカウンター"", ""敵陣ポゼッション"", ""自陣ポゼッション""]","[""48"", ""61"", ""48"", ""42"", ""52"", ""40"", ""44"", ""39""]"
20260802,20260609,j2,2026,左サイド攻撃.html,左サイド攻撃 (チームスタイル指標),リーグサマリー:2026 J2J3百年構想リーグ 左サイド攻撃 (チームスタイル指標) | データによってサッカーはもっと輝く | Football LAB,左サイド攻撃 (チームスタイル指標),2,富山,富山,"[""攻撃セットプレー"", ""左サイド攻撃"", ""中央攻撃"", ""右サイド攻撃"", ""ショートカウンター"", ""ロングカウンター"", ""敵陣ポゼッション"", ""自陣ポゼッション""]","[""62"", ""71"", ""60"", ""52"", ""51"", ""61"", ""66"", ""56""]"
20260802,20260609,j2,2026,左サイド攻撃.html,左サイド攻撃 (チームスタイル指標),リーグサマリー:2026 J2J3百年構想リーグ 左サイド攻撃 (チームスタイル指標) | データによってサッカーはもっと輝く | Football LAB,左サイド攻撃 (チームスタイル指標),2,新潟,新潟,"[""攻撃セットプレー"", ""左サイド攻撃"", ""中央攻撃"", ""右サイド攻撃"", ""ショートカウンター"", ""ロングカウンター"", ""敵陣ポゼッション"", ""自陣ポゼッション""]","[""51"", ""54"", ""48"", ""41"", ""48"", ""64"", ""51"", ""52""]"
20260802,20260609,j2,2026,左サイド攻撃.html,左サイド攻撃 (チームスタイル指標),リーグサマリー:2026 J2J3百年構想リーグ 左サイド攻撃 (チームスタイル指標) | データによってサッカーはもっと輝く | Football LAB,左サイド攻撃 (チームスタイル指標),2,徳島,徳島,"[""攻撃セットプレー"", ""左サイド攻撃"", ""中央攻撃"", ""右サイド攻撃"", ""ショートカウンター"", ""ロングカウンター"", ""敵陣ポゼッション"", ""自陣ポゼッション""]","[""32"", ""33"", ""44"", ""32"", ""34"", ""40"", ""45"", ""67""]"
20260802,20260609,j2,2026,左サイド攻撃.html,左サイド攻撃 (チームスタイル指標),リーグサマリー:2026 J2J3百年構想リーグ 左サイド攻撃 (チームスタイル指標) | データによってサッカーはもっと輝く | Football LAB,左サイド攻撃 (チームスタイル指標),2,高知,高知,"[""攻撃セットプレー"", ""左サイド攻撃"", ""中央攻撃"", ""右サイド攻撃"", ""ショートカウンター"", ""ロングカウンター"", ""敵陣ポゼッション"", ""自陣ポゼッション""]","[""40"", ""41"", ""37"", ""46"", ""44"", ""40"", ""60"", ""57""]"
20260802,20260609,j2,2026,左サイド攻撃.html,左サイド攻撃 (チームスタイル指標),リーグサマリー:2026 J2J3百年構想リーグ 左サイド攻撃 (チームスタイル指標) | データによってサッカーはもっと輝く | Football LAB,左サイド攻撃 (チームスタイル指標),2,愛媛,愛媛,"[""攻撃セットプレー"", ""左サイド攻撃"", ""中央攻撃"", ""右サイド攻撃"", ""ショートカウンター"", ""ロングカウンター"", ""敵陣ポゼッション"", ""自陣ポゼッション""]","[""56"", ""69"", ""51"", ""50"", ""51"", ""37"", ""70"", ""49""]"
20260802,20260609,j2,2026,左サイド攻撃.html,左サイド攻撃 (チームスタイル指標),リーグサマリー:2026 J2J3百年構想リーグ 左サイド攻撃 (チームスタイル指標) | データによってサッカーはもっと輝く | Football LAB,左サイド攻撃 (チームスタイル指標),2,金沢,金沢,"[""攻撃セットプレー"", ""左サイド攻撃"", ""中央攻撃"", ""右サイド攻撃"", ""ショートカウンター"", ""ロングカウンター"", ""敵陣ポゼッション"", ""自陣ポゼッション""]","[""53"", ""49"", ""40"", ""60"", ""48"", ""54"", ""51"", ""42""]"
20260802,20260609,j2,2026,左サイド攻撃.html,左サイド攻撃 (チームスタイル指標),リーグサマリー:2026 J2J3百年構想リーグ 左サイド攻撃 (チームスタイル指標) | データによってサッカーはもっと輝く | Football LAB,左サイド攻撃 (チームスタイル指標),2,奈良,奈良,"[""攻撃セットプレー"", ""左サイド攻撃"", ""中央攻撃"", ""右サイド攻撃"", ""ショートカウンター"", ""ロングカウンター"", ""敵陣ポゼッション"", ""自陣ポゼッション""]","[""35"", ""48"", ""37"", ""37"", ""34"", ""32"", ""62"", ""69""]"
20260802,20260609,j2,2026,左サイド攻撃.html,左サイド攻撃 (チームスタイル指標),リーグサマリー:2026 J2J3百年構想リーグ 左サイド攻撃 (チームスタイル指標) | データによってサッカーはもっと輝く | Football LAB,左サイド攻撃 (チームスタイル指標),2,FC大阪,FC大阪,"[""攻撃セットプレー"", ""左サイド攻撃"", ""中央攻撃"", ""右サイド攻撃"", ""ショートカウンター"", ""ロングカウンター"", ""敵陣ポゼッション"", ""自陣ポゼッション""]","[""72"", ""69"", ""61"", ""62"", ""69"", ""65"", ""51"", ""38""]"
20260802,20260609,j2,2026,左サイド攻撃.html,左サイド攻撃 (チームスタイル指標),リーグサマリー:2026 J2J3百年構想リーグ 左サイド攻撃 (チームスタイル指標) | データによってサッカーはもっと輝く | Football LAB,左サイド攻撃 (チームスタイル指標),2,今治,今治,"[""攻撃セットプレー"", ""左サイド攻撃"", ""中央攻撃"", ""右サイド攻撃"", ""ショートカウンター"", ""ロングカウンター"", ""敵陣ポゼッション"", ""自陣ポゼッション""]","[""52"", ""45"", ""68"", ""46"", ""53"", ""49"", ""44"", ""47""]"
20260802,20260609,j2,2026,左サイド攻撃.html,左サイド攻撃 (チームスタイル指標),リーグサマリー:2026 J2J3百年構想リーグ 左サイド攻撃 (チームスタイル指標) | データによってサッカーはもっと輝く | Football LAB,左サイド攻撃 (チームスタイル指標),2,讃岐,讃岐,"[""攻撃セットプレー"", ""左サイド攻撃"", ""中央攻撃"", ""右サイド攻撃"", ""ショートカウンター"", ""ロングカウンター"", ""敵陣ポゼッション"", ""自陣ポゼッション""]","[""47"", ""48"", ""46"", ""49"", ""61"", ""49"", ""33"", ""38""]"
20260802,20260609,j2,2026,左サイド攻撃.html,左サイド攻撃 (チームスタイル指標),リーグサマリー:2026 J2J3百年構想リーグ 左サイド攻撃 (チームスタイル指標) | データによってサッカーはもっと輝く | Football LAB,左サイド攻撃 (チームスタイル指標),2,宮崎,宮崎,"[""攻撃セットプレー"", ""左サイド攻撃"", ""中央攻撃"", ""右サイド攻撃"", ""ショートカウンター"", ""ロングカウンター"", ""敵陣ポゼッション"", ""自陣ポゼッション""]","[""48"", ""56"", ""43"", ""46"", ""45"", ""50"", ""53"", ""54""]"
20260802,20260609,j2,2026,左サイド攻撃.html,左サイド攻撃 (チームスタイル指標),リーグサマリー:2026 J2J3百年構想リーグ 左サイド攻撃 (チームスタイル指標) | データによってサッカーはもっと輝く | Football LAB,左サイド攻撃 (チームスタイル指標),2,鹿児島,鹿児島,"[""攻撃セットプレー"", ""左サイド攻撃"", ""中央攻撃"", ""右サイド攻撃"", ""ショートカウンター"", ""ロングカウンター"", ""敵陣ポゼッション"", ""自陣ポゼッション""]","[""84"", ""70"", ""44"", ""72"", ""73"", ""65"", ""37"", ""32""]"
20260802,20260609,j2,2026,左サイド攻撃.html,左サイド攻撃 (チームスタイル指標),リーグサマリー:2026 J2J3百年構想リーグ 左サイド攻撃 (チームスタイル指標) | データによってサッカーはもっと輝く | Football LAB,左サイド攻撃 (チームスタイル指標),2,鳥栖,鳥栖,"[""攻撃セットプレー"", ""左サイド攻撃"", ""中央攻撃"", ""右サイド攻撃"", ""ショートカウンター"", ""ロングカウンター"", ""敵陣ポゼッション"", ""自陣ポゼッション""]","[""53"", ""49"", ""46"", ""51"", ""40"", ""38"", ""67"", ""72""]"
20260802,20260609,j2,2026,左サイド攻撃.html,左サイド攻撃 (チームスタイル指標),リーグサマリー:2026 J2J3百年構想リーグ 左サイド攻撃 (チームスタイル指標) | データによってサッカーはもっと輝く | Football LAB,左サイド攻撃 (チームスタイル指標),2,山口,山口,"[""攻撃セットプレー"", ""左サイド攻撃"", ""中央攻撃"", ""右サイド攻撃"", ""ショートカウンター"", ""ロングカウンター"", ""敵陣ポゼッション"", ""自陣ポゼッション""]","[""44"", ""45"", ""49"", ""51"", ""47"", ""58"", ""52"", ""57""]"
20260802,20260609,j2,2026,左サイド攻撃.html,左サイド攻撃 (チームスタイル指標),リーグサマリー:2026 J2J3百年構想リーグ 左サイド攻撃 (チームスタイル指標) | データによってサッカーはもっと輝く | Football LAB,左サイド攻撃 (チームスタイル指標),2,熊本,熊本,"[""攻撃セットプレー"", ""左サイド攻撃"", ""中央攻撃"", ""右サイド攻撃"", ""ショートカウンター"", ""ロングカウンター"", ""敵陣ポゼッション"", ""自陣ポゼッション""]","[""44"", ""43"", ""41"", ""50"", ""44"", ""47"", ""61"", ""58""]"
20260802,20260609,j2,2026,左サイド攻撃.html,左サイド攻撃 (チームスタイル指標),リーグサマリー:2026 J2J3百年構想リーグ 左サイド攻撃 (チームスタイル指標) | データによってサッカーはもっと輝く | Football LAB,左サイド攻撃 (チームスタイル指標),2,鳥取,鳥取,"[""攻撃セットプレー"", ""左サイド攻撃"", ""中央攻撃"", ""右サイド攻撃"", ""ショートカウンター"", ""ロングカウンター"", ""敵陣ポゼッション"", ""自陣ポゼッション""]","[""41"", ""49"", ""43"", ""38"", ""46"", ""38"", ""51"", ""57""]"
20260802,20260609,j2,2026,左サイド攻撃.html,左サイド攻撃 (チームスタイル指標),リーグサマリー:2026 J2J3百年構想リーグ 左サイド攻撃 (チームスタイル指標) | データによってサッカーはもっと輝く | Football LAB,左サイド攻撃 (チームスタイル指標),2,大分,大分,"[""攻撃セットプレー"", ""左サイド攻撃"", ""中央攻撃"", ""右サイド攻撃"", ""ショートカウンター"", ""ロングカウンター"", ""敵陣ポゼッション"", ""自陣ポゼッション""]","[""51"", ""45"", ""49"", ""59"", ""48"", ""38"", ""50"", ""60""]"
20260802,20260609,j2,2026,左サイド攻撃.html,左サイド攻撃 (チームスタイル指標),リーグサマリー:2026 J2J3百年構想リーグ 左サイド攻撃 (チームスタイル指標) | データによってサッカーはもっと輝く | Football LAB,左サイド攻撃 (チームスタイル指標),2,滋賀,滋賀,"[""攻撃セットプレー"", ""左サイド攻撃"", ""中央攻撃"", ""右サイド攻撃"", ""ショートカウンター"", ""ロングカウンター"", ""敵陣ポゼッション"", ""自陣ポゼッション""]","[""44"", ""40"", ""43"", ""43"", ""40"", ""40"", ""43"", ""45""]"
20260802,20260609,j2,2026,左サイド攻撃.html,左サイド攻撃 (チームスタイル指標),リーグサマリー:2026 J2J3百年構想リーグ 左サイド攻撃 (チームスタイル指標) | データによってサッカーはもっと輝く | Football LAB,左サイド攻撃 (チームスタイル指標),2,琉球,琉球,"[""攻撃セットプレー"", ""左サイド攻撃"", ""中央攻撃"", ""右サイド攻撃"", ""ショートカウンター"", ""ロングカウンター"", ""敵陣ポゼッション"", ""自陣ポゼッション""]","[""43"", ""51"", ""57"", ""39"", ""45"", ""36"", ""47"", ""61""]"
20260802,20260609,j2,2026,左サイド攻撃.html,左サイド攻撃 (チームスタイル指標),リーグサマリー:2026 J2J3百年構想リーグ 左サイド攻撃 (チームスタイル指標) | データによってサッカーはもっと輝く | Football LAB,左サイド攻撃 (チームスタイル指標),2,北九州,北九州,"[""攻撃セットプレー"", ""左サイド攻撃"", ""中央攻撃"", ""右サイド攻撃"", ""ショートカウンター"", ""ロングカウンター"", ""敵陣ポゼッション"", ""自陣ポゼッション""]","[""43"", ""40"", ""51"", ""46"", ""40"", ""36"", ""53"", ""56""]"
20260802,20260609,j2,2026,左サイド攻撃.html,左サイド攻撃 (チームスタイル指標),リーグサマリー:2026 J2J3百年構想リーグ 左サイド攻撃 (チームスタイル指標) | データによってサッカーはもっと輝く | Football LAB,左サイド攻撃 (チームスタイル指標),3,仙台,仙台,"[""攻撃セットプレー"", ""左サイド攻撃"", ""中央攻撃"", ""右サイド攻撃"", ""ショートカウンター"", ""ロングカウンター"", ""敵陣ポゼッション"", ""自陣ポゼッション""]","[""32.0%"", ""8.3%"", ""37.3%"", ""12.8%"", ""14.1%"", ""20.9%"", ""21.2%"", ""9.1%""]"
20260802,20260609,j2,2026,左サイド攻撃.html,左サイド攻撃 (チームスタイル指標),リーグサマリー:2026 J2J3百年構想リーグ 左サイド攻撃 (チームスタイル指標) | データによってサッカーはもっと輝く | Football LAB,左サイド攻撃 (チームスタイル指標),3,秋田,秋田,"[""攻撃セットプレー"", ""左サイド攻撃"", ""中央攻撃"", ""右サイド攻撃"", ""ショートカウンター"", ""ロングカウンター"", ""敵陣ポゼッション"", ""自陣ポゼッション""]","[""27.6%"", ""6.1%"", ""25.1%"", ""6.6%"", ""12.9%"", ""8.8%"", ""13.3%"", ""5.0%""]"
20260802,20260609,j2,2026,左サイド攻撃.html,左サイド攻撃 (チームスタイル指標),リーグサマリー:2026 J2J3百年構想リーグ 左サイド攻撃 (チームスタイル指標) | データによってサッカーはもっと輝く | Football LAB,左サイド攻撃 (チームスタイル指標),3,湘南,湘南,"[""攻撃セットプレー"", ""左サイド攻撃"", ""中央攻撃"", ""右サイド攻撃"", ""ショートカウンター"", ""ロングカウンター"", ""敵陣ポゼッション"", ""自陣ポゼッション""]","[""19.5%"", ""10.8%"", ""30.4%"", ""10.8%"", ""17.0%"", ""14.7%"", ""11.8%"", ""5.5%""]"
20260802,20260609,j2,2026,左サイド攻撃.html,左サイド攻撃 (チームスタイル指標),リーグサマリー:2026 J2J3百年構想リーグ 左サイド攻撃 (チームスタイル指標) | データによってサッカーはもっと輝く | Football LAB,左サイド攻撃 (チームスタイル指標),3,横浜FC,横浜FC,"[""攻撃セットプレー"", ""左サイド攻撃"", ""中央攻撃"", ""右サイド攻撃"", ""ショートカウンター"", ""ロングカウンター"", ""敵陣ポゼッション"", ""自陣ポゼッション""]","[""33.8%"", ""16.1%"", ""37.7%"", ""12.7%"", ""21.0%"", ""20.7%"", ""22.3%"", ""5.9%""]"
20260802,20260609,j2,2026,左サイド攻撃.html,左サイド攻撃 (チームスタイル指標),リーグサマリー:2026 J2J3百年構想リーグ 左サイド攻撃 (チームスタイル指標) | データによってサッカーはもっと輝く | Football LAB,左サイド攻撃 (チームスタイル指標),3,相模原,相模原,"[""攻撃セットプレー"", ""左サイド攻撃"", ""中央攻撃"", ""右サイド攻撃"", ""ショートカウンター"", ""ロングカウンター"", ""敵陣ポゼッション"", ""自陣ポゼッション""]","[""25.5%"", ""11.3%"", ""34.5%"", ""5.4%"", ""16.3%"", ""18.2%"", ""22.2%"", ""4.5%""]"
20260802,20260609,j2,2026,左サイド攻撃.html,左サイド攻撃 (チームスタイル指標),リーグサマリー:2026 J2J3百年構想リーグ 左サイド攻撃 (チームスタイル指標) | データによってサッカーはもっと輝く | Football LAB,左サイド攻撃 (チームスタイル指標),3,群馬,群馬,"[""攻撃セットプレー"", ""左サイド攻撃"", ""中央攻撃"", ""右サイド攻撃"", ""ショートカウンター"", ""ロングカウンター"", ""敵陣ポゼッション"", ""自陣ポゼッション""]","[""22.0%"", ""12.4%"", ""35.5%"", ""17.3%"", ""17.9%"", ""18.8%"", ""31.9%"", ""6.0%""]"
20260802,20260609,j2,2026,左サイド攻撃.html,左サイド攻撃 (チームスタイル指標),リーグサマリー:2026 J2J3百年構想リーグ 左サイド攻撃 (チームスタイル指標) | データによってサッカーはもっと輝く | Football LAB,左サイド攻撃 (チームスタイル指標),3,山形,山形,"[""攻撃セットプレー"", ""左サイド攻撃"", ""中央攻撃"", ""右サイド攻撃"", ""ショートカウンター"", ""ロングカウンター"", ""敵陣ポゼッション"", ""自陣ポゼッション""]","[""25.1%"", ""14.8%"", ""36.0%"", ""15.0%"", ""18.5%"", ""21.5%"", ""22.4%"", ""8.2%""]"
20260802,20260609,j2,2026,左サイド攻撃.html,左サイド攻撃 (チームスタイル指標),リーグサマリー:2026 J2J3百年構想リーグ 左サイド攻撃 (チームスタイル指標) | データによってサッカーはもっと輝く | Football LAB,左サイド攻撃 (チームスタイル指標),3,栃木C,栃木C,"[""攻撃セットプレー"", ""左サイド攻撃"", ""中央攻撃"", ""右サイド攻撃"", ""ショートカウンター"", ""ロングカウンター"", ""敵陣ポゼッション"", ""自陣ポゼッション""]","[""24.8%"", ""13.2%"", ""32.4%"", ""14.3%"", ""20.7%"", ""9.2%"", ""23.4%"", ""7.8%""]"
20260802,20260609,j2,2026,左サイド攻撃.html,左サイド攻撃 (チームスタイル指標),リーグサマリー:2026 J2J3百年構想リーグ 左サイド攻撃 (チームスタイル指標) | データによってサッカーはもっと輝く | Football LAB,左サイド攻撃 (チームスタイル指標),3,八戸,八戸,"[""攻撃セットプレー"", ""左サイド攻撃"", ""中央攻撃"", ""右サイド攻撃"", ""ショートカウンター"", ""ロングカウンター"", ""敵陣ポゼッション"", ""自陣ポゼッション""]","[""23.1%"", ""13.6%"", ""34.4%"", ""6.6%"", ""13.9%"", ""11.6%"", ""34.0%"", ""5.1%""]"
20260802,20260609,j2,2026,左サイド攻撃.html,左サイド攻撃 (チームスタイル指標),リーグサマリー:2026 J2J3百年構想リーグ 左サイド攻撃 (チームスタイル指標) | データによってサッカーはもっと輝く | Football LAB,左サイド攻撃 (チームスタイル指標),3,栃木SC,栃木SC,"[""攻撃セットプレー"", ""左サイド攻撃"", ""中央攻撃"", ""右サイド攻撃"", ""ショートカウンター"", ""ロングカウンター"", ""敵陣ポゼッション"", ""自陣ポゼッション""]","[""19.6%"", ""9.3%"", ""40.4%"", ""12.0%"", ""23.9%"", ""23.5%"", ""23.1%"", ""6.6%""]"
20260802,20260609,j2,2026,左サイド攻撃.html,左サイド攻撃 (チームスタイル指標),リーグサマリー:2026 J2J3百年構想リーグ 左サイド攻撃 (チームスタイル指標) | データによってサッカーはもっと輝く | Football LAB,左サイド攻撃 (チームスタイル指標),3,甲府,甲府,"[""攻撃セットプレー"", ""左サイド攻撃"", ""中央攻撃"", ""右サイド攻撃"", ""ショートカウンター"", ""ロングカウンター"", ""敵陣ポゼッション"", ""自陣ポゼッション""]","[""19.1%"", ""10.1%"", ""31.1%"", ""12.5%"", ""11.4%"", ""13.0%"", ""23.8%"", ""6.3%""]"
20260802,20260609,j2,2026,左サイド攻撃.html,左サイド攻撃 (チームスタイル指標),リーグサマリー:2026 J2J3百年構想リーグ 左サイド攻撃 (チームスタイル指標) | データによってサッカーはもっと輝く | Football LAB,左サイド攻撃 (チームスタイル指標),3,札幌,札幌,"[""攻撃セットプレー"", ""左サイド攻撃"", ""中央攻撃"", ""右サイド攻撃"", ""ショートカウンター"", ""ロングカウンター"", ""敵陣ポゼッション"", ""自陣ポゼッション""]","[""26.6%"", ""12.3%"", ""37.1%"", ""13.0%"", ""16.7%"", ""11.5%"", ""19.3%"", ""4.3%""]"
20260802,20260609,j2,2026,左サイド攻撃.html,左サイド攻撃 (チームスタイル指標),リーグサマリー:2026 J2J3百年構想リーグ 左サイド攻撃 (チームスタイル指標) | データによってサッカーはもっと輝く | Football LAB,左サイド攻撃 (チームスタイル指標),3,いわき,いわき,"[""攻撃セットプレー"", ""左サイド攻撃"", ""中央攻撃"", ""右サイド攻撃"", ""ショートカウンター"", ""ロングカウンター"", ""敵陣ポゼッション"", ""自陣ポゼッション""]","[""30.3%"", ""11.2%"", ""30.4%"", ""13.2%"", ""16.5%"", ""16.1%"", ""30.8%"", ""2.9%""]"
20260802,20260609,j2,2026,左サイド攻撃.html,左サイド攻撃 (チームスタイル指標),リーグサマリー:2026 J2J3百年構想リーグ 左サイド攻撃 (チームスタイル指標) | データによってサッカーはもっと輝く | Football LAB,左サイド攻撃 (チームスタイル指標),3,大宮,大宮,"[""攻撃セットプレー"", ""左サイド攻撃"", ""中央攻撃"", ""右サイド攻撃"", ""ショートカウンター"", ""ロングカウンター"", ""敵陣ポゼッション"", ""自陣ポゼッション""]","[""23.9%"", ""14.7%"", ""38.4%"", ""16.1%"", ""20.6%"", ""20.2%"", ""27.7%"", ""9.0%""]"
20260802,20260609,j2,2026,左サイド攻撃.html,左サイド攻撃 (チームスタイル指標),リーグサマリー:2026 J2J3百年構想リーグ 左サイド攻撃 (チームスタイル指標) | データによってサッカーはもっと輝く | Football LAB,左サイド攻撃 (チームスタイル指標),3,藤枝,藤枝,"[""攻撃セットプレー"", ""左サイド攻撃"", ""中央攻撃"", ""右サイド攻撃"", ""ショートカウンター"", ""ロングカウンター"", ""敵陣ポゼッション"", ""自陣ポゼッション""]","[""21.9%"", ""17.3%"", ""29.1%"", ""14.8%"", ""20.1%"", ""15.7%"", ""26.9%"", ""7.1%""]"
20260802,20260609,j2,2026,左サイド攻撃.html,左サイド攻撃 (チームスタイル指標),リーグサマリー:2026 J2J3百年構想リーグ 左サイド攻撃 (チームスタイル指標) | データによってサッカーはもっと輝く | Football LAB,左サイド攻撃 (チームスタイル指標),3,岐阜,岐阜,"[""攻撃セットプレー"", ""左サイド攻撃"", ""中央攻撃"", ""右サイド攻撃"", ""ショートカウンター"", ""ロングカウンター"", ""敵陣ポゼッション"", ""自陣ポゼッション""]","[""23.9%"", ""15.9%"", ""38.0%"", ""16.7%"", ""21.1%"", ""15.9%"", ""26.5%"", ""3.6%""]"
20260802,20260609,j2,2026,左サイド攻撃.html,左サイド攻撃 (チームスタイル指標),リーグサマリー:2026 J2J3百年構想リーグ 左サイド攻撃 (チームスタイル指標) | データによってサッカーはもっと輝く | Football LAB,左サイド攻撃 (チームスタイル指標),3,松本,松本,"[""攻撃セットプレー"", ""左サイド攻撃"", ""中央攻撃"", ""右サイド攻撃"", ""ショートカウンター"", ""ロングカウンター"", ""敵陣ポゼッション"", ""自陣ポゼッション""]","[""26.8%"", ""14.7%"", ""32.7%"", ""10.5%"", ""20.1%"", ""14.5%"", ""30.8%"", ""5.6%""]"
20260802,20260609,j2,2026,左サイド攻撃.html,左サイド攻撃 (チームスタイル指標),リーグサマリー:2026 J2J3百年構想リーグ 左サイド攻撃 (チームスタイル指標) | データによってサッカーはもっと輝く | Football LAB,左サイド攻撃 (チームスタイル指標),3,磐田,磐田,"[""攻撃セットプレー"", ""左サイド攻撃"", ""中央攻撃"", ""右サイド攻撃"", ""ショートカウンター"", ""ロングカウンター"", ""敵陣ポゼッション"", ""自陣ポゼッション""]","[""27.1%"", ""8.9%"", ""30.3%"", ""9.1%"", ""14.2%"", ""18.3%"", ""12.5%"", ""6.8%""]"
20260802,20260609,j2,2026,左サイド攻撃.html,左サイド攻撃 (チームスタイル指標),リーグサマリー:2026 J2J3百年構想リーグ 左サイド攻撃 (チームスタイル指標) | データによってサッカーはもっと輝く | Football LAB,左サイド攻撃 (チームスタイル指標),3,福島,福島,"[""攻撃セットプレー"", ""左サイド攻撃"", ""中央攻撃"", ""右サイド攻撃"", ""ショートカウンター"", ""ロングカウンター"", ""敵陣ポゼッション"", ""自陣ポゼッション""]","[""22.5%"", ""14.2%"", ""33.8%"", ""12.9%"", ""18.6%"", ""17.6%"", ""25.0%"", ""6.5%""]"
20260802,20260609,j2,2026,左サイド攻撃.html,左サイド攻撃 (チームスタイル指標),リーグサマリー:2026 J2J3百年構想リーグ 左サイド攻撃 (チームスタイル指標) | データによってサッカーはもっと輝く | Football LAB,左サイド攻撃 (チームスタイル指標),3,長野,長野,"[""攻撃セットプレー"", ""左サイド攻撃"", ""中央攻撃"", ""右サイド攻撃"", ""ショートカウンター"", ""ロングカウンター"", ""敵陣ポゼッション"", ""自陣ポゼッション""]","[""24.7%"", ""6.8%"", ""24.5%"", ""6.9%"", ""12.6%"", ""9.8%"", ""14.5%"", ""2.7%""]"
20260802,20260609,j2,2026,左サイド攻撃.html,左サイド攻撃 (チームスタイル指標),リーグサマリー:2026 J2J3百年構想リーグ 左サイド攻撃 (チームスタイル指標) | データによってサッカーはもっと輝く | Football LAB,左サイド攻撃 (チームスタイル指標),3,富山,富山,"[""攻撃セットプレー"", ""左サイド攻撃"", ""中央攻撃"", ""右サイド攻撃"", ""ショートカウンター"", ""ロングカウンター"", ""敵陣ポゼッション"", ""自陣ポゼッション""]","[""27.7%"", ""18.5%"", ""43.8%"", ""17.5%"", ""22.3%"", ""16.5%"", ""36.6%"", ""11.2%""]"
20260802,20260609,j2,2026,左サイド攻撃.html,左サイド攻撃 (チームスタイル指標),リーグサマリー:2026 J2J3百年構想リーグ 左サイド攻撃 (チームスタイル指標) | データによってサッカーはもっと輝く | Football LAB,左サイド攻撃 (チームスタイル指標),3,新潟,新潟,"[""攻撃セットプレー"", ""左サイド攻撃"", ""中央攻撃"", ""右サイド攻撃"", ""ショートカウンター"", ""ロングカウンター"", ""敵陣ポゼッション"", ""自陣ポゼッション""]","[""17.7%"", ""12.0%"", ""36.6%"", ""11.8%"", ""13.8%"", ""16.8%"", ""24.7%"", ""8.7%""]"
20260802,20260609,j2,2026,左サイド攻撃.html,左サイド攻撃 (チームスタイル指標),リーグサマリー:2026 J2J3百年構想リーグ 左サイド攻撃 (チームスタイル指標) | データによってサッカーはもっと輝く | Football LAB,左サイド攻撃 (チームスタイル指標),3,徳島,徳島,"[""攻撃セットプレー"", ""左サイド攻撃"", ""中央攻撃"", ""右サイド攻撃"", ""ショートカウンター"", ""ロングカウンター"", ""敵陣ポゼッション"", ""自陣ポゼッション""]","[""29.1%"", ""10.3%"", ""41.0%"", ""10.4%"", ""15.8%"", ""23.2%"", ""16.7%"", ""9.8%""]"
20260802,20260609,j2,2026,左サイド攻撃.html,左サイド攻撃 (チームスタイル指標),リーグサマリー:2026 J2J3百年構想リーグ 左サイド攻撃 (チームスタイル指標) | データによってサッカーはもっと輝く | Football LAB,左サイド攻撃 (チームスタイル指標),3,高知,高知,"[""攻撃セットプレー"", ""左サイド攻撃"", ""中央攻撃"", ""右サイド攻撃"", ""ショートカウンター"", ""ロングカウンター"", ""敵陣ポゼッション"", ""自陣ポゼッション""]","[""23.6%"", ""14.0%"", ""40.8%"", ""13.8%"", ""20.9%"", ""17.1%"", ""22.1%"", ""5.8%""]"
20260802,20260609,j2,2026,左サイド攻撃.html,左サイド攻撃 (チームスタイル指標),リーグサマリー:2026 J2J3百年構想リーグ 左サイド攻撃 (チームスタイル指標) | データによってサッカーはもっと輝く | Football LAB,左サイド攻撃 (チームスタイル指標),3,愛媛,愛媛,"[""攻撃セットプレー"", ""左サイド攻撃"", ""中央攻撃"", ""右サイド攻撃"", ""ショートカウンター"", ""ロングカウンター"", ""敵陣ポゼッション"", ""自陣ポゼッション""]","[""24.1%"", ""16.1%"", ""37.1%"", ""8.9%"", ""21.6%"", ""15.6%"", ""18.6%"", ""5.1%""]"
20260802,20260609,j2,2026,左サイド攻撃.html,左サイド攻撃 (チームスタイル指標),リーグサマリー:2026 J2J3百年構想リーグ 左サイド攻撃 (チームスタイル指標) | データによってサッカーはもっと輝く | Football LAB,左サイド攻撃 (チームスタイル指標),3,金沢,金沢,"[""攻撃セットプレー"", ""左サイド攻撃"", ""中央攻撃"", ""右サイド攻撃"", ""ショートカウンター"", ""ロングカウンター"", ""敵陣ポゼッション"", ""自陣ポゼッション""]","[""25.2%"", ""14.7%"", ""37.3%"", ""8.2%"", ""18.4%"", ""17.5%"", ""19.3%"", ""7.4%""]"
20260802,20260609,j2,2026,左サイド攻撃.html,左サイド攻撃 (チームスタイル指標),リーグサマリー:2026 J2J3百年構想リーグ 左サイド攻撃 (チームスタイル指標) | データによってサッカーはもっと輝く | Football LAB,左サイド攻撃 (チームスタイル指標),3,奈良,奈良,"[""攻撃セットプレー"", ""左サイド攻撃"", ""中央攻撃"", ""右サイド攻撃"", ""ショートカウンター"", ""ロングカウンター"", ""敵陣ポゼッション"", ""自陣ポゼッション""]","[""21.2%"", ""12.9%"", ""39.2%"", ""17.3%"", ""19.9%"", ""14.3%"", ""19.2%"", ""7.0%""]"
20260802,20260609,j2,2026,左サイド攻撃.html,左サイド攻撃 (チームスタイル指標),リーグサマリー:2026 J2J3百年構想リーグ 左サイド攻撃 (チームスタイル指標) | データによってサッカーはもっと輝く | Football LAB,左サイド攻撃 (チームスタイル指標),3,FC大阪,FC大阪,"[""攻撃セットプレー"", ""左サイド攻撃"", ""中央攻撃"", ""右サイド攻撃"", ""ショートカウンター"", ""ロングカウンター"", ""敵陣ポゼッション"", ""自陣ポゼッション""]","[""27.9%"", ""8.7%"", ""29.9%"", ""13.6%"", ""15.7%"", ""9.1%"", ""21.3%"", ""5.9%""]"
20260802,20260609,j2,2026,左サイド攻撃.html,左サイド攻撃 (チームスタイル指標),リーグサマリー:2026 J2J3百年構想リーグ 左サイド攻撃 (チームスタイル指標) | データによってサッカーはもっと輝く | Football LAB,左サイド攻撃 (チームスタイル指標),3,今治,今治,"[""攻撃セットプレー"", ""左サイド攻撃"", ""中央攻撃"", ""右サイド攻撃"", ""ショートカウンター"", ""ロングカウンター"", ""敵陣ポゼッション"", ""自陣ポゼッション""]","[""25.3%"", ""6.7%"", ""28.4%"", ""8.5%"", ""14.7%"", ""21.1%"", ""14.5%"", ""6.2%""]"
20260802,20260609,j2,2026,左サイド攻撃.html,左サイド攻撃 (チームスタイル指標),リーグサマリー:2026 J2J3百年構想リーグ 左サイド攻撃 (チームスタイル指標) | データによってサッカーはもっと輝く | Football LAB,左サイド攻撃 (チームスタイル指標),3,讃岐,讃岐,"[""攻撃セットプレー"", ""左サイド攻撃"", ""中央攻撃"", ""右サイド攻撃"", ""ショートカウンター"", ""ロングカウンター"", ""敵陣ポゼッション"", ""自陣ポゼッション""]","[""20.2%"", ""11.4%"", ""35.6%"", ""9.5%"", ""18.3%"", ""11.6%"", ""15.8%"", ""7.5%""]"
20260802,20260609,j2,2026,左サイド攻撃.html,左サイド攻撃 (チームスタイル指標),リーグサマリー:2026 J2J3百年構想リーグ 左サイド攻撃 (チームスタイル指標) | データによってサッカーはもっと輝く | Football LAB,左サイド攻撃 (チームスタイル指標),3,宮崎,宮崎,"[""攻撃セットプレー"", ""左サイド攻撃"", ""中央攻撃"", ""右サイド攻撃"", ""ショートカウンター"", ""ロングカウンター"", ""敵陣ポゼッション"", ""自陣ポゼッション""]","[""26.8%"", ""12.0%"", ""39.4%"", ""10.6%"", ""20.3%"", ""14.4%"", ""19.4%"", ""4.1%""]"
20260802,20260609,j2,2026,左サイド攻撃.html,左サイド攻撃 (チームスタイル指標),リーグサマリー:2026 J2J3百年構想リーグ 左サイド攻撃 (チームスタイル指標) | データによってサッカーはもっと輝く | Football LAB,左サイド攻撃 (チームスタイル指標),3,鹿児島,鹿児島,"[""攻撃セットプレー"", ""左サイド攻撃"", ""中央攻撃"", ""右サイド攻撃"", ""ショートカウンター"", ""ロングカウンター"", ""敵陣ポゼッション"", ""自陣ポゼッション""]","[""22.2%"", ""10.6%"", ""36.0%"", ""8.0%"", ""16.0%"", ""9.9%"", ""30.6%"", ""16.7%""]"
20260802,20260609,j2,2026,左サイド攻撃.html,左サイド攻撃 (チームスタイル指標),リーグサマリー:2026 J2J3百年構想リーグ 左サイド攻撃 (チームスタイル指標) | データによってサッカーはもっと輝く | Football LAB,左サイド攻撃 (チームスタイル指標),3,鳥栖,鳥栖,"[""攻撃セットプレー"", ""左サイド攻撃"", ""中央攻撃"", ""右サイド攻撃"", ""ショートカウンター"", ""ロングカウンター"", ""敵陣ポゼッション"", ""自陣ポゼッション""]","[""22.9%"", ""13.7%"", ""41.2%"", ""17.3%"", ""24.8%"", ""11.4%"", ""21.2%"", ""7.8%""]"
20260802,20260609,j2,2026,左サイド攻撃.html,左サイド攻撃 (チームスタイル指標),リーグサマリー:2026 J2J3百年構想リーグ 左サイド攻撃 (チームスタイル指標) | データによってサッカーはもっと輝く | Football LAB,左サイド攻撃 (チームスタイル指標),3,山口,山口,"[""攻撃セットプレー"", ""左サイド攻撃"", ""中央攻撃"", ""右サイド攻撃"", ""ショートカウンター"", ""ロングカウンター"", ""敵陣ポゼッション"", ""自陣ポゼッション""]","[""21.6%"", ""12.9%"", ""40.9%"", ""15.9%"", ""20.8%"", ""15.5%"", ""28.9%"", ""8.3%""]"
20260802,20260609,j2,2026,左サイド攻撃.html,左サイド攻撃 (チームスタイル指標),リーグサマリー:2026 J2J3百年構想リーグ 左サイド攻撃 (チームスタイル指標) | データによってサッカーはもっと輝く | Football LAB,左サイド攻撃 (チームスタイル指標),3,熊本,熊本,"[""攻撃セットプレー"", ""左サイド攻撃"", ""中央攻撃"", ""右サイド攻撃"", ""ショートカウンター"", ""ロングカウンター"", ""敵陣ポゼッション"", ""自陣ポゼッション""]","[""18.6%"", ""14.0%"", ""41.7%"", ""12.7%"", ""17.8%"", ""14.1%"", ""24.8%"", ""7.1%""]"
20260802,20260609,j2,2026,左サイド攻撃.html,左サイド攻撃 (チームスタイル指標),リーグサマリー:2026 J2J3百年構想リーグ 左サイド攻撃 (チームスタイル指標) | データによってサッカーはもっと輝く | Football LAB,左サイド攻撃 (チームスタイル指標),3,鳥取,鳥取,"[""攻撃セットプレー"", ""左サイド攻撃"", ""中央攻撃"", ""右サイド攻撃"", ""ショートカウンター"", ""ロングカウンター"", ""敵陣ポゼッション"", ""自陣ポゼッション""]","[""20.7%"", ""11.2%"", ""33.7%"", ""12.7%"", ""18.8%"", ""8.9%"", ""18.4%"", ""6.7%""]"
20260802,20260609,j2,2026,左サイド攻撃.html,左サイド攻撃 (チームスタイル指標),リーグサマリー:2026 J2J3百年構想リーグ 左サイド攻撃 (チームスタイル指標) | データによってサッカーはもっと輝く | Football LAB,左サイド攻撃 (チームスタイル指標),3,大分,大分,"[""攻撃セットプレー"", ""左サイド攻撃"", ""中央攻撃"", ""右サイド攻撃"", ""ショートカウンター"", ""ロングカウンター"", ""敵陣ポゼッション"", ""自陣ポゼッション""]","[""23.7%"", ""14.4%"", ""33.3%"", ""13.0%"", ""19.3%"", ""12.7%"", ""28.6%"", ""6.5%""]"
20260802,20260609,j2,2026,左サイド攻撃.html,左サイド攻撃 (チームスタイル指標),リーグサマリー:2026 J2J3百年構想リーグ 左サイド攻撃 (チームスタイル指標) | データによってサッカーはもっと輝く | Football LAB,左サイド攻撃 (チームスタイル指標),3,滋賀,滋賀,"[""攻撃セットプレー"", ""左サイド攻撃"", ""中央攻撃"", ""右サイド攻撃"", ""ショートカウンター"", ""ロングカウンター"", ""敵陣ポゼッション"", ""自陣ポゼッション""]","[""27.9%"", ""6.3%"", ""36.5%"", ""8.5%"", ""19.5%"", ""8.6%"", ""10.6%"", ""5.2%""]"
20260802,20260609,j2,2026,左サイド攻撃.html,左サイド攻撃 (チームスタイル指標),リーグサマリー:2026 J2J3百年構想リーグ 左サイド攻撃 (チームスタイル指標) | データによってサッカーはもっと輝く | Football LAB,左サイド攻撃 (チームスタイル指標),3,琉球,琉球,"[""攻撃セットプレー"", ""左サイド攻撃"", ""中央攻撃"", ""右サイド攻撃"", ""ショートカウンター"", ""ロングカウンター"", ""敵陣ポゼッション"", ""自陣ポゼッション""]","[""24.0%"", ""11.2%"", ""35.4%"", ""10.5%"", ""20.2%"", ""10.5%"", ""22.4%"", ""7.7%""]"
20260802,20260609,j2,2026,左サイド攻撃.html,左サイド攻撃 (チームスタイル指標),リーグサマリー:2026 J2J3百年構想リーグ 左サイド攻撃 (チームスタイル指標) | データによってサッカーはもっと輝く | Football LAB,左サイド攻撃 (チームスタイル指標),3,北九州,北九州,"[""攻撃セットプレー"", ""左サイド攻撃"", ""中央攻撃"", ""右サイド攻撃"", ""ショートカウンター"", ""ロングカウンター"", ""敵陣ポゼッション"", ""自陣ポゼッション""]","[""23.7%"", ""11.9%"", ""32.6%"", ""11.7%"", ""18.9%"", ""19.7%"", ""18.1%"", ""3.8%""]"
20260802,20260609,j2,,攻撃.html,リーグサマリー:2026特別 J2J3百年構想リーグ チャンスビルディングポイント 攻撃ポイント ランキング | データによってサッカーはもっと輝く | Football LAB,リーグサマリー:2026特別 J2J3百年構想リーグ チャンスビルディングポイント 攻撃ポイント ランキング | データによってサッカーはもっと輝く | Football LAB,リーグサマリー:2026特別 J2J3百年構想リーグ チャンスビルディングポイント 攻撃ポイント ランキング | データによってサッカーはもっと輝く | Football LAB,1,富山,富山,"[""攻撃ポイント"", ""試合平均"", ""最近5試合"", ""順位"", ""勝点"", ""得点"", ""失点""]","[""385.92"", ""19.30"", ""107.30"", ""1"", ""38"", ""37"", ""24""]"
20260802,20260609,j2,,攻撃.html,リーグサマリー:2026特別 J2J3百年構想リーグ チャンスビルディングポイント 攻撃ポイント ランキング | データによってサッカーはもっと輝く | Football LAB,リーグサマリー:2026特別 J2J3百年構想リーグ チャンスビルディングポイント 攻撃ポイント ランキング | データによってサッカーはもっと輝く | Football LAB,リーグサマリー:2026特別 J2J3百年構想リーグ チャンスビルディングポイント 攻撃ポイント ランキング | データによってサッカーはもっと輝く | Football LAB,1,岐阜,岐阜,"[""攻撃ポイント"", ""試合平均"", ""最近5試合"", ""順位"", ""勝点"", ""得点"", ""失点""]","[""353.28"", ""17.66"", ""90.80"", ""6"", ""28"", ""24"", ""26""]"
20260802,20260609,j2,,攻撃.html,リーグサマリー:2026特別 J2J3百年構想リーグ チャンスビルディングポイント 攻撃ポイント ランキング | データによってサッカーはもっと輝く | Football LAB,リーグサマリー:2026特別 J2J3百年構想リーグ チャンスビルディングポイント 攻撃ポイント ランキング | データによってサッカーはもっと輝く | Football LAB,リーグサマリー:2026特別 J2J3百年構想リーグ チャンスビルディングポイント 攻撃ポイント ランキング | データによってサッカーはもっと輝く | Football LAB,1,福島,福島,"[""攻撃ポイント"", ""試合平均"", ""最近5試合"", ""順位"", ""勝点"", ""得点"", ""失点""]","[""350.30"", ""17.51"", ""106.08"", ""9"", ""18"", ""28"", ""41""]"
20260802,20260609,j2,,攻撃.html,リーグサマリー:2026特別 J2J3百年構想リーグ チャンスビルディングポイント 攻撃ポイント ランキング | データによってサッカーはもっと輝く | Football LAB,リーグサマリー:2026特別 J2J3百年構想リーグ チャンスビルディングポイント 攻撃ポイント ランキング | データによってサッカーはもっと輝く | Football LAB,リーグサマリー:2026特別 J2J3百年構想リーグ チャンスビルディングポイント 攻撃ポイント ランキング | データによってサッカーはもっと輝く | Football LAB,1,愛媛,愛媛,"[""攻撃ポイント"", ""試合平均"", ""最近5試合"", ""順位"", ""勝点"", ""得点"", ""失点""]","[""340.54"", ""17.03"", ""88.25"", ""5"", ""28"", ""25"", ""18""]"
20260802,20260609,j2,,攻撃.html,リーグサマリー:2026特別 J2J3百年構想リーグ チャンスビルディングポイント 攻撃ポイント ランキング | データによってサッカーはもっと輝く | Football LAB,リーグサマリー:2026特別 J2J3百年構想リーグ チャンスビルディングポイント 攻撃ポイント ランキング | データによってサッカーはもっと輝く | Football LAB,リーグサマリー:2026特別 J2J3百年構想リーグ チャンスビルディングポイント 攻撃ポイント ランキング | データによってサッカーはもっと輝く | Football LAB,1,札幌,札幌,"[""攻撃ポイント"", ""試合平均"", ""最近5試合"", ""順位"", ""勝点"", ""得点"", ""失点""]","[""329.30"", ""16.47"", ""89.62"", ""2"", ""31"", ""26"", ""22""]"
20260802,20260609,j2,,攻撃.html,リーグサマリー:2026特別 J2J3百年構想リーグ チャンスビルディングポイント 攻撃ポイント ランキング | データによってサッカーはもっと輝く | Football LAB,リーグサマリー:2026特別 J2J3百年構想リーグ チャンスビルディングポイント 攻撃ポイント ランキング | データによってサッカーはもっと輝く | Football LAB,リーグサマリー:2026特別 J2J3百年構想リーグ チャンスビルディングポイント 攻撃ポイント ランキング | データによってサッカーはもっと輝く | Football LAB,1,鳥栖,鳥栖,"[""攻撃ポイント"", ""試合平均"", ""最近5試合"", ""順位"", ""勝点"", ""得点"", ""失点""]","[""324.29"", ""16.21"", ""80.75"", ""3"", ""32"", ""24"", ""14""]"
20260802,20260609,j2,,攻撃.html,リーグサマリー:2026特別 J2J3百年構想リーグ チャンスビルディングポイント 攻撃ポイント ランキング | データによってサッカーはもっと輝く | Football LAB,リーグサマリー:2026特別 J2J3百年構想リーグ チャンスビルディングポイント 攻撃ポイント ランキング | データによってサッカーはもっと輝く | Football LAB,リーグサマリー:2026特別 J2J3百年構想リーグ チャンスビルディングポイント 攻撃ポイント ランキング | データによってサッカーはもっと輝く | Football LAB,1,大宮,大宮,"[""攻撃ポイント"", ""試合平均"", ""最近5試合"", ""順位"", ""勝点"", ""得点"", ""失点""]","[""324.13"", ""16.21"", ""63.15"", ""4"", ""30"", ""38"", ""28""]"
20260802,20260609,j2,,攻撃.html,リーグサマリー:2026特別 J2J3百年構想リーグ チャンスビルディングポイント 攻撃ポイント ランキング | データによってサッカーはもっと輝く | Football LAB,リーグサマリー:2026特別 J2J3百年構想リーグ チャンスビルディングポイント 攻撃ポイント ランキング | データによってサッカーはもっと輝く | Football LAB,リーグサマリー:2026特別 J2J3百年構想リーグ チャンスビルディングポイント 攻撃ポイント ランキング | データによってサッカーはもっと輝く | Football LAB,1,横浜FC,横浜FC,"[""攻撃ポイント"", ""試合平均"", ""最近5試合"", ""順位"", ""勝点"", ""得点"", ""失点""]","[""321.86"", ""16.09"", ""69.70"", ""4"", ""29"", ""34"", ""27""]"
20260802,20260609,j2,,攻撃.html,リーグサマリー:2026特別 J2J3百年構想リーグ チャンスビルディングポイント 攻撃ポイント ランキング | データによってサッカーはもっと輝く | Football LAB,リーグサマリー:2026特別 J2J3百年構想リーグ チャンスビルディングポイント 攻撃ポイント ランキング | データによってサッカーはもっと輝く | Football LAB,リーグサマリー:2026特別 J2J3百年構想リーグ チャンスビルディングポイント 攻撃ポイント ランキング | データによってサッカーはもっと輝く | Football LAB,1,FC大阪,FC大阪,"[""攻撃ポイント"", ""試合平均"", ""最近5試合"", ""順位"", ""勝点"", ""得点"", ""失点""]","[""308.36"", ""15.42"", ""85.99"", ""8"", ""20"", ""15"", ""18""]"
20260802,20260609,j2,,攻撃.html,リーグサマリー:2026特別 J2J3百年構想リーグ チャンスビルディングポイント 攻撃ポイント ランキング | データによってサッカーはもっと輝く | Football LAB,リーグサマリー:2026特別 J2J3百年構想リーグ チャンスビルディングポイント 攻撃ポイント ランキング | データによってサッカーはもっと輝く | Football LAB,リーグサマリー:2026特別 J2J3百年構想リーグ チャンスビルディングポイント 攻撃ポイント ランキング | データによってサッカーはもっと輝く | Football LAB,1,山口,山口,"[""攻撃ポイント"", ""試合平均"", ""最近5試合"", ""順位"", ""勝点"", ""得点"", ""失点""]","[""304.29"", ""15.21"", ""76.08"", ""4"", ""29"", ""24"", ""22""]"
20260802,20260609,j2,,攻撃.html,リーグサマリー:2026特別 J2J3百年構想リーグ チャンスビルディングポイント 攻撃ポイント ランキング | データによってサッカーはもっと輝く | Football LAB,リーグサマリー:2026特別 J2J3百年構想リーグ チャンスビルディングポイント 攻撃ポイント ランキング | データによってサッカーはもっと輝く | Football LAB,リーグサマリー:2026特別 J2J3百年構想リーグ チャンスビルディングポイント 攻撃ポイント ランキング | データによってサッカーはもっと輝く | Football LAB,1,奈良,奈良,"[""攻撃ポイント"", ""試合平均"", ""最近5試合"", ""順位"", ""勝点"", ""得点"", ""失点""]","[""291.76"", ""14.59"", ""73.76"", ""7"", ""21"", ""25"", ""34""]"
20260802,20260609,j2,,攻撃.html,リーグサマリー:2026特別 J2J3百年構想リーグ チャンスビルディングポイント 攻撃ポイント ランキング | データによってサッカーはもっと輝く | Football LAB,リーグサマリー:2026特別 J2J3百年構想リーグ チャンスビルディングポイント 攻撃ポイント ランキング | データによってサッカーはもっと輝く | Football LAB,リーグサマリー:2026特別 J2J3百年構想リーグ チャンスビルディングポイント 攻撃ポイント ランキング | データによってサッカーはもっと輝く | Football LAB,1,大分,大分,"[""攻撃ポイント"", ""試合平均"", ""最近5試合"", ""順位"", ""勝点"", ""得点"", ""失点""]","[""285.91"", ""14.30"", ""65.07"", ""7"", ""22"", ""18"", ""18""]"
20260802,20260609,j2,,攻撃.html,リーグサマリー:2026特別 J2J3百年構想リーグ チャンスビルディングポイント 攻撃ポイント ランキング | データによってサッカーはもっと輝く | Football LAB,リーグサマリー:2026特別 J2J3百年構想リーグ チャンスビルディングポイント 攻撃ポイント ランキング | データによってサッカーはもっと輝く | Football LAB,リーグサマリー:2026特別 J2J3百年構想リーグ チャンスビルディングポイント 攻撃ポイント ランキング | データによってサッカーはもっと輝く | Football LAB,1,湘南,湘南,"[""攻撃ポイント"", ""試合平均"", ""最近5試合"", ""順位"", ""勝点"", ""得点"", ""失点""]","[""275.00"", ""13.75"", ""65.95"", ""3"", ""31"", ""25"", ""19""]"
20260802,20260609,j2,,攻撃.html,リーグサマリー:2026特別 J2J3百年構想リーグ チャンスビルディングポイント 攻撃ポイント ランキング | データによってサッカーはもっと輝く | Football LAB,リーグサマリー:2026特別 J2J3百年構想リーグ チャンスビルディングポイント 攻撃ポイント ランキング | データによってサッカーはもっと輝く | Football LAB,リーグサマリー:2026特別 J2J3百年構想リーグ チャンスビルディングポイント 攻撃ポイント ランキング | データによってサッカーはもっと輝く | Football LAB,1,藤枝,藤枝,"[""攻撃ポイント"", ""試合平均"", ""最近5試合"", ""順位"", ""勝点"", ""得点"", ""失点""]","[""273.42"", ""13.67"", ""71.20"", ""5"", ""30"", ""21"", ""17""]"
20260802,20260609,j2,,攻撃.html,リーグサマリー:2026特別 J2J3百年構想リーグ チャンスビルディングポイント 攻撃ポイント ランキング | データによってサッカーはもっと輝く | Football LAB,リーグサマリー:2026特別 J2J3百年構想リーグ チャンスビルディングポイント 攻撃ポイント ランキング | データによってサッカーはもっと輝く | Football LAB,リーグサマリー:2026特別 J2J3百年構想リーグ チャンスビルディングポイント 攻撃ポイント ランキング | データによってサッカーはもっと輝く | Football LAB,1,群馬,群馬,"[""攻撃ポイント"", ""試合平均"", ""最近5試合"", ""順位"", ""勝点"", ""得点"", ""失点""]","[""272.97"", ""13.65"", ""62.50"", ""6"", ""23"", ""26"", ""36""]"
20260802,20260609,j2,,攻撃.html,リーグサマリー:2026特別 J2J3百年構想リーグ チャンスビルディングポイント 攻撃ポイント ランキング | データによってサッカーはもっと輝く | Football LAB,リーグサマリー:2026特別 J2J3百年構想リーグ チャンスビルディングポイント 攻撃ポイント ランキング | データによってサッカーはもっと輝く | Football LAB,リーグサマリー:2026特別 J2J3百年構想リーグ チャンスビルディングポイント 攻撃ポイント ランキング | データによってサッカーはもっと輝く | Football LAB,1,栃木C,栃木C,"[""攻撃ポイント"", ""試合平均"", ""最近5試合"", ""順位"", ""勝点"", ""得点"", ""失点""]","[""272.73"", ""13.64"", ""74.66"", ""8"", ""21"", ""20"", ""33""]"
20260802,20260609,j2,,攻撃.html,リーグサマリー:2026特別 J2J3百年構想リーグ チャンスビルディングポイント 攻撃ポイント ランキング | データによってサッカーはもっと輝く | Football LAB,リーグサマリー:2026特別 J2J3百年構想リーグ チャンスビルディングポイント 攻撃ポイント ランキング | データによってサッカーはもっと輝く | Football LAB,リーグサマリー:2026特別 J2J3百年構想リーグ チャンスビルディングポイント 攻撃ポイント ランキング | データによってサッカーはもっと輝く | Football LAB,1,熊本,熊本,"[""攻撃ポイント"", ""試合平均"", ""最近5試合"", ""順位"", ""勝点"", ""得点"", ""失点""]","[""263.49"", ""13.17"", ""54.57"", ""5"", ""27"", ""20"", ""20""]"
20260802,20260609,j2,,攻撃.html,リーグサマリー:2026特別 J2J3百年構想リーグ チャンスビルディングポイント 攻撃ポイント ランキング | データによってサッカーはもっと輝く | Football LAB,リーグサマリー:2026特別 J2J3百年構想リーグ チャンスビルディングポイント 攻撃ポイント ランキング | データによってサッカーはもっと輝く | Football LAB,リーグサマリー:2026特別 J2J3百年構想リーグ チャンスビルディングポイント 攻撃ポイント ランキング | データによってサッカーはもっと輝く | Football LAB,1,徳島,徳島,"[""攻撃ポイント"", ""試合平均"", ""最近5試合"", ""順位"", ""勝点"", ""得点"", ""失点""]","[""262.24"", ""13.11"", ""67.12"", ""3"", ""32"", ""36"", ""22""]"
20260802,20260609,j2,,攻撃.html,リーグサマリー:2026特別 J2J3百年構想リーグ チャンスビルディングポイント 攻撃ポイント ランキング | データによってサッカーはもっと輝く | Football LAB,リーグサマリー:2026特別 J2J3百年構想リーグ チャンスビルディングポイント 攻撃ポイント ランキング | データによってサッカーはもっと輝く | Football LAB,リーグサマリー:2026特別 J2J3百年構想リーグ チャンスビルディングポイント 攻撃ポイント ランキング | データによってサッカーはもっと輝く | Football LAB,1,北九州,北九州,"[""攻撃ポイント"", ""試合平均"", ""最近5試合"", ""順位"", ""勝点"", ""得点"", ""失点""]","[""261.97"", ""13.10"", ""78.71"", ""10"", ""15"", ""17"", ""32""]"
20260802,20260609,j2,,攻撃.html,リーグサマリー:2026特別 J2J3百年構想リーグ チャンスビルディングポイント 攻撃ポイント ランキング | データによってサッカーはもっと輝く | Football LAB,リーグサマリー:2026特別 J2J3百年構想リーグ チャンスビルディングポイント 攻撃ポイント ランキング | データによってサッカーはもっと輝く | Football LAB,リーグサマリー:2026特別 J2J3百年構想リーグ チャンスビルディングポイント 攻撃ポイント ランキング | データによってサッカーはもっと輝く | Football LAB,1,いわき,いわき,"[""攻撃ポイント"", ""試合平均"", ""最近5試合"", ""順位"", ""勝点"", ""得点"", ""失点""]","[""261.89"", ""13.09"", ""71.50"", ""3"", ""31"", ""22"", ""18""]"
20260802,20260609,j2,,攻撃.html,リーグサマリー:2026特別 J2J3百年構想リーグ チャンスビルディングポイント 攻撃ポイント ランキング | データによってサッカーはもっと輝く | Football LAB,リーグサマリー:2026特別 J2J3百年構想リーグ チャンスビルディングポイント 攻撃ポイント ランキング | データによってサッカーはもっと輝く | Football LAB,リーグサマリー:2026特別 J2J3百年構想リーグ チャンスビルディングポイント 攻撃ポイント ランキング | データによってサッカーはもっと輝く | Football LAB,1,宮崎,宮崎,"[""攻撃ポイント"", ""試合平均"", ""最近5試合"", ""順位"", ""勝点"", ""得点"", ""失点""]","[""260.44"", ""13.02"", ""63.34"", ""1"", ""47"", ""35"", ""11""]"
20260802,20260609,j2,,攻撃.html,リーグサマリー:2026特別 J2J3百年構想リーグ チャンスビルディングポイント 攻撃ポイント ランキング | データによってサッカーはもっと輝く | Football LAB,リーグサマリー:2026特別 J2J3百年構想リーグ チャンスビルディングポイント 攻撃ポイント ランキング | データによってサッカーはもっと輝く | Football LAB,リーグサマリー:2026特別 J2J3百年構想リーグ チャンスビルディングポイント 攻撃ポイント ランキング | データによってサッカーはもっと輝く | Football LAB,1,金沢,金沢,"[""攻撃ポイント"", ""試合平均"", ""最近5試合"", ""順位"", ""勝点"", ""得点"", ""失点""]","[""259.82"", ""12.99"", ""66.58"", ""6"", ""27"", ""15"", ""21""]"
20260802,20260609,j2,,攻撃.html,リーグサマリー:2026特別 J2J3百年構想リーグ チャンスビルディングポイント 攻撃ポイント ランキング | データによってサッカーはもっと輝く | Football LAB,リーグサマリー:2026特別 J2J3百年構想リーグ チャンスビルディングポイント 攻撃ポイント ランキング | データによってサッカーはもっと輝く | Football LAB,リーグサマリー:2026特別 J2J3百年構想リーグ チャンスビルディングポイント 攻撃ポイント ランキング | データによってサッカーはもっと輝く | Football LAB,1,高知,高知,"[""攻撃ポイント"", ""試合平均"", ""最近5試合"", ""順位"", ""勝点"", ""得点"", ""失点""]","[""258.23"", ""12.91"", ""67.67"", ""4"", ""30"", ""23"", ""21""]"
20260802,20260609,j2,,攻撃.html,リーグサマリー:2026特別 J2J3百年構想リーグ チャンスビルディングポイント 攻撃ポイント ランキング | データによってサッカーはもっと輝く | Football LAB,リーグサマリー:2026特別 J2J3百年構想リーグ チャンスビルディングポイント 攻撃ポイント ランキング | データによってサッカーはもっと輝く | Football LAB,リーグサマリー:2026特別 J2J3百年構想リーグ チャンスビルディングポイント 攻撃ポイント ランキング | データによってサッカーはもっと輝く | Football LAB,1,今治,今治,"[""攻撃ポイント"", ""試合平均"", ""最近5試合"", ""順位"", ""勝点"", ""得点"", ""失点""]","[""257.57"", ""12.88"", ""64.50"", ""9"", ""20"", ""14"", ""18""]"
20260802,20260609,j2,,攻撃.html,リーグサマリー:2026特別 J2J3百年構想リーグ チャンスビルディングポイント 攻撃ポイント ランキング | データによってサッカーはもっと輝く | Football LAB,リーグサマリー:2026特別 J2J3百年構想リーグ チャンスビルディングポイント 攻撃ポイント ランキング | データによってサッカーはもっと輝く | Football LAB,リーグサマリー:2026特別 J2J3百年構想リーグ チャンスビルディングポイント 攻撃ポイント ランキング | データによってサッカーはもっと輝く | Football LAB,1,仙台,仙台,"[""攻撃ポイント"", ""試合平均"", ""最近5試合"", ""順位"", ""勝点"", ""得点"", ""失点""]","[""257.23"", ""12.86"", ""67.94"", ""1"", ""43"", ""32"", ""15""]"
20260802,20260609,j2,,攻撃.html,リーグサマリー:2026特別 J2J3百年構想リーグ チャンスビルディングポイント 攻撃ポイント ランキング | データによってサッカーはもっと輝く | Football LAB,リーグサマリー:2026特別 J2J3百年構想リーグ チャンスビルディングポイント 攻撃ポイント ランキング | データによってサッカーはもっと輝く | Football LAB,リーグサマリー:2026特別 J2J3百年構想リーグ チャンスビルディングポイント 攻撃ポイント ランキング | データによってサッカーはもっと輝く | Football LAB,1,栃木SC,栃木SC,"[""攻撃ポイント"", ""試合平均"", ""最近5試合"", ""順位"", ""勝点"", ""得点"", ""失点""]","[""255.81"", ""12.79"", ""71.66"", ""10"", ""18"", ""23"", ""28""]"
20260802,20260609,j2,,攻撃.html,リーグサマリー:2026特別 J2J3百年構想リーグ チャンスビルディングポイント 攻撃ポイント ランキング | データによってサッカーはもっと輝く | Football LAB,リーグサマリー:2026特別 J2J3百年構想リーグ チャンスビルディングポイント 攻撃ポイント ランキング | データによってサッカーはもっと輝く | Football LAB,リーグサマリー:2026特別 J2J3百年構想リーグ チャンスビルディングポイント 攻撃ポイント ランキング | データによってサッカーはもっと輝く | Football LAB,1,琉球,琉球,"[""攻撃ポイント"", ""試合平均"", ""最近5試合"", ""順位"", ""勝点"", ""得点"", ""失点""]","[""254.09"", ""12.70"", ""70.47"", ""9"", ""17"", ""13"", ""25""]"
20260802,20260609,j2,,攻撃.html,リーグサマリー:2026特別 J2J3百年構想リーグ チャンスビルディングポイント 攻撃ポイント ランキング | データによってサッカーはもっと輝く | Football LAB,リーグサマリー:2026特別 J2J3百年構想リーグ チャンスビルディングポイント 攻撃ポイント ランキング | データによってサッカーはもっと輝く | Football LAB,リーグサマリー:2026特別 J2J3百年構想リーグ チャンスビルディングポイント 攻撃ポイント ランキング | データによってサッカーはもっと輝く | Football LAB,1,鹿児島,鹿児島,"[""攻撃ポイント"", ""試合平均"", ""最近5試合"", ""順位"", ""勝点"", ""得点"", ""失点""]","[""253.90"", ""12.69"", ""69.97"", ""2"", ""33"", ""23"", ""15""]"
20260802,20260609,j2,,攻撃.html,リーグサマリー:2026特別 J2J3百年構想リーグ チャンスビルディングポイント 攻撃ポイント ランキング | データによってサッカーはもっと輝く | Football LAB,リーグサマリー:2026特別 J2J3百年構想リーグ チャンスビルディングポイント 攻撃ポイント ランキング | データによってサッカーはもっと輝く | Football LAB,リーグサマリー:2026特別 J2J3百年構想リーグ チャンスビルディングポイント 攻撃ポイント ランキング | データによってサッカーはもっと輝く | Football LAB,1,磐田,磐田,"[""攻撃ポイント"", ""試合平均"", ""最近5試合"", ""順位"", ""勝点"", ""得点"", ""失点""]","[""252.89"", ""12.64"", ""71.02"", ""8"", ""25"", ""16"", ""23""]"
20260802,20260609,j2,,攻撃.html,リーグサマリー:2026特別 J2J3百年構想リーグ チャンスビルディングポイント 攻撃ポイント ランキング | データによってサッカーはもっと輝く | Football LAB,リーグサマリー:2026特別 J2J3百年構想リーグ チャンスビルディングポイント 攻撃ポイント ランキング | データによってサッカーはもっと輝く | Football LAB,リーグサマリー:2026特別 J2J3百年構想リーグ チャンスビルディングポイント 攻撃ポイント ランキング | データによってサッカーはもっと輝く | Football LAB,1,新潟,新潟,"[""攻撃ポイント"", ""試合平均"", ""最近5試合"", ""順位"", ""勝点"", ""得点"", ""失点""]","[""241.68"", ""12.08"", ""72.89"", ""2"", ""35"", ""21"", ""17""]"
20260802,20260609,j2,,攻撃.html,リーグサマリー:2026特別 J2J3百年構想リーグ チャンスビルディングポイント 攻撃ポイント ランキング | データによってサッカーはもっと輝く | Football LAB,リーグサマリー:2026特別 J2J3百年構想リーグ チャンスビルディングポイント 攻撃ポイント ランキング | データによってサッカーはもっと輝く | Football LAB,リーグサマリー:2026特別 J2J3百年構想リーグ チャンスビルディングポイント 攻撃ポイント ランキング | データによってサッカーはもっと輝く | Football LAB,1,山形,山形,"[""攻撃ポイント"", ""試合平均"", ""最近5試合"", ""順位"", ""勝点"", ""得点"", ""失点""]","[""241.57"", ""12.08"", ""63.19"", ""7"", ""22"", ""20"", ""25""]"
20260802,20260609,j2,,攻撃.html,リーグサマリー:2026特別 J2J3百年構想リーグ チャンスビルディングポイント 攻撃ポイント ランキング | データによってサッカーはもっと輝く | Football LAB,リーグサマリー:2026特別 J2J3百年構想リーグ チャンスビルディングポイント 攻撃ポイント ランキング | データによってサッカーはもっと輝く | Football LAB,リーグサマリー:2026特別 J2J3百年構想リーグ チャンスビルディングポイント 攻撃ポイント ランキング | データによってサッカーはもっと輝く | Football LAB,1,甲府,甲府,"[""攻撃ポイント"", ""試合平均"", ""最近5試合"", ""順位"", ""勝点"", ""得点"", ""失点""]","[""241.23"", ""12.06"", ""59.24"", ""1"", ""35"", ""21"", ""13""]"
20260802,20260609,j2,,攻撃.html,リーグサマリー:2026特別 J2J3百年構想リーグ チャンスビルディングポイント 攻撃ポイント ランキング | データによってサッカーはもっと輝く | Football LAB,リーグサマリー:2026特別 J2J3百年構想リーグ チャンスビルディングポイント 攻撃ポイント ランキング | データによってサッカーはもっと輝く | Football LAB,リーグサマリー:2026特別 J2J3百年構想リーグ チャンスビルディングポイント 攻撃ポイント ランキング | データによってサッカーはもっと輝く | Football LAB,1,鳥取,鳥取,"[""攻撃ポイント"", ""試合平均"", ""最近5試合"", ""順位"", ""勝点"", ""得点"", ""失点""]","[""238.48"", ""11.92"", ""59.87"", ""6"", ""27"", ""20"", ""24""]"
20260802,20260609,j2,,攻撃.html,リーグサマリー:2026特別 J2J3百年構想リーグ チャンスビルディングポイント 攻撃ポイント ランキング | データによってサッカーはもっと輝く | Football LAB,リーグサマリー:2026特別 J2J3百年構想リーグ チャンスビルディングポイント 攻撃ポイント ランキング | データによってサッカーはもっと輝く | Football LAB,リーグサマリー:2026特別 J2J3百年構想リーグ チャンスビルディングポイント 攻撃ポイント ランキング | データによってサッカーはもっと輝く | Football LAB,1,八戸,八戸,"[""攻撃ポイント"", ""試合平均"", ""最近5試合"", ""順位"", ""勝点"", ""得点"", ""失点""]","[""234.08"", ""11.70"", ""77.01"", ""9"", ""20"", ""15"", ""19""]"
20260802,20260609,j2,,攻撃.html,リーグサマリー:2026特別 J2J3百年構想リーグ チャンスビルディングポイント 攻撃ポイント ランキング | データによってサッカーはもっと輝く | Football LAB,リーグサマリー:2026特別 J2J3百年構想リーグ チャンスビルディングポイント 攻撃ポイント ランキング | データによってサッカーはもっと輝く | Football LAB,リーグサマリー:2026特別 J2J3百年構想リーグ チャンスビルディングポイント 攻撃ポイント ランキング | データによってサッカーはもっと輝く | Football LAB,1,滋賀,滋賀,"[""攻撃ポイント"", ""試合平均"", ""最近5試合"", ""順位"", ""勝点"", ""得点"", ""失点""]","[""220.49"", ""11.02"", ""62.11"", ""8"", ""21"", ""15"", ""28""]"
20260802,20260609,j2,,攻撃.html,リーグサマリー:2026特別 J2J3百年構想リーグ チャンスビルディングポイント 攻撃ポイント ランキング | データによってサッカーはもっと輝く | Football LAB,リーグサマリー:2026特別 J2J3百年構想リーグ チャンスビルディングポイント 攻撃ポイント ランキング | データによってサッカーはもっと輝く | Football LAB,リーグサマリー:2026特別 J2J3百年構想リーグ チャンスビルディングポイント 攻撃ポイント ランキング | データによってサッカーはもっと輝く | Football LAB,1,松本,松本,"[""攻撃ポイント"", ""試合平均"", ""最近5試合"", ""順位"", ""勝点"", ""得点"", ""失点""]","[""218.36"", ""10.92"", ""63.97"", ""7"", ""26"", ""31"", ""21""]"
20260802,20260609,j2,,攻撃.html,リーグサマリー:2026特別 J2J3百年構想リーグ チャンスビルディングポイント 攻撃ポイント ランキング | データによってサッカーはもっと輝く | Football LAB,リーグサマリー:2026特別 J2J3百年構想リーグ チャンスビルディングポイント 攻撃ポイント ランキング | データによってサッカーはもっと輝く | Football LAB,リーグサマリー:2026特別 J2J3百年構想リーグ チャンスビルディングポイント 攻撃ポイント ランキング | データによってサッカーはもっと輝く | Football LAB,1,秋田,秋田,"[""攻撃ポイント"", ""試合平均"", ""最近5試合"", ""順位"", ""勝点"", ""得点"", ""失点""]","[""217.12"", ""10.86"", ""64.07"", ""2"", ""35"", ""23"", ""14""]"
20260802,20260609,j2,,攻撃.html,リーグサマリー:2026特別 J2J3百年構想リーグ チャンスビルディングポイント 攻撃ポイント ランキング | データによってサッカーはもっと輝く | Football LAB,リーグサマリー:2026特別 J2J3百年構想リーグ チャンスビルディングポイント 攻撃ポイント ランキング | データによってサッカーはもっと輝く | Football LAB,リーグサマリー:2026特別 J2J3百年構想リーグ チャンスビルディングポイント 攻撃ポイント ランキング | データによってサッカーはもっと輝く | Football LAB,1,長野,長野,"[""攻撃ポイント"", ""試合平均"", ""最近5試合"", ""順位"", ""勝点"", ""得点"", ""失点""]","[""217.05"", ""10.85"", ""74.85"", ""10"", ""16"", ""15"", ""33""]"
20260802,20260609,j2,,攻撃.html,リーグサマリー:2026特別 J2J3百年構想リーグ チャンスビルディングポイント 攻撃ポイント ランキング | データによってサッカーはもっと輝く | Football LAB,リーグサマリー:2026特別 J2J3百年構想リーグ チャンスビルディングポイント 攻撃ポイント ランキング | データによってサッカーはもっと輝く | Football LAB,リーグサマリー:2026特別 J2J3百年構想リーグ チャンスビルディングポイント 攻撃ポイント ランキング | データによってサッカーはもっと輝く | Football LAB,1,相模原,相模原,"[""攻撃ポイント"", ""試合平均"", ""最近5試合"", ""順位"", ""勝点"", ""得点"", ""失点""]","[""212.53"", ""10.63"", ""62.05"", ""5"", ""28"", ""31"", ""33""]"
20260802,20260609,j2,,攻撃.html,リーグサマリー:2026特別 J2J3百年構想リーグ チャンスビルディングポイント 攻撃ポイント ランキング | データによってサッカーはもっと輝く | Football LAB,リーグサマリー:2026特別 J2J3百年構想リーグ チャンスビルディングポイント 攻撃ポイント ランキング | データによってサッカーはもっと輝く | Football LAB,リーグサマリー:2026特別 J2J3百年構想リーグ チャンスビルディングポイント 攻撃ポイント ランキング | データによってサッカーはもっと輝く | Football LAB,1,讃岐,讃岐,"[""攻撃ポイント"", ""試合平均"", ""最近5試合"", ""順位"", ""勝点"", ""得点"", ""失点""]","[""186.26"", ""9.31"", ""47.76"", ""10"", ""19"", ""14"", ""32""]"
20260802,20260609,j2,,攻撃.html,リーグサマリー:2026特別 J2J3百年構想リーグ チャンスビルディングポイント 攻撃ポイント ランキング | データによってサッカーはもっと輝く | Football LAB,リーグサマリー:2026特別 J2J3百年構想リーグ チャンスビルディングポイント 攻撃ポイント ランキング | データによってサッカーはもっと輝く | Football LAB,リーグサマリー:2026特別 J2J3百年構想リーグ チャンスビルディングポイント 攻撃ポイント ランキング | データによってサッカーはもっと輝く | Football LAB,2,前田 椋介,前田椋介,"[""攻撃ポイント"", ""90分平均"", ""最近5試合"", ""出場試合"", ""ゴール"", ""奪取P""]","["""", ""45.21"", ""2.40"", ""9.87"", ""19"", ""1"", ""224.75""]"
20260802,20260609,j2,,攻撃.html,リーグサマリー:2026特別 J2J3百年構想リーグ チャンスビルディングポイント 攻撃ポイント ランキング | データによってサッカーはもっと輝く | Football LAB,リーグサマリー:2026特別 J2J3百年構想リーグ チャンスビルディングポイント 攻撃ポイント ランキング | データによってサッカーはもっと輝く | Football LAB,リーグサマリー:2026特別 J2J3百年構想リーグ チャンスビルディングポイント 攻撃ポイント ランキング | データによってサッカーはもっと輝く | Football LAB,2,布施谷 翔,布施谷翔,"[""攻撃ポイント"", ""90分平均"", ""最近5試合"", ""出場試合"", ""ゴール"", ""奪取P""]","["""", ""43.86"", ""2.68"", ""13.77"", ""18"", ""2"", ""197.15""]"
20260802,20260609,j2,,攻撃.html,リーグサマリー:2026特別 J2J3百年構想リーグ チャンスビルディングポイント 攻撃ポイント ランキング | データによってサッカーはもっと輝く | Football LAB,リーグサマリー:2026特別 J2J3百年構想リーグ チャンスビルディングポイント 攻撃ポイント ランキング | データによってサッカーはもっと輝く | Football LAB,リーグサマリー:2026特別 J2J3百年構想リーグ チャンスビルディングポイント 攻撃ポイント ランキング | データによってサッカーはもっと輝く | Football LAB,2,中村 優斗,中村優斗,"[""攻撃ポイント"", ""90分平均"", ""最近5試合"", ""出場試合"", ""ゴール"", ""奪取P""]","["""", ""43.58"", ""2.34"", ""11.77"", ""20"", ""2"", ""124.66""]"
20260802,20260609,j2,,攻撃.html,リーグサマリー:2026特別 J2J3百年構想リーグ チャンスビルディングポイント 攻撃ポイント ランキング | データによってサッカーはもっと輝く | Football LAB,リーグサマリー:2026特別 J2J3百年構想リーグ チャンスビルディングポイント 攻撃ポイント ランキング | データによってサッカーはもっと輝く | Football LAB,リーグサマリー:2026特別 J2J3百年構想リーグ チャンスビルディングポイント 攻撃ポイント ランキング | データによってサッカーはもっと輝く | Football LAB,2,谷本 駿介,谷本駿介,"[""攻撃ポイント"", ""90分平均"", ""最近5試合"", ""出場試合"", ""ゴール"", ""奪取P""]","["""", ""42.55"", ""2.45"", ""9.15"", ""18"", ""2"", ""210.86""]"
20260802,20260609,j2,,攻撃.html,リーグサマリー:2026特別 J2J3百年構想リーグ チャンスビルディングポイント 攻撃ポイント ランキング | データによってサッカーはもっと輝く | Football LAB,リーグサマリー:2026特別 J2J3百年構想リーグ チャンスビルディングポイント 攻撃ポイント ランキング | データによってサッカーはもっと輝く | Football LAB,リーグサマリー:2026特別 J2J3百年構想リーグ チャンスビルディングポイント 攻撃ポイント ランキング | データによってサッカーはもっと輝く | Football LAB,2,日野 翔太,日野翔太,"[""攻撃ポイント"", ""90分平均"", ""最近5試合"", ""出場試合"", ""ゴール"", ""奪取P""]","["""", ""42.22"", ""2.12"", ""12.55"", ""20"", ""4"", ""137.67""]"
20260802,20260609,j2,,攻撃.html,リーグサマリー:2026特別 J2J3百年構想リーグ チャンスビルディングポイント 攻撃ポイント ランキング | データによってサッカーはもっと輝く | Football LAB,リーグサマリー:2026特別 J2J3百年構想リーグ チャンスビルディングポイント 攻撃ポイント ランキング | データによってサッカーはもっと輝く | Football LAB,リーグサマリー:2026特別 J2J3百年構想リーグ チャンスビルディングポイント 攻撃ポイント ランキング | データによってサッカーはもっと輝く | Football LAB,2,新保 海鈴,新保海鈴,"[""攻撃ポイント"", ""90分平均"", ""最近5試合"", ""出場試合"", ""ゴール"", ""奪取P""]","["""", ""41.61"", ""2.33"", ""9.25"", ""19"", ""0"", ""172.83""]"
20260802,20260609,j2,,攻撃.html,リーグサマリー:2026特別 J2J3百年構想リーグ チャンスビルディングポイント 攻撃ポイント ランキング | データによってサッカーはもっと輝く | Football LAB,リーグサマリー:2026特別 J2J3百年構想リーグ チャンスビルディングポイント 攻撃ポイント ランキング | データによってサッカーはもっと輝く | Football LAB,リーグサマリー:2026特別 J2J3百年構想リーグ チャンスビルディングポイント 攻撃ポイント ランキング | データによってサッカーはもっと輝く | Football LAB,2,下川 陽太,下川陽太,"[""攻撃ポイント"", ""90分平均"", ""最近5試合"", ""出場試合"", ""ゴール"", ""奪取P""]","["""", ""41.54"", ""2.20"", ""7.83"", ""20"", ""2"", ""148.90""]"
20260802,20260609,j2,,攻撃.html,リーグサマリー:2026特別 J2J3百年構想リーグ チャンスビルディングポイント 攻撃ポイント ランキング | データによってサッカーはもっと輝く | Football LAB,リーグサマリー:2026特別 J2J3百年構想リーグ チャンスビルディングポイント 攻撃ポイント ランキング | データによってサッカーはもっと輝く | Football LAB,リーグサマリー:2026特別 J2J3百年構想リーグ チャンスビルディングポイント 攻撃ポイント ランキング | データによってサッカーはもっと輝く | Football LAB,2,斉藤 涼優,斉藤涼優,"[""攻撃ポイント"", ""90分平均"", ""最近5試合"", ""出場試合"", ""ゴール"", ""奪取P""]","["""", ""39.99"", ""2.60"", ""12.30"", ""20"", ""2"", ""135.32""]"
20260802,20260609,j2,,攻撃.html,リーグサマリー:2026特別 J2J3百年構想リーグ チャンスビルディングポイント 攻撃ポイント ランキング | データによってサッカーはもっと輝く | Football LAB,リーグサマリー:2026特別 J2J3百年構想リーグ チャンスビルディングポイント 攻撃ポイント ランキング | データによってサッカーはもっと輝く | Football LAB,リーグサマリー:2026特別 J2J3百年構想リーグ チャンスビルディングポイント 攻撃ポイント ランキング | データによってサッカーはもっと輝く | Football LAB,2,文 仁柱,文仁柱,"[""攻撃ポイント"", ""90分平均"", ""最近5試合"", ""出場試合"", ""ゴール"", ""奪取P""]","["""", ""37.47"", ""2.14"", ""10.59"", ""18"", ""3"", ""160.43""]"
20260802,20260609,j2,,攻撃.html,リーグサマリー:2026特別 J2J3百年構想リーグ チャンスビルディングポイント 攻撃ポイント ランキング | データによってサッカーはもっと輝く | Football LAB,リーグサマリー:2026特別 J2J3百年構想リーグ チャンスビルディングポイント 攻撃ポイント ランキング | データによってサッカーはもっと輝く | Football LAB,リーグサマリー:2026特別 J2J3百年構想リーグ チャンスビルディングポイント 攻撃ポイント ランキング | データによってサッカーはもっと輝く | Football LAB,2,亀田 歩夢,亀田歩夢,"[""攻撃ポイント"", ""90分平均"", ""最近5試合"", ""出場試合"", ""ゴール"", ""奪取P""]","["""", ""36.22"", ""2.94"", ""10.24"", ""18"", ""6"", ""111.39""]"
20260802,20260609,j2,,攻撃.html,リーグサマリー:2026特別 J2J3百年構想リーグ チャンスビルディングポイント 攻撃ポイント ランキング | データによってサッカーはもっと輝く | Football LAB,リーグサマリー:2026特別 J2J3百年構想リーグ チャンスビルディングポイント 攻撃ポイント ランキング | データによってサッカーはもっと輝く | Football LAB,リーグサマリー:2026特別 J2J3百年構想リーグ チャンスビルディングポイント 攻撃ポイント ランキング | データによってサッカーはもっと輝く | Football LAB,2,輪笠 祐士,輪笠祐士,"[""攻撃ポイント"", ""90分平均"", ""最近5試合"", ""出場試合"", ""ゴール"", ""奪取P""]","["""", ""36.21"", ""1.88"", ""9.52"", ""19"", ""1"", ""214.83""]"
20260802,20260609,j2,,攻撃.html,リーグサマリー:2026特別 J2J3百年構想リーグ チャンスビルディングポイント 攻撃ポイント ランキング | データによってサッカーはもっと輝く | Football LAB,リーグサマリー:2026特別 J2J3百年構想リーグ チャンスビルディングポイント 攻撃ポイント ランキング | データによってサッカーはもっと輝く | Football LAB,リーグサマリー:2026特別 J2J3百年構想リーグ チャンスビルディングポイント 攻撃ポイント ランキング | データによってサッカーはもっと輝く | Football LAB,2,福田 晃斗,福田晃斗,"[""攻撃ポイント"", ""90分平均"", ""最近5試合"", ""出場試合"", ""ゴール"", ""奪取P""]","["""", ""36.17"", ""2.15"", ""2.00"", ""17"", ""1"", ""175.05""]"
20260802,20260609,j2,,攻撃.html,リーグサマリー:2026特別 J2J3百年構想リーグ チャンスビルディングポイント 攻撃ポイント ランキング | データによってサッカーはもっと輝く | Football LAB,リーグサマリー:2026特別 J2J3百年構想リーグ チャンスビルディングポイント 攻撃ポイント ランキング | データによってサッカーはもっと輝く | Football LAB,リーグサマリー:2026特別 J2J3百年構想リーグ チャンスビルディングポイント 攻撃ポイント ランキング | データによってサッカーはもっと輝く | Football LAB,2,上畑 佑平士,上畑佑平士,"[""攻撃ポイント"", ""90分平均"", ""最近5試合"", ""出場試合"", ""ゴール"", ""奪取P""]","["""", ""35.74"", ""2.40"", ""14.89"", ""18"", ""4"", ""165.33""]"
20260802,20260609,j2,,攻撃.html,リーグサマリー:2026特別 J2J3百年構想リーグ チャンスビルディングポイント 攻撃ポイント ランキング | データによってサッカーはもっと輝く | Football LAB,リーグサマリー:2026特別 J2J3百年構想リーグ チャンスビルディングポイント 攻撃ポイント ランキング | データによってサッカーはもっと輝く | Football LAB,リーグサマリー:2026特別 J2J3百年構想リーグ チャンスビルディングポイント 攻撃ポイント ランキング | データによってサッカーはもっと輝く | Football LAB,2,音泉 翔眞,音泉翔眞,"[""攻撃ポイント"", ""90分平均"", ""最近5試合"", ""出場試合"", ""ゴール"", ""奪取P""]","["""", ""35.46"", ""1.84"", ""14.67"", ""19"", ""1"", ""151.88""]"
20260802,20260609,j2,,攻撃.html,リーグサマリー:2026特別 J2J3百年構想リーグ チャンスビルディングポイント 攻撃ポイント ランキング | データによってサッカーはもっと輝く | Football LAB,リーグサマリー:2026特別 J2J3百年構想リーグ チャンスビルディングポイント 攻撃ポイント ランキング | データによってサッカーはもっと輝く | Football LAB,リーグサマリー:2026特別 J2J3百年構想リーグ チャンスビルディングポイント 攻撃ポイント ランキング | データによってサッカーはもっと輝く | Football LAB,2,泉 柊椰,泉柊椰,"[""攻撃ポイント"", ""90分平均"", ""最近5試合"", ""出場試合"", ""ゴール"", ""奪取P""]","["""", ""34.77"", ""2.10"", ""7.01"", ""20"", ""10"", ""134.98""]"
20260802,20260609,j2,,攻撃.html,リーグサマリー:2026特別 J2J3百年構想リーグ チャンスビルディングポイント 攻撃ポイント ランキング | データによってサッカーはもっと輝く | Football LAB,リーグサマリー:2026特別 J2J3百年構想リーグ チャンスビルディングポイント 攻撃ポイント ランキング | データによってサッカーはもっと輝く | Football LAB,リーグサマリー:2026特別 J2J3百年構想リーグ チャンスビルディングポイント 攻撃ポイント ランキング | データによってサッカーはもっと輝く | Football LAB,2,深澤 壯太,深澤壯太,"[""攻撃ポイント"", ""90分平均"", ""最近5試合"", ""出場試合"", ""ゴール"", ""奪取P""]","["""", ""34.26"", ""1.98"", ""9.82"", ""17"", ""2"", ""227.05""]"
20260802,20260609,j2,,攻撃.html,リーグサマリー:2026特別 J2J3百年構想リーグ チャンスビルディングポイント 攻撃ポイント ランキング | データによってサッカーはもっと輝く | Football LAB,リーグサマリー:2026特別 J2J3百年構想リーグ チャンスビルディングポイント 攻撃ポイント ランキング | データによってサッカーはもっと輝く | Football LAB,リーグサマリー:2026特別 J2J3百年構想リーグ チャンスビルディングポイント 攻撃ポイント ランキング | データによってサッカーはもっと輝く | Football LAB,2,中村 駿,中村駿,"[""攻撃ポイント"", ""90分平均"", ""最近5試合"", ""出場試合"", ""ゴール"", ""奪取P""]","["""", ""31.86"", ""1.99"", ""6.20"", ""17"", ""0"", ""173.97""]"
20260802,20260609,j2,,攻撃.html,リーグサマリー:2026特別 J2J3百年構想リーグ チャンスビルディングポイント 攻撃ポイント ランキング | データによってサッカーはもっと輝く | Football LAB,リーグサマリー:2026特別 J2J3百年構想リーグ チャンスビルディングポイント 攻撃ポイント ランキング | データによってサッカーはもっと輝く | Football LAB,リーグサマリー:2026特別 J2J3百年構想リーグ チャンスビルディングポイント 攻撃ポイント ランキング | データによってサッカーはもっと輝く | Football LAB,2,加藤 聖,加藤聖,"[""攻撃ポイント"", ""90分平均"", ""最近5試合"", ""出場試合"", ""ゴール"", ""奪取P""]","["""", ""31.54"", ""2.05"", ""8.06"", ""19"", ""2"", ""158.35""]"
20260802,20260609,j2,,攻撃.html,リーグサマリー:2026特別 J2J3百年構想リーグ チャンスビルディングポイント 攻撃ポイント ランキング | データによってサッカーはもっと輝く | Football LAB,リーグサマリー:2026特別 J2J3百年構想リーグ チャンスビルディングポイント 攻撃ポイント ランキング | データによってサッカーはもっと輝く | Football LAB,リーグサマリー:2026特別 J2J3百年構想リーグ チャンスビルディングポイント 攻撃ポイント ランキング | データによってサッカーはもっと輝く | Football LAB,2,髙江 麗央,髙江麗央,"[""攻撃ポイント"", ""90分平均"", ""最近5試合"", ""出場試合"", ""ゴール"", ""奪取P""]","["""", ""31.53"", ""1.88"", ""9.26"", ""19"", ""0"", ""193.67""]"
20260802,20260609,j2,,攻撃.html,リーグサマリー:2026特別 J2J3百年構想リーグ チャンスビルディングポイント 攻撃ポイント ランキング | データによってサッカーはもっと輝く | Football LAB,リーグサマリー:2026特別 J2J3百年構想リーグ チャンスビルディングポイント 攻撃ポイント ランキング | データによってサッカーはもっと輝く | Football LAB,リーグサマリー:2026特別 J2J3百年構想リーグ チャンスビルディングポイント 攻撃ポイント ランキング | データによってサッカーはもっと輝く | Football LAB,2,森田 凜,森田凜,"[""攻撃ポイント"", ""90分平均"", ""最近5試合"", ""出場試合"", ""ゴール"", ""奪取P""]","["""", ""31.42"", ""1.57"", ""9.83"", ""20"", ""4"", ""241.54""]"
20260802,20260609,j2,,攻撃.html,リーグサマリー:2026特別 J2J3百年構想リーグ チャンスビルディングポイント 攻撃ポイント ランキング | データによってサッカーはもっと輝く | Football LAB,リーグサマリー:2026特別 J2J3百年構想リーグ チャンスビルディングポイント 攻撃ポイント ランキング | データによってサッカーはもっと輝く | Football LAB,リーグサマリー:2026特別 J2J3百年構想リーグ チャンスビルディングポイント 攻撃ポイント ランキング | データによってサッカーはもっと輝く | Football LAB,2,岡田 優希,岡田優希,"[""攻撃ポイント"", ""90分平均"", ""最近5試合"", ""出場試合"", ""ゴール"", ""奪取P""]","["""", ""31.29"", ""2.05"", ""5.05"", ""20"", ""5"", ""49.61""]"
20260802,20260609,j2,,攻撃.html,リーグサマリー:2026特別 J2J3百年構想リーグ チャンスビルディングポイント 攻撃ポイント ランキング | データによってサッカーはもっと輝く | Football LAB,リーグサマリー:2026特別 J2J3百年構想リーグ チャンスビルディングポイント 攻撃ポイント ランキング | データによってサッカーはもっと輝く | Football LAB,リーグサマリー:2026特別 J2J3百年構想リーグ チャンスビルディングポイント 攻撃ポイント ランキング | データによってサッカーはもっと輝く | Football LAB,2,杉井 颯,杉井颯,"[""攻撃ポイント"", ""90分平均"", ""最近5試合"", ""出場試合"", ""ゴール"", ""奪取P""]","["""", ""31.10"", ""1.69"", ""7.46"", ""19"", ""0"", ""215.83""]"
20260802,20260609,j2,,攻撃.html,リーグサマリー:2026特別 J2J3百年構想リーグ チャンスビルディングポイント 攻撃ポイント ランキング | データによってサッカーはもっと輝く | Football LAB,リーグサマリー:2026特別 J2J3百年構想リーグ チャンスビルディングポイント 攻撃ポイント ランキング | データによってサッカーはもっと輝く | Football LAB,リーグサマリー:2026特別 J2J3百年構想リーグ チャンスビルディングポイント 攻撃ポイント ランキング | データによってサッカーはもっと輝く | Football LAB,2,堤 奏一郎,堤奏一郎,"[""攻撃ポイント"", ""90分平均"", ""最近5試合"", ""出場試合"", ""ゴール"", ""奪取P""]","["""", ""30.67"", ""1.70"", ""5.93"", ""18"", ""0"", ""139.20""]"
20260802,20260609,j2,,攻撃.html,リーグサマリー:2026特別 J2J3百年構想リーグ チャンスビルディングポイント 攻撃ポイント ランキング | データによってサッカーはもっと輝く | Football LAB,リーグサマリー:2026特別 J2J3百年構想リーグ チャンスビルディングポイント 攻撃ポイント ランキング | データによってサッカーはもっと輝く | Football LAB,リーグサマリー:2026特別 J2J3百年構想リーグ チャンスビルディングポイント 攻撃ポイント ランキング | データによってサッカーはもっと輝く | Football LAB,2,阿部 稜汰,阿部稜汰,"[""攻撃ポイント"", ""90分平均"", ""最近5試合"", ""出場試合"", ""ゴール"", ""奪取P""]","["""", ""30.48"", ""1.54"", ""6.06"", ""20"", ""2"", ""154.33""]"
20260802,20260609,j2,,攻撃.html,リーグサマリー:2026特別 J2J3百年構想リーグ チャンスビルディングポイント 攻撃ポイント ランキング | データによってサッカーはもっと輝く | Football LAB,リーグサマリー:2026特別 J2J3百年構想リーグ チャンスビルディングポイント 攻撃ポイント ランキング | データによってサッカーはもっと輝く | Football LAB,リーグサマリー:2026特別 J2J3百年構想リーグ チャンスビルディングポイント 攻撃ポイント ランキング | データによってサッカーはもっと輝く | Football LAB,2,山本 桜大,山本桜大,"[""攻撃ポイント"", ""90分平均"", ""最近5試合"", ""出場試合"", ""ゴール"", ""奪取P""]","["""", ""30.16"", ""1.74"", ""3.96"", ""19"", ""10"", ""170.79""]"
20260802,20260609,j2,,攻撃.html,リーグサマリー:2026特別 J2J3百年構想リーグ チャンスビルディングポイント 攻撃ポイント ランキング | データによってサッカーはもっと輝く | Football LAB,リーグサマリー:2026特別 J2J3百年構想リーグ チャンスビルディングポイント 攻撃ポイント ランキング | データによってサッカーはもっと輝く | Football LAB,リーグサマリー:2026特別 J2J3百年構想リーグ チャンスビルディングポイント 攻撃ポイント ランキング | データによってサッカーはもっと輝く | Football LAB,2,木戸 柊摩,木戸柊摩,"[""攻撃ポイント"", ""90分平均"", ""最近5試合"", ""出場試合"", ""ゴール"", ""奪取P""]","["""", ""29.80"", ""1.63"", ""7.43"", ""20"", ""1"", ""207.33""]"
20260802,20260609,j2,,攻撃.html,リーグサマリー:2026特別 J2J3百年構想リーグ チャンスビルディングポイント 攻撃ポイント ランキング | データによってサッカーはもっと輝く | Football LAB,リーグサマリー:2026特別 J2J3百年構想リーグ チャンスビルディングポイント 攻撃ポイント ランキング | データによってサッカーはもっと輝く | Football LAB,リーグサマリー:2026特別 J2J3百年構想リーグ チャンスビルディングポイント 攻撃ポイント ランキング | データによってサッカーはもっと輝く | Football LAB,2,チョン ウヨン,チョンウヨン,"[""攻撃ポイント"", ""90分平均"", ""最近5試合"", ""出場試合"", ""ゴール"", ""奪取P""]","["""", ""29.72"", ""2.22"", ""8.68"", ""15"", ""2"", ""178.17""]"
20260802,20260609,j2,,攻撃.html,リーグサマリー:2026特別 J2J3百年構想リーグ チャンスビルディングポイント 攻撃ポイント ランキング | データによってサッカーはもっと輝く | Football LAB,リーグサマリー:2026特別 J2J3百年構想リーグ チャンスビルディングポイント 攻撃ポイント ランキング | データによってサッカーはもっと輝く | Football LAB,リーグサマリー:2026特別 J2J3百年構想リーグ チャンスビルディングポイント 攻撃ポイント ランキング | データによってサッカーはもっと輝く | Football LAB,2,西澤 健太,西澤健太,"[""攻撃ポイント"", ""90分平均"", ""最近5試合"", ""出場試合"", ""ゴール"", ""奪取P""]","["""", ""29.44"", ""1.88"", ""6.46"", ""18"", ""5"", ""96.80""]"
20260802,20260609,j2,,攻撃.html,リーグサマリー:2026特別 J2J3百年構想リーグ チャンスビルディングポイント 攻撃ポイント ランキング | データによってサッカーはもっと輝く | Football LAB,リーグサマリー:2026特別 J2J3百年構想リーグ チャンスビルディングポイント 攻撃ポイント ランキング | データによってサッカーはもっと輝く | Football LAB,リーグサマリー:2026特別 J2J3百年構想リーグ チャンスビルディングポイント 攻撃ポイント ランキング | データによってサッカーはもっと輝く | Football LAB,2,四宮 悠成,四宮悠成,"[""攻撃ポイント"", ""90分平均"", ""最近5試合"", ""出場試合"", ""ゴール"", ""奪取P""]","["""", ""29.38"", ""2.00"", ""8.29"", ""19"", ""0"", ""100.94""]"
20260802,20260609,j2,,攻撃.html,リーグサマリー:2026特別 J2J3百年構想リーグ チャンスビルディングポイント 攻撃ポイント ランキング | データによってサッカーはもっと輝く | Football LAB,リーグサマリー:2026特別 J2J3百年構想リーグ チャンスビルディングポイント 攻撃ポイント ランキング | データによってサッカーはもっと輝く | Football LAB,リーグサマリー:2026特別 J2J3百年構想リーグ チャンスビルディングポイント 攻撃ポイント ランキング | データによってサッカーはもっと輝く | Football LAB,2,浅倉 廉,浅倉廉,"[""攻撃ポイント"", ""90分平均"", ""最近5試合"", ""出場試合"", ""ゴール"", ""奪取P""]","["""", ""29.29"", ""1.97"", ""7.20"", ""19"", ""1"", ""100.04""]"
20260802,20260609,j2,2026,敵陣ポゼッション.html,敵陣ポゼッション (チームスタイル指標),リーグサマリー:2026 J2J3百年構想リーグ 敵陣ポゼッション (チームスタイル指標) | データによってサッカーはもっと輝く | Football LAB,敵陣ポゼッションのサマリー,1,愛媛,愛媛,"[""指数"", ""ゴール率"", ""シュート率"", ""ドリブル使用率"", ""ロングパス使用率"", ""空中戦使用率"", ""コンビネーション使用率""]","[""70"", ""0.0%"", ""18.6%"", ""21.4%"", ""24.3%"", ""10.0%"", ""22.1%""]"
20260802,20260609,j2,2026,敵陣ポゼッション.html,敵陣ポゼッション (チームスタイル指標),リーグサマリー:2026 J2J3百年構想リーグ 敵陣ポゼッション (チームスタイル指標) | データによってサッカーはもっと輝く | Football LAB,敵陣ポゼッションのサマリー,1,岐阜,岐阜,"[""指数"", ""ゴール率"", ""シュート率"", ""ドリブル使用率"", ""ロングパス使用率"", ""空中戦使用率"", ""コンビネーション使用率""]","[""68"", ""2.2%"", ""26.5%"", ""33.8%"", ""30.9%"", ""8.8%"", ""34.6%""]"
20260802,20260609,j2,2026,敵陣ポゼッション.html,敵陣ポゼッション (チームスタイル指標),リーグサマリー:2026 J2J3百年構想リーグ 敵陣ポゼッション (チームスタイル指標) | データによってサッカーはもっと輝く | Football LAB,敵陣ポゼッションのサマリー,1,鳥栖,鳥栖,"[""指数"", ""ゴール率"", ""シュート率"", ""ドリブル使用率"", ""ロングパス使用率"", ""空中戦使用率"", ""コンビネーション使用率""]","[""67"", ""1.5%"", ""21.2%"", ""27.3%"", ""29.5%"", ""6.8%"", ""22.7%""]"
20260802,20260609,j2,2026,敵陣ポゼッション.html,敵陣ポゼッション (チームスタイル指標),リーグサマリー:2026 J2J3百年構想リーグ 敵陣ポゼッション (チームスタイル指標) | データによってサッカーはもっと輝く | Football LAB,敵陣ポゼッションのサマリー,1,富山,富山,"[""指数"", ""ゴール率"", ""シュート率"", ""ドリブル使用率"", ""ロングパス使用率"", ""空中戦使用率"", ""コンビネーション使用率""]","[""66"", ""3.1%"", ""36.6%"", ""26.7%"", ""22.9%"", ""9.2%"", ""35.1%""]"
20260802,20260609,j2,2026,敵陣ポゼッション.html,敵陣ポゼッション (チームスタイル指標),リーグサマリー:2026 J2J3百年構想リーグ 敵陣ポゼッション (チームスタイル指標) | データによってサッカーはもっと輝く | Football LAB,敵陣ポゼッションのサマリー,1,奈良,奈良,"[""指数"", ""ゴール率"", ""シュート率"", ""ドリブル使用率"", ""ロングパス使用率"", ""空中戦使用率"", ""コンビネーション使用率""]","[""62"", ""0.8%"", ""19.2%"", ""16.7%"", ""32.5%"", ""6.7%"", ""21.7%""]"
20260802,20260609,j2,2026,敵陣ポゼッション.html,敵陣ポゼッション (チームスタイル指標),リーグサマリー:2026 J2J3百年構想リーグ 敵陣ポゼッション (チームスタイル指標) | データによってサッカーはもっと輝く | Football LAB,敵陣ポゼッションのサマリー,1,札幌,札幌,"[""指数"", ""ゴール率"", ""シュート率"", ""ドリブル使用率"", ""ロングパス使用率"", ""空中戦使用率"", ""コンビネーション使用率""]","[""62"", ""0.8%"", ""19.3%"", ""20.2%"", ""42.0%"", ""9.2%"", ""19.3%""]"
20260802,20260609,j2,2026,敵陣ポゼッション.html,敵陣ポゼッション (チームスタイル指標),リーグサマリー:2026 J2J3百年構想リーグ 敵陣ポゼッション (チームスタイル指標) | データによってサッカーはもっと輝く | Football LAB,敵陣ポゼッションのサマリー,1,熊本,熊本,"[""指数"", ""ゴール率"", ""シュート率"", ""ドリブル使用率"", ""ロングパス使用率"", ""空中戦使用率"", ""コンビネーション使用率""]","[""61"", ""2.6%"", ""24.8%"", ""20.5%"", ""35.0%"", ""6.8%"", ""18.8%""]"
20260802,20260609,j2,2026,敵陣ポゼッション.html,敵陣ポゼッション (チームスタイル指標),リーグサマリー:2026 J2J3百年構想リーグ 敵陣ポゼッション (チームスタイル指標) | データによってサッカーはもっと輝く | Football LAB,敵陣ポゼッションのサマリー,1,高知,高知,"[""指数"", ""ゴール率"", ""シュート率"", ""ドリブル使用率"", ""ロングパス使用率"", ""空中戦使用率"", ""コンビネーション使用率""]","[""60"", ""0.9%"", ""22.1%"", ""18.6%"", ""41.6%"", ""5.3%"", ""22.1%""]"
20260802,20260609,j2,2026,敵陣ポゼッション.html,敵陣ポゼッション (チームスタイル指標),リーグサマリー:2026 J2J3百年構想リーグ 敵陣ポゼッション (チームスタイル指標) | データによってサッカーはもっと輝く | Football LAB,敵陣ポゼッションのサマリー,1,福島,福島,"[""指数"", ""ゴール率"", ""シュート率"", ""ドリブル使用率"", ""ロングパス使用率"", ""空中戦使用率"", ""コンビネーション使用率""]","[""58"", ""3.7%"", ""25.0%"", ""23.1%"", ""19.4%"", ""2.8%"", ""27.8%""]"
20260802,20260609,j2,2026,敵陣ポゼッション.html,敵陣ポゼッション (チームスタイル指標),リーグサマリー:2026 J2J3百年構想リーグ 敵陣ポゼッション (チームスタイル指標) | データによってサッカーはもっと輝く | Football LAB,敵陣ポゼッションのサマリー,1,横浜FC,横浜FC,"[""指数"", ""ゴール率"", ""シュート率"", ""ドリブル使用率"", ""ロングパス使用率"", ""空中戦使用率"", ""コンビネーション使用率""]","[""56"", ""0.0%"", ""22.3%"", ""29.1%"", ""38.8%"", ""9.7%"", ""28.2%""]"
20260802,20260609,j2,2026,敵陣ポゼッション.html,敵陣ポゼッション (チームスタイル指標),リーグサマリー:2026 J2J3百年構想リーグ 敵陣ポゼッション (チームスタイル指標) | データによってサッカーはもっと輝く | Football LAB,敵陣ポゼッションのサマリー,1,大宮,大宮,"[""指数"", ""ゴール率"", ""シュート率"", ""ドリブル使用率"", ""ロングパス使用率"", ""空中戦使用率"", ""コンビネーション使用率""]","[""56"", ""5.9%"", ""27.7%"", ""30.7%"", ""31.7%"", ""6.9%"", ""28.7%""]"
20260802,20260609,j2,2026,敵陣ポゼッション.html,敵陣ポゼッション (チームスタイル指標),リーグサマリー:2026 J2J3百年構想リーグ 敵陣ポゼッション (チームスタイル指標) | データによってサッカーはもっと輝く | Football LAB,敵陣ポゼッションのサマリー,1,北九州,北九州,"[""指数"", ""ゴール率"", ""シュート率"", ""ドリブル使用率"", ""ロングパス使用率"", ""空中戦使用率"", ""コンビネーション使用率""]","[""53"", ""0.0%"", ""18.1%"", ""31.9%"", ""30.9%"", ""6.4%"", ""18.1%""]"
20260802,20260609,j2,2026,敵陣ポゼッション.html,敵陣ポゼッション (チームスタイル指標),リーグサマリー:2026 J2J3百年構想リーグ 敵陣ポゼッション (チームスタイル指標) | データによってサッカーはもっと輝く | Football LAB,敵陣ポゼッションのサマリー,1,宮崎,宮崎,"[""指数"", ""ゴール率"", ""シュート率"", ""ドリブル使用率"", ""ロングパス使用率"", ""空中戦使用率"", ""コンビネーション使用率""]","[""53"", ""2.2%"", ""19.4%"", ""33.3%"", ""34.4%"", ""12.9%"", ""23.7%""]"
20260802,20260609,j2,2026,敵陣ポゼッション.html,敵陣ポゼッション (チームスタイル指標),リーグサマリー:2026 J2J3百年構想リーグ 敵陣ポゼッション (チームスタイル指標) | データによってサッカーはもっと輝く | Football LAB,敵陣ポゼッションのサマリー,1,栃木SC,栃木SC,"[""指数"", ""ゴール率"", ""シュート率"", ""ドリブル使用率"", ""ロングパス使用率"", ""空中戦使用率"", ""コンビネーション使用率""]","[""52"", ""2.2%"", ""23.1%"", ""31.9%"", ""38.5%"", ""12.1%"", ""18.7%""]"
20260802,20260609,j2,2026,敵陣ポゼッション.html,敵陣ポゼッション (チームスタイル指標),リーグサマリー:2026 J2J3百年構想リーグ 敵陣ポゼッション (チームスタイル指標) | データによってサッカーはもっと輝く | Football LAB,敵陣ポゼッションのサマリー,1,山口,山口,"[""指数"", ""ゴール率"", ""シュート率"", ""ドリブル使用率"", ""ロングパス使用率"", ""空中戦使用率"", ""コンビネーション使用率""]","[""52"", ""0.0%"", ""28.9%"", ""18.9%"", ""33.3%"", ""15.6%"", ""23.3%""]"
20260802,20260609,j2,2026,敵陣ポゼッション.html,敵陣ポゼッション (チームスタイル指標),リーグサマリー:2026 J2J3百年構想リーグ 敵陣ポゼッション (チームスタイル指標) | データによってサッカーはもっと輝く | Football LAB,敵陣ポゼッションのサマリー,1,FC大阪,FC大阪,"[""指数"", ""ゴール率"", ""シュート率"", ""ドリブル使用率"", ""ロングパス使用率"", ""空中戦使用率"", ""コンビネーション使用率""]","[""51"", ""0.0%"", ""21.3%"", ""28.1%"", ""39.3%"", ""15.7%"", ""15.7%""]"
20260802,20260609,j2,2026,敵陣ポゼッション.html,敵陣ポゼッション (チームスタイル指標),リーグサマリー:2026 J2J3百年構想リーグ 敵陣ポゼッション (チームスタイル指標) | データによってサッカーはもっと輝く | Football LAB,敵陣ポゼッションのサマリー,1,新潟,新潟,"[""指数"", ""ゴール率"", ""シュート率"", ""ドリブル使用率"", ""ロングパス使用率"", ""空中戦使用率"", ""コンビネーション使用率""]","[""51"", ""3.4%"", ""24.7%"", ""33.7%"", ""32.6%"", ""3.4%"", ""21.3%""]"
20260802,20260609,j2,2026,敵陣ポゼッション.html,敵陣ポゼッション (チームスタイル指標),リーグサマリー:2026 J2J3百年構想リーグ 敵陣ポゼッション (チームスタイル指標) | データによってサッカーはもっと輝く | Football LAB,敵陣ポゼッションのサマリー,1,金沢,金沢,"[""指数"", ""ゴール率"", ""シュート率"", ""ドリブル使用率"", ""ロングパス使用率"", ""空中戦使用率"", ""コンビネーション使用率""]","[""51"", ""2.3%"", ""19.3%"", ""34.1%"", ""37.5%"", ""18.2%"", ""28.4%""]"
20260802,20260609,j2,2026,敵陣ポゼッション.html,敵陣ポゼッション (チームスタイル指標),リーグサマリー:2026 J2J3百年構想リーグ 敵陣ポゼッション (チームスタイル指標) | データによってサッカーはもっと輝く | Football LAB,敵陣ポゼッションのサマリー,1,鳥取,鳥取,"[""指数"", ""ゴール率"", ""シュート率"", ""ドリブル使用率"", ""ロングパス使用率"", ""空中戦使用率"", ""コンビネーション使用率""]","[""51"", ""2.3%"", ""18.4%"", ""13.8%"", ""32.2%"", ""3.4%"", ""25.3%""]"
20260802,20260609,j2,2026,敵陣ポゼッション.html,敵陣ポゼッション (チームスタイル指標),リーグサマリー:2026 J2J3百年構想リーグ 敵陣ポゼッション (チームスタイル指標) | データによってサッカーはもっと輝く | Football LAB,敵陣ポゼッションのサマリー,1,仙台,仙台,"[""指数"", ""ゴール率"", ""シュート率"", ""ドリブル使用率"", ""ロングパス使用率"", ""空中戦使用率"", ""コンビネーション使用率""]","[""50"", ""0.0%"", ""21.2%"", ""24.7%"", ""36.5%"", ""8.2%"", ""16.5%""]"
20260802,20260609,j2,2026,敵陣ポゼッション.html,敵陣ポゼッション (チームスタイル指標),リーグサマリー:2026 J2J3百年構想リーグ 敵陣ポゼッション (チームスタイル指標) | データによってサッカーはもっと輝く | Football LAB,敵陣ポゼッションのサマリー,1,湘南,湘南,"[""指数"", ""ゴール率"", ""シュート率"", ""ドリブル使用率"", ""ロングパス使用率"", ""空中戦使用率"", ""コンビネーション使用率""]","[""50"", ""1.2%"", ""11.8%"", ""30.6%"", ""37.6%"", ""9.4%"", ""20.0%""]"
20260802,20260609,j2,2026,敵陣ポゼッション.html,敵陣ポゼッション (チームスタイル指標),リーグサマリー:2026 J2J3百年構想リーグ 敵陣ポゼッション (チームスタイル指標) | データによってサッカーはもっと輝く | Football LAB,敵陣ポゼッションのサマリー,1,大分,大分,"[""指数"", ""ゴール率"", ""シュート率"", ""ドリブル使用率"", ""ロングパス使用率"", ""空中戦使用率"", ""コンビネーション使用率""]","[""50"", ""7.1%"", ""28.6%"", ""19.0%"", ""34.5%"", ""6.0%"", ""33.3%""]"
20260802,20260609,j2,2026,敵陣ポゼッション.html,敵陣ポゼッション (チームスタイル指標),リーグサマリー:2026 J2J3百年構想リーグ 敵陣ポゼッション (チームスタイル指標) | データによってサッカーはもっと輝く | Football LAB,敵陣ポゼッションのサマリー,1,磐田,磐田,"[""指数"", ""ゴール率"", ""シュート率"", ""ドリブル使用率"", ""ロングパス使用率"", ""空中戦使用率"", ""コンビネーション使用率""]","[""48"", ""0.0%"", ""12.5%"", ""22.5%"", ""43.8%"", ""12.5%"", ""25.0%""]"
20260802,20260609,j2,2026,敵陣ポゼッション.html,敵陣ポゼッション (チームスタイル指標),リーグサマリー:2026 J2J3百年構想リーグ 敵陣ポゼッション (チームスタイル指標) | データによってサッカーはもっと輝く | Football LAB,敵陣ポゼッションのサマリー,1,甲府,甲府,"[""指数"", ""ゴール率"", ""シュート率"", ""ドリブル使用率"", ""ロングパス使用率"", ""空中戦使用率"", ""コンビネーション使用率""]","[""48"", ""6.3%"", ""23.8%"", ""22.5%"", ""28.8%"", ""11.3%"", ""22.5%""]"
20260802,20260609,j2,2026,敵陣ポゼッション.html,敵陣ポゼッション (チームスタイル指標),リーグサマリー:2026 J2J3百年構想リーグ 敵陣ポゼッション (チームスタイル指標) | データによってサッカーはもっと輝く | Football LAB,敵陣ポゼッションのサマリー,1,藤枝,藤枝,"[""指数"", ""ゴール率"", ""シュート率"", ""ドリブル使用率"", ""ロングパス使用率"", ""空中戦使用率"", ""コンビネーション使用率""]","[""48"", ""1.3%"", ""26.9%"", ""41.0%"", ""35.9%"", ""9.0%"", ""21.8%""]"
20260802,20260609,j2,2026,敵陣ポゼッション.html,敵陣ポゼッション (チームスタイル指標),リーグサマリー:2026 J2J3百年構想リーグ 敵陣ポゼッション (チームスタイル指標) | データによってサッカーはもっと輝く | Football LAB,敵陣ポゼッションのサマリー,1,栃木C,栃木C,"[""指数"", ""ゴール率"", ""シュート率"", ""ドリブル使用率"", ""ロングパス使用率"", ""空中戦使用率"", ""コンビネーション使用率""]","[""47"", ""2.6%"", ""23.4%"", ""33.8%"", ""46.8%"", ""6.5%"", ""27.3%""]"
20260802,20260609,j2,2026,敵陣ポゼッション.html,敵陣ポゼッション (チームスタイル指標),リーグサマリー:2026 J2J3百年構想リーグ 敵陣ポゼッション (チームスタイル指標) | データによってサッカーはもっと輝く | Football LAB,敵陣ポゼッションのサマリー,1,山形,山形,"[""指数"", ""ゴール率"", ""シュート率"", ""ドリブル使用率"", ""ロングパス使用率"", ""空中戦使用率"", ""コンビネーション使用率""]","[""47"", ""1.3%"", ""22.4%"", ""27.6%"", ""32.9%"", ""13.2%"", ""23.7%""]"
20260802,20260609,j2,2026,敵陣ポゼッション.html,敵陣ポゼッション (チームスタイル指標),リーグサマリー:2026 J2J3百年構想リーグ 敵陣ポゼッション (チームスタイル指標) | データによってサッカーはもっと輝く | Football LAB,敵陣ポゼッションのサマリー,1,琉球,琉球,"[""指数"", ""ゴール率"", ""シュート率"", ""ドリブル使用率"", ""ロングパス使用率"", ""空中戦使用率"", ""コンビネーション使用率""]","[""47"", ""1.3%"", ""22.4%"", ""28.9%"", ""34.2%"", ""9.2%"", ""27.6%""]"
20260802,20260609,j2,2026,敵陣ポゼッション.html,敵陣ポゼッション (チームスタイル指標),リーグサマリー:2026 J2J3百年構想リーグ 敵陣ポゼッション (チームスタイル指標) | データによってサッカーはもっと輝く | Football LAB,敵陣ポゼッションのサマリー,1,徳島,徳島,"[""指数"", ""ゴール率"", ""シュート率"", ""ドリブル使用率"", ""ロングパス使用率"", ""空中戦使用率"", ""コンビネーション使用率""]","[""45"", ""2.8%"", ""16.7%"", ""31.9%"", ""50.0%"", ""8.3%"", ""23.6%""]"
20260802,20260609,j2,2026,敵陣ポゼッション.html,敵陣ポゼッション (チームスタイル指標),リーグサマリー:2026 J2J3百年構想リーグ 敵陣ポゼッション (チームスタイル指標) | データによってサッカーはもっと輝く | Football LAB,敵陣ポゼッションのサマリー,1,群馬,群馬,"[""指数"", ""ゴール率"", ""シュート率"", ""ドリブル使用率"", ""ロングパス使用率"", ""空中戦使用率"", ""コンビネーション使用率""]","[""45"", ""2.8%"", ""31.9%"", ""31.9%"", ""43.1%"", ""11.1%"", ""31.9%""]"
20260802,20260609,j2,2026,敵陣ポゼッション.html,敵陣ポゼッション (チームスタイル指標),リーグサマリー:2026 J2J3百年構想リーグ 敵陣ポゼッション (チームスタイル指標) | データによってサッカーはもっと輝く | Football LAB,敵陣ポゼッションのサマリー,1,長野,長野,"[""指数"", ""ゴール率"", ""シュート率"", ""ドリブル使用率"", ""ロングパス使用率"", ""空中戦使用率"", ""コンビネーション使用率""]","[""44"", ""0.0%"", ""14.5%"", ""30.4%"", ""42.0%"", ""5.8%"", ""17.4%""]"
20260802,20260609,j2,2026,敵陣ポゼッション.html,敵陣ポゼッション (チームスタイル指標),リーグサマリー:2026 J2J3百年構想リーグ 敵陣ポゼッション (チームスタイル指標) | データによってサッカーはもっと輝く | Football LAB,敵陣ポゼッションのサマリー,1,今治,今治,"[""指数"", ""ゴール率"", ""シュート率"", ""ドリブル使用率"", ""ロングパス使用率"", ""空中戦使用率"", ""コンビネーション使用率""]","[""44"", ""1.4%"", ""14.5%"", ""24.6%"", ""43.5%"", ""14.5%"", ""30.4%""]"
20260802,20260609,j2,2026,敵陣ポゼッション.html,敵陣ポゼッション (チームスタイル指標),リーグサマリー:2026 J2J3百年構想リーグ 敵陣ポゼッション (チームスタイル指標) | データによってサッカーはもっと輝く | Football LAB,敵陣ポゼッションのサマリー,1,滋賀,滋賀,"[""指数"", ""ゴール率"", ""シュート率"", ""ドリブル使用率"", ""ロングパス使用率"", ""空中戦使用率"", ""コンビネーション使用率""]","[""43"", ""1.5%"", ""10.6%"", ""24.2%"", ""36.4%"", ""13.6%"", ""18.2%""]"
20260802,20260609,j2,2026,敵陣ポゼッション.html,敵陣ポゼッション (チームスタイル指標),リーグサマリー:2026 J2J3百年構想リーグ 敵陣ポゼッション (チームスタイル指標) | データによってサッカーはもっと輝く | Football LAB,敵陣ポゼッションのサマリー,1,松本,松本,"[""指数"", ""ゴール率"", ""シュート率"", ""ドリブル使用率"", ""ロングパス使用率"", ""空中戦使用率"", ""コンビネーション使用率""]","[""38"", ""1.9%"", ""30.8%"", ""25.0%"", ""42.3%"", ""17.3%"", ""23.1%""]"
20260802,20260609,j2,2026,敵陣ポゼッション.html,敵陣ポゼッション (チームスタイル指標),リーグサマリー:2026 J2J3百年構想リーグ 敵陣ポゼッション (チームスタイル指標) | データによってサッカーはもっと輝く | Football LAB,敵陣ポゼッションのサマリー,1,いわき,いわき,"[""指数"", ""ゴール率"", ""シュート率"", ""ドリブル使用率"", ""ロングパス使用率"", ""空中戦使用率"", ""コンビネーション使用率""]","[""38"", ""5.8%"", ""30.8%"", ""23.1%"", ""25.0%"", ""5.8%"", ""36.5%""]"
20260802,20260609,j2,2026,敵陣ポゼッション.html,敵陣ポゼッション (チームスタイル指標),リーグサマリー:2026 J2J3百年構想リーグ 敵陣ポゼッション (チームスタイル指標) | データによってサッカーはもっと輝く | Football LAB,敵陣ポゼッションのサマリー,1,八戸,八戸,"[""指数"", ""ゴール率"", ""シュート率"", ""ドリブル使用率"", ""ロングパス使用率"", ""空中戦使用率"", ""コンビネーション使用率""]","[""38"", ""0.0%"", ""34.0%"", ""46.0%"", ""44.0%"", ""12.0%"", ""26.0%""]"
20260802,20260609,j2,2026,敵陣ポゼッション.html,敵陣ポゼッション (チームスタイル指標),リーグサマリー:2026 J2J3百年構想リーグ 敵陣ポゼッション (チームスタイル指標) | データによってサッカーはもっと輝く | Football LAB,敵陣ポゼッションのサマリー,1,鹿児島,鹿児島,"[""指数"", ""ゴール率"", ""シュート率"", ""ドリブル使用率"", ""ロングパス使用率"", ""空中戦使用率"", ""コンビネーション使用率""]","[""37"", ""2.0%"", ""30.6%"", ""30.6%"", ""32.7%"", ""14.3%"", ""32.7%""]"
20260802,20260609,j2,2026,敵陣ポゼッション.html,敵陣ポゼッション (チームスタイル指標),リーグサマリー:2026 J2J3百年構想リーグ 敵陣ポゼッション (チームスタイル指標) | データによってサッカーはもっと輝く | Football LAB,敵陣ポゼッションのサマリー,1,讃岐,讃岐,"[""指数"", ""ゴール率"", ""シュート率"", ""ドリブル使用率"", ""ロングパス使用率"", ""空中戦使用率"", ""コンビネーション使用率""]","[""33"", ""0.0%"", ""15.8%"", ""28.9%"", ""42.1%"", ""21.1%"", ""21.1%""]"
20260802,20260609,j2,2026,敵陣ポゼッション.html,敵陣ポゼッション (チームスタイル指標),リーグサマリー:2026 J2J3百年構想リーグ 敵陣ポゼッション (チームスタイル指標) | データによってサッカーはもっと輝く | Football LAB,敵陣ポゼッションのサマリー,1,秋田,秋田,"[""指数"", ""ゴール率"", ""シュート率"", ""ドリブル使用率"", ""ロングパス使用率"", ""空中戦使用率"", ""コンビネーション使用率""]","[""30"", ""0.0%"", ""13.3%"", ""36.7%"", ""46.7%"", ""30.0%"", ""26.7%""]"
20260802,20260609,j2,2026,敵陣ポゼッション.html,敵陣ポゼッション (チームスタイル指標),リーグサマリー:2026 J2J3百年構想リーグ 敵陣ポゼッション (チームスタイル指標) | データによってサッカーはもっと輝く | Football LAB,敵陣ポゼッションのサマリー,1,相模原,相模原,"[""指数"", ""ゴール率"", ""シュート率"", ""ドリブル使用率"", ""ロングパス使用率"", ""空中戦使用率"", ""コンビネーション使用率""]","[""26"", ""11.1%"", ""22.2%"", ""50.0%"", ""27.8%"", ""16.7%"", ""16.7%""]"
20260802,20260609,j2,2026,敵陣ポゼッション.html,敵陣ポゼッション (チームスタイル指標),リーグサマリー:2026 J2J3百年構想リーグ 敵陣ポゼッション (チームスタイル指標) | データによってサッカーはもっと輝く | Football LAB,敵陣ポゼッション (チームスタイル指標),2,仙台,仙台,"[""攻撃セットプレー"", ""左サイド攻撃"", ""中央攻撃"", ""右サイド攻撃"", ""ショートカウンター"", ""ロングカウンター"", ""敵陣ポゼッション"", ""自陣ポゼッション""]","[""48"", ""41"", ""62"", ""52"", ""46"", ""61"", ""50"", ""51""]"
20260802,20260609,j2,2026,敵陣ポゼッション.html,敵陣ポゼッション (チームスタイル指標),リーグサマリー:2026 J2J3百年構想リーグ 敵陣ポゼッション (チームスタイル指標) | データによってサッカーはもっと輝く | Football LAB,敵陣ポゼッション (チームスタイル指標),2,秋田,秋田,"[""攻撃セットプレー"", ""左サイド攻撃"", ""中央攻撃"", ""右サイド攻撃"", ""ショートカウンター"", ""ロングカウンター"", ""敵陣ポゼッション"", ""自陣ポゼッション""]","[""62"", ""49"", ""45"", ""76"", ""78"", ""46"", ""30"", ""31""]"
20260802,20260609,j2,2026,敵陣ポゼッション.html,敵陣ポゼッション (チームスタイル指標),リーグサマリー:2026 J2J3百年構想リーグ 敵陣ポゼッション (チームスタイル指標) | データによってサッカーはもっと輝く | Football LAB,敵陣ポゼッション (チームスタイル指標),2,湘南,湘南,"[""攻撃セットプレー"", ""左サイド攻撃"", ""中央攻撃"", ""右サイド攻撃"", ""ショートカウンター"", ""ロングカウンター"", ""敵陣ポゼッション"", ""自陣ポゼッション""]","[""52"", ""49"", ""47"", ""59"", ""47"", ""62"", ""50"", ""47""]"
20260802,20260609,j2,2026,敵陣ポゼッション.html,敵陣ポゼッション (チームスタイル指標),リーグサマリー:2026 J2J3百年構想リーグ 敵陣ポゼッション (チームスタイル指標) | データによってサッカーはもっと輝く | Football LAB,敵陣ポゼッション (チームスタイル指標),2,横浜FC,横浜FC,"[""攻撃セットプレー"", ""左サイド攻撃"", ""中央攻撃"", ""右サイド攻撃"", ""ショートカウンター"", ""ロングカウンター"", ""敵陣ポゼッション"", ""自陣ポゼッション""]","[""57"", ""54"", ""58"", ""44"", ""44"", ""47"", ""56"", ""54""]"
20260802,20260609,j2,2026,敵陣ポゼッション.html,敵陣ポゼッション (チームスタイル指標),リーグサマリー:2026 J2J3百年構想リーグ 敵陣ポゼッション (チームスタイル指標) | データによってサッカーはもっと輝く | Football LAB,敵陣ポゼッション (チームスタイル指標),2,相模原,相模原,"[""攻撃セットプレー"", ""左サイド攻撃"", ""中央攻撃"", ""右サイド攻撃"", ""ショートカウンター"", ""ロングカウンター"", ""敵陣ポゼッション"", ""自陣ポゼッション""]","[""53"", ""57"", ""55"", ""60"", ""66"", ""65"", ""26"", ""31""]"
20260802,20260609,j2,2026,敵陣ポゼッション.html,敵陣ポゼッション (チームスタイル指標),リーグサマリー:2026 J2J3百年構想リーグ 敵陣ポゼッション (チームスタイル指標) | データによってサッカーはもっと輝く | Football LAB,敵陣ポゼッション (チームスタイル指標),2,群馬,群馬,"[""攻撃セットプレー"", ""左サイド攻撃"", ""中央攻撃"", ""右サイド攻撃"", ""ショートカウンター"", ""ロングカウンター"", ""敵陣ポゼッション"", ""自陣ポゼッション""]","[""39"", ""44"", ""49"", ""40"", ""43"", ""49"", ""45"", ""58""]"
20260802,20260609,j2,2026,敵陣ポゼッション.html,敵陣ポゼッション (チームスタイル指標),リーグサマリー:2026 J2J3百年構想リーグ 敵陣ポゼッション (チームスタイル指標) | データによってサッカーはもっと輝く | Football LAB,敵陣ポゼッション (チームスタイル指標),2,山形,山形,"[""攻撃セットプレー"", ""左サイド攻撃"", ""中央攻撃"", ""右サイド攻撃"", ""ショートカウンター"", ""ロングカウンター"", ""敵陣ポゼッション"", ""自陣ポゼッション""]","[""35"", ""43"", ""44"", ""42"", ""38"", ""47"", ""47"", ""50""]"
20260802,20260609,j2,2026,敵陣ポゼッション.html,敵陣ポゼッション (チームスタイル指標),リーグサマリー:2026 J2J3百年構想リーグ 敵陣ポゼッション (チームスタイル指標) | データによってサッカーはもっと輝く | Football LAB,敵陣ポゼッション (チームスタイル指標),2,栃木C,栃木C,"[""攻撃セットプレー"", ""左サイド攻撃"", ""中央攻撃"", ""右サイド攻撃"", ""ショートカウンター"", ""ロングカウンター"", ""敵陣ポゼッション"", ""自陣ポゼッション""]","[""45"", ""54"", ""49"", ""46"", ""50"", ""51"", ""47"", ""53""]"
20260802,20260609,j2,2026,敵陣ポゼッション.html,敵陣ポゼッション (チームスタイル指標),リーグサマリー:2026 J2J3百年構想リーグ 敵陣ポゼッション (チームスタイル指標) | データによってサッカーはもっと輝く | Football LAB,敵陣ポゼッション (チームスタイル指標),2,八戸,八戸,"[""攻撃セットプレー"", ""左サイド攻撃"", ""中央攻撃"", ""右サイド攻撃"", ""ショートカウンター"", ""ロングカウンター"", ""敵陣ポゼッション"", ""自陣ポゼッション""]","[""62"", ""59"", ""38"", ""72"", ""63"", ""49"", ""38"", ""37""]"
20260802,20260609,j2,2026,敵陣ポゼッション.html,敵陣ポゼッション (チームスタイル指標),リーグサマリー:2026 J2J3百年構想リーグ 敵陣ポゼッション (チームスタイル指標) | データによってサッカーはもっと輝く | Football LAB,敵陣ポゼッション (チームスタイル指標),2,栃木SC,栃木SC,"[""攻撃セットプレー"", ""左サイド攻撃"", ""中央攻撃"", ""右サイド攻撃"", ""ショートカウンター"", ""ロングカウンター"", ""敵陣ポゼッション"", ""自陣ポゼッション""]","[""49"", ""57"", ""58"", ""44"", ""50"", ""64"", ""52"", ""42""]"
20260802,20260609,j2,2026,敵陣ポゼッション.html,敵陣ポゼッション (チームスタイル指標),リーグサマリー:2026 J2J3百年構想リーグ 敵陣ポゼッション (チームスタイル指標) | データによってサッカーはもっと輝く | Football LAB,敵陣ポゼッション (チームスタイル指標),2,甲府,甲府,"[""攻撃セットプレー"", ""左サイド攻撃"", ""中央攻撃"", ""右サイド攻撃"", ""ショートカウンター"", ""ロングカウンター"", ""敵陣ポゼッション"", ""自陣ポゼッション""]","[""48"", ""46"", ""35"", ""47"", ""48"", ""52"", ""48"", ""42""]"
20260802,20260609,j2,2026,敵陣ポゼッション.html,敵陣ポゼッション (チームスタイル指標),リーグサマリー:2026 J2J3百年構想リーグ 敵陣ポゼッション (チームスタイル指標) | データによってサッカーはもっと輝く | Football LAB,敵陣ポゼッション (チームスタイル指標),2,札幌,札幌,"[""攻撃セットプレー"", ""左サイド攻撃"", ""中央攻撃"", ""右サイド攻撃"", ""ショートカウンター"", ""ロングカウンター"", ""敵陣ポゼッション"", ""自陣ポゼッション""]","[""47"", ""47"", ""46"", ""45"", ""45"", ""60"", ""62"", ""60""]"
20260802,20260609,j2,2026,敵陣ポゼッション.html,敵陣ポゼッション (チームスタイル指標),リーグサマリー:2026 J2J3百年構想リーグ 敵陣ポゼッション (チームスタイル指標) | データによってサッカーはもっと輝く | Football LAB,敵陣ポゼッション (チームスタイル指標),2,いわき,いわき,"[""攻撃セットプレー"", ""左サイド攻撃"", ""中央攻撃"", ""右サイド攻撃"", ""ショートカウンター"", ""ロングカウンター"", ""敵陣ポゼッション"", ""自陣ポゼッション""]","[""65"", ""62"", ""56"", ""64"", ""67"", ""60"", ""38"", ""38""]"
20260802,20260609,j2,2026,敵陣ポゼッション.html,敵陣ポゼッション (チームスタイル指標),リーグサマリー:2026 J2J3百年構想リーグ 敵陣ポゼッション (チームスタイル指標) | データによってサッカーはもっと輝く | Football LAB,敵陣ポゼッション (チームスタイル指標),2,大宮,大宮,"[""攻撃セットプレー"", ""左サイド攻撃"", ""中央攻撃"", ""右サイド攻撃"", ""ショートカウンター"", ""ロングカウンター"", ""敵陣ポゼッション"", ""自陣ポゼッション""]","[""57"", ""57"", ""60"", ""47"", ""54"", ""41"", ""56"", ""50""]"
20260802,20260609,j2,2026,敵陣ポゼッション.html,敵陣ポゼッション (チームスタイル指標),リーグサマリー:2026 J2J3百年構想リーグ 敵陣ポゼッション (チームスタイル指標) | データによってサッカーはもっと輝く | Football LAB,敵陣ポゼッション (チームスタイル指標),2,藤枝,藤枝,"[""攻撃セットプレー"", ""左サイド攻撃"", ""中央攻撃"", ""右サイド攻撃"", ""ショートカウンター"", ""ロングカウンター"", ""敵陣ポゼッション"", ""自陣ポゼッション""]","[""51"", ""51"", ""45"", ""55"", ""48"", ""45"", ""48"", ""56""]"
20260802,20260609,j2,2026,敵陣ポゼッション.html,敵陣ポゼッション (チームスタイル指標),リーグサマリー:2026 J2J3百年構想リーグ 敵陣ポゼッション (チームスタイル指標) | データによってサッカーはもっと輝く | Football LAB,敵陣ポゼッション (チームスタイル指標),2,岐阜,岐阜,"[""攻撃セットプレー"", ""左サイド攻撃"", ""中央攻撃"", ""右サイド攻撃"", ""ショートカウンター"", ""ロングカウンター"", ""敵陣ポゼッション"", ""自陣ポゼッション""]","[""51"", ""51"", ""58"", ""53"", ""53"", ""60"", ""68"", ""49""]"
20260802,20260609,j2,2026,敵陣ポゼッション.html,敵陣ポゼッション (チームスタイル指標),リーグサマリー:2026 J2J3百年構想リーグ 敵陣ポゼッション (チームスタイル指標) | データによってサッカーはもっと輝く | Football LAB,敵陣ポゼッション (チームスタイル指標),2,松本,松本,"[""攻撃セットプレー"", ""左サイド攻撃"", ""中央攻撃"", ""右サイド攻撃"", ""ショートカウンター"", ""ロングカウンター"", ""敵陣ポゼッション"", ""自陣ポゼッション""]","[""55"", ""37"", ""53"", ""58"", ""59"", ""63"", ""38"", ""39""]"
20260802,20260609,j2,2026,敵陣ポゼッション.html,敵陣ポゼッション (チームスタイル指標),リーグサマリー:2026 J2J3百年構想リーグ 敵陣ポゼッション (チームスタイル指標) | データによってサッカーはもっと輝く | Football LAB,敵陣ポゼッション (チームスタイル指標),2,磐田,磐田,"[""攻撃セットプレー"", ""左サイド攻撃"", ""中央攻撃"", ""右サイド攻撃"", ""ショートカウンター"", ""ロングカウンター"", ""敵陣ポゼッション"", ""自陣ポゼッション""]","[""45"", ""38"", ""48"", ""54"", ""47"", ""58"", ""48"", ""50""]"
20260802,20260609,j2,2026,敵陣ポゼッション.html,敵陣ポゼッション (チームスタイル指標),リーグサマリー:2026 J2J3百年構想リーグ 敵陣ポゼッション (チームスタイル指標) | データによってサッカーはもっと輝く | Football LAB,敵陣ポゼッション (チームスタイル指標),2,福島,福島,"[""攻撃セットプレー"", ""左サイド攻撃"", ""中央攻撃"", ""右サイド攻撃"", ""ショートカウンター"", ""ロングカウンター"", ""敵陣ポゼッション"", ""自陣ポゼッション""]","[""38"", ""25"", ""90"", ""35"", ""42"", ""42"", ""58"", ""51""]"
20260802,20260609,j2,2026,敵陣ポゼッション.html,敵陣ポゼッション (チームスタイル指標),リーグサマリー:2026 J2J3百年構想リーグ 敵陣ポゼッション (チームスタイル指標) | データによってサッカーはもっと輝く | Football LAB,敵陣ポゼッション (チームスタイル指標),2,長野,長野,"[""攻撃セットプレー"", ""左サイド攻撃"", ""中央攻撃"", ""右サイド攻撃"", ""ショートカウンター"", ""ロングカウンター"", ""敵陣ポゼッション"", ""自陣ポゼッション""]","[""48"", ""61"", ""48"", ""42"", ""52"", ""40"", ""44"", ""39""]"
20260802,20260609,j2,2026,敵陣ポゼッション.html,敵陣ポゼッション (チームスタイル指標),リーグサマリー:2026 J2J3百年構想リーグ 敵陣ポゼッション (チームスタイル指標) | データによってサッカーはもっと輝く | Football LAB,敵陣ポゼッション (チームスタイル指標),2,富山,富山,"[""攻撃セットプレー"", ""左サイド攻撃"", ""中央攻撃"", ""右サイド攻撃"", ""ショートカウンター"", ""ロングカウンター"", ""敵陣ポゼッション"", ""自陣ポゼッション""]","[""62"", ""71"", ""60"", ""52"", ""51"", ""61"", ""66"", ""56""]"
20260802,20260609,j2,2026,敵陣ポゼッション.html,敵陣ポゼッション (チームスタイル指標),リーグサマリー:2026 J2J3百年構想リーグ 敵陣ポゼッション (チームスタイル指標) | データによってサッカーはもっと輝く | Football LAB,敵陣ポゼッション (チームスタイル指標),2,新潟,新潟,"[""攻撃セットプレー"", ""左サイド攻撃"", ""中央攻撃"", ""右サイド攻撃"", ""ショートカウンター"", ""ロングカウンター"", ""敵陣ポゼッション"", ""自陣ポゼッション""]","[""51"", ""54"", ""48"", ""41"", ""48"", ""64"", ""51"", ""52""]"
20260802,20260609,j2,2026,敵陣ポゼッション.html,敵陣ポゼッション (チームスタイル指標),リーグサマリー:2026 J2J3百年構想リーグ 敵陣ポゼッション (チームスタイル指標) | データによってサッカーはもっと輝く | Football LAB,敵陣ポゼッション (チームスタイル指標),2,徳島,徳島,"[""攻撃セットプレー"", ""左サイド攻撃"", ""中央攻撃"", ""右サイド攻撃"", ""ショートカウンター"", ""ロングカウンター"", ""敵陣ポゼッション"", ""自陣ポゼッション""]","[""32"", ""33"", ""44"", ""32"", ""34"", ""40"", ""45"", ""67""]"
20260802,20260609,j2,2026,敵陣ポゼッション.html,敵陣ポゼッション (チームスタイル指標),リーグサマリー:2026 J2J3百年構想リーグ 敵陣ポゼッション (チームスタイル指標) | データによってサッカーはもっと輝く | Football LAB,敵陣ポゼッション (チームスタイル指標),2,高知,高知,"[""攻撃セットプレー"", ""左サイド攻撃"", ""中央攻撃"", ""右サイド攻撃"", ""ショートカウンター"", ""ロングカウンター"", ""敵陣ポゼッション"", ""自陣ポゼッション""]","[""40"", ""41"", ""37"", ""46"", ""44"", ""40"", ""60"", ""57""]"
20260802,20260609,j2,2026,敵陣ポゼッション.html,敵陣ポゼッション (チームスタイル指標),リーグサマリー:2026 J2J3百年構想リーグ 敵陣ポゼッション (チームスタイル指標) | データによってサッカーはもっと輝く | Football LAB,敵陣ポゼッション (チームスタイル指標),2,愛媛,愛媛,"[""攻撃セットプレー"", ""左サイド攻撃"", ""中央攻撃"", ""右サイド攻撃"", ""ショートカウンター"", ""ロングカウンター"", ""敵陣ポゼッション"", ""自陣ポゼッション""]","[""56"", ""69"", ""51"", ""50"", ""51"", ""37"", ""70"", ""49""]"
20260802,20260609,j2,2026,敵陣ポゼッション.html,敵陣ポゼッション (チームスタイル指標),リーグサマリー:2026 J2J3百年構想リーグ 敵陣ポゼッション (チームスタイル指標) | データによってサッカーはもっと輝く | Football LAB,敵陣ポゼッション (チームスタイル指標),2,金沢,金沢,"[""攻撃セットプレー"", ""左サイド攻撃"", ""中央攻撃"", ""右サイド攻撃"", ""ショートカウンター"", ""ロングカウンター"", ""敵陣ポゼッション"", ""自陣ポゼッション""]","[""53"", ""49"", ""40"", ""60"", ""48"", ""54"", ""51"", ""42""]"
20260802,20260609,j2,2026,敵陣ポゼッション.html,敵陣ポゼッション (チームスタイル指標),リーグサマリー:2026 J2J3百年構想リーグ 敵陣ポゼッション (チームスタイル指標) | データによってサッカーはもっと輝く | Football LAB,敵陣ポゼッション (チームスタイル指標),2,奈良,奈良,"[""攻撃セットプレー"", ""左サイド攻撃"", ""中央攻撃"", ""右サイド攻撃"", ""ショートカウンター"", ""ロングカウンター"", ""敵陣ポゼッション"", ""自陣ポゼッション""]","[""35"", ""48"", ""37"", ""37"", ""34"", ""32"", ""62"", ""69""]"
20260802,20260609,j2,2026,敵陣ポゼッション.html,敵陣ポゼッション (チームスタイル指標),リーグサマリー:2026 J2J3百年構想リーグ 敵陣ポゼッション (チームスタイル指標) | データによってサッカーはもっと輝く | Football LAB,敵陣ポゼッション (チームスタイル指標),2,FC大阪,FC大阪,"[""攻撃セットプレー"", ""左サイド攻撃"", ""中央攻撃"", ""右サイド攻撃"", ""ショートカウンター"", ""ロングカウンター"", ""敵陣ポゼッション"", ""自陣ポゼッション""]","[""72"", ""69"", ""61"", ""62"", ""69"", ""65"", ""51"", ""38""]"
20260802,20260609,j2,2026,敵陣ポゼッション.html,敵陣ポゼッション (チームスタイル指標),リーグサマリー:2026 J2J3百年構想リーグ 敵陣ポゼッション (チームスタイル指標) | データによってサッカーはもっと輝く | Football LAB,敵陣ポゼッション (チームスタイル指標),2,今治,今治,"[""攻撃セットプレー"", ""左サイド攻撃"", ""中央攻撃"", ""右サイド攻撃"", ""ショートカウンター"", ""ロングカウンター"", ""敵陣ポゼッション"", ""自陣ポゼッション""]","[""52"", ""45"", ""68"", ""46"", ""53"", ""49"", ""44"", ""47""]"
20260802,20260609,j2,2026,敵陣ポゼッション.html,敵陣ポゼッション (チームスタイル指標),リーグサマリー:2026 J2J3百年構想リーグ 敵陣ポゼッション (チームスタイル指標) | データによってサッカーはもっと輝く | Football LAB,敵陣ポゼッション (チームスタイル指標),2,讃岐,讃岐,"[""攻撃セットプレー"", ""左サイド攻撃"", ""中央攻撃"", ""右サイド攻撃"", ""ショートカウンター"", ""ロングカウンター"", ""敵陣ポゼッション"", ""自陣ポゼッション""]","[""47"", ""48"", ""46"", ""49"", ""61"", ""49"", ""33"", ""38""]"
20260802,20260609,j2,2026,敵陣ポゼッション.html,敵陣ポゼッション (チームスタイル指標),リーグサマリー:2026 J2J3百年構想リーグ 敵陣ポゼッション (チームスタイル指標) | データによってサッカーはもっと輝く | Football LAB,敵陣ポゼッション (チームスタイル指標),2,宮崎,宮崎,"[""攻撃セットプレー"", ""左サイド攻撃"", ""中央攻撃"", ""右サイド攻撃"", ""ショートカウンター"", ""ロングカウンター"", ""敵陣ポゼッション"", ""自陣ポゼッション""]","[""48"", ""56"", ""43"", ""46"", ""45"", ""50"", ""53"", ""54""]"
20260802,20260609,j2,2026,敵陣ポゼッション.html,敵陣ポゼッション (チームスタイル指標),リーグサマリー:2026 J2J3百年構想リーグ 敵陣ポゼッション (チームスタイル指標) | データによってサッカーはもっと輝く | Football LAB,敵陣ポゼッション (チームスタイル指標),2,鹿児島,鹿児島,"[""攻撃セットプレー"", ""左サイド攻撃"", ""中央攻撃"", ""右サイド攻撃"", ""ショートカウンター"", ""ロングカウンター"", ""敵陣ポゼッション"", ""自陣ポゼッション""]","[""84"", ""70"", ""44"", ""72"", ""73"", ""65"", ""37"", ""32""]"
20260802,20260609,j2,2026,敵陣ポゼッション.html,敵陣ポゼッション (チームスタイル指標),リーグサマリー:2026 J2J3百年構想リーグ 敵陣ポゼッション (チームスタイル指標) | データによってサッカーはもっと輝く | Football LAB,敵陣ポゼッション (チームスタイル指標),2,鳥栖,鳥栖,"[""攻撃セットプレー"", ""左サイド攻撃"", ""中央攻撃"", ""右サイド攻撃"", ""ショートカウンター"", ""ロングカウンター"", ""敵陣ポゼッション"", ""自陣ポゼッション""]","[""53"", ""49"", ""46"", ""51"", ""40"", ""38"", ""67"", ""72""]"
20260802,20260609,j2,2026,敵陣ポゼッション.html,敵陣ポゼッション (チームスタイル指標),リーグサマリー:2026 J2J3百年構想リーグ 敵陣ポゼッション (チームスタイル指標) | データによってサッカーはもっと輝く | Football LAB,敵陣ポゼッション (チームスタイル指標),2,山口,山口,"[""攻撃セットプレー"", ""左サイド攻撃"", ""中央攻撃"", ""右サイド攻撃"", ""ショートカウンター"", ""ロングカウンター"", ""敵陣ポゼッション"", ""自陣ポゼッション""]","[""44"", ""45"", ""49"", ""51"", ""47"", ""58"", ""52"", ""57""]"
20260802,20260609,j2,2026,敵陣ポゼッション.html,敵陣ポゼッション (チームスタイル指標),リーグサマリー:2026 J2J3百年構想リーグ 敵陣ポゼッション (チームスタイル指標) | データによってサッカーはもっと輝く | Football LAB,敵陣ポゼッション (チームスタイル指標),2,熊本,熊本,"[""攻撃セットプレー"", ""左サイド攻撃"", ""中央攻撃"", ""右サイド攻撃"", ""ショートカウンター"", ""ロングカウンター"", ""敵陣ポゼッション"", ""自陣ポゼッション""]","[""44"", ""43"", ""41"", ""50"", ""44"", ""47"", ""61"", ""58""]"
20260802,20260609,j2,2026,敵陣ポゼッション.html,敵陣ポゼッション (チームスタイル指標),リーグサマリー:2026 J2J3百年構想リーグ 敵陣ポゼッション (チームスタイル指標) | データによってサッカーはもっと輝く | Football LAB,敵陣ポゼッション (チームスタイル指標),2,鳥取,鳥取,"[""攻撃セットプレー"", ""左サイド攻撃"", ""中央攻撃"", ""右サイド攻撃"", ""ショートカウンター"", ""ロングカウンター"", ""敵陣ポゼッション"", ""自陣ポゼッション""]","[""41"", ""49"", ""43"", ""38"", ""46"", ""38"", ""51"", ""57""]"
20260802,20260609,j2,2026,敵陣ポゼッション.html,敵陣ポゼッション (チームスタイル指標),リーグサマリー:2026 J2J3百年構想リーグ 敵陣ポゼッション (チームスタイル指標) | データによってサッカーはもっと輝く | Football LAB,敵陣ポゼッション (チームスタイル指標),2,大分,大分,"[""攻撃セットプレー"", ""左サイド攻撃"", ""中央攻撃"", ""右サイド攻撃"", ""ショートカウンター"", ""ロングカウンター"", ""敵陣ポゼッション"", ""自陣ポゼッション""]","[""51"", ""45"", ""49"", ""59"", ""48"", ""38"", ""50"", ""60""]"
20260802,20260609,j2,2026,敵陣ポゼッション.html,敵陣ポゼッション (チームスタイル指標),リーグサマリー:2026 J2J3百年構想リーグ 敵陣ポゼッション (チームスタイル指標) | データによってサッカーはもっと輝く | Football LAB,敵陣ポゼッション (チームスタイル指標),2,滋賀,滋賀,"[""攻撃セットプレー"", ""左サイド攻撃"", ""中央攻撃"", ""右サイド攻撃"", ""ショートカウンター"", ""ロングカウンター"", ""敵陣ポゼッション"", ""自陣ポゼッション""]","[""44"", ""40"", ""43"", ""43"", ""40"", ""40"", ""43"", ""45""]"
20260802,20260609,j2,2026,敵陣ポゼッション.html,敵陣ポゼッション (チームスタイル指標),リーグサマリー:2026 J2J3百年構想リーグ 敵陣ポゼッション (チームスタイル指標) | データによってサッカーはもっと輝く | Football LAB,敵陣ポゼッション (チームスタイル指標),2,琉球,琉球,"[""攻撃セットプレー"", ""左サイド攻撃"", ""中央攻撃"", ""右サイド攻撃"", ""ショートカウンター"", ""ロングカウンター"", ""敵陣ポゼッション"", ""自陣ポゼッション""]","[""43"", ""51"", ""57"", ""39"", ""45"", ""36"", ""47"", ""61""]"
20260802,20260609,j2,2026,敵陣ポゼッション.html,敵陣ポゼッション (チームスタイル指標),リーグサマリー:2026 J2J3百年構想リーグ 敵陣ポゼッション (チームスタイル指標) | データによってサッカーはもっと輝く | Football LAB,敵陣ポゼッション (チームスタイル指標),2,北九州,北九州,"[""攻撃セットプレー"", ""左サイド攻撃"", ""中央攻撃"", ""右サイド攻撃"", ""ショートカウンター"", ""ロングカウンター"", ""敵陣ポゼッション"", ""自陣ポゼッション""]","[""43"", ""40"", ""51"", ""46"", ""40"", ""36"", ""53"", ""56""]"
20260802,20260609,j2,2026,敵陣ポゼッション.html,敵陣ポゼッション (チームスタイル指標),リーグサマリー:2026 J2J3百年構想リーグ 敵陣ポゼッション (チームスタイル指標) | データによってサッカーはもっと輝く | Football LAB,敵陣ポゼッション (チームスタイル指標),3,仙台,仙台,"[""攻撃セットプレー"", ""左サイド攻撃"", ""中央攻撃"", ""右サイド攻撃"", ""ショートカウンター"", ""ロングカウンター"", ""敵陣ポゼッション"", ""自陣ポゼッション""]","[""32.0%"", ""8.3%"", ""37.3%"", ""12.8%"", ""14.1%"", ""20.9%"", ""21.2%"", ""9.1%""]"
20260802,20260609,j2,2026,敵陣ポゼッション.html,敵陣ポゼッション (チームスタイル指標),リーグサマリー:2026 J2J3百年構想リーグ 敵陣ポゼッション (チームスタイル指標) | データによってサッカーはもっと輝く | Football LAB,敵陣ポゼッション (チームスタイル指標),3,秋田,秋田,"[""攻撃セットプレー"", ""左サイド攻撃"", ""中央攻撃"", ""右サイド攻撃"", ""ショートカウンター"", ""ロングカウンター"", ""敵陣ポゼッション"", ""自陣ポゼッション""]","[""27.6%"", ""6.1%"", ""25.1%"", ""6.6%"", ""12.9%"", ""8.8%"", ""13.3%"", ""5.0%""]"
20260802,20260609,j2,2026,敵陣ポゼッション.html,敵陣ポゼッション (チームスタイル指標),リーグサマリー:2026 J2J3百年構想リーグ 敵陣ポゼッション (チームスタイル指標) | データによってサッカーはもっと輝く | Football LAB,敵陣ポゼッション (チームスタイル指標),3,湘南,湘南,"[""攻撃セットプレー"", ""左サイド攻撃"", ""中央攻撃"", ""右サイド攻撃"", ""ショートカウンター"", ""ロングカウンター"", ""敵陣ポゼッション"", ""自陣ポゼッション""]","[""19.5%"", ""10.8%"", ""30.4%"", ""10.8%"", ""17.0%"", ""14.7%"", ""11.8%"", ""5.5%""]"
20260802,20260609,j2,2026,敵陣ポゼッション.html,敵陣ポゼッション (チームスタイル指標),リーグサマリー:2026 J2J3百年構想リーグ 敵陣ポゼッション (チームスタイル指標) | データによってサッカーはもっと輝く | Football LAB,敵陣ポゼッション (チームスタイル指標),3,横浜FC,横浜FC,"[""攻撃セットプレー"", ""左サイド攻撃"", ""中央攻撃"", ""右サイド攻撃"", ""ショートカウンター"", ""ロングカウンター"", ""敵陣ポゼッション"", ""自陣ポゼッション""]","[""33.8%"", ""16.1%"", ""37.7%"", ""12.7%"", ""21.0%"", ""20.7%"", ""22.3%"", ""5.9%""]"
20260802,20260609,j2,2026,敵陣ポゼッション.html,敵陣ポゼッション (チームスタイル指標),リーグサマリー:2026 J2J3百年構想リーグ 敵陣ポゼッション (チームスタイル指標) | データによってサッカーはもっと輝く | Football LAB,敵陣ポゼッション (チームスタイル指標),3,相模原,相模原,"[""攻撃セットプレー"", ""左サイド攻撃"", ""中央攻撃"", ""右サイド攻撃"", ""ショートカウンター"", ""ロングカウンター"", ""敵陣ポゼッション"", ""自陣ポゼッション""]","[""25.5%"", ""11.3%"", ""34.5%"", ""5.4%"", ""16.3%"", ""18.2%"", ""22.2%"", ""4.5%""]"
20260802,20260609,j2,2026,敵陣ポゼッション.html,敵陣ポゼッション (チームスタイル指標),リーグサマリー:2026 J2J3百年構想リーグ 敵陣ポゼッション (チームスタイル指標) | データによってサッカーはもっと輝く | Football LAB,敵陣ポゼッション (チームスタイル指標),3,群馬,群馬,"[""攻撃セットプレー"", ""左サイド攻撃"", ""中央攻撃"", ""右サイド攻撃"", ""ショートカウンター"", ""ロングカウンター"", ""敵陣ポゼッション"", ""自陣ポゼッション""]","[""22.0%"", ""12.4%"", ""35.5%"", ""17.3%"", ""17.9%"", ""18.8%"", ""31.9%"", ""6.0%""]"
20260802,20260609,j2,2026,敵陣ポゼッション.html,敵陣ポゼッション (チームスタイル指標),リーグサマリー:2026 J2J3百年構想リーグ 敵陣ポゼッション (チームスタイル指標) | データによってサッカーはもっと輝く | Football LAB,敵陣ポゼッション (チームスタイル指標),3,山形,山形,"[""攻撃セットプレー"", ""左サイド攻撃"", ""中央攻撃"", ""右サイド攻撃"", ""ショートカウンター"", ""ロングカウンター"", ""敵陣ポゼッション"", ""自陣ポゼッション""]","[""25.1%"", ""14.8%"", ""36.0%"", ""15.0%"", ""18.5%"", ""21.5%"", ""22.4%"", ""8.2%""]"
20260802,20260609,j2,2026,敵陣ポゼッション.html,敵陣ポゼッション (チームスタイル指標),リーグサマリー:2026 J2J3百年構想リーグ 敵陣ポゼッション (チームスタイル指標) | データによってサッカーはもっと輝く | Football LAB,敵陣ポゼッション (チームスタイル指標),3,栃木C,栃木C,"[""攻撃セットプレー"", ""左サイド攻撃"", ""中央攻撃"", ""右サイド攻撃"", ""ショートカウンター"", ""ロングカウンター"", ""敵陣ポゼッション"", ""自陣ポゼッション""]","[""24.8%"", ""13.2%"", ""32.4%"", ""14.3%"", ""20.7%"", ""9.2%"", ""23.4%"", ""7.8%""]"
20260802,20260609,j2,2026,敵陣ポゼッション.html,敵陣ポゼッション (チームスタイル指標),リーグサマリー:2026 J2J3百年構想リーグ 敵陣ポゼッション (チームスタイル指標) | データによってサッカーはもっと輝く | Football LAB,敵陣ポゼッション (チームスタイル指標),3,八戸,八戸,"[""攻撃セットプレー"", ""左サイド攻撃"", ""中央攻撃"", ""右サイド攻撃"", ""ショートカウンター"", ""ロングカウンター"", ""敵陣ポゼッション"", ""自陣ポゼッション""]","[""23.1%"", ""13.6%"", ""34.4%"", ""6.6%"", ""13.9%"", ""11.6%"", ""34.0%"", ""5.1%""]"
20260802,20260609,j2,2026,敵陣ポゼッション.html,敵陣ポゼッション (チームスタイル指標),リーグサマリー:2026 J2J3百年構想リーグ 敵陣ポゼッション (チームスタイル指標) | データによってサッカーはもっと輝く | Football LAB,敵陣ポゼッション (チームスタイル指標),3,栃木SC,栃木SC,"[""攻撃セットプレー"", ""左サイド攻撃"", ""中央攻撃"", ""右サイド攻撃"", ""ショートカウンター"", ""ロングカウンター"", ""敵陣ポゼッション"", ""自陣ポゼッション""]","[""19.6%"", ""9.3%"", ""40.4%"", ""12.0%"", ""23.9%"", ""23.5%"", ""23.1%"", ""6.6%""]"
20260802,20260609,j2,2026,敵陣ポゼッション.html,敵陣ポゼッション (チームスタイル指標),リーグサマリー:2026 J2J3百年構想リーグ 敵陣ポゼッション (チームスタイル指標) | データによってサッカーはもっと輝く | Football LAB,敵陣ポゼッション (チームスタイル指標),3,甲府,甲府,"[""攻撃セットプレー"", ""左サイド攻撃"", ""中央攻撃"", ""右サイド攻撃"", ""ショートカウンター"", ""ロングカウンター"", ""敵陣ポゼッション"", ""自陣ポゼッション""]","[""19.1%"", ""10.1%"", ""31.1%"", ""12.5%"", ""11.4%"", ""13.0%"", ""23.8%"", ""6.3%""]"
20260802,20260609,j2,2026,敵陣ポゼッション.html,敵陣ポゼッション (チームスタイル指標),リーグサマリー:2026 J2J3百年構想リーグ 敵陣ポゼッション (チームスタイル指標) | データによってサッカーはもっと輝く | Football LAB,敵陣ポゼッション (チームスタイル指標),3,札幌,札幌,"[""攻撃セットプレー"", ""左サイド攻撃"", ""中央攻撃"", ""右サイド攻撃"", ""ショートカウンター"", ""ロングカウンター"", ""敵陣ポゼッション"", ""自陣ポゼッション""]","[""26.6%"", ""12.3%"", ""37.1%"", ""13.0%"", ""16.7%"", ""11.5%"", ""19.3%"", ""4.3%""]"
20260802,20260609,j2,2026,敵陣ポゼッション.html,敵陣ポゼッション (チームスタイル指標),リーグサマリー:2026 J2J3百年構想リーグ 敵陣ポゼッション (チームスタイル指標) | データによってサッカーはもっと輝く | Football LAB,敵陣ポゼッション (チームスタイル指標),3,いわき,いわき,"[""攻撃セットプレー"", ""左サイド攻撃"", ""中央攻撃"", ""右サイド攻撃"", ""ショートカウンター"", ""ロングカウンター"", ""敵陣ポゼッション"", ""自陣ポゼッション""]","[""30.3%"", ""11.2%"", ""30.4%"", ""13.2%"", ""16.5%"", ""16.1%"", ""30.8%"", ""2.9%""]"
20260802,20260609,j2,2026,敵陣ポゼッション.html,敵陣ポゼッション (チームスタイル指標),リーグサマリー:2026 J2J3百年構想リーグ 敵陣ポゼッション (チームスタイル指標) | データによってサッカーはもっと輝く | Football LAB,敵陣ポゼッション (チームスタイル指標),3,大宮,大宮,"[""攻撃セットプレー"", ""左サイド攻撃"", ""中央攻撃"", ""右サイド攻撃"", ""ショートカウンター"", ""ロングカウンター"", ""敵陣ポゼッション"", ""自陣ポゼッション""]","[""23.9%"", ""14.7%"", ""38.4%"", ""16.1%"", ""20.6%"", ""20.2%"", ""27.7%"", ""9.0%""]"
20260802,20260609,j2,2026,敵陣ポゼッション.html,敵陣ポゼッション (チームスタイル指標),リーグサマリー:2026 J2J3百年構想リーグ 敵陣ポゼッション (チームスタイル指標) | データによってサッカーはもっと輝く | Football LAB,敵陣ポゼッション (チームスタイル指標),3,藤枝,藤枝,"[""攻撃セットプレー"", ""左サイド攻撃"", ""中央攻撃"", ""右サイド攻撃"", ""ショートカウンター"", ""ロングカウンター"", ""敵陣ポゼッション"", ""自陣ポゼッション""]","[""21.9%"", ""17.3%"", ""29.1%"", ""14.8%"", ""20.1%"", ""15.7%"", ""26.9%"", ""7.1%""]"
20260802,20260609,j2,2026,敵陣ポゼッション.html,敵陣ポゼッション (チームスタイル指標),リーグサマリー:2026 J2J3百年構想リーグ 敵陣ポゼッション (チームスタイル指標) | データによってサッカーはもっと輝く | Football LAB,敵陣ポゼッション (チームスタイル指標),3,岐阜,岐阜,"[""攻撃セットプレー"", ""左サイド攻撃"", ""中央攻撃"", ""右サイド攻撃"", ""ショートカウンター"", ""ロングカウンター"", ""敵陣ポゼッション"", ""自陣ポゼッション""]","[""23.9%"", ""15.9%"", ""38.0%"", ""16.7%"", ""21.1%"", ""15.9%"", ""26.5%"", ""3.6%""]"
20260802,20260609,j2,2026,敵陣ポゼッション.html,敵陣ポゼッション (チームスタイル指標),リーグサマリー:2026 J2J3百年構想リーグ 敵陣ポゼッション (チームスタイル指標) | データによってサッカーはもっと輝く | Football LAB,敵陣ポゼッション (チームスタイル指標),3,松本,松本,"[""攻撃セットプレー"", ""左サイド攻撃"", ""中央攻撃"", ""右サイド攻撃"", ""ショートカウンター"", ""ロングカウンター"", ""敵陣ポゼッション"", ""自陣ポゼッション""]","[""26.8%"", ""14.7%"", ""32.7%"", ""10.5%"", ""20.1%"", ""14.5%"", ""30.8%"", ""5.6%""]"
20260802,20260609,j2,2026,敵陣ポゼッション.html,敵陣ポゼッション (チームスタイル指標),リーグサマリー:2026 J2J3百年構想リーグ 敵陣ポゼッション (チームスタイル指標) | データによってサッカーはもっと輝く | Football LAB,敵陣ポゼッション (チームスタイル指標),3,磐田,磐田,"[""攻撃セットプレー"", ""左サイド攻撃"", ""中央攻撃"", ""右サイド攻撃"", ""ショートカウンター"", ""ロングカウンター"", ""敵陣ポゼッション"", ""自陣ポゼッション""]","[""27.1%"", ""8.9%"", ""30.3%"", ""9.1%"", ""14.2%"", ""18.3%"", ""12.5%"", ""6.8%""]"
20260802,20260609,j2,2026,敵陣ポゼッション.html,敵陣ポゼッション (チームスタイル指標),リーグサマリー:2026 J2J3百年構想リーグ 敵陣ポゼッション (チームスタイル指標) | データによってサッカーはもっと輝く | Football LAB,敵陣ポゼッション (チームスタイル指標),3,福島,福島,"[""攻撃セットプレー"", ""左サイド攻撃"", ""中央攻撃"", ""右サイド攻撃"", ""ショートカウンター"", ""ロングカウンター"", ""敵陣ポゼッション"", ""自陣ポゼッション""]","[""22.5%"", ""14.2%"", ""33.8%"", ""12.9%"", ""18.6%"", ""17.6%"", ""25.0%"", ""6.5%""]"
20260802,20260609,j2,2026,敵陣ポゼッション.html,敵陣ポゼッション (チームスタイル指標),リーグサマリー:2026 J2J3百年構想リーグ 敵陣ポゼッション (チームスタイル指標) | データによってサッカーはもっと輝く | Football LAB,敵陣ポゼッション (チームスタイル指標),3,長野,長野,"[""攻撃セットプレー"", ""左サイド攻撃"", ""中央攻撃"", ""右サイド攻撃"", ""ショートカウンター"", ""ロングカウンター"", ""敵陣ポゼッション"", ""自陣ポゼッション""]","[""24.7%"", ""6.8%"", ""24.5%"", ""6.9%"", ""12.6%"", ""9.8%"", ""14.5%"", ""2.7%""]"
20260802,20260609,j2,2026,敵陣ポゼッション.html,敵陣ポゼッション (チームスタイル指標),リーグサマリー:2026 J2J3百年構想リーグ 敵陣ポゼッション (チームスタイル指標) | データによってサッカーはもっと輝く | Football LAB,敵陣ポゼッション (チームスタイル指標),3,富山,富山,"[""攻撃セットプレー"", ""左サイド攻撃"", ""中央攻撃"", ""右サイド攻撃"", ""ショートカウンター"", ""ロングカウンター"", ""敵陣ポゼッション"", ""自陣ポゼッション""]","[""27.7%"", ""18.5%"", ""43.8%"", ""17.5%"", ""22.3%"", ""16.5%"", ""36.6%"", ""11.2%""]"
20260802,20260609,j2,2026,敵陣ポゼッション.html,敵陣ポゼッション (チームスタイル指標),リーグサマリー:2026 J2J3百年構想リーグ 敵陣ポゼッション (チームスタイル指標) | データによってサッカーはもっと輝く | Football LAB,敵陣ポゼッション (チームスタイル指標),3,新潟,新潟,"[""攻撃セットプレー"", ""左サイド攻撃"", ""中央攻撃"", ""右サイド攻撃"", ""ショートカウンター"", ""ロングカウンター"", ""敵陣ポゼッション"", ""自陣ポゼッション""]","[""17.7%"", ""12.0%"", ""36.6%"", ""11.8%"", ""13.8%"", ""16.8%"", ""24.7%"", ""8.7%""]"
20260802,20260609,j2,2026,敵陣ポゼッション.html,敵陣ポゼッション (チームスタイル指標),リーグサマリー:2026 J2J3百年構想リーグ 敵陣ポゼッション (チームスタイル指標) | データによってサッカーはもっと輝く | Football LAB,敵陣ポゼッション (チームスタイル指標),3,徳島,徳島,"[""攻撃セットプレー"", ""左サイド攻撃"", ""中央攻撃"", ""右サイド攻撃"", ""ショートカウンター"", ""ロングカウンター"", ""敵陣ポゼッション"", ""自陣ポゼッション""]","[""29.1%"", ""10.3%"", ""41.0%"", ""10.4%"", ""15.8%"", ""23.2%"", ""16.7%"", ""9.8%""]"
20260802,20260609,j2,2026,敵陣ポゼッション.html,敵陣ポゼッション (チームスタイル指標),リーグサマリー:2026 J2J3百年構想リーグ 敵陣ポゼッション (チームスタイル指標) | データによってサッカーはもっと輝く | Football LAB,敵陣ポゼッション (チームスタイル指標),3,高知,高知,"[""攻撃セットプレー"", ""左サイド攻撃"", ""中央攻撃"", ""右サイド攻撃"", ""ショートカウンター"", ""ロングカウンター"", ""敵陣ポゼッション"", ""自陣ポゼッション""]","[""23.6%"", ""14.0%"", ""40.8%"", ""13.8%"", ""20.9%"", ""17.1%"", ""22.1%"", ""5.8%""]"
20260802,20260609,j2,2026,敵陣ポゼッション.html,敵陣ポゼッション (チームスタイル指標),リーグサマリー:2026 J2J3百年構想リーグ 敵陣ポゼッション (チームスタイル指標) | データによってサッカーはもっと輝く | Football LAB,敵陣ポゼッション (チームスタイル指標),3,愛媛,愛媛,"[""攻撃セットプレー"", ""左サイド攻撃"", ""中央攻撃"", ""右サイド攻撃"", ""ショートカウンター"", ""ロングカウンター"", ""敵陣ポゼッション"", ""自陣ポゼッション""]","[""24.1%"", ""16.1%"", ""37.1%"", ""8.9%"", ""21.6%"", ""15.6%"", ""18.6%"", ""5.1%""]"
20260802,20260609,j2,2026,敵陣ポゼッション.html,敵陣ポゼッション (チームスタイル指標),リーグサマリー:2026 J2J3百年構想リーグ 敵陣ポゼッション (チームスタイル指標) | データによってサッカーはもっと輝く | Football LAB,敵陣ポゼッション (チームスタイル指標),3,金沢,金沢,"[""攻撃セットプレー"", ""左サイド攻撃"", ""中央攻撃"", ""右サイド攻撃"", ""ショートカウンター"", ""ロングカウンター"", ""敵陣ポゼッション"", ""自陣ポゼッション""]","[""25.2%"", ""14.7%"", ""37.3%"", ""8.2%"", ""18.4%"", ""17.5%"", ""19.3%"", ""7.4%""]"
20260802,20260609,j2,2026,敵陣ポゼッション.html,敵陣ポゼッション (チームスタイル指標),リーグサマリー:2026 J2J3百年構想リーグ 敵陣ポゼッション (チームスタイル指標) | データによってサッカーはもっと輝く | Football LAB,敵陣ポゼッション (チームスタイル指標),3,奈良,奈良,"[""攻撃セットプレー"", ""左サイド攻撃"", ""中央攻撃"", ""右サイド攻撃"", ""ショートカウンター"", ""ロングカウンター"", ""敵陣ポゼッション"", ""自陣ポゼッション""]","[""21.2%"", ""12.9%"", ""39.2%"", ""17.3%"", ""19.9%"", ""14.3%"", ""19.2%"", ""7.0%""]"
20260802,20260609,j2,2026,敵陣ポゼッション.html,敵陣ポゼッション (チームスタイル指標),リーグサマリー:2026 J2J3百年構想リーグ 敵陣ポゼッション (チームスタイル指標) | データによってサッカーはもっと輝く | Football LAB,敵陣ポゼッション (チームスタイル指標),3,FC大阪,FC大阪,"[""攻撃セットプレー"", ""左サイド攻撃"", ""中央攻撃"", ""右サイド攻撃"", ""ショートカウンター"", ""ロングカウンター"", ""敵陣ポゼッション"", ""自陣ポゼッション""]","[""27.9%"", ""8.7%"", ""29.9%"", ""13.6%"", ""15.7%"", ""9.1%"", ""21.3%"", ""5.9%""]"
20260802,20260609,j2,2026,敵陣ポゼッション.html,敵陣ポゼッション (チームスタイル指標),リーグサマリー:2026 J2J3百年構想リーグ 敵陣ポゼッション (チームスタイル指標) | データによってサッカーはもっと輝く | Football LAB,敵陣ポゼッション (チームスタイル指標),3,今治,今治,"[""攻撃セットプレー"", ""左サイド攻撃"", ""中央攻撃"", ""右サイド攻撃"", ""ショートカウンター"", ""ロングカウンター"", ""敵陣ポゼッション"", ""自陣ポゼッション""]","[""25.3%"", ""6.7%"", ""28.4%"", ""8.5%"", ""14.7%"", ""21.1%"", ""14.5%"", ""6.2%""]"
20260802,20260609,j2,2026,敵陣ポゼッション.html,敵陣ポゼッション (チームスタイル指標),リーグサマリー:2026 J2J3百年構想リーグ 敵陣ポゼッション (チームスタイル指標) | データによってサッカーはもっと輝く | Football LAB,敵陣ポゼッション (チームスタイル指標),3,讃岐,讃岐,"[""攻撃セットプレー"", ""左サイド攻撃"", ""中央攻撃"", ""右サイド攻撃"", ""ショートカウンター"", ""ロングカウンター"", ""敵陣ポゼッション"", ""自陣ポゼッション""]","[""20.2%"", ""11.4%"", ""35.6%"", ""9.5%"", ""18.3%"", ""11.6%"", ""15.8%"", ""7.5%""]"
20260802,20260609,j2,2026,敵陣ポゼッション.html,敵陣ポゼッション (チームスタイル指標),リーグサマリー:2026 J2J3百年構想リーグ 敵陣ポゼッション (チームスタイル指標) | データによってサッカーはもっと輝く | Football LAB,敵陣ポゼッション (チームスタイル指標),3,宮崎,宮崎,"[""攻撃セットプレー"", ""左サイド攻撃"", ""中央攻撃"", ""右サイド攻撃"", ""ショートカウンター"", ""ロングカウンター"", ""敵陣ポゼッション"", ""自陣ポゼッション""]","[""26.8%"", ""12.0%"", ""39.4%"", ""10.6%"", ""20.3%"", ""14.4%"", ""19.4%"", ""4.1%""]"
20260802,20260609,j2,2026,敵陣ポゼッション.html,敵陣ポゼッション (チームスタイル指標),リーグサマリー:2026 J2J3百年構想リーグ 敵陣ポゼッション (チームスタイル指標) | データによってサッカーはもっと輝く | Football LAB,敵陣ポゼッション (チームスタイル指標),3,鹿児島,鹿児島,"[""攻撃セットプレー"", ""左サイド攻撃"", ""中央攻撃"", ""右サイド攻撃"", ""ショートカウンター"", ""ロングカウンター"", ""敵陣ポゼッション"", ""自陣ポゼッション""]","[""22.2%"", ""10.6%"", ""36.0%"", ""8.0%"", ""16.0%"", ""9.9%"", ""30.6%"", ""16.7%""]"
20260802,20260609,j2,2026,敵陣ポゼッション.html,敵陣ポゼッション (チームスタイル指標),リーグサマリー:2026 J2J3百年構想リーグ 敵陣ポゼッション (チームスタイル指標) | データによってサッカーはもっと輝く | Football LAB,敵陣ポゼッション (チームスタイル指標),3,鳥栖,鳥栖,"[""攻撃セットプレー"", ""左サイド攻撃"", ""中央攻撃"", ""右サイド攻撃"", ""ショートカウンター"", ""ロングカウンター"", ""敵陣ポゼッション"", ""自陣ポゼッション""]","[""22.9%"", ""13.7%"", ""41.2%"", ""17.3%"", ""24.8%"", ""11.4%"", ""21.2%"", ""7.8%""]"
20260802,20260609,j2,2026,敵陣ポゼッション.html,敵陣ポゼッション (チームスタイル指標),リーグサマリー:2026 J2J3百年構想リーグ 敵陣ポゼッション (チームスタイル指標) | データによってサッカーはもっと輝く | Football LAB,敵陣ポゼッション (チームスタイル指標),3,山口,山口,"[""攻撃セットプレー"", ""左サイド攻撃"", ""中央攻撃"", ""右サイド攻撃"", ""ショートカウンター"", ""ロングカウンター"", ""敵陣ポゼッション"", ""自陣ポゼッション""]","[""21.6%"", ""12.9%"", ""40.9%"", ""15.9%"", ""20.8%"", ""15.5%"", ""28.9%"", ""8.3%""]"
20260802,20260609,j2,2026,敵陣ポゼッション.html,敵陣ポゼッション (チームスタイル指標),リーグサマリー:2026 J2J3百年構想リーグ 敵陣ポゼッション (チームスタイル指標) | データによってサッカーはもっと輝く | Football LAB,敵陣ポゼッション (チームスタイル指標),3,熊本,熊本,"[""攻撃セットプレー"", ""左サイド攻撃"", ""中央攻撃"", ""右サイド攻撃"", ""ショートカウンター"", ""ロングカウンター"", ""敵陣ポゼッション"", ""自陣ポゼッション""]","[""18.6%"", ""14.0%"", ""41.7%"", ""12.7%"", ""17.8%"", ""14.1%"", ""24.8%"", ""7.1%""]"
20260802,20260609,j2,2026,敵陣ポゼッション.html,敵陣ポゼッション (チームスタイル指標),リーグサマリー:2026 J2J3百年構想リーグ 敵陣ポゼッション (チームスタイル指標) | データによってサッカーはもっと輝く | Football LAB,敵陣ポゼッション (チームスタイル指標),3,鳥取,鳥取,"[""攻撃セットプレー"", ""左サイド攻撃"", ""中央攻撃"", ""右サイド攻撃"", ""ショートカウンター"", ""ロングカウンター"", ""敵陣ポゼッション"", ""自陣ポゼッション""]","[""20.7%"", ""11.2%"", ""33.7%"", ""12.7%"", ""18.8%"", ""8.9%"", ""18.4%"", ""6.7%""]"
20260802,20260609,j2,2026,敵陣ポゼッション.html,敵陣ポゼッション (チームスタイル指標),リーグサマリー:2026 J2J3百年構想リーグ 敵陣ポゼッション (チームスタイル指標) | データによってサッカーはもっと輝く | Football LAB,敵陣ポゼッション (チームスタイル指標),3,大分,大分,"[""攻撃セットプレー"", ""左サイド攻撃"", ""中央攻撃"", ""右サイド攻撃"", ""ショートカウンター"", ""ロングカウンター"", ""敵陣ポゼッション"", ""自陣ポゼッション""]","[""23.7%"", ""14.4%"", ""33.3%"", ""13.0%"", ""19.3%"", ""12.7%"", ""28.6%"", ""6.5%""]"
20260802,20260609,j2,2026,敵陣ポゼッション.html,敵陣ポゼッション (チームスタイル指標),リーグサマリー:2026 J2J3百年構想リーグ 敵陣ポゼッション (チームスタイル指標) | データによってサッカーはもっと輝く | Football LAB,敵陣ポゼッション (チームスタイル指標),3,滋賀,滋賀,"[""攻撃セットプレー"", ""左サイド攻撃"", ""中央攻撃"", ""右サイド攻撃"", ""ショートカウンター"", ""ロングカウンター"", ""敵陣ポゼッション"", ""自陣ポゼッション""]","[""27.9%"", ""6.3%"", ""36.5%"", ""8.5%"", ""19.5%"", ""8.6%"", ""10.6%"", ""5.2%""]"
20260802,20260609,j2,2026,敵陣ポゼッション.html,敵陣ポゼッション (チームスタイル指標),リーグサマリー:2026 J2J3百年構想リーグ 敵陣ポゼッション (チームスタイル指標) | データによってサッカーはもっと輝く | Football LAB,敵陣ポゼッション (チームスタイル指標),3,琉球,琉球,"[""攻撃セットプレー"", ""左サイド攻撃"", ""中央攻撃"", ""右サイド攻撃"", ""ショートカウンター"", ""ロングカウンター"", ""敵陣ポゼッション"", ""自陣ポゼッション""]","[""24.0%"", ""11.2%"", ""35.4%"", ""10.5%"", ""20.2%"", ""10.5%"", ""22.4%"", ""7.7%""]"
20260802,20260609,j2,2026,敵陣ポゼッション.html,敵陣ポゼッション (チームスタイル指標),リーグサマリー:2026 J2J3百年構想リーグ 敵陣ポゼッション (チームスタイル指標) | データによってサッカーはもっと輝く | Football LAB,敵陣ポゼッション (チームスタイル指標),3,北九州,北九州,"[""攻撃セットプレー"", ""左サイド攻撃"", ""中央攻撃"", ""右サイド攻撃"", ""ショートカウンター"", ""ロングカウンター"", ""敵陣ポゼッション"", ""自陣ポゼッション""]","[""23.7%"", ""11.9%"", ""32.6%"", ""11.7%"", ""18.9%"", ""19.7%"", ""18.1%"", ""3.8%""]"
20260802,20260609,j2,2026,自陣ポゼッション.html,自陣ポゼッション (チームスタイル指標),リーグサマリー:2026 J2J3百年構想リーグ 自陣ポゼッション (チームスタイル指標) | データによってサッカーはもっと輝く | Football LAB,自陣ポゼッションのサマリー,1,鳥栖,鳥栖,"[""指数"", ""ゴール率"", ""シュート率"", ""ドリブル使用率"", ""ロングパス使用率"", ""空中戦使用率"", ""コンビネーション使用率""]","[""72"", ""1.0%"", ""7.8%"", ""12.9%"", ""32.0%"", ""3.7%"", ""1.4%""]"
20260802,20260609,j2,2026,自陣ポゼッション.html,自陣ポゼッション (チームスタイル指標),リーグサマリー:2026 J2J3百年構想リーグ 自陣ポゼッション (チームスタイル指標) | データによってサッカーはもっと輝く | Football LAB,自陣ポゼッションのサマリー,1,奈良,奈良,"[""指数"", ""ゴール率"", ""シュート率"", ""ドリブル使用率"", ""ロングパス使用率"", ""空中戦使用率"", ""コンビネーション使用率""]","[""69"", ""0.4%"", ""7.0%"", ""4.8%"", ""32.4%"", ""1.8%"", ""3.7%""]"
20260802,20260609,j2,2026,自陣ポゼッション.html,自陣ポゼッション (チームスタイル指標),リーグサマリー:2026 J2J3百年構想リーグ 自陣ポゼッション (チームスタイル指標) | データによってサッカーはもっと輝く | Football LAB,自陣ポゼッションのサマリー,1,徳島,徳島,"[""指数"", ""ゴール率"", ""シュート率"", ""ドリブル使用率"", ""ロングパス使用率"", ""空中戦使用率"", ""コンビネーション使用率""]","[""67"", ""2.0%"", ""9.8%"", ""8.6%"", ""32.8%"", ""3.9%"", ""2.0%""]"
20260802,20260609,j2,2026,自陣ポゼッション.html,自陣ポゼッション (チームスタイル指標),リーグサマリー:2026 J2J3百年構想リーグ 自陣ポゼッション (チームスタイル指標) | データによってサッカーはもっと輝く | Football LAB,自陣ポゼッションのサマリー,1,琉球,琉球,"[""指数"", ""ゴール率"", ""シュート率"", ""ドリブル使用率"", ""ロングパス使用率"", ""空中戦使用率"", ""コンビネーション使用率""]","[""61"", ""0.5%"", ""7.7%"", ""6.8%"", ""30.3%"", ""5.4%"", ""2.3%""]"
20260802,20260609,j2,2026,自陣ポゼッション.html,自陣ポゼッション (チームスタイル指標),リーグサマリー:2026 J2J3百年構想リーグ 自陣ポゼッション (チームスタイル指標) | データによってサッカーはもっと輝く | Football LAB,自陣ポゼッションのサマリー,1,大分,大分,"[""指数"", ""ゴール率"", ""シュート率"", ""ドリブル使用率"", ""ロングパス使用率"", ""空中戦使用率"", ""コンビネーション使用率""]","[""60"", ""0.5%"", ""6.5%"", ""6.5%"", ""36.9%"", ""4.2%"", ""1.4%""]"
20260802,20260609,j2,2026,自陣ポゼッション.html,自陣ポゼッション (チームスタイル指標),リーグサマリー:2026 J2J3百年構想リーグ 自陣ポゼッション (チームスタイル指標) | データによってサッカーはもっと輝く | Football LAB,自陣ポゼッションのサマリー,1,札幌,札幌,"[""指数"", ""ゴール率"", ""シュート率"", ""ドリブル使用率"", ""ロングパス使用率"", ""空中戦使用率"", ""コンビネーション使用率""]","[""60"", ""0.5%"", ""4.3%"", ""5.7%"", ""33.2%"", ""3.8%"", ""1.4%""]"
20260802,20260609,j2,2026,自陣ポゼッション.html,自陣ポゼッション (チームスタイル指標),リーグサマリー:2026 J2J3百年構想リーグ 自陣ポゼッション (チームスタイル指標) | データによってサッカーはもっと輝く | Football LAB,自陣ポゼッションのサマリー,1,群馬,群馬,"[""指数"", ""ゴール率"", ""シュート率"", ""ドリブル使用率"", ""ロングパス使用率"", ""空中戦使用率"", ""コンビネーション使用率""]","[""58"", ""0.0%"", ""6.0%"", ""11.0%"", ""37.5%"", ""7.0%"", ""2.0%""]"
20260802,20260609,j2,2026,自陣ポゼッション.html,自陣ポゼッション (チームスタイル指標),リーグサマリー:2026 J2J3百年構想リーグ 自陣ポゼッション (チームスタイル指標) | データによってサッカーはもっと輝く | Football LAB,自陣ポゼッションのサマリー,1,熊本,熊本,"[""指数"", ""ゴール率"", ""シュート率"", ""ドリブル使用率"", ""ロングパス使用率"", ""空中戦使用率"", ""コンビネーション使用率""]","[""58"", ""1.0%"", ""7.1%"", ""6.6%"", ""40.6%"", ""2.0%"", ""3.0%""]"
20260802,20260609,j2,2026,自陣ポゼッション.html,自陣ポゼッション (チームスタイル指標),リーグサマリー:2026 J2J3百年構想リーグ 自陣ポゼッション (チームスタイル指標) | データによってサッカーはもっと輝く | Football LAB,自陣ポゼッションのサマリー,1,鳥取,鳥取,"[""指数"", ""ゴール率"", ""シュート率"", ""ドリブル使用率"", ""ロングパス使用率"", ""空中戦使用率"", ""コンビネーション使用率""]","[""57"", ""0.5%"", ""6.7%"", ""7.7%"", ""29.2%"", ""5.1%"", ""2.1%""]"
20260802,20260609,j2,2026,自陣ポゼッション.html,自陣ポゼッション (チームスタイル指標),リーグサマリー:2026 J2J3百年構想リーグ 自陣ポゼッション (チームスタイル指標) | データによってサッカーはもっと輝く | Football LAB,自陣ポゼッションのサマリー,1,山口,山口,"[""指数"", ""ゴール率"", ""シュート率"", ""ドリブル使用率"", ""ロングパス使用率"", ""空中戦使用率"", ""コンビネーション使用率""]","[""57"", ""3.1%"", ""8.3%"", ""5.2%"", ""33.7%"", ""7.8%"", ""3.6%""]"
20260802,20260609,j2,2026,自陣ポゼッション.html,自陣ポゼッション (チームスタイル指標),リーグサマリー:2026 J2J3百年構想リーグ 自陣ポゼッション (チームスタイル指標) | データによってサッカーはもっと輝く | Football LAB,自陣ポゼッションのサマリー,1,高知,高知,"[""指数"", ""ゴール率"", ""シュート率"", ""ドリブル使用率"", ""ロングパス使用率"", ""空中戦使用率"", ""コンビネーション使用率""]","[""57"", ""1.6%"", ""5.8%"", ""4.2%"", ""34.6%"", ""2.1%"", ""3.1%""]"
20260802,20260609,j2,2026,自陣ポゼッション.html,自陣ポゼッション (チームスタイル指標),リーグサマリー:2026 J2J3百年構想リーグ 自陣ポゼッション (チームスタイル指標) | データによってサッカーはもっと輝く | Football LAB,自陣ポゼッションのサマリー,1,富山,富山,"[""指数"", ""ゴール率"", ""シュート率"", ""ドリブル使用率"", ""ロングパス使用率"", ""空中戦使用率"", ""コンビネーション使用率""]","[""56"", ""3.2%"", ""11.2%"", ""8.0%"", ""29.3%"", ""3.2%"", ""2.7%""]"
20260802,20260609,j2,2026,自陣ポゼッション.html,自陣ポゼッション (チームスタイル指標),リーグサマリー:2026 J2J3百年構想リーグ 自陣ポゼッション (チームスタイル指標) | データによってサッカーはもっと輝く | Football LAB,自陣ポゼッションのサマリー,1,北九州,北九州,"[""指数"", ""ゴール率"", ""シュート率"", ""ドリブル使用率"", ""ロングパス使用率"", ""空中戦使用率"", ""コンビネーション使用率""]","[""56"", ""0.5%"", ""3.8%"", ""4.9%"", ""25.7%"", ""6.6%"", ""1.6%""]"
20260802,20260609,j2,2026,自陣ポゼッション.html,自陣ポゼッション (チームスタイル指標),リーグサマリー:2026 J2J3百年構想リーグ 自陣ポゼッション (チームスタイル指標) | データによってサッカーはもっと輝く | Football LAB,自陣ポゼッションのサマリー,1,藤枝,藤枝,"[""指数"", ""ゴール率"", ""シュート率"", ""ドリブル使用率"", ""ロングパス使用率"", ""空中戦使用率"", ""コンビネーション使用率""]","[""56"", ""0.0%"", ""7.1%"", ""11.5%"", ""37.2%"", ""5.5%"", ""1.1%""]"
20260802,20260609,j2,2026,自陣ポゼッション.html,自陣ポゼッション (チームスタイル指標),リーグサマリー:2026 J2J3百年構想リーグ 自陣ポゼッション (チームスタイル指標) | データによってサッカーはもっと輝く | Football LAB,自陣ポゼッションのサマリー,1,宮崎,宮崎,"[""指数"", ""ゴール率"", ""シュート率"", ""ドリブル使用率"", ""ロングパス使用率"", ""空中戦使用率"", ""コンビネーション使用率""]","[""54"", ""0.0%"", ""4.1%"", ""6.4%"", ""31.4%"", ""4.7%"", ""1.2%""]"
20260802,20260609,j2,2026,自陣ポゼッション.html,自陣ポゼッション (チームスタイル指標),リーグサマリー:2026 J2J3百年構想リーグ 自陣ポゼッション (チームスタイル指標) | データによってサッカーはもっと輝く | Football LAB,自陣ポゼッションのサマリー,1,横浜FC,横浜FC,"[""指数"", ""ゴール率"", ""シュート率"", ""ドリブル使用率"", ""ロングパス使用率"", ""空中戦使用率"", ""コンビネーション使用率""]","[""54"", ""1.2%"", ""5.9%"", ""8.9%"", ""37.3%"", ""3.0%"", ""3.0%""]"
20260802,20260609,j2,2026,自陣ポゼッション.html,自陣ポゼッション (チームスタイル指標),リーグサマリー:2026 J2J3百年構想リーグ 自陣ポゼッション (チームスタイル指標) | データによってサッカーはもっと輝く | Football LAB,自陣ポゼッションのサマリー,1,栃木C,栃木C,"[""指数"", ""ゴール率"", ""シュート率"", ""ドリブル使用率"", ""ロングパス使用率"", ""空中戦使用率"", ""コンビネーション使用率""]","[""53"", ""0.6%"", ""7.8%"", ""11.4%"", ""38.6%"", ""4.2%"", ""2.4%""]"
20260802,20260609,j2,2026,自陣ポゼッション.html,自陣ポゼッション (チームスタイル指標),リーグサマリー:2026 J2J3百年構想リーグ 自陣ポゼッション (チームスタイル指標) | データによってサッカーはもっと輝く | Football LAB,自陣ポゼッションのサマリー,1,新潟,新潟,"[""指数"", ""ゴール率"", ""シュート率"", ""ドリブル使用率"", ""ロングパス使用率"", ""空中戦使用率"", ""コンビネーション使用率""]","[""52"", ""1.2%"", ""8.7%"", ""8.7%"", ""27.3%"", ""6.2%"", ""1.2%""]"
20260802,20260609,j2,2026,自陣ポゼッション.html,自陣ポゼッション (チームスタイル指標),リーグサマリー:2026 J2J3百年構想リーグ 自陣ポゼッション (チームスタイル指標) | データによってサッカーはもっと輝く | Football LAB,自陣ポゼッションのサマリー,1,福島,福島,"[""指数"", ""ゴール率"", ""シュート率"", ""ドリブル使用率"", ""ロングパス使用率"", ""空中戦使用率"", ""コンビネーション使用率""]","[""51"", ""1.3%"", ""6.5%"", ""5.2%"", ""23.2%"", ""4.5%"", ""4.5%""]"
20260802,20260609,j2,2026,自陣ポゼッション.html,自陣ポゼッション (チームスタイル指標),リーグサマリー:2026 J2J3百年構想リーグ 自陣ポゼッション (チームスタイル指標) | データによってサッカーはもっと輝く | Football LAB,自陣ポゼッションのサマリー,1,仙台,仙台,"[""指数"", ""ゴール率"", ""シュート率"", ""ドリブル使用率"", ""ロングパス使用率"", ""空中戦使用率"", ""コンビネーション使用率""]","[""51"", ""1.3%"", ""9.1%"", ""9.7%"", ""35.1%"", ""5.8%"", ""2.6%""]"
20260802,20260609,j2,2026,自陣ポゼッション.html,自陣ポゼッション (チームスタイル指標),リーグサマリー:2026 J2J3百年構想リーグ 自陣ポゼッション (チームスタイル指標) | データによってサッカーはもっと輝く | Football LAB,自陣ポゼッションのサマリー,1,山形,山形,"[""指数"", ""ゴール率"", ""シュート率"", ""ドリブル使用率"", ""ロングパス使用率"", ""空中戦使用率"", ""コンビネーション使用率""]","[""50"", ""0.0%"", ""8.2%"", ""10.2%"", ""33.3%"", ""5.4%"", ""0.7%""]"
20260802,20260609,j2,2026,自陣ポゼッション.html,自陣ポゼッション (チームスタイル指標),リーグサマリー:2026 J2J3百年構想リーグ 自陣ポゼッション (チームスタイル指標) | データによってサッカーはもっと輝く | Football LAB,自陣ポゼッションのサマリー,1,磐田,磐田,"[""指数"", ""ゴール率"", ""シュート率"", ""ドリブル使用率"", ""ロングパス使用率"", ""空中戦使用率"", ""コンビネーション使用率""]","[""50"", ""0.7%"", ""6.8%"", ""4.8%"", ""34.9%"", ""8.2%"", ""3.4%""]"
20260802,20260609,j2,2026,自陣ポゼッション.html,自陣ポゼッション (チームスタイル指標),リーグサマリー:2026 J2J3百年構想リーグ 自陣ポゼッション (チームスタイル指標) | データによってサッカーはもっと輝く | Football LAB,自陣ポゼッションのサマリー,1,大宮,大宮,"[""指数"", ""ゴール率"", ""シュート率"", ""ドリブル使用率"", ""ロングパス使用率"", ""空中戦使用率"", ""コンビネーション使用率""]","[""50"", ""1.4%"", ""9.0%"", ""7.6%"", ""26.9%"", ""4.8%"", ""0.7%""]"
20260802,20260609,j2,2026,自陣ポゼッション.html,自陣ポゼッション (チームスタイル指標),リーグサマリー:2026 J2J3百年構想リーグ 自陣ポゼッション (チームスタイル指標) | データによってサッカーはもっと輝く | Football LAB,自陣ポゼッションのサマリー,1,岐阜,岐阜,"[""指数"", ""ゴール率"", ""シュート率"", ""ドリブル使用率"", ""ロングパス使用率"", ""空中戦使用率"", ""コンビネーション使用率""]","[""49"", ""0.0%"", ""3.6%"", ""5.0%"", ""28.6%"", ""0.7%"", ""2.9%""]"
20260802,20260609,j2,2026,自陣ポゼッション.html,自陣ポゼッション (チームスタイル指標),リーグサマリー:2026 J2J3百年構想リーグ 自陣ポゼッション (チームスタイル指標) | データによってサッカーはもっと輝く | Football LAB,自陣ポゼッションのサマリー,1,愛媛,愛媛,"[""指数"", ""ゴール率"", ""シュート率"", ""ドリブル使用率"", ""ロングパス使用率"", ""空中戦使用率"", ""コンビネーション使用率""]","[""49"", ""0.7%"", ""5.1%"", ""5.1%"", ""19.7%"", ""5.1%"", ""2.2%""]"
20260802,20260609,j2,2026,自陣ポゼッション.html,自陣ポゼッション (チームスタイル指標),リーグサマリー:2026 J2J3百年構想リーグ 自陣ポゼッション (チームスタイル指標) | データによってサッカーはもっと輝く | Football LAB,自陣ポゼッションのサマリー,1,今治,今治,"[""指数"", ""ゴール率"", ""シュート率"", ""ドリブル使用率"", ""ロングパス使用率"", ""空中戦使用率"", ""コンビネーション使用率""]","[""47"", ""0.8%"", ""6.2%"", ""7.8%"", ""32.6%"", ""8.5%"", ""0.0%""]"
20260802,20260609,j2,2026,自陣ポゼッション.html,自陣ポゼッション (チームスタイル指標),リーグサマリー:2026 J2J3百年構想リーグ 自陣ポゼッション (チームスタイル指標) | データによってサッカーはもっと輝く | Football LAB,自陣ポゼッションのサマリー,1,湘南,湘南,"[""指数"", ""ゴール率"", ""シュート率"", ""ドリブル使用率"", ""ロングパス使用率"", ""空中戦使用率"", ""コンビネーション使用率""]","[""47"", ""0.8%"", ""5.5%"", ""8.7%"", ""43.3%"", ""6.3%"", ""1.6%""]"
20260802,20260609,j2,2026,自陣ポゼッション.html,自陣ポゼッション (チームスタイル指標),リーグサマリー:2026 J2J3百年構想リーグ 自陣ポゼッション (チームスタイル指標) | データによってサッカーはもっと輝く | Football LAB,自陣ポゼッションのサマリー,1,滋賀,滋賀,"[""指数"", ""ゴール率"", ""シュート率"", ""ドリブル使用率"", ""ロングパス使用率"", ""空中戦使用率"", ""コンビネーション使用率""]","[""45"", ""0.0%"", ""5.2%"", ""7.8%"", ""28.7%"", ""10.4%"", ""1.7%""]"
20260802,20260609,j2,2026,自陣ポゼッション.html,自陣ポゼッション (チームスタイル指標),リーグサマリー:2026 J2J3百年構想リーグ 自陣ポゼッション (チームスタイル指標) | データによってサッカーはもっと輝く | Football LAB,自陣ポゼッションのサマリー,1,甲府,甲府,"[""指数"", ""ゴール率"", ""シュート率"", ""ドリブル使用率"", ""ロングパス使用率"", ""空中戦使用率"", ""コンビネーション使用率""]","[""42"", ""0.0%"", ""6.3%"", ""7.3%"", ""42.7%"", ""5.2%"", ""0.0%""]"
20260802,20260609,j2,2026,自陣ポゼッション.html,自陣ポゼッション (チームスタイル指標),リーグサマリー:2026 J2J3百年構想リーグ 自陣ポゼッション (チームスタイル指標) | データによってサッカーはもっと輝く | Football LAB,自陣ポゼッションのサマリー,1,金沢,金沢,"[""指数"", ""ゴール率"", ""シュート率"", ""ドリブル使用率"", ""ロングパス使用率"", ""空中戦使用率"", ""コンビネーション使用率""]","[""42"", ""0.0%"", ""7.4%"", ""7.4%"", ""40.0%"", ""8.4%"", ""1.1%""]"
20260802,20260609,j2,2026,自陣ポゼッション.html,自陣ポゼッション (チームスタイル指標),リーグサマリー:2026 J2J3百年構想リーグ 自陣ポゼッション (チームスタイル指標) | データによってサッカーはもっと輝く | Football LAB,自陣ポゼッションのサマリー,1,栃木SC,栃木SC,"[""指数"", ""ゴール率"", ""シュート率"", ""ドリブル使用率"", ""ロングパス使用率"", ""空中戦使用率"", ""コンビネーション使用率""]","[""42"", ""2.2%"", ""6.6%"", ""4.4%"", ""26.4%"", ""8.8%"", ""3.3%""]"
20260802,20260609,j2,2026,自陣ポゼッション.html,自陣ポゼッション (チームスタイル指標),リーグサマリー:2026 J2J3百年構想リーグ 自陣ポゼッション (チームスタイル指標) | データによってサッカーはもっと輝く | Football LAB,自陣ポゼッションのサマリー,1,長野,長野,"[""指数"", ""ゴール率"", ""シュート率"", ""ドリブル使用率"", ""ロングパス使用率"", ""空中戦使用率"", ""コンビネーション使用率""]","[""39"", ""0.0%"", ""2.7%"", ""5.5%"", ""42.5%"", ""5.5%"", ""1.4%""]"
20260802,20260609,j2,2026,自陣ポゼッション.html,自陣ポゼッション (チームスタイル指標),リーグサマリー:2026 J2J3百年構想リーグ 自陣ポゼッション (チームスタイル指標) | データによってサッカーはもっと輝く | Football LAB,自陣ポゼッションのサマリー,1,松本,松本,"[""指数"", ""ゴール率"", ""シュート率"", ""ドリブル使用率"", ""ロングパス使用率"", ""空中戦使用率"", ""コンビネーション使用率""]","[""39"", ""0.0%"", ""5.6%"", ""6.9%"", ""33.3%"", ""5.6%"", ""2.8%""]"
20260802,20260609,j2,2026,自陣ポゼッション.html,自陣ポゼッション (チームスタイル指標),リーグサマリー:2026 J2J3百年構想リーグ 自陣ポゼッション (チームスタイル指標) | データによってサッカーはもっと輝く | Football LAB,自陣ポゼッションのサマリー,1,FC大阪,FC大阪,"[""指数"", ""ゴール率"", ""シュート率"", ""ドリブル使用率"", ""ロングパス使用率"", ""空中戦使用率"", ""コンビネーション使用率""]","[""38"", ""0.0%"", ""5.9%"", ""11.8%"", ""38.2%"", ""5.9%"", ""4.4%""]"
20260802,20260609,j2,2026,自陣ポゼッション.html,自陣ポゼッション (チームスタイル指標),リーグサマリー:2026 J2J3百年構想リーグ 自陣ポゼッション (チームスタイル指標) | データによってサッカーはもっと輝く | Football LAB,自陣ポゼッションのサマリー,1,いわき,いわき,"[""指数"", ""ゴール率"", ""シュート率"", ""ドリブル使用率"", ""ロングパス使用率"", ""空中戦使用率"", ""コンビネーション使用率""]","[""38"", ""0.0%"", ""2.9%"", ""1.5%"", ""38.2%"", ""2.9%"", ""1.5%""]"
20260802,20260609,j2,2026,自陣ポゼッション.html,自陣ポゼッション (チームスタイル指標),リーグサマリー:2026 J2J3百年構想リーグ 自陣ポゼッション (チームスタイル指標) | データによってサッカーはもっと輝く | Football LAB,自陣ポゼッションのサマリー,1,讃岐,讃岐,"[""指数"", ""ゴール率"", ""シュート率"", ""ドリブル使用率"", ""ロングパス使用率"", ""空中戦使用率"", ""コンビネーション使用率""]","[""38"", ""0.0%"", ""7.5%"", ""1.5%"", ""49.3%"", ""3.0%"", ""0.0%""]"
20260802,20260609,j2,2026,自陣ポゼッション.html,自陣ポゼッション (チームスタイル指標),リーグサマリー:2026 J2J3百年構想リーグ 自陣ポゼッション (チームスタイル指標) | データによってサッカーはもっと輝く | Football LAB,自陣ポゼッションのサマリー,1,八戸,八戸,"[""指数"", ""ゴール率"", ""シュート率"", ""ドリブル使用率"", ""ロングパス使用率"", ""空中戦使用率"", ""コンビネーション使用率""]","[""37"", ""0.0%"", ""5.1%"", ""8.5%"", ""49.2%"", ""6.8%"", ""0.0%""]"
20260802,20260609,j2,2026,自陣ポゼッション.html,自陣ポゼッション (チームスタイル指標),リーグサマリー:2026 J2J3百年構想リーグ 自陣ポゼッション (チームスタイル指標) | データによってサッカーはもっと輝く | Football LAB,自陣ポゼッションのサマリー,1,鹿児島,鹿児島,"[""指数"", ""ゴール率"", ""シュート率"", ""ドリブル使用率"", ""ロングパス使用率"", ""空中戦使用率"", ""コンビネーション使用率""]","[""32"", ""0.0%"", ""16.7%"", ""6.7%"", ""53.3%"", ""6.7%"", ""0.0%""]"
20260802,20260609,j2,2026,自陣ポゼッション.html,自陣ポゼッション (チームスタイル指標),リーグサマリー:2026 J2J3百年構想リーグ 自陣ポゼッション (チームスタイル指標) | データによってサッカーはもっと輝く | Football LAB,自陣ポゼッションのサマリー,1,相模原,相模原,"[""指数"", ""ゴール率"", ""シュート率"", ""ドリブル使用率"", ""ロングパス使用率"", ""空中戦使用率"", ""コンビネーション使用率""]","[""31"", ""0.0%"", ""4.5%"", ""4.5%"", ""45.5%"", ""4.5%"", ""0.0%""]"
20260802,20260609,j2,2026,自陣ポゼッション.html,自陣ポゼッション (チームスタイル指標),リーグサマリー:2026 J2J3百年構想リーグ 自陣ポゼッション (チームスタイル指標) | データによってサッカーはもっと輝く | Football LAB,自陣ポゼッションのサマリー,1,秋田,秋田,"[""指数"", ""ゴール率"", ""シュート率"", ""ドリブル使用率"", ""ロングパス使用率"", ""空中戦使用率"", ""コンビネーション使用率""]","[""31"", ""0.0%"", ""5.0%"", ""0.0%"", ""25.0%"", ""15.0%"", ""0.0%""]"
20260802,20260609,j2,2026,自陣ポゼッション.html,自陣ポゼッション (チームスタイル指標),リーグサマリー:2026 J2J3百年構想リーグ 自陣ポゼッション (チームスタイル指標) | データによってサッカーはもっと輝く | Football LAB,自陣ポゼッション (チームスタイル指標),2,仙台,仙台,"[""攻撃セットプレー"", ""左サイド攻撃"", ""中央攻撃"", ""右サイド攻撃"", ""ショートカウンター"", ""ロングカウンター"", ""敵陣ポゼッション"", ""自陣ポゼッション""]","[""48"", ""41"", ""62"", ""52"", ""46"", ""61"", ""50"", ""51""]"
20260802,20260609,j2,2026,自陣ポゼッション.html,自陣ポゼッション (チームスタイル指標),リーグサマリー:2026 J2J3百年構想リーグ 自陣ポゼッション (チームスタイル指標) | データによってサッカーはもっと輝く | Football LAB,自陣ポゼッション (チームスタイル指標),2,秋田,秋田,"[""攻撃セットプレー"", ""左サイド攻撃"", ""中央攻撃"", ""右サイド攻撃"", ""ショートカウンター"", ""ロングカウンター"", ""敵陣ポゼッション"", ""自陣ポゼッション""]","[""62"", ""49"", ""45"", ""76"", ""78"", ""46"", ""30"", ""31""]"
20260802,20260609,j2,2026,自陣ポゼッション.html,自陣ポゼッション (チームスタイル指標),リーグサマリー:2026 J2J3百年構想リーグ 自陣ポゼッション (チームスタイル指標) | データによってサッカーはもっと輝く | Football LAB,自陣ポゼッション (チームスタイル指標),2,湘南,湘南,"[""攻撃セットプレー"", ""左サイド攻撃"", ""中央攻撃"", ""右サイド攻撃"", ""ショートカウンター"", ""ロングカウンター"", ""敵陣ポゼッション"", ""自陣ポゼッション""]","[""52"", ""49"", ""47"", ""59"", ""47"", ""62"", ""50"", ""47""]"
20260802,20260609,j2,2026,自陣ポゼッション.html,自陣ポゼッション (チームスタイル指標),リーグサマリー:2026 J2J3百年構想リーグ 自陣ポゼッション (チームスタイル指標) | データによってサッカーはもっと輝く | Football LAB,自陣ポゼッション (チームスタイル指標),2,横浜FC,横浜FC,"[""攻撃セットプレー"", ""左サイド攻撃"", ""中央攻撃"", ""右サイド攻撃"", ""ショートカウンター"", ""ロングカウンター"", ""敵陣ポゼッション"", ""自陣ポゼッション""]","[""57"", ""54"", ""58"", ""44"", ""44"", ""47"", ""56"", ""54""]"
20260802,20260609,j2,2026,自陣ポゼッション.html,自陣ポゼッション (チームスタイル指標),リーグサマリー:2026 J2J3百年構想リーグ 自陣ポゼッション (チームスタイル指標) | データによってサッカーはもっと輝く | Football LAB,自陣ポゼッション (チームスタイル指標),2,相模原,相模原,"[""攻撃セットプレー"", ""左サイド攻撃"", ""中央攻撃"", ""右サイド攻撃"", ""ショートカウンター"", ""ロングカウンター"", ""敵陣ポゼッション"", ""自陣ポゼッション""]","[""53"", ""57"", ""55"", ""60"", ""66"", ""65"", ""26"", ""31""]"
20260802,20260609,j2,2026,自陣ポゼッション.html,自陣ポゼッション (チームスタイル指標),リーグサマリー:2026 J2J3百年構想リーグ 自陣ポゼッション (チームスタイル指標) | データによってサッカーはもっと輝く | Football LAB,自陣ポゼッション (チームスタイル指標),2,群馬,群馬,"[""攻撃セットプレー"", ""左サイド攻撃"", ""中央攻撃"", ""右サイド攻撃"", ""ショートカウンター"", ""ロングカウンター"", ""敵陣ポゼッション"", ""自陣ポゼッション""]","[""39"", ""44"", ""49"", ""40"", ""43"", ""49"", ""45"", ""58""]"
20260802,20260609,j2,2026,自陣ポゼッション.html,自陣ポゼッション (チームスタイル指標),リーグサマリー:2026 J2J3百年構想リーグ 自陣ポゼッション (チームスタイル指標) | データによってサッカーはもっと輝く | Football LAB,自陣ポゼッション (チームスタイル指標),2,山形,山形,"[""攻撃セットプレー"", ""左サイド攻撃"", ""中央攻撃"", ""右サイド攻撃"", ""ショートカウンター"", ""ロングカウンター"", ""敵陣ポゼッション"", ""自陣ポゼッション""]","[""35"", ""43"", ""44"", ""42"", ""38"", ""47"", ""47"", ""50""]"
20260802,20260609,j2,2026,自陣ポゼッション.html,自陣ポゼッション (チームスタイル指標),リーグサマリー:2026 J2J3百年構想リーグ 自陣ポゼッション (チームスタイル指標) | データによってサッカーはもっと輝く | Football LAB,自陣ポゼッション (チームスタイル指標),2,栃木C,栃木C,"[""攻撃セットプレー"", ""左サイド攻撃"", ""中央攻撃"", ""右サイド攻撃"", ""ショートカウンター"", ""ロングカウンター"", ""敵陣ポゼッション"", ""自陣ポゼッション""]","[""45"", ""54"", ""49"", ""46"", ""50"", ""51"", ""47"", ""53""]"
20260802,20260609,j2,2026,自陣ポゼッション.html,自陣ポゼッション (チームスタイル指標),リーグサマリー:2026 J2J3百年構想リーグ 自陣ポゼッション (チームスタイル指標) | データによってサッカーはもっと輝く | Football LAB,自陣ポゼッション (チームスタイル指標),2,八戸,八戸,"[""攻撃セットプレー"", ""左サイド攻撃"", ""中央攻撃"", ""右サイド攻撃"", ""ショートカウンター"", ""ロングカウンター"", ""敵陣ポゼッション"", ""自陣ポゼッション""]","[""62"", ""59"", ""38"", ""72"", ""63"", ""49"", ""38"", ""37""]"
20260802,20260609,j2,2026,自陣ポゼッション.html,自陣ポゼッション (チームスタイル指標),リーグサマリー:2026 J2J3百年構想リーグ 自陣ポゼッション (チームスタイル指標) | データによってサッカーはもっと輝く | Football LAB,自陣ポゼッション (チームスタイル指標),2,栃木SC,栃木SC,"[""攻撃セットプレー"", ""左サイド攻撃"", ""中央攻撃"", ""右サイド攻撃"", ""ショートカウンター"", ""ロングカウンター"", ""敵陣ポゼッション"", ""自陣ポゼッション""]","[""49"", ""57"", ""58"", ""44"", ""50"", ""64"", ""52"", ""42""]"
20260802,20260609,j2,2026,自陣ポゼッション.html,自陣ポゼッション (チームスタイル指標),リーグサマリー:2026 J2J3百年構想リーグ 自陣ポゼッション (チームスタイル指標) | データによってサッカーはもっと輝く | Football LAB,自陣ポゼッション (チームスタイル指標),2,甲府,甲府,"[""攻撃セットプレー"", ""左サイド攻撃"", ""中央攻撃"", ""右サイド攻撃"", ""ショートカウンター"", ""ロングカウンター"", ""敵陣ポゼッション"", ""自陣ポゼッション""]","[""48"", ""46"", ""35"", ""47"", ""48"", ""52"", ""48"", ""42""]"
20260802,20260609,j2,2026,自陣ポゼッション.html,自陣ポゼッション (チームスタイル指標),リーグサマリー:2026 J2J3百年構想リーグ 自陣ポゼッション (チームスタイル指標) | データによってサッカーはもっと輝く | Football LAB,自陣ポゼッション (チームスタイル指標),2,札幌,札幌,"[""攻撃セットプレー"", ""左サイド攻撃"", ""中央攻撃"", ""右サイド攻撃"", ""ショートカウンター"", ""ロングカウンター"", ""敵陣ポゼッション"", ""自陣ポゼッション""]","[""47"", ""47"", ""46"", ""45"", ""45"", ""60"", ""62"", ""60""]"
20260802,20260609,j2,2026,自陣ポゼッション.html,自陣ポゼッション (チームスタイル指標),リーグサマリー:2026 J2J3百年構想リーグ 自陣ポゼッション (チームスタイル指標) | データによってサッカーはもっと輝く | Football LAB,自陣ポゼッション (チームスタイル指標),2,いわき,いわき,"[""攻撃セットプレー"", ""左サイド攻撃"", ""中央攻撃"", ""右サイド攻撃"", ""ショートカウンター"", ""ロングカウンター"", ""敵陣ポゼッション"", ""自陣ポゼッション""]","[""65"", ""62"", ""56"", ""64"", ""67"", ""60"", ""38"", ""38""]"
20260802,20260609,j2,2026,自陣ポゼッション.html,自陣ポゼッション (チームスタイル指標),リーグサマリー:2026 J2J3百年構想リーグ 自陣ポゼッション (チームスタイル指標) | データによってサッカーはもっと輝く | Football LAB,自陣ポゼッション (チームスタイル指標),2,大宮,大宮,"[""攻撃セットプレー"", ""左サイド攻撃"", ""中央攻撃"", ""右サイド攻撃"", ""ショートカウンター"", ""ロングカウンター"", ""敵陣ポゼッション"", ""自陣ポゼッション""]","[""57"", ""57"", ""60"", ""47"", ""54"", ""41"", ""56"", ""50""]"
20260802,20260609,j2,2026,自陣ポゼッション.html,自陣ポゼッション (チームスタイル指標),リーグサマリー:2026 J2J3百年構想リーグ 自陣ポゼッション (チームスタイル指標) | データによってサッカーはもっと輝く | Football LAB,自陣ポゼッション (チームスタイル指標),2,藤枝,藤枝,"[""攻撃セットプレー"", ""左サイド攻撃"", ""中央攻撃"", ""右サイド攻撃"", ""ショートカウンター"", ""ロングカウンター"", ""敵陣ポゼッション"", ""自陣ポゼッション""]","[""51"", ""51"", ""45"", ""55"", ""48"", ""45"", ""48"", ""56""]"
20260802,20260609,j2,2026,自陣ポゼッション.html,自陣ポゼッション (チームスタイル指標),リーグサマリー:2026 J2J3百年構想リーグ 自陣ポゼッション (チームスタイル指標) | データによってサッカーはもっと輝く | Football LAB,自陣ポゼッション (チームスタイル指標),2,岐阜,岐阜,"[""攻撃セットプレー"", ""左サイド攻撃"", ""中央攻撃"", ""右サイド攻撃"", ""ショートカウンター"", ""ロングカウンター"", ""敵陣ポゼッション"", ""自陣ポゼッション""]","[""51"", ""51"", ""58"", ""53"", ""53"", ""60"", ""68"", ""49""]"
20260802,20260609,j2,2026,自陣ポゼッション.html,自陣ポゼッション (チームスタイル指標),リーグサマリー:2026 J2J3百年構想リーグ 自陣ポゼッション (チームスタイル指標) | データによってサッカーはもっと輝く | Football LAB,自陣ポゼッション (チームスタイル指標),2,松本,松本,"[""攻撃セットプレー"", ""左サイド攻撃"", ""中央攻撃"", ""右サイド攻撃"", ""ショートカウンター"", ""ロングカウンター"", ""敵陣ポゼッション"", ""自陣ポゼッション""]","[""55"", ""37"", ""53"", ""58"", ""59"", ""63"", ""38"", ""39""]"
20260802,20260609,j2,2026,自陣ポゼッション.html,自陣ポゼッション (チームスタイル指標),リーグサマリー:2026 J2J3百年構想リーグ 自陣ポゼッション (チームスタイル指標) | データによってサッカーはもっと輝く | Football LAB,自陣ポゼッション (チームスタイル指標),2,磐田,磐田,"[""攻撃セットプレー"", ""左サイド攻撃"", ""中央攻撃"", ""右サイド攻撃"", ""ショートカウンター"", ""ロングカウンター"", ""敵陣ポゼッション"", ""自陣ポゼッション""]","[""45"", ""38"", ""48"", ""54"", ""47"", ""58"", ""48"", ""50""]"
20260802,20260609,j2,2026,自陣ポゼッション.html,自陣ポゼッション (チームスタイル指標),リーグサマリー:2026 J2J3百年構想リーグ 自陣ポゼッション (チームスタイル指標) | データによってサッカーはもっと輝く | Football LAB,自陣ポゼッション (チームスタイル指標),2,福島,福島,"[""攻撃セットプレー"", ""左サイド攻撃"", ""中央攻撃"", ""右サイド攻撃"", ""ショートカウンター"", ""ロングカウンター"", ""敵陣ポゼッション"", ""自陣ポゼッション""]","[""38"", ""25"", ""90"", ""35"", ""42"", ""42"", ""58"", ""51""]"
20260802,20260609,j2,2026,自陣ポゼッション.html,自陣ポゼッション (チームスタイル指標),リーグサマリー:2026 J2J3百年構想リーグ 自陣ポゼッション (チームスタイル指標) | データによってサッカーはもっと輝く | Football LAB,自陣ポゼッション (チームスタイル指標),2,長野,長野,"[""攻撃セットプレー"", ""左サイド攻撃"", ""中央攻撃"", ""右サイド攻撃"", ""ショートカウンター"", ""ロングカウンター"", ""敵陣ポゼッション"", ""自陣ポゼッション""]","[""48"", ""61"", ""48"", ""42"", ""52"", ""40"", ""44"", ""39""]"
20260802,20260609,j2,2026,自陣ポゼッション.html,自陣ポゼッション (チームスタイル指標),リーグサマリー:2026 J2J3百年構想リーグ 自陣ポゼッション (チームスタイル指標) | データによってサッカーはもっと輝く | Football LAB,自陣ポゼッション (チームスタイル指標),2,富山,富山,"[""攻撃セットプレー"", ""左サイド攻撃"", ""中央攻撃"", ""右サイド攻撃"", ""ショートカウンター"", ""ロングカウンター"", ""敵陣ポゼッション"", ""自陣ポゼッション""]","[""62"", ""71"", ""60"", ""52"", ""51"", ""61"", ""66"", ""56""]"
20260802,20260609,j2,2026,自陣ポゼッション.html,自陣ポゼッション (チームスタイル指標),リーグサマリー:2026 J2J3百年構想リーグ 自陣ポゼッション (チームスタイル指標) | データによってサッカーはもっと輝く | Football LAB,自陣ポゼッション (チームスタイル指標),2,新潟,新潟,"[""攻撃セットプレー"", ""左サイド攻撃"", ""中央攻撃"", ""右サイド攻撃"", ""ショートカウンター"", ""ロングカウンター"", ""敵陣ポゼッション"", ""自陣ポゼッション""]","[""51"", ""54"", ""48"", ""41"", ""48"", ""64"", ""51"", ""52""]"
20260802,20260609,j2,2026,自陣ポゼッション.html,自陣ポゼッション (チームスタイル指標),リーグサマリー:2026 J2J3百年構想リーグ 自陣ポゼッション (チームスタイル指標) | データによってサッカーはもっと輝く | Football LAB,自陣ポゼッション (チームスタイル指標),2,徳島,徳島,"[""攻撃セットプレー"", ""左サイド攻撃"", ""中央攻撃"", ""右サイド攻撃"", ""ショートカウンター"", ""ロングカウンター"", ""敵陣ポゼッション"", ""自陣ポゼッション""]","[""32"", ""33"", ""44"", ""32"", ""34"", ""40"", ""45"", ""67""]"
20260802,20260609,j2,2026,自陣ポゼッション.html,自陣ポゼッション (チームスタイル指標),リーグサマリー:2026 J2J3百年構想リーグ 自陣ポゼッション (チームスタイル指標) | データによってサッカーはもっと輝く | Football LAB,自陣ポゼッション (チームスタイル指標),2,高知,高知,"[""攻撃セットプレー"", ""左サイド攻撃"", ""中央攻撃"", ""右サイド攻撃"", ""ショートカウンター"", ""ロングカウンター"", ""敵陣ポゼッション"", ""自陣ポゼッション""]","[""40"", ""41"", ""37"", ""46"", ""44"", ""40"", ""60"", ""57""]"
20260802,20260609,j2,2026,自陣ポゼッション.html,自陣ポゼッション (チームスタイル指標),リーグサマリー:2026 J2J3百年構想リーグ 自陣ポゼッション (チームスタイル指標) | データによってサッカーはもっと輝く | Football LAB,自陣ポゼッション (チームスタイル指標),2,愛媛,愛媛,"[""攻撃セットプレー"", ""左サイド攻撃"", ""中央攻撃"", ""右サイド攻撃"", ""ショートカウンター"", ""ロングカウンター"", ""敵陣ポゼッション"", ""自陣ポゼッション""]","[""56"", ""69"", ""51"", ""50"", ""51"", ""37"", ""70"", ""49""]"
20260802,20260609,j2,2026,自陣ポゼッション.html,自陣ポゼッション (チームスタイル指標),リーグサマリー:2026 J2J3百年構想リーグ 自陣ポゼッション (チームスタイル指標) | データによってサッカーはもっと輝く | Football LAB,自陣ポゼッション (チームスタイル指標),2,金沢,金沢,"[""攻撃セットプレー"", ""左サイド攻撃"", ""中央攻撃"", ""右サイド攻撃"", ""ショートカウンター"", ""ロングカウンター"", ""敵陣ポゼッション"", ""自陣ポゼッション""]","[""53"", ""49"", ""40"", ""60"", ""48"", ""54"", ""51"", ""42""]"
20260802,20260609,j2,2026,自陣ポゼッション.html,自陣ポゼッション (チームスタイル指標),リーグサマリー:2026 J2J3百年構想リーグ 自陣ポゼッション (チームスタイル指標) | データによってサッカーはもっと輝く | Football LAB,自陣ポゼッション (チームスタイル指標),2,奈良,奈良,"[""攻撃セットプレー"", ""左サイド攻撃"", ""中央攻撃"", ""右サイド攻撃"", ""ショートカウンター"", ""ロングカウンター"", ""敵陣ポゼッション"", ""自陣ポゼッション""]","[""35"", ""48"", ""37"", ""37"", ""34"", ""32"", ""62"", ""69""]"
20260802,20260609,j2,2026,自陣ポゼッション.html,自陣ポゼッション (チームスタイル指標),リーグサマリー:2026 J2J3百年構想リーグ 自陣ポゼッション (チームスタイル指標) | データによってサッカーはもっと輝く | Football LAB,自陣ポゼッション (チームスタイル指標),2,FC大阪,FC大阪,"[""攻撃セットプレー"", ""左サイド攻撃"", ""中央攻撃"", ""右サイド攻撃"", ""ショートカウンター"", ""ロングカウンター"", ""敵陣ポゼッション"", ""自陣ポゼッション""]","[""72"", ""69"", ""61"", ""62"", ""69"", ""65"", ""51"", ""38""]"
20260802,20260609,j2,2026,自陣ポゼッション.html,自陣ポゼッション (チームスタイル指標),リーグサマリー:2026 J2J3百年構想リーグ 自陣ポゼッション (チームスタイル指標) | データによってサッカーはもっと輝く | Football LAB,自陣ポゼッション (チームスタイル指標),2,今治,今治,"[""攻撃セットプレー"", ""左サイド攻撃"", ""中央攻撃"", ""右サイド攻撃"", ""ショートカウンター"", ""ロングカウンター"", ""敵陣ポゼッション"", ""自陣ポゼッション""]","[""52"", ""45"", ""68"", ""46"", ""53"", ""49"", ""44"", ""47""]"
20260802,20260609,j2,2026,自陣ポゼッション.html,自陣ポゼッション (チームスタイル指標),リーグサマリー:2026 J2J3百年構想リーグ 自陣ポゼッション (チームスタイル指標) | データによってサッカーはもっと輝く | Football LAB,自陣ポゼッション (チームスタイル指標),2,讃岐,讃岐,"[""攻撃セットプレー"", ""左サイド攻撃"", ""中央攻撃"", ""右サイド攻撃"", ""ショートカウンター"", ""ロングカウンター"", ""敵陣ポゼッション"", ""自陣ポゼッション""]","[""47"", ""48"", ""46"", ""49"", ""61"", ""49"", ""33"", ""38""]"
20260802,20260609,j2,2026,自陣ポゼッション.html,自陣ポゼッション (チームスタイル指標),リーグサマリー:2026 J2J3百年構想リーグ 自陣ポゼッション (チームスタイル指標) | データによってサッカーはもっと輝く | Football LAB,自陣ポゼッション (チームスタイル指標),2,宮崎,宮崎,"[""攻撃セットプレー"", ""左サイド攻撃"", ""中央攻撃"", ""右サイド攻撃"", ""ショートカウンター"", ""ロングカウンター"", ""敵陣ポゼッション"", ""自陣ポゼッション""]","[""48"", ""56"", ""43"", ""46"", ""45"", ""50"", ""53"", ""54""]"
20260802,20260609,j2,2026,自陣ポゼッション.html,自陣ポゼッション (チームスタイル指標),リーグサマリー:2026 J2J3百年構想リーグ 自陣ポゼッション (チームスタイル指標) | データによってサッカーはもっと輝く | Football LAB,自陣ポゼッション (チームスタイル指標),2,鹿児島,鹿児島,"[""攻撃セットプレー"", ""左サイド攻撃"", ""中央攻撃"", ""右サイド攻撃"", ""ショートカウンター"", ""ロングカウンター"", ""敵陣ポゼッション"", ""自陣ポゼッション""]","[""84"", ""70"", ""44"", ""72"", ""73"", ""65"", ""37"", ""32""]"
20260802,20260609,j2,2026,自陣ポゼッション.html,自陣ポゼッション (チームスタイル指標),リーグサマリー:2026 J2J3百年構想リーグ 自陣ポゼッション (チームスタイル指標) | データによってサッカーはもっと輝く | Football LAB,自陣ポゼッション (チームスタイル指標),2,鳥栖,鳥栖,"[""攻撃セットプレー"", ""左サイド攻撃"", ""中央攻撃"", ""右サイド攻撃"", ""ショートカウンター"", ""ロングカウンター"", ""敵陣ポゼッション"", ""自陣ポゼッション""]","[""53"", ""49"", ""46"", ""51"", ""40"", ""38"", ""67"", ""72""]"
20260802,20260609,j2,2026,自陣ポゼッション.html,自陣ポゼッション (チームスタイル指標),リーグサマリー:2026 J2J3百年構想リーグ 自陣ポゼッション (チームスタイル指標) | データによってサッカーはもっと輝く | Football LAB,自陣ポゼッション (チームスタイル指標),2,山口,山口,"[""攻撃セットプレー"", ""左サイド攻撃"", ""中央攻撃"", ""右サイド攻撃"", ""ショートカウンター"", ""ロングカウンター"", ""敵陣ポゼッション"", ""自陣ポゼッション""]","[""44"", ""45"", ""49"", ""51"", ""47"", ""58"", ""52"", ""57""]"
20260802,20260609,j2,2026,自陣ポゼッション.html,自陣ポゼッション (チームスタイル指標),リーグサマリー:2026 J2J3百年構想リーグ 自陣ポゼッション (チームスタイル指標) | データによってサッカーはもっと輝く | Football LAB,自陣ポゼッション (チームスタイル指標),2,熊本,熊本,"[""攻撃セットプレー"", ""左サイド攻撃"", ""中央攻撃"", ""右サイド攻撃"", ""ショートカウンター"", ""ロングカウンター"", ""敵陣ポゼッション"", ""自陣ポゼッション""]","[""44"", ""43"", ""41"", ""50"", ""44"", ""47"", ""61"", ""58""]"
20260802,20260609,j2,2026,自陣ポゼッション.html,自陣ポゼッション (チームスタイル指標),リーグサマリー:2026 J2J3百年構想リーグ 自陣ポゼッション (チームスタイル指標) | データによってサッカーはもっと輝く | Football LAB,自陣ポゼッション (チームスタイル指標),2,鳥取,鳥取,"[""攻撃セットプレー"", ""左サイド攻撃"", ""中央攻撃"", ""右サイド攻撃"", ""ショートカウンター"", ""ロングカウンター"", ""敵陣ポゼッション"", ""自陣ポゼッション""]","[""41"", ""49"", ""43"", ""38"", ""46"", ""38"", ""51"", ""57""]"
20260802,20260609,j2,2026,自陣ポゼッション.html,自陣ポゼッション (チームスタイル指標),リーグサマリー:2026 J2J3百年構想リーグ 自陣ポゼッション (チームスタイル指標) | データによってサッカーはもっと輝く | Football LAB,自陣ポゼッション (チームスタイル指標),2,大分,大分,"[""攻撃セットプレー"", ""左サイド攻撃"", ""中央攻撃"", ""右サイド攻撃"", ""ショートカウンター"", ""ロングカウンター"", ""敵陣ポゼッション"", ""自陣ポゼッション""]","[""51"", ""45"", ""49"", ""59"", ""48"", ""38"", ""50"", ""60""]"
20260802,20260609,j2,2026,自陣ポゼッション.html,自陣ポゼッション (チームスタイル指標),リーグサマリー:2026 J2J3百年構想リーグ 自陣ポゼッション (チームスタイル指標) | データによってサッカーはもっと輝く | Football LAB,自陣ポゼッション (チームスタイル指標),2,滋賀,滋賀,"[""攻撃セットプレー"", ""左サイド攻撃"", ""中央攻撃"", ""右サイド攻撃"", ""ショートカウンター"", ""ロングカウンター"", ""敵陣ポゼッション"", ""自陣ポゼッション""]","[""44"", ""40"", ""43"", ""43"", ""40"", ""40"", ""43"", ""45""]"
20260802,20260609,j2,2026,自陣ポゼッション.html,自陣ポゼッション (チームスタイル指標),リーグサマリー:2026 J2J3百年構想リーグ 自陣ポゼッション (チームスタイル指標) | データによってサッカーはもっと輝く | Football LAB,自陣ポゼッション (チームスタイル指標),2,琉球,琉球,"[""攻撃セットプレー"", ""左サイド攻撃"", ""中央攻撃"", ""右サイド攻撃"", ""ショートカウンター"", ""ロングカウンター"", ""敵陣ポゼッション"", ""自陣ポゼッション""]","[""43"", ""51"", ""57"", ""39"", ""45"", ""36"", ""47"", ""61""]"
20260802,20260609,j2,2026,自陣ポゼッション.html,自陣ポゼッション (チームスタイル指標),リーグサマリー:2026 J2J3百年構想リーグ 自陣ポゼッション (チームスタイル指標) | データによってサッカーはもっと輝く | Football LAB,自陣ポゼッション (チームスタイル指標),2,北九州,北九州,"[""攻撃セットプレー"", ""左サイド攻撃"", ""中央攻撃"", ""右サイド攻撃"", ""ショートカウンター"", ""ロングカウンター"", ""敵陣ポゼッション"", ""自陣ポゼッション""]","[""43"", ""40"", ""51"", ""46"", ""40"", ""36"", ""53"", ""56""]"
20260802,20260609,j2,2026,自陣ポゼッション.html,自陣ポゼッション (チームスタイル指標),リーグサマリー:2026 J2J3百年構想リーグ 自陣ポゼッション (チームスタイル指標) | データによってサッカーはもっと輝く | Football LAB,自陣ポゼッション (チームスタイル指標),3,仙台,仙台,"[""攻撃セットプレー"", ""左サイド攻撃"", ""中央攻撃"", ""右サイド攻撃"", ""ショートカウンター"", ""ロングカウンター"", ""敵陣ポゼッション"", ""自陣ポゼッション""]","[""32.0%"", ""8.3%"", ""37.3%"", ""12.8%"", ""14.1%"", ""20.9%"", ""21.2%"", ""9.1%""]"
20260802,20260609,j2,2026,自陣ポゼッション.html,自陣ポゼッション (チームスタイル指標),リーグサマリー:2026 J2J3百年構想リーグ 自陣ポゼッション (チームスタイル指標) | データによってサッカーはもっと輝く | Football LAB,自陣ポゼッション (チームスタイル指標),3,秋田,秋田,"[""攻撃セットプレー"", ""左サイド攻撃"", ""中央攻撃"", ""右サイド攻撃"", ""ショートカウンター"", ""ロングカウンター"", ""敵陣ポゼッション"", ""自陣ポゼッション""]","[""27.6%"", ""6.1%"", ""25.1%"", ""6.6%"", ""12.9%"", ""8.8%"", ""13.3%"", ""5.0%""]"
20260802,20260609,j2,2026,自陣ポゼッション.html,自陣ポゼッション (チームスタイル指標),リーグサマリー:2026 J2J3百年構想リーグ 自陣ポゼッション (チームスタイル指標) | データによってサッカーはもっと輝く | Football LAB,自陣ポゼッション (チームスタイル指標),3,湘南,湘南,"[""攻撃セットプレー"", ""左サイド攻撃"", ""中央攻撃"", ""右サイド攻撃"", ""ショートカウンター"", ""ロングカウンター"", ""敵陣ポゼッション"", ""自陣ポゼッション""]","[""19.5%"", ""10.8%"", ""30.4%"", ""10.8%"", ""17.0%"", ""14.7%"", ""11.8%"", ""5.5%""]"
20260802,20260609,j2,2026,自陣ポゼッション.html,自陣ポゼッション (チームスタイル指標),リーグサマリー:2026 J2J3百年構想リーグ 自陣ポゼッション (チームスタイル指標) | データによってサッカーはもっと輝く | Football LAB,自陣ポゼッション (チームスタイル指標),3,横浜FC,横浜FC,"[""攻撃セットプレー"", ""左サイド攻撃"", ""中央攻撃"", ""右サイド攻撃"", ""ショートカウンター"", ""ロングカウンター"", ""敵陣ポゼッション"", ""自陣ポゼッション""]","[""33.8%"", ""16.1%"", ""37.7%"", ""12.7%"", ""21.0%"", ""20.7%"", ""22.3%"", ""5.9%""]"
20260802,20260609,j2,2026,自陣ポゼッション.html,自陣ポゼッション (チームスタイル指標),リーグサマリー:2026 J2J3百年構想リーグ 自陣ポゼッション (チームスタイル指標) | データによってサッカーはもっと輝く | Football LAB,自陣ポゼッション (チームスタイル指標),3,相模原,相模原,"[""攻撃セットプレー"", ""左サイド攻撃"", ""中央攻撃"", ""右サイド攻撃"", ""ショートカウンター"", ""ロングカウンター"", ""敵陣ポゼッション"", ""自陣ポゼッション""]","[""25.5%"", ""11.3%"", ""34.5%"", ""5.4%"", ""16.3%"", ""18.2%"", ""22.2%"", ""4.5%""]"
20260802,20260609,j2,2026,自陣ポゼッション.html,自陣ポゼッション (チームスタイル指標),リーグサマリー:2026 J2J3百年構想リーグ 自陣ポゼッション (チームスタイル指標) | データによってサッカーはもっと輝く | Football LAB,自陣ポゼッション (チームスタイル指標),3,群馬,群馬,"[""攻撃セットプレー"", ""左サイド攻撃"", ""中央攻撃"", ""右サイド攻撃"", ""ショートカウンター"", ""ロングカウンター"", ""敵陣ポゼッション"", ""自陣ポゼッション""]","[""22.0%"", ""12.4%"", ""35.5%"", ""17.3%"", ""17.9%"", ""18.8%"", ""31.9%"", ""6.0%""]"
20260802,20260609,j2,2026,自陣ポゼッション.html,自陣ポゼッション (チームスタイル指標),リーグサマリー:2026 J2J3百年構想リーグ 自陣ポゼッション (チームスタイル指標) | データによってサッカーはもっと輝く | Football LAB,自陣ポゼッション (チームスタイル指標),3,山形,山形,"[""攻撃セットプレー"", ""左サイド攻撃"", ""中央攻撃"", ""右サイド攻撃"", ""ショートカウンター"", ""ロングカウンター"", ""敵陣ポゼッション"", ""自陣ポゼッション""]","[""25.1%"", ""14.8%"", ""36.0%"", ""15.0%"", ""18.5%"", ""21.5%"", ""22.4%"", ""8.2%""]"
20260802,20260609,j2,2026,自陣ポゼッション.html,自陣ポゼッション (チームスタイル指標),リーグサマリー:2026 J2J3百年構想リーグ 自陣ポゼッション (チームスタイル指標) | データによってサッカーはもっと輝く | Football LAB,自陣ポゼッション (チームスタイル指標),3,栃木C,栃木C,"[""攻撃セットプレー"", ""左サイド攻撃"", ""中央攻撃"", ""右サイド攻撃"", ""ショートカウンター"", ""ロングカウンター"", ""敵陣ポゼッション"", ""自陣ポゼッション""]","[""24.8%"", ""13.2%"", ""32.4%"", ""14.3%"", ""20.7%"", ""9.2%"", ""23.4%"", ""7.8%""]"
20260802,20260609,j2,2026,自陣ポゼッション.html,自陣ポゼッション (チームスタイル指標),リーグサマリー:2026 J2J3百年構想リーグ 自陣ポゼッション (チームスタイル指標) | データによってサッカーはもっと輝く | Football LAB,自陣ポゼッション (チームスタイル指標),3,八戸,八戸,"[""攻撃セットプレー"", ""左サイド攻撃"", ""中央攻撃"", ""右サイド攻撃"", ""ショートカウンター"", ""ロングカウンター"", ""敵陣ポゼッション"", ""自陣ポゼッション""]","[""23.1%"", ""13.6%"", ""34.4%"", ""6.6%"", ""13.9%"", ""11.6%"", ""34.0%"", ""5.1%""]"
20260802,20260609,j2,2026,自陣ポゼッション.html,自陣ポゼッション (チームスタイル指標),リーグサマリー:2026 J2J3百年構想リーグ 自陣ポゼッション (チームスタイル指標) | データによってサッカーはもっと輝く | Football LAB,自陣ポゼッション (チームスタイル指標),3,栃木SC,栃木SC,"[""攻撃セットプレー"", ""左サイド攻撃"", ""中央攻撃"", ""右サイド攻撃"", ""ショートカウンター"", ""ロングカウンター"", ""敵陣ポゼッション"", ""自陣ポゼッション""]","[""19.6%"", ""9.3%"", ""40.4%"", ""12.0%"", ""23.9%"", ""23.5%"", ""23.1%"", ""6.6%""]"
20260802,20260609,j2,2026,自陣ポゼッション.html,自陣ポゼッション (チームスタイル指標),リーグサマリー:2026 J2J3百年構想リーグ 自陣ポゼッション (チームスタイル指標) | データによってサッカーはもっと輝く | Football LAB,自陣ポゼッション (チームスタイル指標),3,甲府,甲府,"[""攻撃セットプレー"", ""左サイド攻撃"", ""中央攻撃"", ""右サイド攻撃"", ""ショートカウンター"", ""ロングカウンター"", ""敵陣ポゼッション"", ""自陣ポゼッション""]","[""19.1%"", ""10.1%"", ""31.1%"", ""12.5%"", ""11.4%"", ""13.0%"", ""23.8%"", ""6.3%""]"
20260802,20260609,j2,2026,自陣ポゼッション.html,自陣ポゼッション (チームスタイル指標),リーグサマリー:2026 J2J3百年構想リーグ 自陣ポゼッション (チームスタイル指標) | データによってサッカーはもっと輝く | Football LAB,自陣ポゼッション (チームスタイル指標),3,札幌,札幌,"[""攻撃セットプレー"", ""左サイド攻撃"", ""中央攻撃"", ""右サイド攻撃"", ""ショートカウンター"", ""ロングカウンター"", ""敵陣ポゼッション"", ""自陣ポゼッション""]","[""26.6%"", ""12.3%"", ""37.1%"", ""13.0%"", ""16.7%"", ""11.5%"", ""19.3%"", ""4.3%""]"
20260802,20260609,j2,2026,自陣ポゼッション.html,自陣ポゼッション (チームスタイル指標),リーグサマリー:2026 J2J3百年構想リーグ 自陣ポゼッション (チームスタイル指標) | データによってサッカーはもっと輝く | Football LAB,自陣ポゼッション (チームスタイル指標),3,いわき,いわき,"[""攻撃セットプレー"", ""左サイド攻撃"", ""中央攻撃"", ""右サイド攻撃"", ""ショートカウンター"", ""ロングカウンター"", ""敵陣ポゼッション"", ""自陣ポゼッション""]","[""30.3%"", ""11.2%"", ""30.4%"", ""13.2%"", ""16.5%"", ""16.1%"", ""30.8%"", ""2.9%""]"
20260802,20260609,j2,2026,自陣ポゼッション.html,自陣ポゼッション (チームスタイル指標),リーグサマリー:2026 J2J3百年構想リーグ 自陣ポゼッション (チームスタイル指標) | データによってサッカーはもっと輝く | Football LAB,自陣ポゼッション (チームスタイル指標),3,大宮,大宮,"[""攻撃セットプレー"", ""左サイド攻撃"", ""中央攻撃"", ""右サイド攻撃"", ""ショートカウンター"", ""ロングカウンター"", ""敵陣ポゼッション"", ""自陣ポゼッション""]","[""23.9%"", ""14.7%"", ""38.4%"", ""16.1%"", ""20.6%"", ""20.2%"", ""27.7%"", ""9.0%""]"
20260802,20260609,j2,2026,自陣ポゼッション.html,自陣ポゼッション (チームスタイル指標),リーグサマリー:2026 J2J3百年構想リーグ 自陣ポゼッション (チームスタイル指標) | データによってサッカーはもっと輝く | Football LAB,自陣ポゼッション (チームスタイル指標),3,藤枝,藤枝,"[""攻撃セットプレー"", ""左サイド攻撃"", ""中央攻撃"", ""右サイド攻撃"", ""ショートカウンター"", ""ロングカウンター"", ""敵陣ポゼッション"", ""自陣ポゼッション""]","[""21.9%"", ""17.3%"", ""29.1%"", ""14.8%"", ""20.1%"", ""15.7%"", ""26.9%"", ""7.1%""]"
20260802,20260609,j2,2026,自陣ポゼッション.html,自陣ポゼッション (チームスタイル指標),リーグサマリー:2026 J2J3百年構想リーグ 自陣ポゼッション (チームスタイル指標) | データによってサッカーはもっと輝く | Football LAB,自陣ポゼッション (チームスタイル指標),3,岐阜,岐阜,"[""攻撃セットプレー"", ""左サイド攻撃"", ""中央攻撃"", ""右サイド攻撃"", ""ショートカウンター"", ""ロングカウンター"", ""敵陣ポゼッション"", ""自陣ポゼッション""]","[""23.9%"", ""15.9%"", ""38.0%"", ""16.7%"", ""21.1%"", ""15.9%"", ""26.5%"", ""3.6%""]"
20260802,20260609,j2,2026,自陣ポゼッション.html,自陣ポゼッション (チームスタイル指標),リーグサマリー:2026 J2J3百年構想リーグ 自陣ポゼッション (チームスタイル指標) | データによってサッカーはもっと輝く | Football LAB,自陣ポゼッション (チームスタイル指標),3,松本,松本,"[""攻撃セットプレー"", ""左サイド攻撃"", ""中央攻撃"", ""右サイド攻撃"", ""ショートカウンター"", ""ロングカウンター"", ""敵陣ポゼッション"", ""自陣ポゼッション""]","[""26.8%"", ""14.7%"", ""32.7%"", ""10.5%"", ""20.1%"", ""14.5%"", ""30.8%"", ""5.6%""]"
20260802,20260609,j2,2026,自陣ポゼッション.html,自陣ポゼッション (チームスタイル指標),リーグサマリー:2026 J2J3百年構想リーグ 自陣ポゼッション (チームスタイル指標) | データによってサッカーはもっと輝く | Football LAB,自陣ポゼッション (チームスタイル指標),3,磐田,磐田,"[""攻撃セットプレー"", ""左サイド攻撃"", ""中央攻撃"", ""右サイド攻撃"", ""ショートカウンター"", ""ロングカウンター"", ""敵陣ポゼッション"", ""自陣ポゼッション""]","[""27.1%"", ""8.9%"", ""30.3%"", ""9.1%"", ""14.2%"", ""18.3%"", ""12.5%"", ""6.8%""]"
20260802,20260609,j2,2026,自陣ポゼッション.html,自陣ポゼッション (チームスタイル指標),リーグサマリー:2026 J2J3百年構想リーグ 自陣ポゼッション (チームスタイル指標) | データによってサッカーはもっと輝く | Football LAB,自陣ポゼッション (チームスタイル指標),3,福島,福島,"[""攻撃セットプレー"", ""左サイド攻撃"", ""中央攻撃"", ""右サイド攻撃"", ""ショートカウンター"", ""ロングカウンター"", ""敵陣ポゼッション"", ""自陣ポゼッション""]","[""22.5%"", ""14.2%"", ""33.8%"", ""12.9%"", ""18.6%"", ""17.6%"", ""25.0%"", ""6.5%""]"
20260802,20260609,j2,2026,自陣ポゼッション.html,自陣ポゼッション (チームスタイル指標),リーグサマリー:2026 J2J3百年構想リーグ 自陣ポゼッション (チームスタイル指標) | データによってサッカーはもっと輝く | Football LAB,自陣ポゼッション (チームスタイル指標),3,長野,長野,"[""攻撃セットプレー"", ""左サイド攻撃"", ""中央攻撃"", ""右サイド攻撃"", ""ショートカウンター"", ""ロングカウンター"", ""敵陣ポゼッション"", ""自陣ポゼッション""]","[""24.7%"", ""6.8%"", ""24.5%"", ""6.9%"", ""12.6%"", ""9.8%"", ""14.5%"", ""2.7%""]"
20260802,20260609,j2,2026,自陣ポゼッション.html,自陣ポゼッション (チームスタイル指標),リーグサマリー:2026 J2J3百年構想リーグ 自陣ポゼッション (チームスタイル指標) | データによってサッカーはもっと輝く | Football LAB,自陣ポゼッション (チームスタイル指標),3,富山,富山,"[""攻撃セットプレー"", ""左サイド攻撃"", ""中央攻撃"", ""右サイド攻撃"", ""ショートカウンター"", ""ロングカウンター"", ""敵陣ポゼッション"", ""自陣ポゼッション""]","[""27.7%"", ""18.5%"", ""43.8%"", ""17.5%"", ""22.3%"", ""16.5%"", ""36.6%"", ""11.2%""]"
20260802,20260609,j2,2026,自陣ポゼッション.html,自陣ポゼッション (チームスタイル指標),リーグサマリー:2026 J2J3百年構想リーグ 自陣ポゼッション (チームスタイル指標) | データによってサッカーはもっと輝く | Football LAB,自陣ポゼッション (チームスタイル指標),3,新潟,新潟,"[""攻撃セットプレー"", ""左サイド攻撃"", ""中央攻撃"", ""右サイド攻撃"", ""ショートカウンター"", ""ロングカウンター"", ""敵陣ポゼッション"", ""自陣ポゼッション""]","[""17.7%"", ""12.0%"", ""36.6%"", ""11.8%"", ""13.8%"", ""16.8%"", ""24.7%"", ""8.7%""]"
20260802,20260609,j2,2026,自陣ポゼッション.html,自陣ポゼッション (チームスタイル指標),リーグサマリー:2026 J2J3百年構想リーグ 自陣ポゼッション (チームスタイル指標) | データによってサッカーはもっと輝く | Football LAB,自陣ポゼッション (チームスタイル指標),3,徳島,徳島,"[""攻撃セットプレー"", ""左サイド攻撃"", ""中央攻撃"", ""右サイド攻撃"", ""ショートカウンター"", ""ロングカウンター"", ""敵陣ポゼッション"", ""自陣ポゼッション""]","[""29.1%"", ""10.3%"", ""41.0%"", ""10.4%"", ""15.8%"", ""23.2%"", ""16.7%"", ""9.8%""]"
20260802,20260609,j2,2026,自陣ポゼッション.html,自陣ポゼッション (チームスタイル指標),リーグサマリー:2026 J2J3百年構想リーグ 自陣ポゼッション (チームスタイル指標) | データによってサッカーはもっと輝く | Football LAB,自陣ポゼッション (チームスタイル指標),3,高知,高知,"[""攻撃セットプレー"", ""左サイド攻撃"", ""中央攻撃"", ""右サイド攻撃"", ""ショートカウンター"", ""ロングカウンター"", ""敵陣ポゼッション"", ""自陣ポゼッション""]","[""23.6%"", ""14.0%"", ""40.8%"", ""13.8%"", ""20.9%"", ""17.1%"", ""22.1%"", ""5.8%""]"
20260802,20260609,j2,2026,自陣ポゼッション.html,自陣ポゼッション (チームスタイル指標),リーグサマリー:2026 J2J3百年構想リーグ 自陣ポゼッション (チームスタイル指標) | データによってサッカーはもっと輝く | Football LAB,自陣ポゼッション (チームスタイル指標),3,愛媛,愛媛,"[""攻撃セットプレー"", ""左サイド攻撃"", ""中央攻撃"", ""右サイド攻撃"", ""ショートカウンター"", ""ロングカウンター"", ""敵陣ポゼッション"", ""自陣ポゼッション""]","[""24.1%"", ""16.1%"", ""37.1%"", ""8.9%"", ""21.6%"", ""15.6%"", ""18.6%"", ""5.1%""]"
20260802,20260609,j2,2026,自陣ポゼッション.html,自陣ポゼッション (チームスタイル指標),リーグサマリー:2026 J2J3百年構想リーグ 自陣ポゼッション (チームスタイル指標) | データによってサッカーはもっと輝く | Football LAB,自陣ポゼッション (チームスタイル指標),3,金沢,金沢,"[""攻撃セットプレー"", ""左サイド攻撃"", ""中央攻撃"", ""右サイド攻撃"", ""ショートカウンター"", ""ロングカウンター"", ""敵陣ポゼッション"", ""自陣ポゼッション""]","[""25.2%"", ""14.7%"", ""37.3%"", ""8.2%"", ""18.4%"", ""17.5%"", ""19.3%"", ""7.4%""]"
20260802,20260609,j2,2026,自陣ポゼッション.html,自陣ポゼッション (チームスタイル指標),リーグサマリー:2026 J2J3百年構想リーグ 自陣ポゼッション (チームスタイル指標) | データによってサッカーはもっと輝く | Football LAB,自陣ポゼッション (チームスタイル指標),3,奈良,奈良,"[""攻撃セットプレー"", ""左サイド攻撃"", ""中央攻撃"", ""右サイド攻撃"", ""ショートカウンター"", ""ロングカウンター"", ""敵陣ポゼッション"", ""自陣ポゼッション""]","[""21.2%"", ""12.9%"", ""39.2%"", ""17.3%"", ""19.9%"", ""14.3%"", ""19.2%"", ""7.0%""]"
20260802,20260609,j2,2026,自陣ポゼッション.html,自陣ポゼッション (チームスタイル指標),リーグサマリー:2026 J2J3百年構想リーグ 自陣ポゼッション (チームスタイル指標) | データによってサッカーはもっと輝く | Football LAB,自陣ポゼッション (チームスタイル指標),3,FC大阪,FC大阪,"[""攻撃セットプレー"", ""左サイド攻撃"", ""中央攻撃"", ""右サイド攻撃"", ""ショートカウンター"", ""ロングカウンター"", ""敵陣ポゼッション"", ""自陣ポゼッション""]","[""27.9%"", ""8.7%"", ""29.9%"", ""13.6%"", ""15.7%"", ""9.1%"", ""21.3%"", ""5.9%""]"
20260802,20260609,j2,2026,自陣ポゼッション.html,自陣ポゼッション (チームスタイル指標),リーグサマリー:2026 J2J3百年構想リーグ 自陣ポゼッション (チームスタイル指標) | データによってサッカーはもっと輝く | Football LAB,自陣ポゼッション (チームスタイル指標),3,今治,今治,"[""攻撃セットプレー"", ""左サイド攻撃"", ""中央攻撃"", ""右サイド攻撃"", ""ショートカウンター"", ""ロングカウンター"", ""敵陣ポゼッション"", ""自陣ポゼッション""]","[""25.3%"", ""6.7%"", ""28.4%"", ""8.5%"", ""14.7%"", ""21.1%"", ""14.5%"", ""6.2%""]"
20260802,20260609,j2,2026,自陣ポゼッション.html,自陣ポゼッション (チームスタイル指標),リーグサマリー:2026 J2J3百年構想リーグ 自陣ポゼッション (チームスタイル指標) | データによってサッカーはもっと輝く | Football LAB,自陣ポゼッション (チームスタイル指標),3,讃岐,讃岐,"[""攻撃セットプレー"", ""左サイド攻撃"", ""中央攻撃"", ""右サイド攻撃"", ""ショートカウンター"", ""ロングカウンター"", ""敵陣ポゼッション"", ""自陣ポゼッション""]","[""20.2%"", ""11.4%"", ""35.6%"", ""9.5%"", ""18.3%"", ""11.6%"", ""15.8%"", ""7.5%""]"
20260802,20260609,j2,2026,自陣ポゼッション.html,自陣ポゼッション (チームスタイル指標),リーグサマリー:2026 J2J3百年構想リーグ 自陣ポゼッション (チームスタイル指標) | データによってサッカーはもっと輝く | Football LAB,自陣ポゼッション (チームスタイル指標),3,宮崎,宮崎,"[""攻撃セットプレー"", ""左サイド攻撃"", ""中央攻撃"", ""右サイド攻撃"", ""ショートカウンター"", ""ロングカウンター"", ""敵陣ポゼッション"", ""自陣ポゼッション""]","[""26.8%"", ""12.0%"", ""39.4%"", ""10.6%"", ""20.3%"", ""14.4%"", ""19.4%"", ""4.1%""]"
20260802,20260609,j2,2026,自陣ポゼッション.html,自陣ポゼッション (チームスタイル指標),リーグサマリー:2026 J2J3百年構想リーグ 自陣ポゼッション (チームスタイル指標) | データによってサッカーはもっと輝く | Football LAB,自陣ポゼッション (チームスタイル指標),3,鹿児島,鹿児島,"[""攻撃セットプレー"", ""左サイド攻撃"", ""中央攻撃"", ""右サイド攻撃"", ""ショートカウンター"", ""ロングカウンター"", ""敵陣ポゼッション"", ""自陣ポゼッション""]","[""22.2%"", ""10.6%"", ""36.0%"", ""8.0%"", ""16.0%"", ""9.9%"", ""30.6%"", ""16.7%""]"
20260802,20260609,j2,2026,自陣ポゼッション.html,自陣ポゼッション (チームスタイル指標),リーグサマリー:2026 J2J3百年構想リーグ 自陣ポゼッション (チームスタイル指標) | データによってサッカーはもっと輝く | Football LAB,自陣ポゼッション (チームスタイル指標),3,鳥栖,鳥栖,"[""攻撃セットプレー"", ""左サイド攻撃"", ""中央攻撃"", ""右サイド攻撃"", ""ショートカウンター"", ""ロングカウンター"", ""敵陣ポゼッション"", ""自陣ポゼッション""]","[""22.9%"", ""13.7%"", ""41.2%"", ""17.3%"", ""24.8%"", ""11.4%"", ""21.2%"", ""7.8%""]"
20260802,20260609,j2,2026,自陣ポゼッション.html,自陣ポゼッション (チームスタイル指標),リーグサマリー:2026 J2J3百年構想リーグ 自陣ポゼッション (チームスタイル指標) | データによってサッカーはもっと輝く | Football LAB,自陣ポゼッション (チームスタイル指標),3,山口,山口,"[""攻撃セットプレー"", ""左サイド攻撃"", ""中央攻撃"", ""右サイド攻撃"", ""ショートカウンター"", ""ロングカウンター"", ""敵陣ポゼッション"", ""自陣ポゼッション""]","[""21.6%"", ""12.9%"", ""40.9%"", ""15.9%"", ""20.8%"", ""15.5%"", ""28.9%"", ""8.3%""]"
20260802,20260609,j2,2026,自陣ポゼッション.html,自陣ポゼッション (チームスタイル指標),リーグサマリー:2026 J2J3百年構想リーグ 自陣ポゼッション (チームスタイル指標) | データによってサッカーはもっと輝く | Football LAB,自陣ポゼッション (チームスタイル指標),3,熊本,熊本,"[""攻撃セットプレー"", ""左サイド攻撃"", ""中央攻撃"", ""右サイド攻撃"", ""ショートカウンター"", ""ロングカウンター"", ""敵陣ポゼッション"", ""自陣ポゼッション""]","[""18.6%"", ""14.0%"", ""41.7%"", ""12.7%"", ""17.8%"", ""14.1%"", ""24.8%"", ""7.1%""]"
20260802,20260609,j2,2026,自陣ポゼッション.html,自陣ポゼッション (チームスタイル指標),リーグサマリー:2026 J2J3百年構想リーグ 自陣ポゼッション (チームスタイル指標) | データによってサッカーはもっと輝く | Football LAB,自陣ポゼッション (チームスタイル指標),3,鳥取,鳥取,"[""攻撃セットプレー"", ""左サイド攻撃"", ""中央攻撃"", ""右サイド攻撃"", ""ショートカウンター"", ""ロングカウンター"", ""敵陣ポゼッション"", ""自陣ポゼッション""]","[""20.7%"", ""11.2%"", ""33.7%"", ""12.7%"", ""18.8%"", ""8.9%"", ""18.4%"", ""6.7%""]"
20260802,20260609,j2,2026,自陣ポゼッション.html,自陣ポゼッション (チームスタイル指標),リーグサマリー:2026 J2J3百年構想リーグ 自陣ポゼッション (チームスタイル指標) | データによってサッカーはもっと輝く | Football LAB,自陣ポゼッション (チームスタイル指標),3,大分,大分,"[""攻撃セットプレー"", ""左サイド攻撃"", ""中央攻撃"", ""右サイド攻撃"", ""ショートカウンター"", ""ロングカウンター"", ""敵陣ポゼッション"", ""自陣ポゼッション""]","[""23.7%"", ""14.4%"", ""33.3%"", ""13.0%"", ""19.3%"", ""12.7%"", ""28.6%"", ""6.5%""]"
20260802,20260609,j2,2026,自陣ポゼッション.html,自陣ポゼッション (チームスタイル指標),リーグサマリー:2026 J2J3百年構想リーグ 自陣ポゼッション (チームスタイル指標) | データによってサッカーはもっと輝く | Football LAB,自陣ポゼッション (チームスタイル指標),3,滋賀,滋賀,"[""攻撃セットプレー"", ""左サイド攻撃"", ""中央攻撃"", ""右サイド攻撃"", ""ショートカウンター"", ""ロングカウンター"", ""敵陣ポゼッション"", ""自陣ポゼッション""]","[""27.9%"", ""6.3%"", ""36.5%"", ""8.5%"", ""19.5%"", ""8.6%"", ""10.6%"", ""5.2%""]"
20260802,20260609,j2,2026,自陣ポゼッション.html,自陣ポゼッション (チームスタイル指標),リーグサマリー:2026 J2J3百年構想リーグ 自陣ポゼッション (チームスタイル指標) | データによってサッカーはもっと輝く | Football LAB,自陣ポゼッション (チームスタイル指標),3,琉球,琉球,"[""攻撃セットプレー"", ""左サイド攻撃"", ""中央攻撃"", ""右サイド攻撃"", ""ショートカウンター"", ""ロングカウンター"", ""敵陣ポゼッション"", ""自陣ポゼッション""]","[""24.0%"", ""11.2%"", ""35.4%"", ""10.5%"", ""20.2%"", ""10.5%"", ""22.4%"", ""7.7%""]"
20260802,20260609,j2,2026,自陣ポゼッション.html,自陣ポゼッション (チームスタイル指標),リーグサマリー:2026 J2J3百年構想リーグ 自陣ポゼッション (チームスタイル指標) | データによってサッカーはもっと輝く | Football LAB,自陣ポゼッション (チームスタイル指標),3,北九州,北九州,"[""攻撃セットプレー"", ""左サイド攻撃"", ""中央攻撃"", ""右サイド攻撃"", ""ショートカウンター"", ""ロングカウンター"", ""敵陣ポゼッション"", ""自陣ポゼッション""]","[""23.7%"", ""11.9%"", ""32.6%"", ""11.7%"", ""18.9%"", ""19.7%"", ""18.1%"", ""3.8%""]"
20260802,20260609,j2,,順位表.html,リーグサマリー:2026特別 J2J3百年構想リーグ 順位表 | データによってサッカーはもっと輝く | Football LAB,リーグサマリー:2026特別 J2J3百年構想リーグ 順位表 | データによってサッカーはもっと輝く | Football LAB,リーグサマリー:2026特別 J2J3百年構想リーグ 順位表 | データによってサッカーはもっと輝く | Football LAB,1,仙台,仙台,"[""順位"", ""勝点"", ""試合数"", ""勝"", ""敗"", ""得点"", ""失点"", ""得失""]","[""43"", ""18"", ""16"", ""2"", ""32"", ""15"", ""17""]"
20260802,20260609,j2,,順位表.html,リーグサマリー:2026特別 J2J3百年構想リーグ 順位表 | データによってサッカーはもっと輝く | Football LAB,リーグサマリー:2026特別 J2J3百年構想リーグ 順位表 | データによってサッカーはもっと輝く | Football LAB,リーグサマリー:2026特別 J2J3百年構想リーグ 順位表 | データによってサッカーはもっと輝く | Football LAB,1,秋田,秋田,"[""順位"", ""勝点"", ""試合数"", ""勝"", ""敗"", ""得点"", ""失点"", ""得失""]","[""35"", ""18"", ""11"", ""7"", ""23"", ""14"", ""9""]"
20260802,20260609,j2,,順位表.html,リーグサマリー:2026特別 J2J3百年構想リーグ 順位表 | データによってサッカーはもっと輝く | Football LAB,リーグサマリー:2026特別 J2J3百年構想リーグ 順位表 | データによってサッカーはもっと輝く | Football LAB,リーグサマリー:2026特別 J2J3百年構想リーグ 順位表 | データによってサッカーはもっと輝く | Football LAB,1,湘南,湘南,"[""順位"", ""勝点"", ""試合数"", ""勝"", ""敗"", ""得点"", ""失点"", ""得失""]","[""31"", ""18"", ""11"", ""7"", ""25"", ""19"", ""6""]"
20260802,20260609,j2,,順位表.html,リーグサマリー:2026特別 J2J3百年構想リーグ 順位表 | データによってサッカーはもっと輝く | Football LAB,リーグサマリー:2026特別 J2J3百年構想リーグ 順位表 | データによってサッカーはもっと輝く | Football LAB,リーグサマリー:2026特別 J2J3百年構想リーグ 順位表 | データによってサッカーはもっと輝く | Football LAB,1,横浜FC,横浜FC,"[""順位"", ""勝点"", ""試合数"", ""勝"", ""敗"", ""得点"", ""失点"", ""得失""]","[""29"", ""18"", ""10"", ""8"", ""34"", ""27"", ""7""]"
20260802,20260609,j2,,順位表.html,リーグサマリー:2026特別 J2J3百年構想リーグ 順位表 | データによってサッカーはもっと輝く | Football LAB,リーグサマリー:2026特別 J2J3百年構想リーグ 順位表 | データによってサッカーはもっと輝く | Football LAB,リーグサマリー:2026特別 J2J3百年構想リーグ 順位表 | データによってサッカーはもっと輝く | Football LAB,1,相模原,相模原,"[""順位"", ""勝点"", ""試合数"", ""勝"", ""敗"", ""得点"", ""失点"", ""得失""]","[""28"", ""18"", ""9"", ""9"", ""31"", ""33"", ""-2""]"
20260802,20260609,j2,,順位表.html,リーグサマリー:2026特別 J2J3百年構想リーグ 順位表 | データによってサッカーはもっと輝く | Football LAB,リーグサマリー:2026特別 J2J3百年構想リーグ 順位表 | データによってサッカーはもっと輝く | Football LAB,リーグサマリー:2026特別 J2J3百年構想リーグ 順位表 | データによってサッカーはもっと輝く | Football LAB,1,群馬,群馬,"[""順位"", ""勝点"", ""試合数"", ""勝"", ""敗"", ""得点"", ""失点"", ""得失""]","[""23"", ""18"", ""7"", ""11"", ""26"", ""36"", ""-10""]"
20260802,20260609,j2,,順位表.html,リーグサマリー:2026特別 J2J3百年構想リーグ 順位表 | データによってサッカーはもっと輝く | Football LAB,リーグサマリー:2026特別 J2J3百年構想リーグ 順位表 | データによってサッカーはもっと輝く | Football LAB,リーグサマリー:2026特別 J2J3百年構想リーグ 順位表 | データによってサッカーはもっと輝く | Football LAB,1,山形,山形,"[""順位"", ""勝点"", ""試合数"", ""勝"", ""敗"", ""得点"", ""失点"", ""得失""]","[""22"", ""18"", ""8"", ""10"", ""20"", ""25"", ""-5""]"
20260802,20260609,j2,,順位表.html,リーグサマリー:2026特別 J2J3百年構想リーグ 順位表 | データによってサッカーはもっと輝く | Football LAB,リーグサマリー:2026特別 J2J3百年構想リーグ 順位表 | データによってサッカーはもっと輝く | Football LAB,リーグサマリー:2026特別 J2J3百年構想リーグ 順位表 | データによってサッカーはもっと輝く | Football LAB,1,栃木C,栃木C,"[""順位"", ""勝点"", ""試合数"", ""勝"", ""敗"", ""得点"", ""失点"", ""得失""]","[""21"", ""18"", ""7"", ""11"", ""20"", ""33"", ""-13""]"
20260802,20260609,j2,,順位表.html,リーグサマリー:2026特別 J2J3百年構想リーグ 順位表 | データによってサッカーはもっと輝く | Football LAB,リーグサマリー:2026特別 J2J3百年構想リーグ 順位表 | データによってサッカーはもっと輝く | Football LAB,リーグサマリー:2026特別 J2J3百年構想リーグ 順位表 | データによってサッカーはもっと輝く | Football LAB,1,八戸,八戸,"[""順位"", ""勝点"", ""試合数"", ""勝"", ""敗"", ""得点"", ""失点"", ""得失""]","[""20"", ""18"", ""6"", ""12"", ""15"", ""19"", ""-4""]"
20260802,20260609,j2,,順位表.html,リーグサマリー:2026特別 J2J3百年構想リーグ 順位表 | データによってサッカーはもっと輝く | Football LAB,リーグサマリー:2026特別 J2J3百年構想リーグ 順位表 | データによってサッカーはもっと輝く | Football LAB,リーグサマリー:2026特別 J2J3百年構想リーグ 順位表 | データによってサッカーはもっと輝く | Football LAB,1,栃木SC,栃木SC,"[""順位"", ""勝点"", ""試合数"", ""勝"", ""敗"", ""得点"", ""失点"", ""得失""]","[""18"", ""18"", ""5"", ""13"", ""23"", ""28"", ""-5""]"
20260802,20260609,j2,,順位表.html,リーグサマリー:2026特別 J2J3百年構想リーグ 順位表 | データによってサッカーはもっと輝く | Football LAB,リーグサマリー:2026特別 J2J3百年構想リーグ 順位表 | データによってサッカーはもっと輝く | Football LAB,リーグサマリー:2026特別 J2J3百年構想リーグ 順位表 | データによってサッカーはもっと輝く | Football LAB,2,甲府,甲府,"[""順位"", ""勝点"", ""試合数"", ""勝"", ""敗"", ""得点"", ""失点"", ""得失""]","[""35"", ""18"", ""12"", ""6"", ""21"", ""13"", ""8""]"
20260802,20260609,j2,,順位表.html,リーグサマリー:2026特別 J2J3百年構想リーグ 順位表 | データによってサッカーはもっと輝く | Football LAB,リーグサマリー:2026特別 J2J3百年構想リーグ 順位表 | データによってサッカーはもっと輝く | Football LAB,リーグサマリー:2026特別 J2J3百年構想リーグ 順位表 | データによってサッカーはもっと輝く | Football LAB,2,札幌,札幌,"[""順位"", ""勝点"", ""試合数"", ""勝"", ""敗"", ""得点"", ""失点"", ""得失""]","[""31"", ""18"", ""11"", ""7"", ""26"", ""22"", ""4""]"
20260802,20260609,j2,,順位表.html,リーグサマリー:2026特別 J2J3百年構想リーグ 順位表 | データによってサッカーはもっと輝く | Football LAB,リーグサマリー:2026特別 J2J3百年構想リーグ 順位表 | データによってサッカーはもっと輝く | Football LAB,リーグサマリー:2026特別 J2J3百年構想リーグ 順位表 | データによってサッカーはもっと輝く | Football LAB,2,いわき,いわき,"[""順位"", ""勝点"", ""試合数"", ""勝"", ""敗"", ""得点"", ""失点"", ""得失""]","[""31"", ""18"", ""11"", ""7"", ""22"", ""18"", ""4""]"
20260802,20260609,j2,,順位表.html,リーグサマリー:2026特別 J2J3百年構想リーグ 順位表 | データによってサッカーはもっと輝く | Football LAB,リーグサマリー:2026特別 J2J3百年構想リーグ 順位表 | データによってサッカーはもっと輝く | Football LAB,リーグサマリー:2026特別 J2J3百年構想リーグ 順位表 | データによってサッカーはもっと輝く | Football LAB,2,大宮,大宮,"[""順位"", ""勝点"", ""試合数"", ""勝"", ""敗"", ""得点"", ""失点"", ""得失""]","[""30"", ""18"", ""10"", ""8"", ""38"", ""28"", ""10""]"
20260802,20260609,j2,,順位表.html,リーグサマリー:2026特別 J2J3百年構想リーグ 順位表 | データによってサッカーはもっと輝く | Football LAB,リーグサマリー:2026特別 J2J3百年構想リーグ 順位表 | データによってサッカーはもっと輝く | Football LAB,リーグサマリー:2026特別 J2J3百年構想リーグ 順位表 | データによってサッカーはもっと輝く | Football LAB,2,藤枝,藤枝,"[""順位"", ""勝点"", ""試合数"", ""勝"", ""敗"", ""得点"", ""失点"", ""得失""]","[""30"", ""18"", ""9"", ""9"", ""21"", ""17"", ""4""]"
20260802,20260609,j2,,順位表.html,リーグサマリー:2026特別 J2J3百年構想リーグ 順位表 | データによってサッカーはもっと輝く | Football LAB,リーグサマリー:2026特別 J2J3百年構想リーグ 順位表 | データによってサッカーはもっと輝く | Football LAB,リーグサマリー:2026特別 J2J3百年構想リーグ 順位表 | データによってサッカーはもっと輝く | Football LAB,2,岐阜,岐阜,"[""順位"", ""勝点"", ""試合数"", ""勝"", ""敗"", ""得点"", ""失点"", ""得失""]","[""28"", ""18"", ""9"", ""9"", ""24"", ""26"", ""-2""]"
20260802,20260609,j2,,順位表.html,リーグサマリー:2026特別 J2J3百年構想リーグ 順位表 | データによってサッカーはもっと輝く | Football LAB,リーグサマリー:2026特別 J2J3百年構想リーグ 順位表 | データによってサッカーはもっと輝く | Football LAB,リーグサマリー:2026特別 J2J3百年構想リーグ 順位表 | データによってサッカーはもっと輝く | Football LAB,2,松本,松本,"[""順位"", ""勝点"", ""試合数"", ""勝"", ""敗"", ""得点"", ""失点"", ""得失""]","[""26"", ""18"", ""8"", ""10"", ""31"", ""21"", ""10""]"
20260802,20260609,j2,,順位表.html,リーグサマリー:2026特別 J2J3百年構想リーグ 順位表 | データによってサッカーはもっと輝く | Football LAB,リーグサマリー:2026特別 J2J3百年構想リーグ 順位表 | データによってサッカーはもっと輝く | Football LAB,リーグサマリー:2026特別 J2J3百年構想リーグ 順位表 | データによってサッカーはもっと輝く | Football LAB,2,磐田,磐田,"[""順位"", ""勝点"", ""試合数"", ""勝"", ""敗"", ""得点"", ""失点"", ""得失""]","[""25"", ""18"", ""9"", ""9"", ""16"", ""23"", ""-7""]"
20260802,20260609,j2,,順位表.html,リーグサマリー:2026特別 J2J3百年構想リーグ 順位表 | データによってサッカーはもっと輝く | Football LAB,リーグサマリー:2026特別 J2J3百年構想リーグ 順位表 | データによってサッカーはもっと輝く | Football LAB,リーグサマリー:2026特別 J2J3百年構想リーグ 順位表 | データによってサッカーはもっと輝く | Football LAB,2,福島,福島,"[""順位"", ""勝点"", ""試合数"", ""勝"", ""敗"", ""得点"", ""失点"", ""得失""]","[""18"", ""18"", ""6"", ""12"", ""28"", ""41"", ""-13""]"
20260802,20260609,j2,,順位表.html,リーグサマリー:2026特別 J2J3百年構想リーグ 順位表 | データによってサッカーはもっと輝く | Football LAB,リーグサマリー:2026特別 J2J3百年構想リーグ 順位表 | データによってサッカーはもっと輝く | Football LAB,リーグサマリー:2026特別 J2J3百年構想リーグ 順位表 | データによってサッカーはもっと輝く | Football LAB,2,長野,長野,"[""順位"", ""勝点"", ""試合数"", ""勝"", ""敗"", ""得点"", ""失点"", ""得失""]","[""16"", ""18"", ""5"", ""13"", ""15"", ""33"", ""-18""]"
20260802,20260609,j2,,順位表.html,リーグサマリー:2026特別 J2J3百年構想リーグ 順位表 | データによってサッカーはもっと輝く | Football LAB,リーグサマリー:2026特別 J2J3百年構想リーグ 順位表 | データによってサッカーはもっと輝く | Football LAB,リーグサマリー:2026特別 J2J3百年構想リーグ 順位表 | データによってサッカーはもっと輝く | Football LAB,3,富山,富山,"[""順位"", ""勝点"", ""試合数"", ""勝"", ""敗"", ""得点"", ""失点"", ""得失""]","[""38"", ""18"", ""13"", ""5"", ""37"", ""24"", ""13""]"
20260802,20260609,j2,,順位表.html,リーグサマリー:2026特別 J2J3百年構想リーグ 順位表 | データによってサッカーはもっと輝く | Football LAB,リーグサマリー:2026特別 J2J3百年構想リーグ 順位表 | データによってサッカーはもっと輝く | Football LAB,リーグサマリー:2026特別 J2J3百年構想リーグ 順位表 | データによってサッカーはもっと輝く | Football LAB,3,新潟,新潟,"[""順位"", ""勝点"", ""試合数"", ""勝"", ""敗"", ""得点"", ""失点"", ""得失""]","[""35"", ""18"", ""12"", ""6"", ""21"", ""17"", ""4""]"
20260802,20260609,j2,,順位表.html,リーグサマリー:2026特別 J2J3百年構想リーグ 順位表 | データによってサッカーはもっと輝く | Football LAB,リーグサマリー:2026特別 J2J3百年構想リーグ 順位表 | データによってサッカーはもっと輝く | Football LAB,リーグサマリー:2026特別 J2J3百年構想リーグ 順位表 | データによってサッカーはもっと輝く | Football LAB,3,徳島,徳島,"[""順位"", ""勝点"", ""試合数"", ""勝"", ""敗"", ""得点"", ""失点"", ""得失""]","[""32"", ""18"", ""11"", ""7"", ""36"", ""22"", ""14""]"
20260802,20260609,j2,,順位表.html,リーグサマリー:2026特別 J2J3百年構想リーグ 順位表 | データによってサッカーはもっと輝く | Football LAB,リーグサマリー:2026特別 J2J3百年構想リーグ 順位表 | データによってサッカーはもっと輝く | Football LAB,リーグサマリー:2026特別 J2J3百年構想リーグ 順位表 | データによってサッカーはもっと輝く | Football LAB,3,高知,高知,"[""順位"", ""勝点"", ""試合数"", ""勝"", ""敗"", ""得点"", ""失点"", ""得失""]","[""30"", ""18"", ""10"", ""8"", ""23"", ""21"", ""2""]"
20260802,20260609,j2,,順位表.html,リーグサマリー:2026特別 J2J3百年構想リーグ 順位表 | データによってサッカーはもっと輝く | Football LAB,リーグサマリー:2026特別 J2J3百年構想リーグ 順位表 | データによってサッカーはもっと輝く | Football LAB,リーグサマリー:2026特別 J2J3百年構想リーグ 順位表 | データによってサッカーはもっと輝く | Football LAB,3,愛媛,愛媛,"[""順位"", ""勝点"", ""試合数"", ""勝"", ""敗"", ""得点"", ""失点"", ""得失""]","[""28"", ""18"", ""9"", ""9"", ""25"", ""18"", ""7""]"
20260802,20260609,j2,,順位表.html,リーグサマリー:2026特別 J2J3百年構想リーグ 順位表 | データによってサッカーはもっと輝く | Football LAB,リーグサマリー:2026特別 J2J3百年構想リーグ 順位表 | データによってサッカーはもっと輝く | Football LAB,リーグサマリー:2026特別 J2J3百年構想リーグ 順位表 | データによってサッカーはもっと輝く | Football LAB,3,金沢,金沢,"[""順位"", ""勝点"", ""試合数"", ""勝"", ""敗"", ""得点"", ""失点"", ""得失""]","[""27"", ""18"", ""10"", ""8"", ""15"", ""21"", ""-6""]"
20260802,20260609,j2,,順位表.html,リーグサマリー:2026特別 J2J3百年構想リーグ 順位表 | データによってサッカーはもっと輝く | Football LAB,リーグサマリー:2026特別 J2J3百年構想リーグ 順位表 | データによってサッカーはもっと輝く | Football LAB,リーグサマリー:2026特別 J2J3百年構想リーグ 順位表 | データによってサッカーはもっと輝く | Football LAB,3,奈良,奈良,"[""順位"", ""勝点"", ""試合数"", ""勝"", ""敗"", ""得点"", ""失点"", ""得失""]","[""21"", ""18"", ""7"", ""11"", ""25"", ""34"", ""-9""]"
20260802,20260609,j2,,順位表.html,リーグサマリー:2026特別 J2J3百年構想リーグ 順位表 | データによってサッカーはもっと輝く | Football LAB,リーグサマリー:2026特別 J2J3百年構想リーグ 順位表 | データによってサッカーはもっと輝く | Football LAB,リーグサマリー:2026特別 J2J3百年構想リーグ 順位表 | データによってサッカーはもっと輝く | Football LAB,3,FC大阪,FC大阪,"[""順位"", ""勝点"", ""試合数"", ""勝"", ""敗"", ""得点"", ""失点"", ""得失""]","[""20"", ""18"", ""6"", ""12"", ""15"", ""18"", ""-3""]"
20260802,20260609,j2,,順位表.html,リーグサマリー:2026特別 J2J3百年構想リーグ 順位表 | データによってサッカーはもっと輝く | Football LAB,リーグサマリー:2026特別 J2J3百年構想リーグ 順位表 | データによってサッカーはもっと輝く | Football LAB,リーグサマリー:2026特別 J2J3百年構想リーグ 順位表 | データによってサッカーはもっと輝く | Football LAB,3,今治,今治,"[""順位"", ""勝点"", ""試合数"", ""勝"", ""敗"", ""得点"", ""失点"", ""得失""]","[""20"", ""18"", ""6"", ""12"", ""14"", ""18"", ""-4""]"
20260802,20260609,j2,,順位表.html,リーグサマリー:2026特別 J2J3百年構想リーグ 順位表 | データによってサッカーはもっと輝く | Football LAB,リーグサマリー:2026特別 J2J3百年構想リーグ 順位表 | データによってサッカーはもっと輝く | Football LAB,リーグサマリー:2026特別 J2J3百年構想リーグ 順位表 | データによってサッカーはもっと輝く | Football LAB,3,讃岐,讃岐,"[""順位"", ""勝点"", ""試合数"", ""勝"", ""敗"", ""得点"", ""失点"", ""得失""]","[""19"", ""18"", ""6"", ""12"", ""14"", ""32"", ""-18""]"
20260802,20260609,j2,,順位表.html,リーグサマリー:2026特別 J2J3百年構想リーグ 順位表 | データによってサッカーはもっと輝く | Football LAB,リーグサマリー:2026特別 J2J3百年構想リーグ 順位表 | データによってサッカーはもっと輝く | Football LAB,リーグサマリー:2026特別 J2J3百年構想リーグ 順位表 | データによってサッカーはもっと輝く | Football LAB,4,宮崎,宮崎,"[""順位"", ""勝点"", ""試合数"", ""勝"", ""敗"", ""得点"", ""失点"", ""得失""]","[""47"", ""18"", ""15"", ""3"", ""35"", ""11"", ""24""]"
20260802,20260609,j2,,順位表.html,リーグサマリー:2026特別 J2J3百年構想リーグ 順位表 | データによってサッカーはもっと輝く | Football LAB,リーグサマリー:2026特別 J2J3百年構想リーグ 順位表 | データによってサッカーはもっと輝く | Football LAB,リーグサマリー:2026特別 J2J3百年構想リーグ 順位表 | データによってサッカーはもっと輝く | Football LAB,4,鹿児島,鹿児島,"[""順位"", ""勝点"", ""試合数"", ""勝"", ""敗"", ""得点"", ""失点"", ""得失""]","[""33"", ""18"", ""12"", ""6"", ""23"", ""15"", ""8""]"
20260802,20260609,j2,,順位表.html,リーグサマリー:2026特別 J2J3百年構想リーグ 順位表 | データによってサッカーはもっと輝く | Football LAB,リーグサマリー:2026特別 J2J3百年構想リーグ 順位表 | データによってサッカーはもっと輝く | Football LAB,リーグサマリー:2026特別 J2J3百年構想リーグ 順位表 | データによってサッカーはもっと輝く | Football LAB,4,鳥栖,鳥栖,"[""順位"", ""勝点"", ""試合数"", ""勝"", ""敗"", ""得点"", ""失点"", ""得失""]","[""32"", ""18"", ""10"", ""8"", ""24"", ""14"", ""10""]"
20260802,20260609,j2,,順位表.html,リーグサマリー:2026特別 J2J3百年構想リーグ 順位表 | データによってサッカーはもっと輝く | Football LAB,リーグサマリー:2026特別 J2J3百年構想リーグ 順位表 | データによってサッカーはもっと輝く | Football LAB,リーグサマリー:2026特別 J2J3百年構想リーグ 順位表 | データによってサッカーはもっと輝く | Football LAB,4,山口,山口,"[""順位"", ""勝点"", ""試合数"", ""勝"", ""敗"", ""得点"", ""失点"", ""得失""]","[""29"", ""18"", ""10"", ""8"", ""24"", ""22"", ""2""]"
20260802,20260609,j2,,順位表.html,リーグサマリー:2026特別 J2J3百年構想リーグ 順位表 | データによってサッカーはもっと輝く | Football LAB,リーグサマリー:2026特別 J2J3百年構想リーグ 順位表 | データによってサッカーはもっと輝く | Football LAB,リーグサマリー:2026特別 J2J3百年構想リーグ 順位表 | データによってサッカーはもっと輝く | Football LAB,4,熊本,熊本,"[""順位"", ""勝点"", ""試合数"", ""勝"", ""敗"", ""得点"", ""失点"", ""得失""]","[""27"", ""18"", ""9"", ""9"", ""20"", ""20"", ""0""]"
20260802,20260609,j2,,順位表.html,リーグサマリー:2026特別 J2J3百年構想リーグ 順位表 | データによってサッカーはもっと輝く | Football LAB,リーグサマリー:2026特別 J2J3百年構想リーグ 順位表 | データによってサッカーはもっと輝く | Football LAB,リーグサマリー:2026特別 J2J3百年構想リーグ 順位表 | データによってサッカーはもっと輝く | Football LAB,4,鳥取,鳥取,"[""順位"", ""勝点"", ""試合数"", ""勝"", ""敗"", ""得点"", ""失点"", ""得失""]","[""27"", ""18"", ""10"", ""8"", ""20"", ""24"", ""-4""]"
20260802,20260609,j2,,順位表.html,リーグサマリー:2026特別 J2J3百年構想リーグ 順位表 | データによってサッカーはもっと輝く | Football LAB,リーグサマリー:2026特別 J2J3百年構想リーグ 順位表 | データによってサッカーはもっと輝く | Football LAB,リーグサマリー:2026特別 J2J3百年構想リーグ 順位表 | データによってサッカーはもっと輝く | Football LAB,4,大分,大分,"[""順位"", ""勝点"", ""試合数"", ""勝"", ""敗"", ""得点"", ""失点"", ""得失""]","[""22"", ""18"", ""7"", ""11"", ""18"", ""18"", ""0""]"
20260802,20260609,j2,,順位表.html,リーグサマリー:2026特別 J2J3百年構想リーグ 順位表 | データによってサッカーはもっと輝く | Football LAB,リーグサマリー:2026特別 J2J3百年構想リーグ 順位表 | データによってサッカーはもっと輝く | Football LAB,リーグサマリー:2026特別 J2J3百年構想リーグ 順位表 | データによってサッカーはもっと輝く | Football LAB,4,滋賀,滋賀,"[""順位"", ""勝点"", ""試合数"", ""勝"", ""敗"", ""得点"", ""失点"", ""得失""]","[""21"", ""18"", ""7"", ""11"", ""15"", ""28"", ""-13""]"
20260802,20260609,j2,,順位表.html,リーグサマリー:2026特別 J2J3百年構想リーグ 順位表 | データによってサッカーはもっと輝く | Football LAB,リーグサマリー:2026特別 J2J3百年構想リーグ 順位表 | データによってサッカーはもっと輝く | Football LAB,リーグサマリー:2026特別 J2J3百年構想リーグ 順位表 | データによってサッカーはもっと輝く | Football LAB,4,琉球,琉球,"[""順位"", ""勝点"", ""試合数"", ""勝"", ""敗"", ""得点"", ""失点"", ""得失""]","[""17"", ""18"", ""6"", ""12"", ""13"", ""25"", ""-12""]"
20260802,20260609,j2,,順位表.html,リーグサマリー:2026特別 J2J3百年構想リーグ 順位表 | データによってサッカーはもっと輝く | Football LAB,リーグサマリー:2026特別 J2J3百年構想リーグ 順位表 | データによってサッカーはもっと輝く | Football LAB,リーグサマリー:2026特別 J2J3百年構想リーグ 順位表 | データによってサッカーはもっと輝く | Football LAB,4,北九州,北九州,"[""順位"", ""勝点"", ""試合数"", ""勝"", ""敗"", ""得点"", ""失点"", ""得失""]","[""15"", ""18"", ""4"", ""14"", ""17"", ""32"", ""-15""]"
