snapshot_date,asof_date,league,season,source_file,page_label,title,section_title,table_index,team_name,team_key,headers_json,values_json
20260827,20260824,j1,2026,AGI KAGI.html,"AGI,KAGI","リーグサマリー:2026/27 J1 AGI,KAGI | データによってサッカーはもっと輝く | Football LAB",AGI,1,岡山,岡山,"[""AGI"", ""ゴール"", ""シュート"", ""成績順位""]","[""66.2"", ""0.67"", ""18.33"", ""9""]"
20260827,20260824,j1,2026,AGI KAGI.html,"AGI,KAGI","リーグサマリー:2026/27 J1 AGI,KAGI | データによってサッカーはもっと輝く | Football LAB",AGI,1,広島,広島,"[""AGI"", ""ゴール"", ""シュート"", ""成績順位""]","[""61.3"", ""2.67"", ""20.67"", ""4""]"
20260827,20260824,j1,2026,AGI KAGI.html,"AGI,KAGI","リーグサマリー:2026/27 J1 AGI,KAGI | データによってサッカーはもっと輝く | Football LAB",AGI,1,川崎Ｆ,川崎Ｆ,"[""AGI"", ""ゴール"", ""シュート"", ""成績順位""]","[""56.8"", ""1.33"", ""17.33"", ""13""]"
20260827,20260824,j1,2026,AGI KAGI.html,"AGI,KAGI","リーグサマリー:2026/27 J1 AGI,KAGI | データによってサッカーはもっと輝く | Football LAB",AGI,1,清水,清水,"[""AGI"", ""ゴール"", ""シュート"", ""成績順位""]","[""56.8"", ""0.33"", ""11.33"", ""15""]"
20260827,20260824,j1,2026,AGI KAGI.html,"AGI,KAGI","リーグサマリー:2026/27 J1 AGI,KAGI | データによってサッカーはもっと輝く | Football LAB",AGI,1,浦和,浦和,"[""AGI"", ""ゴール"", ""シュート"", ""成績順位""]","[""56.2"", ""1.33"", ""14.67"", ""19""]"
20260827,20260824,j1,2026,AGI KAGI.html,"AGI,KAGI","リーグサマリー:2026/27 J1 AGI,KAGI | データによってサッカーはもっと輝く | Football LAB",AGI,1,柏,柏,"[""AGI"", ""ゴール"", ""シュート"", ""成績順位""]","[""54.6"", ""3"", ""13"", ""2""]"
20260827,20260824,j1,2026,AGI KAGI.html,"AGI,KAGI","リーグサマリー:2026/27 J1 AGI,KAGI | データによってサッカーはもっと輝く | Football LAB",AGI,1,名古屋,名古屋,"[""AGI"", ""ゴール"", ""シュート"", ""成績順位""]","[""54.2"", ""1.33"", ""16.67"", ""13""]"
20260827,20260824,j1,2026,AGI KAGI.html,"AGI,KAGI","リーグサマリー:2026/27 J1 AGI,KAGI | データによってサッカーはもっと輝く | Football LAB",AGI,1,福岡,福岡,"[""AGI"", ""ゴール"", ""シュート"", ""成績順位""]","[""54.1"", ""1.33"", ""13.67"", ""12""]"
20260827,20260824,j1,2026,AGI KAGI.html,"AGI,KAGI","リーグサマリー:2026/27 J1 AGI,KAGI | データによってサッカーはもっと輝く | Football LAB",AGI,1,京都,京都,"[""AGI"", ""ゴール"", ""シュート"", ""成績順位""]","[""51.3"", ""1.33"", ""11.67"", ""18""]"
20260827,20260824,j1,2026,AGI KAGI.html,"AGI,KAGI","リーグサマリー:2026/27 J1 AGI,KAGI | データによってサッカーはもっと輝く | Football LAB",AGI,1,FC東京,FC東京,"[""AGI"", ""ゴール"", ""シュート"", ""成績順位""]","[""50.7"", ""1.67"", ""15.67"", ""11""]"
20260827,20260824,j1,2026,AGI KAGI.html,"AGI,KAGI","リーグサマリー:2026/27 J1 AGI,KAGI | データによってサッカーはもっと輝く | Football LAB",AGI,1,神戸,神戸,"[""AGI"", ""ゴール"", ""シュート"", ""成績順位""]","[""50.2"", ""1"", ""9.33"", ""8""]"
20260827,20260824,j1,2026,AGI KAGI.html,"AGI,KAGI","リーグサマリー:2026/27 J1 AGI,KAGI | データによってサッカーはもっと輝く | Football LAB",AGI,1,町田,町田,"[""AGI"", ""ゴール"", ""シュート"", ""成績順位""]","[""50.1"", ""4"", ""15"", ""1""]"
20260827,20260824,j1,2026,AGI KAGI.html,"AGI,KAGI","リーグサマリー:2026/27 J1 AGI,KAGI | データによってサッカーはもっと輝く | Football LAB",AGI,1,鹿島,鹿島,"[""AGI"", ""ゴール"", ""シュート"", ""成績順位""]","[""50.0"", ""2.67"", ""15.67"", ""3""]"
20260827,20260824,j1,2026,AGI KAGI.html,"AGI,KAGI","リーグサマリー:2026/27 J1 AGI,KAGI | データによってサッカーはもっと輝く | Football LAB",AGI,1,Ｇ大阪,Ｇ大阪,"[""AGI"", ""ゴール"", ""シュート"", ""成績順位""]","[""45.7"", ""2"", ""13.67"", ""10""]"
20260827,20260824,j1,2026,AGI KAGI.html,"AGI,KAGI","リーグサマリー:2026/27 J1 AGI,KAGI | データによってサッカーはもっと輝く | Football LAB",AGI,1,横浜FM,横浜FM,"[""AGI"", ""ゴール"", ""シュート"", ""成績順位""]","[""45.0"", ""1.67"", ""9.33"", ""5""]"
20260827,20260824,j1,2026,AGI KAGI.html,"AGI,KAGI","リーグサマリー:2026/27 J1 AGI,KAGI | データによってサッカーはもっと輝く | Football LAB",AGI,1,水戸,水戸,"[""AGI"", ""ゴール"", ""シュート"", ""成績順位""]","[""44.4"", ""1.67"", ""15.67"", ""7""]"
20260827,20260824,j1,2026,AGI KAGI.html,"AGI,KAGI","リーグサマリー:2026/27 J1 AGI,KAGI | データによってサッカーはもっと輝く | Football LAB",AGI,1,Ｃ大阪,Ｃ大阪,"[""AGI"", ""ゴール"", ""シュート"", ""成績順位""]","[""39.5"", ""1"", ""8.33"", ""6""]"
20260827,20260824,j1,2026,AGI KAGI.html,"AGI,KAGI","リーグサマリー:2026/27 J1 AGI,KAGI | データによってサッカーはもっと輝く | Football LAB",AGI,1,長崎,長崎,"[""AGI"", ""ゴール"", ""シュート"", ""成績順位""]","[""37.4"", ""1.33"", ""7.67"", ""16""]"
20260827,20260824,j1,2026,AGI KAGI.html,"AGI,KAGI","リーグサマリー:2026/27 J1 AGI,KAGI | データによってサッカーはもっと輝く | Football LAB",AGI,1,千葉,千葉,"[""AGI"", ""ゴール"", ""シュート"", ""成績順位""]","[""34.0"", ""0"", ""8"", ""20""]"
20260827,20260824,j1,2026,AGI KAGI.html,"AGI,KAGI","リーグサマリー:2026/27 J1 AGI,KAGI | データによってサッカーはもっと輝く | Football LAB",AGI,1,東京Ｖ,東京Ｖ,"[""AGI"", ""ゴール"", ""シュート"", ""成績順位""]","[""31.4"", ""0.67"", ""10"", ""17""]"
20260827,20260824,j1,2026,AGI KAGI.html,"AGI,KAGI","リーグサマリー:2026/27 J1 AGI,KAGI | データによってサッカーはもっと輝く | Football LAB",KAGI,2,岡山,岡山,"[""KAGI"", ""被ゴール"", ""被シュート"", ""成績順位""]","[""72.8"", ""0.67"", ""4.67"", ""9""]"
20260827,20260824,j1,2026,AGI KAGI.html,"AGI,KAGI","リーグサマリー:2026/27 J1 AGI,KAGI | データによってサッカーはもっと輝く | Football LAB",KAGI,2,柏,柏,"[""KAGI"", ""被ゴール"", ""被シュート"", ""成績順位""]","[""66.3"", ""1.33"", ""10.67"", ""2""]"
20260827,20260824,j1,2026,AGI KAGI.html,"AGI,KAGI","リーグサマリー:2026/27 J1 AGI,KAGI | データによってサッカーはもっと輝く | Football LAB",KAGI,2,福岡,福岡,"[""KAGI"", ""被ゴール"", ""被シュート"", ""成績順位""]","[""56.9"", ""1"", ""8.67"", ""12""]"
20260827,20260824,j1,2026,AGI KAGI.html,"AGI,KAGI","リーグサマリー:2026/27 J1 AGI,KAGI | データによってサッカーはもっと輝く | Football LAB",KAGI,2,広島,広島,"[""KAGI"", ""被ゴール"", ""被シュート"", ""成績順位""]","[""56.4"", ""0.33"", ""9"", ""4""]"
20260827,20260824,j1,2026,AGI KAGI.html,"AGI,KAGI","リーグサマリー:2026/27 J1 AGI,KAGI | データによってサッカーはもっと輝く | Football LAB",KAGI,2,町田,町田,"[""KAGI"", ""被ゴール"", ""被シュート"", ""成績順位""]","[""54.8"", ""0.67"", ""13.67"", ""1""]"
20260827,20260824,j1,2026,AGI KAGI.html,"AGI,KAGI","リーグサマリー:2026/27 J1 AGI,KAGI | データによってサッカーはもっと輝く | Football LAB",KAGI,2,名古屋,名古屋,"[""KAGI"", ""被ゴール"", ""被シュート"", ""成績順位""]","[""54.8"", ""1.33"", ""14"", ""13""]"
20260827,20260824,j1,2026,AGI KAGI.html,"AGI,KAGI","リーグサマリー:2026/27 J1 AGI,KAGI | データによってサッカーはもっと輝く | Football LAB",KAGI,2,鹿島,鹿島,"[""KAGI"", ""被ゴール"", ""被シュート"", ""成績順位""]","[""54.0"", ""1.67"", ""13.67"", ""3""]"
20260827,20260824,j1,2026,AGI KAGI.html,"AGI,KAGI","リーグサマリー:2026/27 J1 AGI,KAGI | データによってサッカーはもっと輝く | Football LAB",KAGI,2,FC東京,FC東京,"[""KAGI"", ""被ゴール"", ""被シュート"", ""成績順位""]","[""53.8"", ""2.33"", ""11.67"", ""11""]"
20260827,20260824,j1,2026,AGI KAGI.html,"AGI,KAGI","リーグサマリー:2026/27 J1 AGI,KAGI | データによってサッカーはもっと輝く | Football LAB",KAGI,2,神戸,神戸,"[""KAGI"", ""被ゴール"", ""被シュート"", ""成績順位""]","[""51.3"", ""1"", ""11.33"", ""8""]"
20260827,20260824,j1,2026,AGI KAGI.html,"AGI,KAGI","リーグサマリー:2026/27 J1 AGI,KAGI | データによってサッカーはもっと輝く | Football LAB",KAGI,2,京都,京都,"[""KAGI"", ""被ゴール"", ""被シュート"", ""成績順位""]","[""48.4"", ""2.33"", ""17"", ""18""]"
20260827,20260824,j1,2026,AGI KAGI.html,"AGI,KAGI","リーグサマリー:2026/27 J1 AGI,KAGI | データによってサッカーはもっと輝く | Football LAB",KAGI,2,川崎Ｆ,川崎Ｆ,"[""KAGI"", ""被ゴール"", ""被シュート"", ""成績順位""]","[""47.9"", ""1.33"", ""14.33"", ""13""]"
20260827,20260824,j1,2026,AGI KAGI.html,"AGI,KAGI","リーグサマリー:2026/27 J1 AGI,KAGI | データによってサッカーはもっと輝く | Football LAB",KAGI,2,水戸,水戸,"[""KAGI"", ""被ゴール"", ""被シュート"", ""成績順位""]","[""47.6"", ""1.33"", ""13.67"", ""7""]"
20260827,20260824,j1,2026,AGI KAGI.html,"AGI,KAGI","リーグサマリー:2026/27 J1 AGI,KAGI | データによってサッカーはもっと輝く | Football LAB",KAGI,2,横浜FM,横浜FM,"[""KAGI"", ""被ゴール"", ""被シュート"", ""成績順位""]","[""47.2"", ""1.33"", ""12.33"", ""5""]"
20260827,20260824,j1,2026,AGI KAGI.html,"AGI,KAGI","リーグサマリー:2026/27 J1 AGI,KAGI | データによってサッカーはもっと輝く | Football LAB",KAGI,2,清水,清水,"[""KAGI"", ""被ゴール"", ""被シュート"", ""成績順位""]","[""46.0"", ""0.67"", ""13"", ""15""]"
20260827,20260824,j1,2026,AGI KAGI.html,"AGI,KAGI","リーグサマリー:2026/27 J1 AGI,KAGI | データによってサッカーはもっと輝く | Football LAB",KAGI,2,浦和,浦和,"[""KAGI"", ""被ゴール"", ""被シュート"", ""成績順位""]","[""44.5"", ""3.67"", ""16"", ""19""]"
20260827,20260824,j1,2026,AGI KAGI.html,"AGI,KAGI","リーグサマリー:2026/27 J1 AGI,KAGI | データによってサッカーはもっと輝く | Football LAB",KAGI,2,千葉,千葉,"[""KAGI"", ""被ゴール"", ""被シュート"", ""成績順位""]","[""43.8"", ""3"", ""20"", ""20""]"
20260827,20260824,j1,2026,AGI KAGI.html,"AGI,KAGI","リーグサマリー:2026/27 J1 AGI,KAGI | データによってサッカーはもっと輝く | Football LAB",KAGI,2,Ｃ大阪,Ｃ大阪,"[""KAGI"", ""被ゴール"", ""被シュート"", ""成績順位""]","[""43.3"", ""1.33"", ""14"", ""6""]"
20260827,20260824,j1,2026,AGI KAGI.html,"AGI,KAGI","リーグサマリー:2026/27 J1 AGI,KAGI | データによってサッカーはもっと輝く | Football LAB",KAGI,2,Ｇ大阪,Ｇ大阪,"[""KAGI"", ""被ゴール"", ""被シュート"", ""成績順位""]","[""40.9"", ""2.33"", ""18"", ""10""]"
20260827,20260824,j1,2026,AGI KAGI.html,"AGI,KAGI","リーグサマリー:2026/27 J1 AGI,KAGI | データによってサッカーはもっと輝く | Football LAB",KAGI,2,東京Ｖ,東京Ｖ,"[""KAGI"", ""被ゴール"", ""被シュート"", ""成績順位""]","[""40.5"", ""1.33"", ""15.33"", ""17""]"
20260827,20260824,j1,2026,AGI KAGI.html,"AGI,KAGI","リーグサマリー:2026/27 J1 AGI,KAGI | データによってサッカーはもっと輝く | Football LAB",KAGI,2,長崎,長崎,"[""KAGI"", ""被ゴール"", ""被シュート"", ""成績順位""]","[""39.1"", ""2"", ""14.67"", ""16""]"
20260827,20260824,j1,2026,クロス.html,チャンスビルディングポイント クロスポイント ランキング,リーグサマリー:2026/27 J1 チャンスビルディングポイント クロスポイント ランキング | データによってサッカーはもっと輝く | Football LAB,チャンスビルディングポイント クロスポイント ランキング,1,広島,広島,"[""クロスポイント"", ""試合平均"", ""最近5試合"", ""順位"", ""勝点"", ""得点"", ""失点""]","[""8.28"", ""2.76"", ""8.28"", ""4"", ""7"", ""8"", ""2""]"
20260827,20260824,j1,2026,クロス.html,チャンスビルディングポイント クロスポイント ランキング,リーグサマリー:2026/27 J1 チャンスビルディングポイント クロスポイント ランキング | データによってサッカーはもっと輝く | Football LAB,チャンスビルディングポイント クロスポイント ランキング,1,岡山,岡山,"[""クロスポイント"", ""試合平均"", ""最近5試合"", ""順位"", ""勝点"", ""得点"", ""失点""]","[""7.08"", ""2.36"", ""7.08"", ""9"", ""4"", ""2"", ""2""]"
20260827,20260824,j1,2026,クロス.html,チャンスビルディングポイント クロスポイント ランキング,リーグサマリー:2026/27 J1 チャンスビルディングポイント クロスポイント ランキング | データによってサッカーはもっと輝く | Football LAB,チャンスビルディングポイント クロスポイント ランキング,1,名古屋,名古屋,"[""クロスポイント"", ""試合平均"", ""最近5試合"", ""順位"", ""勝点"", ""得点"", ""失点""]","[""7.05"", ""2.35"", ""7.05"", ""13"", ""3"", ""4"", ""4""]"
20260827,20260824,j1,2026,クロス.html,チャンスビルディングポイント クロスポイント ランキング,リーグサマリー:2026/27 J1 チャンスビルディングポイント クロスポイント ランキング | データによってサッカーはもっと輝く | Football LAB,チャンスビルディングポイント クロスポイント ランキング,1,浦和,浦和,"[""クロスポイント"", ""試合平均"", ""最近5試合"", ""順位"", ""勝点"", ""得点"", ""失点""]","[""7.00"", ""2.33"", ""7.00"", ""19"", ""0"", ""5"", ""11""]"
20260827,20260824,j1,2026,クロス.html,チャンスビルディングポイント クロスポイント ランキング,リーグサマリー:2026/27 J1 チャンスビルディングポイント クロスポイント ランキング | データによってサッカーはもっと輝く | Football LAB,チャンスビルディングポイント クロスポイント ランキング,1,清水,清水,"[""クロスポイント"", ""試合平均"", ""最近5試合"", ""順位"", ""勝点"", ""得点"", ""失点""]","[""6.84"", ""2.28"", ""6.84"", ""15"", ""3"", ""1"", ""2""]"
20260827,20260824,j1,2026,クロス.html,チャンスビルディングポイント クロスポイント ランキング,リーグサマリー:2026/27 J1 チャンスビルディングポイント クロスポイント ランキング | データによってサッカーはもっと輝く | Football LAB,チャンスビルディングポイント クロスポイント ランキング,1,町田,町田,"[""クロスポイント"", ""試合平均"", ""最近5試合"", ""順位"", ""勝点"", ""得点"", ""失点""]","[""6.65"", ""2.22"", ""6.65"", ""1"", ""9"", ""12"", ""2""]"
20260827,20260824,j1,2026,クロス.html,チャンスビルディングポイント クロスポイント ランキング,リーグサマリー:2026/27 J1 チャンスビルディングポイント クロスポイント ランキング | データによってサッカーはもっと輝く | Football LAB,チャンスビルディングポイント クロスポイント ランキング,1,川崎Ｆ,川崎Ｆ,"[""クロスポイント"", ""試合平均"", ""最近5試合"", ""順位"", ""勝点"", ""得点"", ""失点""]","[""6.64"", ""2.21"", ""6.64"", ""13"", ""3"", ""4"", ""4""]"
20260827,20260824,j1,2026,クロス.html,チャンスビルディングポイント クロスポイント ランキング,リーグサマリー:2026/27 J1 チャンスビルディングポイント クロスポイント ランキング | データによってサッカーはもっと輝く | Football LAB,チャンスビルディングポイント クロスポイント ランキング,1,鹿島,鹿島,"[""クロスポイント"", ""試合平均"", ""最近5試合"", ""順位"", ""勝点"", ""得点"", ""失点""]","[""6.49"", ""2.16"", ""6.49"", ""3"", ""9"", ""9"", ""6""]"
20260827,20260824,j1,2026,クロス.html,チャンスビルディングポイント クロスポイント ランキング,リーグサマリー:2026/27 J1 チャンスビルディングポイント クロスポイント ランキング | データによってサッカーはもっと輝く | Football LAB,チャンスビルディングポイント クロスポイント ランキング,1,FC東京,FC東京,"[""クロスポイント"", ""試合平均"", ""最近5試合"", ""順位"", ""勝点"", ""得点"", ""失点""]","[""5.71"", ""1.90"", ""5.71"", ""11"", ""4"", ""5"", ""7""]"
20260827,20260824,j1,2026,クロス.html,チャンスビルディングポイント クロスポイント ランキング,リーグサマリー:2026/27 J1 チャンスビルディングポイント クロスポイント ランキング | データによってサッカーはもっと輝く | Football LAB,チャンスビルディングポイント クロスポイント ランキング,1,京都,京都,"[""クロスポイント"", ""試合平均"", ""最近5試合"", ""順位"", ""勝点"", ""得点"", ""失点""]","[""5.42"", ""1.81"", ""5.42"", ""18"", ""1"", ""4"", ""7""]"
20260827,20260824,j1,2026,クロス.html,チャンスビルディングポイント クロスポイント ランキング,リーグサマリー:2026/27 J1 チャンスビルディングポイント クロスポイント ランキング | データによってサッカーはもっと輝く | Football LAB,チャンスビルディングポイント クロスポイント ランキング,1,横浜FM,横浜FM,"[""クロスポイント"", ""試合平均"", ""最近5試合"", ""順位"", ""勝点"", ""得点"", ""失点""]","[""5.01"", ""1.67"", ""5.01"", ""5"", ""6"", ""5"", ""4""]"
20260827,20260824,j1,2026,クロス.html,チャンスビルディングポイント クロスポイント ランキング,リーグサマリー:2026/27 J1 チャンスビルディングポイント クロスポイント ランキング | データによってサッカーはもっと輝く | Football LAB,チャンスビルディングポイント クロスポイント ランキング,1,水戸,水戸,"[""クロスポイント"", ""試合平均"", ""最近5試合"", ""順位"", ""勝点"", ""得点"", ""失点""]","[""4.03"", ""1.34"", ""4.03"", ""7"", ""4"", ""5"", ""4""]"
20260827,20260824,j1,2026,クロス.html,チャンスビルディングポイント クロスポイント ランキング,リーグサマリー:2026/27 J1 チャンスビルディングポイント クロスポイント ランキング | データによってサッカーはもっと輝く | Football LAB,チャンスビルディングポイント クロスポイント ランキング,1,柏,柏,"[""クロスポイント"", ""試合平均"", ""最近5試合"", ""順位"", ""勝点"", ""得点"", ""失点""]","[""3.99"", ""1.33"", ""3.99"", ""2"", ""9"", ""9"", ""4""]"
20260827,20260824,j1,2026,クロス.html,チャンスビルディングポイント クロスポイント ランキング,リーグサマリー:2026/27 J1 チャンスビルディングポイント クロスポイント ランキング | データによってサッカーはもっと輝く | Football LAB,チャンスビルディングポイント クロスポイント ランキング,1,Ｇ大阪,Ｇ大阪,"[""クロスポイント"", ""試合平均"", ""最近5試合"", ""順位"", ""勝点"", ""得点"", ""失点""]","[""3.67"", ""1.22"", ""3.67"", ""10"", ""4"", ""6"", ""7""]"
20260827,20260824,j1,2026,クロス.html,チャンスビルディングポイント クロスポイント ランキング,リーグサマリー:2026/27 J1 チャンスビルディングポイント クロスポイント ランキング | データによってサッカーはもっと輝く | Football LAB,チャンスビルディングポイント クロスポイント ランキング,1,Ｃ大阪,Ｃ大阪,"[""クロスポイント"", ""試合平均"", ""最近5試合"", ""順位"", ""勝点"", ""得点"", ""失点""]","[""3.66"", ""1.22"", ""3.66"", ""6"", ""6"", ""3"", ""4""]"
20260827,20260824,j1,2026,クロス.html,チャンスビルディングポイント クロスポイント ランキング,リーグサマリー:2026/27 J1 チャンスビルディングポイント クロスポイント ランキング | データによってサッカーはもっと輝く | Football LAB,チャンスビルディングポイント クロスポイント ランキング,1,千葉,千葉,"[""クロスポイント"", ""試合平均"", ""最近5試合"", ""順位"", ""勝点"", ""得点"", ""失点""]","[""3.48"", ""1.16"", ""3.48"", ""20"", ""0"", ""0"", ""9""]"
20260827,20260824,j1,2026,クロス.html,チャンスビルディングポイント クロスポイント ランキング,リーグサマリー:2026/27 J1 チャンスビルディングポイント クロスポイント ランキング | データによってサッカーはもっと輝く | Football LAB,チャンスビルディングポイント クロスポイント ランキング,1,神戸,神戸,"[""クロスポイント"", ""試合平均"", ""最近5試合"", ""順位"", ""勝点"", ""得点"", ""失点""]","[""3.27"", ""1.09"", ""3.27"", ""8"", ""4"", ""3"", ""3""]"
20260827,20260824,j1,2026,クロス.html,チャンスビルディングポイント クロスポイント ランキング,リーグサマリー:2026/27 J1 チャンスビルディングポイント クロスポイント ランキング | データによってサッカーはもっと輝く | Football LAB,チャンスビルディングポイント クロスポイント ランキング,1,長崎,長崎,"[""クロスポイント"", ""試合平均"", ""最近5試合"", ""順位"", ""勝点"", ""得点"", ""失点""]","[""3.03"", ""1.01"", ""3.03"", ""16"", ""3"", ""4"", ""6""]"
20260827,20260824,j1,2026,クロス.html,チャンスビルディングポイント クロスポイント ランキング,リーグサマリー:2026/27 J1 チャンスビルディングポイント クロスポイント ランキング | データによってサッカーはもっと輝く | Football LAB,チャンスビルディングポイント クロスポイント ランキング,1,東京Ｖ,東京Ｖ,"[""クロスポイント"", ""試合平均"", ""最近5試合"", ""順位"", ""勝点"", ""得点"", ""失点""]","[""2.79"", ""0.93"", ""2.79"", ""17"", ""2"", ""2"", ""4""]"
20260827,20260824,j1,2026,クロス.html,チャンスビルディングポイント クロスポイント ランキング,リーグサマリー:2026/27 J1 チャンスビルディングポイント クロスポイント ランキング | データによってサッカーはもっと輝く | Football LAB,チャンスビルディングポイント クロスポイント ランキング,1,福岡,福岡,"[""クロスポイント"", ""試合平均"", ""最近5試合"", ""順位"", ""勝点"", ""得点"", ""失点""]","[""2.55"", ""0.85"", ""2.55"", ""12"", ""3"", ""5"", ""4""]"
20260827,20260824,j1,2026,クロス.html,チャンスビルディングポイント クロスポイント ランキング,リーグサマリー:2026/27 J1 チャンスビルディングポイント クロスポイント ランキング | データによってサッカーはもっと輝く | Football LAB,チャンスビルディングポイント クロスポイント ランキング,2,東 俊希,東俊希,"[""クロスポイント"", ""90分平均"", ""最近5試合"", ""出場試合"", ""攻撃CBP"", ""奪取P""]","["""", ""4.58"", ""1.72"", ""4.58"", ""3"", ""8.84"", ""21.31""]"
20260827,20260824,j1,2026,クロス.html,チャンスビルディングポイント クロスポイント ランキング,リーグサマリー:2026/27 J1 チャンスビルディングポイント クロスポイント ランキング | データによってサッカーはもっと輝く | Football LAB,チャンスビルディングポイント クロスポイント ランキング,2,松村 優太,松村優太,"[""クロスポイント"", ""90分平均"", ""最近5試合"", ""出場試合"", ""攻撃CBP"", ""奪取P""]","["""", ""3.88"", ""2.18"", ""3.88"", ""3"", ""7.15"", ""13.36""]"
20260827,20260824,j1,2026,クロス.html,チャンスビルディングポイント クロスポイント ランキング,リーグサマリー:2026/27 J1 チャンスビルディングポイント クロスポイント ランキング | データによってサッカーはもっと輝く | Football LAB,チャンスビルディングポイント クロスポイント ランキング,2,金子 拓郎,金子拓郎,"[""クロスポイント"", ""90分平均"", ""最近5試合"", ""出場試合"", ""攻撃CBP"", ""奪取P""]","["""", ""2.73"", ""0.92"", ""2.73"", ""3"", ""8.26"", ""12.09""]"
20260827,20260824,j1,2026,クロス.html,チャンスビルディングポイント クロスポイント ランキング,リーグサマリー:2026/27 J1 チャンスビルディングポイント クロスポイント ランキング | データによってサッカーはもっと輝く | Football LAB,チャンスビルディングポイント クロスポイント ランキング,2,中山 克広,中山克広,"[""クロスポイント"", ""90分平均"", ""最近5試合"", ""出場試合"", ""攻撃CBP"", ""奪取P""]","["""", ""2.59"", ""0.90"", ""2.59"", ""3"", ""8.50"", ""26.12""]"
20260827,20260824,j1,2026,クロス.html,チャンスビルディングポイント クロスポイント ランキング,リーグサマリー:2026/27 J1 チャンスビルディングポイント クロスポイント ランキング | データによってサッカーはもっと輝く | Football LAB,チャンスビルディングポイント クロスポイント ランキング,2,相馬 勇紀,相馬勇紀,"[""クロスポイント"", ""90分平均"", ""最近5試合"", ""出場試合"", ""攻撃CBP"", ""奪取P""]","["""", ""2.47"", ""0.85"", ""2.47"", ""3"", ""8.02"", ""4.82""]"
20260827,20260824,j1,2026,クロス.html,チャンスビルディングポイント クロスポイント ランキング,リーグサマリー:2026/27 J1 チャンスビルディングポイント クロスポイント ランキング | データによってサッカーはもっと輝く | Football LAB,チャンスビルディングポイント クロスポイント ランキング,2,久保 藤次郎,久保藤次郎,"[""クロスポイント"", ""90分平均"", ""最近5試合"", ""出場試合"", ""攻撃CBP"", ""奪取P""]","["""", ""2.31"", ""0.82"", ""2.31"", ""3"", ""7.09"", ""23.50""]"
20260827,20260824,j1,2026,クロス.html,チャンスビルディングポイント クロスポイント ランキング,リーグサマリー:2026/27 J1 チャンスビルディングポイント クロスポイント ランキング | データによってサッカーはもっと輝く | Football LAB,チャンスビルディングポイント クロスポイント ランキング,2,近藤 友喜,近藤友喜,"[""クロスポイント"", ""90分平均"", ""最近5試合"", ""出場試合"", ""攻撃CBP"", ""奪取P""]","["""", ""2.14"", ""0.82"", ""2.14"", ""3"", ""5.19"", ""11.14""]"
20260827,20260824,j1,2026,クロス.html,チャンスビルディングポイント クロスポイント ランキング,リーグサマリー:2026/27 J1 チャンスビルディングポイント クロスポイント ランキング | データによってサッカーはもっと輝く | Football LAB,チャンスビルディングポイント クロスポイント ランキング,2,白井 康介,白井康介,"[""クロスポイント"", ""90分平均"", ""最近5試合"", ""出場試合"", ""攻撃CBP"", ""奪取P""]","["""", ""2.08"", ""0.73"", ""2.08"", ""3"", ""5.17"", ""27.91""]"
20260827,20260824,j1,2026,クロス.html,チャンスビルディングポイント クロスポイント ランキング,リーグサマリー:2026/27 J1 チャンスビルディングポイント クロスポイント ランキング | データによってサッカーはもっと輝く | Football LAB,チャンスビルディングポイント クロスポイント ランキング,2,伊藤 達哉,伊藤達哉,"[""クロスポイント"", ""90分平均"", ""最近5試合"", ""出場試合"", ""攻撃CBP"", ""奪取P""]","["""", ""2.05"", ""0.82"", ""2.05"", ""3"", ""9.43"", ""18.16""]"
20260827,20260824,j1,2026,クロス.html,チャンスビルディングポイント クロスポイント ランキング,リーグサマリー:2026/27 J1 チャンスビルディングポイント クロスポイント ランキング | データによってサッカーはもっと輝く | Football LAB,チャンスビルディングポイント クロスポイント ランキング,2,佐々木 旭,佐々木旭,"[""クロスポイント"", ""90分平均"", ""最近5試合"", ""出場試合"", ""攻撃CBP"", ""奪取P""]","["""", ""2.03"", ""1.74"", ""2.03"", ""3"", ""4.92"", ""17.55""]"
20260827,20260824,j1,2026,クロス.html,チャンスビルディングポイント クロスポイント ランキング,リーグサマリー:2026/27 J1 チャンスビルディングポイント クロスポイント ランキング | データによってサッカーはもっと輝く | Football LAB,チャンスビルディングポイント クロスポイント ランキング,2,山原 怜音,山原怜音,"[""クロスポイント"", ""90分平均"", ""最近5試合"", ""出場試合"", ""攻撃CBP"", ""奪取P""]","["""", ""2.01"", ""0.70"", ""2.01"", ""3"", ""5.88"", ""14.76""]"
20260827,20260824,j1,2026,クロス.html,チャンスビルディングポイント クロスポイント ランキング,リーグサマリー:2026/27 J1 チャンスビルディングポイント クロスポイント ランキング | データによってサッカーはもっと輝く | Football LAB,チャンスビルディングポイント クロスポイント ランキング,2,徳元 悠平,徳元悠平,"[""クロスポイント"", ""90分平均"", ""最近5試合"", ""出場試合"", ""攻撃CBP"", ""奪取P""]","["""", ""1.91"", ""1.27"", ""1.91"", ""2"", ""3.79"", ""8.76""]"
20260827,20260824,j1,2026,クロス.html,チャンスビルディングポイント クロスポイント ランキング,リーグサマリー:2026/27 J1 チャンスビルディングポイント クロスポイント ランキング | データによってサッカーはもっと輝く | Football LAB,チャンスビルディングポイント クロスポイント ランキング,2,藤井 智也,藤井智也,"[""クロスポイント"", ""90分平均"", ""最近5試合"", ""出場試合"", ""攻撃CBP"", ""奪取P""]","["""", ""1.68"", ""0.71"", ""1.68"", ""3"", ""4.84"", ""1.76""]"
20260827,20260824,j1,2026,クロス.html,チャンスビルディングポイント クロスポイント ランキング,リーグサマリー:2026/27 J1 チャンスビルディングポイント クロスポイント ランキング | データによってサッカーはもっと輝く | Football LAB,チャンスビルディングポイント クロスポイント ランキング,2,須貝 英大,須貝英大,"[""クロスポイント"", ""90分平均"", ""最近5試合"", ""出場試合"", ""攻撃CBP"", ""奪取P""]","["""", ""1.68"", ""0.57"", ""1.68"", ""3"", ""3.15"", ""26.80""]"
20260827,20260824,j1,2026,クロス.html,チャンスビルディングポイント クロスポイント ランキング,リーグサマリー:2026/27 J1 チャンスビルディングポイント クロスポイント ランキング | データによってサッカーはもっと輝く | Football LAB,チャンスビルディングポイント クロスポイント ランキング,2,渡邊 凌磨,渡邊凌磨,"[""クロスポイント"", ""90分平均"", ""最近5試合"", ""出場試合"", ""攻撃CBP"", ""奪取P""]","["""", ""1.67"", ""0.63"", ""1.67"", ""3"", ""4.81"", ""24.67""]"
20260827,20260824,j1,2026,クロス.html,チャンスビルディングポイント クロスポイント ランキング,リーグサマリー:2026/27 J1 チャンスビルディングポイント クロスポイント ランキング | データによってサッカーはもっと輝く | Football LAB,チャンスビルディングポイント クロスポイント ランキング,2,石原 広教,石原広教,"[""クロスポイント"", ""90分平均"", ""最近5試合"", ""出場試合"", ""攻撃CBP"", ""奪取P""]","["""", ""1.61"", ""0.94"", ""1.61"", ""3"", ""3.91"", ""16.69""]"
20260827,20260824,j1,2026,クロス.html,チャンスビルディングポイント クロスポイント ランキング,リーグサマリー:2026/27 J1 チャンスビルディングポイント クロスポイント ランキング | データによってサッカーはもっと輝く | Football LAB,チャンスビルディングポイント クロスポイント ランキング,2,小川 諒也,小川諒也,"[""クロスポイント"", ""90分平均"", ""最近5試合"", ""出場試合"", ""攻撃CBP"", ""奪取P""]","["""", ""1.58"", ""0.54"", ""1.58"", ""3"", ""5.99"", ""15.35""]"
20260827,20260824,j1,2026,クロス.html,チャンスビルディングポイント クロスポイント ランキング,リーグサマリー:2026/27 J1 チャンスビルディングポイント クロスポイント ランキング | データによってサッカーはもっと輝く | Football LAB,チャンスビルディングポイント クロスポイント ランキング,2,岩崎 悠人,岩崎悠人,"[""クロスポイント"", ""90分平均"", ""最近5試合"", ""出場試合"", ""攻撃CBP"", ""奪取P""]","["""", ""1.55"", ""0.54"", ""1.55"", ""3"", ""2.49"", ""6.63""]"
20260827,20260824,j1,2026,クロス.html,チャンスビルディングポイント クロスポイント ランキング,リーグサマリー:2026/27 J1 チャンスビルディングポイント クロスポイント ランキング | データによってサッカーはもっと輝く | Football LAB,チャンスビルディングポイント クロスポイント ランキング,2,横山 夢樹,横山夢樹,"[""クロスポイント"", ""90分平均"", ""最近5試合"", ""出場試合"", ""攻撃CBP"", ""奪取P""]","["""", ""1.54"", ""0.79"", ""1.54"", ""3"", ""5.04"", ""0.00""]"
20260827,20260824,j1,2026,クロス.html,チャンスビルディングポイント クロスポイント ランキング,リーグサマリー:2026/27 J1 チャンスビルディングポイント クロスポイント ランキング | データによってサッカーはもっと輝く | Football LAB,チャンスビルディングポイント クロスポイント ランキング,2,福田 心之助,福田心之助,"[""クロスポイント"", ""90分平均"", ""最近5試合"", ""出場試合"", ""攻撃CBP"", ""奪取P""]","["""", ""1.50"", ""0.50"", ""1.50"", ""3"", ""7.06"", ""25.31""]"
20260827,20260824,j1,2026,クロス.html,チャンスビルディングポイント クロスポイント ランキング,リーグサマリー:2026/27 J1 チャンスビルディングポイント クロスポイント ランキング | データによってサッカーはもっと輝く | Football LAB,チャンスビルディングポイント クロスポイント ランキング,2,翁長 聖,翁長聖,"[""クロスポイント"", ""90分平均"", ""最近5試合"", ""出場試合"", ""攻撃CBP"", ""奪取P""]","["""", ""1.47"", ""0.49"", ""1.47"", ""3"", ""4.58"", ""24.45""]"
20260827,20260824,j1,2026,クロス.html,チャンスビルディングポイント クロスポイント ランキング,リーグサマリー:2026/27 J1 チャンスビルディングポイント クロスポイント ランキング | データによってサッカーはもっと輝く | Football LAB,チャンスビルディングポイント クロスポイント ランキング,2,マテウス ブルネッティ,マテウスブルネッティ,"[""クロスポイント"", ""90分平均"", ""最近5試合"", ""出場試合"", ""攻撃CBP"", ""奪取P""]","["""", ""1.46"", ""0.49"", ""1.46"", ""3"", ""5.52"", ""33.05""]"
20260827,20260824,j1,2026,クロス.html,チャンスビルディングポイント クロスポイント ランキング,リーグサマリー:2026/27 J1 チャンスビルディングポイント クロスポイント ランキング | データによってサッカーはもっと輝く | Football LAB,チャンスビルディングポイント クロスポイント ランキング,2,天野 純,天野純,"[""クロスポイント"", ""90分平均"", ""最近5試合"", ""出場試合"", ""攻撃CBP"", ""奪取P""]","["""", ""1.43"", ""0.52"", ""1.43"", ""3"", ""4.55"", ""18.37""]"
20260827,20260824,j1,2026,クロス.html,チャンスビルディングポイント クロスポイント ランキング,リーグサマリー:2026/27 J1 チャンスビルディングポイント クロスポイント ランキング | データによってサッカーはもっと輝く | Football LAB,チャンスビルディングポイント クロスポイント ランキング,2,バングーナガンデ 佳史扶,バングーナガンデ佳史扶,"[""クロスポイント"", ""90分平均"", ""最近5試合"", ""出場試合"", ""攻撃CBP"", ""奪取P""]","["""", ""1.40"", ""1.70"", ""1.40"", ""2"", ""2.56"", ""7.02""]"
20260827,20260824,j1,2026,クロス.html,チャンスビルディングポイント クロスポイント ランキング,リーグサマリー:2026/27 J1 チャンスビルディングポイント クロスポイント ランキング | データによってサッカーはもっと輝く | Football LAB,チャンスビルディングポイント クロスポイント ランキング,2,山中 亮輔,山中亮輔,"[""クロスポイント"", ""90分平均"", ""最近5試合"", ""出場試合"", ""攻撃CBP"", ""奪取P""]","["""", ""1.33"", ""7.04"", ""1.33"", ""1"", ""1.62"", ""0.00""]"
20260827,20260824,j1,2026,クロス.html,チャンスビルディングポイント クロスポイント ランキング,リーグサマリー:2026/27 J1 チャンスビルディングポイント クロスポイント ランキング | データによってサッカーはもっと輝く | Football LAB,チャンスビルディングポイント クロスポイント ランキング,2,山下 諒也,山下諒也,"[""クロスポイント"", ""90分平均"", ""最近5試合"", ""出場試合"", ""攻撃CBP"", ""奪取P""]","["""", ""1.16"", ""0.39"", ""1.16"", ""3"", ""5.36"", ""7.87""]"
20260827,20260824,j1,2026,クロス.html,チャンスビルディングポイント クロスポイント ランキング,リーグサマリー:2026/27 J1 チャンスビルディングポイント クロスポイント ランキング | データによってサッカーはもっと輝く | Football LAB,チャンスビルディングポイント クロスポイント ランキング,2,ジェアン パトリッキ,ジェアンパトリッキ,"[""クロスポイント"", ""90分平均"", ""最近5試合"", ""出場試合"", ""攻撃CBP"", ""奪取P""]","["""", ""1.14"", ""1.14"", ""1.14"", ""1"", ""2.34"", ""2.20""]"
20260827,20260824,j1,2026,クロス.html,チャンスビルディングポイント クロスポイント ランキング,リーグサマリー:2026/27 J1 チャンスビルディングポイント クロスポイント ランキング | データによってサッカーはもっと輝く | Football LAB,チャンスビルディングポイント クロスポイント ランキング,2,遠藤 渓太,遠藤渓太,"[""クロスポイント"", ""90分平均"", ""最近5試合"", ""出場試合"", ""攻撃CBP"", ""奪取P""]","["""", ""1.13"", ""0.44"", ""1.13"", ""3"", ""5.17"", ""6.87""]"
20260827,20260824,j1,2026,クロス.html,チャンスビルディングポイント クロスポイント ランキング,リーグサマリー:2026/27 J1 チャンスビルディングポイント クロスポイント ランキング | データによってサッカーはもっと輝く | Football LAB,チャンスビルディングポイント クロスポイント ランキング,2,真瀬 拓海,真瀬拓海,"[""クロスポイント"", ""90分平均"", ""最近5試合"", ""出場試合"", ""攻撃CBP"", ""奪取P""]","["""", ""1.10"", ""0.37"", ""1.10"", ""3"", ""4.01"", ""28.42""]"
20260827,20260824,j1,2026,クロス.html,チャンスビルディングポイント クロスポイント ランキング,リーグサマリー:2026/27 J1 チャンスビルディングポイント クロスポイント ランキング | データによってサッカーはもっと輝く | Football LAB,チャンスビルディングポイント クロスポイント ランキング,2,大森 博,大森博,"[""クロスポイント"", ""90分平均"", ""最近5試合"", ""出場試合"", ""攻撃CBP"", ""奪取P""]","["""", ""1.09"", ""0.36"", ""1.09"", ""3"", ""5.37"", ""33.94""]"
20260827,20260824,j1,2026,ゴール.html,チャンスビルディングポイント ゴールポイント ランキング,リーグサマリー:2026/27 J1 チャンスビルディングポイント ゴールポイント ランキング | データによってサッカーはもっと輝く | Football LAB,チャンスビルディングポイント ゴールポイント ランキング,1,町田,町田,"[""ゴールポイント"", ""試合平均"", ""最近5試合"", ""順位"", ""勝点"", ""得点"", ""失点""]","[""34.97"", ""11.66"", ""34.97"", ""1"", ""9"", ""12"", ""2""]"
20260827,20260824,j1,2026,ゴール.html,チャンスビルディングポイント ゴールポイント ランキング,リーグサマリー:2026/27 J1 チャンスビルディングポイント ゴールポイント ランキング | データによってサッカーはもっと輝く | Football LAB,チャンスビルディングポイント ゴールポイント ランキング,1,柏,柏,"[""ゴールポイント"", ""試合平均"", ""最近5試合"", ""順位"", ""勝点"", ""得点"", ""失点""]","[""26.93"", ""8.98"", ""26.93"", ""2"", ""9"", ""9"", ""4""]"
20260827,20260824,j1,2026,ゴール.html,チャンスビルディングポイント ゴールポイント ランキング,リーグサマリー:2026/27 J1 チャンスビルディングポイント ゴールポイント ランキング | データによってサッカーはもっと輝く | Football LAB,チャンスビルディングポイント ゴールポイント ランキング,1,広島,広島,"[""ゴールポイント"", ""試合平均"", ""最近5試合"", ""順位"", ""勝点"", ""得点"", ""失点""]","[""23.49"", ""7.83"", ""23.49"", ""4"", ""7"", ""8"", ""2""]"
20260827,20260824,j1,2026,ゴール.html,チャンスビルディングポイント ゴールポイント ランキング,リーグサマリー:2026/27 J1 チャンスビルディングポイント ゴールポイント ランキング | データによってサッカーはもっと輝く | Football LAB,チャンスビルディングポイント ゴールポイント ランキング,1,Ｇ大阪,Ｇ大阪,"[""ゴールポイント"", ""試合平均"", ""最近5試合"", ""順位"", ""勝点"", ""得点"", ""失点""]","[""21.52"", ""7.17"", ""21.52"", ""10"", ""4"", ""6"", ""7""]"
20260827,20260824,j1,2026,ゴール.html,チャンスビルディングポイント ゴールポイント ランキング,リーグサマリー:2026/27 J1 チャンスビルディングポイント ゴールポイント ランキング | データによってサッカーはもっと輝く | Football LAB,チャンスビルディングポイント ゴールポイント ランキング,1,鹿島,鹿島,"[""ゴールポイント"", ""試合平均"", ""最近5試合"", ""順位"", ""勝点"", ""得点"", ""失点""]","[""19.24"", ""6.41"", ""19.24"", ""3"", ""9"", ""9"", ""6""]"
20260827,20260824,j1,2026,ゴール.html,チャンスビルディングポイント ゴールポイント ランキング,リーグサマリー:2026/27 J1 チャンスビルディングポイント ゴールポイント ランキング | データによってサッカーはもっと輝く | Football LAB,チャンスビルディングポイント ゴールポイント ランキング,1,FC東京,FC東京,"[""ゴールポイント"", ""試合平均"", ""最近5試合"", ""順位"", ""勝点"", ""得点"", ""失点""]","[""14.83"", ""4.94"", ""14.83"", ""11"", ""4"", ""5"", ""7""]"
20260827,20260824,j1,2026,ゴール.html,チャンスビルディングポイント ゴールポイント ランキング,リーグサマリー:2026/27 J1 チャンスビルディングポイント ゴールポイント ランキング | データによってサッカーはもっと輝く | Football LAB,チャンスビルディングポイント ゴールポイント ランキング,1,長崎,長崎,"[""ゴールポイント"", ""試合平均"", ""最近5試合"", ""順位"", ""勝点"", ""得点"", ""失点""]","[""14.29"", ""4.76"", ""14.29"", ""16"", ""3"", ""4"", ""6""]"
20260827,20260824,j1,2026,ゴール.html,チャンスビルディングポイント ゴールポイント ランキング,リーグサマリー:2026/27 J1 チャンスビルディングポイント ゴールポイント ランキング | データによってサッカーはもっと輝く | Football LAB,チャンスビルディングポイント ゴールポイント ランキング,1,横浜FM,横浜FM,"[""ゴールポイント"", ""試合平均"", ""最近5試合"", ""順位"", ""勝点"", ""得点"", ""失点""]","[""13.86"", ""4.62"", ""13.86"", ""5"", ""6"", ""5"", ""4""]"
20260827,20260824,j1,2026,ゴール.html,チャンスビルディングポイント ゴールポイント ランキング,リーグサマリー:2026/27 J1 チャンスビルディングポイント ゴールポイント ランキング | データによってサッカーはもっと輝く | Football LAB,チャンスビルディングポイント ゴールポイント ランキング,1,名古屋,名古屋,"[""ゴールポイント"", ""試合平均"", ""最近5試合"", ""順位"", ""勝点"", ""得点"", ""失点""]","[""13.55"", ""4.52"", ""13.55"", ""13"", ""3"", ""4"", ""4""]"
20260827,20260824,j1,2026,ゴール.html,チャンスビルディングポイント ゴールポイント ランキング,リーグサマリー:2026/27 J1 チャンスビルディングポイント ゴールポイント ランキング | データによってサッカーはもっと輝く | Football LAB,チャンスビルディングポイント ゴールポイント ランキング,1,京都,京都,"[""ゴールポイント"", ""試合平均"", ""最近5試合"", ""順位"", ""勝点"", ""得点"", ""失点""]","[""13.43"", ""4.48"", ""13.43"", ""18"", ""1"", ""4"", ""7""]"
20260827,20260824,j1,2026,ゴール.html,チャンスビルディングポイント ゴールポイント ランキング,リーグサマリー:2026/27 J1 チャンスビルディングポイント ゴールポイント ランキング | データによってサッカーはもっと輝く | Football LAB,チャンスビルディングポイント ゴールポイント ランキング,1,福岡,福岡,"[""ゴールポイント"", ""試合平均"", ""最近5試合"", ""順位"", ""勝点"", ""得点"", ""失点""]","[""13.38"", ""4.46"", ""13.38"", ""12"", ""3"", ""5"", ""4""]"
20260827,20260824,j1,2026,ゴール.html,チャンスビルディングポイント ゴールポイント ランキング,リーグサマリー:2026/27 J1 チャンスビルディングポイント ゴールポイント ランキング | データによってサッカーはもっと輝く | Football LAB,チャンスビルディングポイント ゴールポイント ランキング,1,水戸,水戸,"[""ゴールポイント"", ""試合平均"", ""最近5試合"", ""順位"", ""勝点"", ""得点"", ""失点""]","[""12.45"", ""4.15"", ""12.45"", ""7"", ""4"", ""5"", ""4""]"
20260827,20260824,j1,2026,ゴール.html,チャンスビルディングポイント ゴールポイント ランキング,リーグサマリー:2026/27 J1 チャンスビルディングポイント ゴールポイント ランキング | データによってサッカーはもっと輝く | Football LAB,チャンスビルディングポイント ゴールポイント ランキング,1,Ｃ大阪,Ｃ大阪,"[""ゴールポイント"", ""試合平均"", ""最近5試合"", ""順位"", ""勝点"", ""得点"", ""失点""]","[""12.26"", ""4.09"", ""12.26"", ""6"", ""6"", ""3"", ""4""]"
20260827,20260824,j1,2026,ゴール.html,チャンスビルディングポイント ゴールポイント ランキング,リーグサマリー:2026/27 J1 チャンスビルディングポイント ゴールポイント ランキング | データによってサッカーはもっと輝く | Football LAB,チャンスビルディングポイント ゴールポイント ランキング,1,川崎Ｆ,川崎Ｆ,"[""ゴールポイント"", ""試合平均"", ""最近5試合"", ""順位"", ""勝点"", ""得点"", ""失点""]","[""9.22"", ""3.07"", ""9.22"", ""13"", ""3"", ""4"", ""4""]"
20260827,20260824,j1,2026,ゴール.html,チャンスビルディングポイント ゴールポイント ランキング,リーグサマリー:2026/27 J1 チャンスビルディングポイント ゴールポイント ランキング | データによってサッカーはもっと輝く | Football LAB,チャンスビルディングポイント ゴールポイント ランキング,1,浦和,浦和,"[""ゴールポイント"", ""試合平均"", ""最近5試合"", ""順位"", ""勝点"", ""得点"", ""失点""]","[""6.30"", ""2.10"", ""6.30"", ""19"", ""0"", ""5"", ""11""]"
20260827,20260824,j1,2026,ゴール.html,チャンスビルディングポイント ゴールポイント ランキング,リーグサマリー:2026/27 J1 チャンスビルディングポイント ゴールポイント ランキング | データによってサッカーはもっと輝く | Football LAB,チャンスビルディングポイント ゴールポイント ランキング,1,岡山,岡山,"[""ゴールポイント"", ""試合平均"", ""最近5試合"", ""順位"", ""勝点"", ""得点"", ""失点""]","[""5.99"", ""2.00"", ""5.99"", ""9"", ""4"", ""2"", ""2""]"
20260827,20260824,j1,2026,ゴール.html,チャンスビルディングポイント ゴールポイント ランキング,リーグサマリー:2026/27 J1 チャンスビルディングポイント ゴールポイント ランキング | データによってサッカーはもっと輝く | Football LAB,チャンスビルディングポイント ゴールポイント ランキング,1,神戸,神戸,"[""ゴールポイント"", ""試合平均"", ""最近5試合"", ""順位"", ""勝点"", ""得点"", ""失点""]","[""5.73"", ""1.91"", ""5.73"", ""8"", ""4"", ""3"", ""3""]"
20260827,20260824,j1,2026,ゴール.html,チャンスビルディングポイント ゴールポイント ランキング,リーグサマリー:2026/27 J1 チャンスビルディングポイント ゴールポイント ランキング | データによってサッカーはもっと輝く | Football LAB,チャンスビルディングポイント ゴールポイント ランキング,1,東京Ｖ,東京Ｖ,"[""ゴールポイント"", ""試合平均"", ""最近5試合"", ""順位"", ""勝点"", ""得点"", ""失点""]","[""3.87"", ""1.29"", ""3.87"", ""17"", ""2"", ""2"", ""4""]"
20260827,20260824,j1,2026,ゴール.html,チャンスビルディングポイント ゴールポイント ランキング,リーグサマリー:2026/27 J1 チャンスビルディングポイント ゴールポイント ランキング | データによってサッカーはもっと輝く | Football LAB,チャンスビルディングポイント ゴールポイント ランキング,1,清水,清水,"[""ゴールポイント"", ""試合平均"", ""最近5試合"", ""順位"", ""勝点"", ""得点"", ""失点""]","[""2.60"", ""0.87"", ""2.60"", ""15"", ""3"", ""1"", ""2""]"
20260827,20260824,j1,2026,ゴール.html,チャンスビルディングポイント ゴールポイント ランキング,リーグサマリー:2026/27 J1 チャンスビルディングポイント ゴールポイント ランキング | データによってサッカーはもっと輝く | Football LAB,チャンスビルディングポイント ゴールポイント ランキング,1,千葉,千葉,"[""ゴールポイント"", ""試合平均"", ""最近5試合"", ""順位"", ""勝点"", ""得点"", ""失点""]","[""0.00"", ""0.00"", ""0.00"", ""20"", ""0"", ""0"", ""9""]"
20260827,20260824,j1,2026,ゴール.html,チャンスビルディングポイント ゴールポイント ランキング,リーグサマリー:2026/27 J1 チャンスビルディングポイント ゴールポイント ランキング | データによってサッカーはもっと輝く | Football LAB,チャンスビルディングポイント ゴールポイント ランキング,2,鈴木 章斗,鈴木章斗,"[""ゴールポイント"", ""90分平均"", ""最近5試合"", ""出場試合"", ""攻撃CBP"", ""奪取P""]","["""", ""11.35"", ""3.78"", ""11.35"", ""3"", ""5.56"", ""3.01""]"
20260827,20260824,j1,2026,ゴール.html,チャンスビルディングポイント ゴールポイント ランキング,リーグサマリー:2026/27 J1 チャンスビルディングポイント ゴールポイント ランキング | データによってサッカーはもっと輝く | Football LAB,チャンスビルディングポイント ゴールポイント ランキング,2,レオ セアラ,レオセアラ,"[""ゴールポイント"", ""90分平均"", ""最近5試合"", ""出場試合"", ""攻撃CBP"", ""奪取P""]","["""", ""9.56"", ""3.46"", ""9.56"", ""3"", ""3.01"", ""6.18""]"
20260827,20260824,j1,2026,ゴール.html,チャンスビルディングポイント ゴールポイント ランキング,リーグサマリー:2026/27 J1 チャンスビルディングポイント ゴールポイント ランキング | データによってサッカーはもっと輝く | Football LAB,チャンスビルディングポイント ゴールポイント ランキング,2,瀬川 祐輔,瀬川祐輔,"[""ゴールポイント"", ""90分平均"", ""最近5試合"", ""出場試合"", ""攻撃CBP"", ""奪取P""]","["""", ""7.59"", ""7.59"", ""7.59"", ""3"", ""1.06"", ""4.02""]"
20260827,20260824,j1,2026,ゴール.html,チャンスビルディングポイント ゴールポイント ランキング,リーグサマリー:2026/27 J1 チャンスビルディングポイント ゴールポイント ランキング | データによってサッカーはもっと輝く | Football LAB,チャンスビルディングポイント ゴールポイント ランキング,2,チャヴリッチ,チャヴリッチ,"[""ゴールポイント"", ""90分平均"", ""最近5試合"", ""出場試合"", ""攻撃CBP"", ""奪取P""]","["""", ""7.06"", ""10.96"", ""7.06"", ""3"", ""2.37"", ""6.37""]"
20260827,20260824,j1,2026,ゴール.html,チャンスビルディングポイント ゴールポイント ランキング,リーグサマリー:2026/27 J1 チャンスビルディングポイント ゴールポイント ランキング | データによってサッカーはもっと輝く | Football LAB,チャンスビルディングポイント ゴールポイント ランキング,2,小泉 佳穂,小泉佳穂,"[""ゴールポイント"", ""90分平均"", ""最近5試合"", ""出場試合"", ""攻撃CBP"", ""奪取P""]","["""", ""7.06"", ""2.56"", ""7.06"", ""3"", ""5.43"", ""15.31""]"
20260827,20260824,j1,2026,ゴール.html,チャンスビルディングポイント ゴールポイント ランキング,リーグサマリー:2026/27 J1 チャンスビルディングポイント ゴールポイント ランキング | データによってサッカーはもっと輝く | Football LAB,チャンスビルディングポイント ゴールポイント ランキング,2,中村 帆高,中村帆高,"[""ゴールポイント"", ""90分平均"", ""最近5試合"", ""出場試合"", ""攻撃CBP"", ""奪取P""]","["""", ""6.78"", ""2.37"", ""6.78"", ""3"", ""3.38"", ""20.04""]"
20260827,20260824,j1,2026,ゴール.html,チャンスビルディングポイント ゴールポイント ランキング,リーグサマリー:2026/27 J1 チャンスビルディングポイント ゴールポイント ランキング | データによってサッカーはもっと輝く | Football LAB,チャンスビルディングポイント ゴールポイント ランキング,2,テテ イェンギ,テテイェンギ,"[""ゴールポイント"", ""90分平均"", ""最近5試合"", ""出場試合"", ""攻撃CBP"", ""奪取P""]","["""", ""6.70"", ""2.41"", ""6.70"", ""3"", ""1.53"", ""13.98""]"
20260827,20260824,j1,2026,ゴール.html,チャンスビルディングポイント ゴールポイント ランキング,リーグサマリー:2026/27 J1 チャンスビルディングポイント ゴールポイント ランキング | データによってサッカーはもっと輝く | Football LAB,チャンスビルディングポイント ゴールポイント ランキング,2,西村 拓真,西村拓真,"[""ゴールポイント"", ""90分平均"", ""最近5試合"", ""出場試合"", ""攻撃CBP"", ""奪取P""]","["""", ""6.30"", ""5.85"", ""6.30"", ""3"", ""2.06"", ""5.47""]"
20260827,20260824,j1,2026,ゴール.html,チャンスビルディングポイント ゴールポイント ランキング,リーグサマリー:2026/27 J1 チャンスビルディングポイント ゴールポイント ランキング | データによってサッカーはもっと輝く | Football LAB,チャンスビルディングポイント ゴールポイント ランキング,2,チアゴ サンタナ,チアゴサンタナ,"[""ゴールポイント"", ""90分平均"", ""最近5試合"", ""出場試合"", ""攻撃CBP"", ""奪取P""]","["""", ""6.16"", ""2.73"", ""6.16"", ""3"", ""1.90"", ""5.89""]"
20260827,20260824,j1,2026,ゴール.html,チャンスビルディングポイント ゴールポイント ランキング,リーグサマリー:2026/27 J1 チャンスビルディングポイント ゴールポイント ランキング | データによってサッカーはもっと輝く | Football LAB,チャンスビルディングポイント ゴールポイント ランキング,2,谷村 海那,谷村海那,"[""ゴールポイント"", ""90分平均"", ""最近5試合"", ""出場試合"", ""攻撃CBP"", ""奪取P""]","["""", ""5.81"", ""2.23"", ""5.81"", ""3"", ""1.74"", ""13.38""]"
20260827,20260824,j1,2026,ゴール.html,チャンスビルディングポイント ゴールポイント ランキング,リーグサマリー:2026/27 J1 チャンスビルディングポイント ゴールポイント ランキング | データによってサッカーはもっと輝く | Football LAB,チャンスビルディングポイント ゴールポイント ランキング,2,デニス ヒュメット,デニスヒュメット,"[""ゴールポイント"", ""90分平均"", ""最近5試合"", ""出場試合"", ""攻撃CBP"", ""奪取P""]","["""", ""5.49"", ""2.87"", ""5.49"", ""3"", ""1.64"", ""0.00""]"
20260827,20260824,j1,2026,ゴール.html,チャンスビルディングポイント ゴールポイント ランキング,リーグサマリー:2026/27 J1 チャンスビルディングポイント ゴールポイント ランキング | データによってサッカーはもっと輝く | Football LAB,チャンスビルディングポイント ゴールポイント ランキング,2,チアゴ アンドラーデ,チアゴアンドラーデ,"[""ゴールポイント"", ""90分平均"", ""最近5試合"", ""出場試合"", ""攻撃CBP"", ""奪取P""]","["""", ""5.28"", ""6.51"", ""5.28"", ""3"", ""0.71"", ""4.61""]"
20260827,20260824,j1,2026,ゴール.html,チャンスビルディングポイント ゴールポイント ランキング,リーグサマリー:2026/27 J1 チャンスビルディングポイント ゴールポイント ランキング | データによってサッカーはもっと輝く | Football LAB,チャンスビルディングポイント ゴールポイント ランキング,2,木村 勇大,木村勇大,"[""ゴールポイント"", ""90分平均"", ""最近5試合"", ""出場試合"", ""攻撃CBP"", ""奪取P""]","["""", ""5.24"", ""1.77"", ""5.24"", ""3"", ""4.21"", ""0.00""]"
20260827,20260824,j1,2026,ゴール.html,チャンスビルディングポイント ゴールポイント ランキング,リーグサマリー:2026/27 J1 チャンスビルディングポイント ゴールポイント ランキング | データによってサッカーはもっと輝く | Football LAB,チャンスビルディングポイント ゴールポイント ランキング,2,食野 亮太郎,食野亮太郎,"[""ゴールポイント"", ""90分平均"", ""最近5試合"", ""出場試合"", ""攻撃CBP"", ""奪取P""]","["""", ""5.24"", ""3.37"", ""5.24"", ""2"", ""2.60"", ""3.90""]"
20260827,20260824,j1,2026,ゴール.html,チャンスビルディングポイント ゴールポイント ランキング,リーグサマリー:2026/27 J1 チャンスビルディングポイント ゴールポイント ランキング | データによってサッカーはもっと輝く | Football LAB,チャンスビルディングポイント ゴールポイント ランキング,2,ラファエル エリアス,ラファエルエリアス,"[""ゴールポイント"", ""90分平均"", ""最近5試合"", ""出場試合"", ""攻撃CBP"", ""奪取P""]","["""", ""5.22"", ""1.74"", ""5.22"", ""3"", ""1.77"", ""6.94""]"
20260827,20260824,j1,2026,ゴール.html,チャンスビルディングポイント ゴールポイント ランキング,リーグサマリー:2026/27 J1 チャンスビルディングポイント ゴールポイント ランキング | データによってサッカーはもっと輝く | Football LAB,チャンスビルディングポイント ゴールポイント ランキング,2,岩崎 悠人,岩崎悠人,"[""ゴールポイント"", ""90分平均"", ""最近5試合"", ""出場試合"", ""攻撃CBP"", ""奪取P""]","["""", ""5.06"", ""1.77"", ""5.06"", ""3"", ""2.49"", ""6.63""]"
20260827,20260824,j1,2026,ゴール.html,チャンスビルディングポイント ゴールポイント ランキング,リーグサマリー:2026/27 J1 チャンスビルディングポイント ゴールポイント ランキング | データによってサッカーはもっと輝く | Football LAB,チャンスビルディングポイント ゴールポイント ランキング,2,辻岡 佑真,辻岡佑真,"[""ゴールポイント"", ""90分平均"", ""最近5試合"", ""出場試合"", ""攻撃CBP"", ""奪取P""]","["""", ""5.06"", ""1.69"", ""5.06"", ""3"", ""3.40"", ""27.77""]"
20260827,20260824,j1,2026,ゴール.html,チャンスビルディングポイント ゴールポイント ランキング,リーグサマリー:2026/27 J1 チャンスビルディングポイント ゴールポイント ランキング | データによってサッカーはもっと輝く | Football LAB,チャンスビルディングポイント ゴールポイント ランキング,2,福田 心之助,福田心之助,"[""ゴールポイント"", ""90分平均"", ""最近5試合"", ""出場試合"", ""攻撃CBP"", ""奪取P""]","["""", ""4.97"", ""1.66"", ""4.97"", ""3"", ""7.06"", ""25.31""]"
20260827,20260824,j1,2026,ゴール.html,チャンスビルディングポイント ゴールポイント ランキング,リーグサマリー:2026/27 J1 チャンスビルディングポイント ゴールポイント ランキング | データによってサッカーはもっと輝く | Football LAB,チャンスビルディングポイント ゴールポイント ランキング,2,長倉 幹樹,長倉幹樹,"[""ゴールポイント"", ""90分平均"", ""最近5試合"", ""出場試合"", ""攻撃CBP"", ""奪取P""]","["""", ""4.72"", ""1.91"", ""4.72"", ""3"", ""3.94"", ""14.62""]"
20260827,20260824,j1,2026,ゴール.html,チャンスビルディングポイント ゴールポイント ランキング,リーグサマリー:2026/27 J1 チャンスビルディングポイント ゴールポイント ランキング | データによってサッカーはもっと輝く | Football LAB,チャンスビルディングポイント ゴールポイント ランキング,2,三井寺 眞,三井寺眞,"[""ゴールポイント"", ""90分平均"", ""最近5試合"", ""出場試合"", ""攻撃CBP"", ""奪取P""]","["""", ""4.18"", ""1.69"", ""4.18"", ""3"", ""1.95"", ""13.27""]"
20260827,20260824,j1,2026,ゴール.html,チャンスビルディングポイント ゴールポイント ランキング,リーグサマリー:2026/27 J1 チャンスビルディングポイント ゴールポイント ランキング | データによってサッカーはもっと輝く | Football LAB,チャンスビルディングポイント ゴールポイント ランキング,2,マルセロ ヒアン,マルセロヒアン,"[""ゴールポイント"", ""90分平均"", ""最近5試合"", ""出場試合"", ""攻撃CBP"", ""奪取P""]","["""", ""4.15"", ""1.93"", ""4.15"", ""3"", ""3.04"", ""5.72""]"
20260827,20260824,j1,2026,ゴール.html,チャンスビルディングポイント ゴールポイント ランキング,リーグサマリー:2026/27 J1 チャンスビルディングポイント ゴールポイント ランキング | データによってサッカーはもっと輝く | Football LAB,チャンスビルディングポイント ゴールポイント ランキング,2,師岡 柊生,師岡柊生,"[""ゴールポイント"", ""90分平均"", ""最近5試合"", ""出場試合"", ""攻撃CBP"", ""奪取P""]","["""", ""4.15"", ""1.99"", ""4.15"", ""3"", ""1.76"", ""10.92""]"
20260827,20260824,j1,2026,ゴール.html,チャンスビルディングポイント ゴールポイント ランキング,リーグサマリー:2026/27 J1 チャンスビルディングポイント ゴールポイント ランキング | データによってサッカーはもっと輝く | Football LAB,チャンスビルディングポイント ゴールポイント ランキング,2,横山 夢樹,横山夢樹,"[""ゴールポイント"", ""90分平均"", ""最近5試合"", ""出場試合"", ""攻撃CBP"", ""奪取P""]","["""", ""4.08"", ""2.09"", ""4.08"", ""3"", ""5.04"", ""0.00""]"
20260827,20260824,j1,2026,ゴール.html,チャンスビルディングポイント ゴールポイント ランキング,リーグサマリー:2026/27 J1 チャンスビルディングポイント ゴールポイント ランキング | データによってサッカーはもっと輝く | Football LAB,チャンスビルディングポイント ゴールポイント ランキング,2,遠藤 渓太,遠藤渓太,"[""ゴールポイント"", ""90分平均"", ""最近5試合"", ""出場試合"", ""攻撃CBP"", ""奪取P""]","["""", ""4.06"", ""1.58"", ""4.06"", ""3"", ""5.17"", ""6.87""]"
20260827,20260824,j1,2026,ゴール.html,チャンスビルディングポイント ゴールポイント ランキング,リーグサマリー:2026/27 J1 チャンスビルディングポイント ゴールポイント ランキング | データによってサッカーはもっと輝く | Football LAB,チャンスビルディングポイント ゴールポイント ランキング,2,井上 太聖,井上太聖,"[""ゴールポイント"", ""90分平均"", ""最近5試合"", ""出場試合"", ""攻撃CBP"", ""奪取P""]","["""", ""3.87"", ""1.29"", ""3.87"", ""3"", ""2.65"", ""31.76""]"
20260827,20260824,j1,2026,ゴール.html,チャンスビルディングポイント ゴールポイント ランキング,リーグサマリー:2026/27 J1 チャンスビルディングポイント ゴールポイント ランキング | データによってサッカーはもっと輝く | Football LAB,チャンスビルディングポイント ゴールポイント ランキング,2,小野 雅史,小野雅史,"[""ゴールポイント"", ""90分平均"", ""最近5試合"", ""出場試合"", ""攻撃CBP"", ""奪取P""]","["""", ""3.87"", ""29.03"", ""3.87"", ""1"", ""0.45"", ""0.00""]"
20260827,20260824,j1,2026,ゴール.html,チャンスビルディングポイント ゴールポイント ランキング,リーグサマリー:2026/27 J1 チャンスビルディングポイント ゴールポイント ランキング | データによってサッカーはもっと輝く | Football LAB,チャンスビルディングポイント ゴールポイント ランキング,2,垣田 裕暉,垣田裕暉,"[""ゴールポイント"", ""90分平均"", ""最近5試合"", ""出場試合"", ""攻撃CBP"", ""奪取P""]","["""", ""3.82"", ""1.91"", ""3.82"", ""3"", ""1.70"", ""5.69""]"
20260827,20260824,j1,2026,ゴール.html,チャンスビルディングポイント ゴールポイント ランキング,リーグサマリー:2026/27 J1 チャンスビルディングポイント ゴールポイント ランキング | データによってサッカーはもっと輝く | Football LAB,チャンスビルディングポイント ゴールポイント ランキング,2,ラザル ロマニッチ,ラザルロマニッチ,"[""ゴールポイント"", ""90分平均"", ""最近5試合"", ""出場試合"", ""攻撃CBP"", ""奪取P""]","["""", ""3.72"", ""1.74"", ""3.72"", ""3"", ""3.14"", ""14.72""]"
20260827,20260824,j1,2026,ゴール.html,チャンスビルディングポイント ゴールポイント ランキング,リーグサマリー:2026/27 J1 チャンスビルディングポイント ゴールポイント ランキング | データによってサッカーはもっと輝く | Football LAB,チャンスビルディングポイント ゴールポイント ランキング,2,ルカオ,ルカオ,"[""ゴールポイント"", ""90分平均"", ""最近5試合"", ""出場試合"", ""攻撃CBP"", ""奪取P""]","["""", ""3.39"", ""1.58"", ""3.39"", ""3"", ""1.38"", ""6.59""]"
20260827,20260824,j1,2026,ゴール.html,チャンスビルディングポイント ゴールポイント ランキング,リーグサマリー:2026/27 J1 チャンスビルディングポイント ゴールポイント ランキング | データによってサッカーはもっと輝く | Football LAB,チャンスビルディングポイント ゴールポイント ランキング,2,相馬 勇紀,相馬勇紀,"[""ゴールポイント"", ""90分平均"", ""最近5試合"", ""出場試合"", ""攻撃CBP"", ""奪取P""]","["""", ""3.27"", ""1.13"", ""3.27"", ""3"", ""8.02"", ""4.82""]"
20260827,20260824,j1,2026,ゴール期待値.html,ゴール期待値,リーグサマリー:2026/27 J1 ゴール期待値 | データによってサッカーはもっと輝く | Football LAB,ゴール期待値,1,広島,広島,"[""期待値"", ""ゴール"", ""差分"", ""成績順位""]","[""2.583"", ""2.67"", ""0.087"", ""4""]"
20260827,20260824,j1,2026,ゴール期待値.html,ゴール期待値,リーグサマリー:2026/27 J1 ゴール期待値 | データによってサッカーはもっと輝く | Football LAB,ゴール期待値,1,水戸,水戸,"[""期待値"", ""ゴール"", ""差分"", ""成績順位""]","[""1.978"", ""1.67"", ""-0.308"", ""7""]"
20260827,20260824,j1,2026,ゴール期待値.html,ゴール期待値,リーグサマリー:2026/27 J1 ゴール期待値 | データによってサッカーはもっと輝く | Football LAB,ゴール期待値,1,鹿島,鹿島,"[""期待値"", ""ゴール"", ""差分"", ""成績順位""]","[""1.949"", ""2.67"", ""0.721"", ""3""]"
20260827,20260824,j1,2026,ゴール期待値.html,ゴール期待値,リーグサマリー:2026/27 J1 ゴール期待値 | データによってサッカーはもっと輝く | Football LAB,ゴール期待値,1,FC東京,FC東京,"[""期待値"", ""ゴール"", ""差分"", ""成績順位""]","[""1.818"", ""1.67"", ""-0.148"", ""11""]"
20260827,20260824,j1,2026,ゴール期待値.html,ゴール期待値,リーグサマリー:2026/27 J1 ゴール期待値 | データによってサッカーはもっと輝く | Football LAB,ゴール期待値,1,岡山,岡山,"[""期待値"", ""ゴール"", ""差分"", ""成績順位""]","[""1.675"", ""0.67"", ""-1.005"", ""9""]"
20260827,20260824,j1,2026,ゴール期待値.html,ゴール期待値,リーグサマリー:2026/27 J1 ゴール期待値 | データによってサッカーはもっと輝く | Football LAB,ゴール期待値,1,浦和,浦和,"[""期待値"", ""ゴール"", ""差分"", ""成績順位""]","[""1.666"", ""1.33"", ""-0.336"", ""19""]"
20260827,20260824,j1,2026,ゴール期待値.html,ゴール期待値,リーグサマリー:2026/27 J1 ゴール期待値 | データによってサッカーはもっと輝く | Football LAB,ゴール期待値,1,清水,清水,"[""期待値"", ""ゴール"", ""差分"", ""成績順位""]","[""1.603"", ""0.33"", ""-1.273"", ""15""]"
20260827,20260824,j1,2026,ゴール期待値.html,ゴール期待値,リーグサマリー:2026/27 J1 ゴール期待値 | データによってサッカーはもっと輝く | Football LAB,ゴール期待値,1,町田,町田,"[""期待値"", ""ゴール"", ""差分"", ""成績順位""]","[""1.570"", ""4"", ""2.430"", ""1""]"
20260827,20260824,j1,2026,ゴール期待値.html,ゴール期待値,リーグサマリー:2026/27 J1 ゴール期待値 | データによってサッカーはもっと輝く | Football LAB,ゴール期待値,1,川崎Ｆ,川崎Ｆ,"[""期待値"", ""ゴール"", ""差分"", ""成績順位""]","[""1.563"", ""1.33"", ""-0.233"", ""13""]"
20260827,20260824,j1,2026,ゴール期待値.html,ゴール期待値,リーグサマリー:2026/27 J1 ゴール期待値 | データによってサッカーはもっと輝く | Football LAB,ゴール期待値,1,Ｇ大阪,Ｇ大阪,"[""期待値"", ""ゴール"", ""差分"", ""成績順位""]","[""1.487"", ""2"", ""0.513"", ""10""]"
20260827,20260824,j1,2026,ゴール期待値.html,ゴール期待値,リーグサマリー:2026/27 J1 ゴール期待値 | データによってサッカーはもっと輝く | Football LAB,ゴール期待値,1,名古屋,名古屋,"[""期待値"", ""ゴール"", ""差分"", ""成績順位""]","[""1.456"", ""1.33"", ""-0.126"", ""13""]"
20260827,20260824,j1,2026,ゴール期待値.html,ゴール期待値,リーグサマリー:2026/27 J1 ゴール期待値 | データによってサッカーはもっと輝く | Football LAB,ゴール期待値,1,柏,柏,"[""期待値"", ""ゴール"", ""差分"", ""成績順位""]","[""1.404"", ""3"", ""1.596"", ""2""]"
20260827,20260824,j1,2026,ゴール期待値.html,ゴール期待値,リーグサマリー:2026/27 J1 ゴール期待値 | データによってサッカーはもっと輝く | Football LAB,ゴール期待値,1,神戸,神戸,"[""期待値"", ""ゴール"", ""差分"", ""成績順位""]","[""1.259"", ""1"", ""-0.259"", ""8""]"
20260827,20260824,j1,2026,ゴール期待値.html,ゴール期待値,リーグサマリー:2026/27 J1 ゴール期待値 | データによってサッカーはもっと輝く | Football LAB,ゴール期待値,1,福岡,福岡,"[""期待値"", ""ゴール"", ""差分"", ""成績順位""]","[""1.253"", ""1.33"", ""0.077"", ""12""]"
20260827,20260824,j1,2026,ゴール期待値.html,ゴール期待値,リーグサマリー:2026/27 J1 ゴール期待値 | データによってサッカーはもっと輝く | Football LAB,ゴール期待値,1,東京Ｖ,東京Ｖ,"[""期待値"", ""ゴール"", ""差分"", ""成績順位""]","[""1.029"", ""0.67"", ""-0.359"", ""17""]"
20260827,20260824,j1,2026,ゴール期待値.html,ゴール期待値,リーグサマリー:2026/27 J1 ゴール期待値 | データによってサッカーはもっと輝く | Football LAB,ゴール期待値,1,横浜FM,横浜FM,"[""期待値"", ""ゴール"", ""差分"", ""成績順位""]","[""0.979"", ""1.67"", ""0.691"", ""5""]"
20260827,20260824,j1,2026,ゴール期待値.html,ゴール期待値,リーグサマリー:2026/27 J1 ゴール期待値 | データによってサッカーはもっと輝く | Football LAB,ゴール期待値,1,京都,京都,"[""期待値"", ""ゴール"", ""差分"", ""成績順位""]","[""0.972"", ""1.33"", ""0.358"", ""18""]"
20260827,20260824,j1,2026,ゴール期待値.html,ゴール期待値,リーグサマリー:2026/27 J1 ゴール期待値 | データによってサッカーはもっと輝く | Football LAB,ゴール期待値,1,長崎,長崎,"[""期待値"", ""ゴール"", ""差分"", ""成績順位""]","[""0.757"", ""1.33"", ""0.573"", ""16""]"
20260827,20260824,j1,2026,ゴール期待値.html,ゴール期待値,リーグサマリー:2026/27 J1 ゴール期待値 | データによってサッカーはもっと輝く | Football LAB,ゴール期待値,1,Ｃ大阪,Ｃ大阪,"[""期待値"", ""ゴール"", ""差分"", ""成績順位""]","[""0.604"", ""1"", ""0.396"", ""6""]"
20260827,20260824,j1,2026,ゴール期待値.html,ゴール期待値,リーグサマリー:2026/27 J1 ゴール期待値 | データによってサッカーはもっと輝く | Football LAB,ゴール期待値,1,千葉,千葉,"[""期待値"", ""ゴール"", ""差分"", ""成績順位""]","[""0.550"", ""0"", ""-0.550"", ""20""]"
20260827,20260824,j1,2026,ゴール期待値.html,ゴール期待値,リーグサマリー:2026/27 J1 ゴール期待値 | データによってサッカーはもっと輝く | Football LAB,被ゴール期待値,2,岡山,岡山,"[""期待値"", ""被ゴール"", ""差分"", ""成績順位""]","[""0.339"", ""0.67"", ""0.331"", ""9""]"
20260827,20260824,j1,2026,ゴール期待値.html,ゴール期待値,リーグサマリー:2026/27 J1 ゴール期待値 | データによってサッカーはもっと輝く | Football LAB,被ゴール期待値,2,広島,広島,"[""期待値"", ""被ゴール"", ""差分"", ""成績順位""]","[""0.739"", ""0.33"", ""-0.409"", ""4""]"
20260827,20260824,j1,2026,ゴール期待値.html,ゴール期待値,リーグサマリー:2026/27 J1 ゴール期待値 | データによってサッカーはもっと輝く | Football LAB,被ゴール期待値,2,福岡,福岡,"[""期待値"", ""被ゴール"", ""差分"", ""成績順位""]","[""0.830"", ""1"", ""0.170"", ""12""]"
20260827,20260824,j1,2026,ゴール期待値.html,ゴール期待値,リーグサマリー:2026/27 J1 ゴール期待値 | データによってサッカーはもっと輝く | Football LAB,被ゴール期待値,2,清水,清水,"[""期待値"", ""被ゴール"", ""差分"", ""成績順位""]","[""0.852"", ""0.67"", ""-0.182"", ""15""]"
20260827,20260824,j1,2026,ゴール期待値.html,ゴール期待値,リーグサマリー:2026/27 J1 ゴール期待値 | データによってサッカーはもっと輝く | Football LAB,被ゴール期待値,2,神戸,神戸,"[""期待値"", ""被ゴール"", ""差分"", ""成績順位""]","[""1.095"", ""1"", ""-0.095"", ""8""]"
20260827,20260824,j1,2026,ゴール期待値.html,ゴール期待値,リーグサマリー:2026/27 J1 ゴール期待値 | データによってサッカーはもっと輝く | Football LAB,被ゴール期待値,2,柏,柏,"[""期待値"", ""被ゴール"", ""差分"", ""成績順位""]","[""1.101"", ""1.33"", ""0.229"", ""2""]"
20260827,20260824,j1,2026,ゴール期待値.html,ゴール期待値,リーグサマリー:2026/27 J1 ゴール期待値 | データによってサッカーはもっと輝く | Football LAB,被ゴール期待値,2,町田,町田,"[""期待値"", ""被ゴール"", ""差分"", ""成績順位""]","[""1.230"", ""0.67"", ""-0.560"", ""1""]"
20260827,20260824,j1,2026,ゴール期待値.html,ゴール期待値,リーグサマリー:2026/27 J1 ゴール期待値 | データによってサッカーはもっと輝く | Football LAB,被ゴール期待値,2,鹿島,鹿島,"[""期待値"", ""被ゴール"", ""差分"", ""成績順位""]","[""1.249"", ""1.67"", ""0.421"", ""3""]"
20260827,20260824,j1,2026,ゴール期待値.html,ゴール期待値,リーグサマリー:2026/27 J1 ゴール期待値 | データによってサッカーはもっと輝く | Football LAB,被ゴール期待値,2,東京Ｖ,東京Ｖ,"[""期待値"", ""被ゴール"", ""差分"", ""成績順位""]","[""1.279"", ""1.33"", ""0.051"", ""17""]"
20260827,20260824,j1,2026,ゴール期待値.html,ゴール期待値,リーグサマリー:2026/27 J1 ゴール期待値 | データによってサッカーはもっと輝く | Football LAB,被ゴール期待値,2,長崎,長崎,"[""期待値"", ""被ゴール"", ""差分"", ""成績順位""]","[""1.389"", ""2"", ""0.611"", ""16""]"
20260827,20260824,j1,2026,ゴール期待値.html,ゴール期待値,リーグサマリー:2026/27 J1 ゴール期待値 | データによってサッカーはもっと輝く | Football LAB,被ゴール期待値,2,FC東京,FC東京,"[""期待値"", ""被ゴール"", ""差分"", ""成績順位""]","[""1.435"", ""2.33"", ""0.895"", ""11""]"
20260827,20260824,j1,2026,ゴール期待値.html,ゴール期待値,リーグサマリー:2026/27 J1 ゴール期待値 | データによってサッカーはもっと輝く | Football LAB,被ゴール期待値,2,水戸,水戸,"[""期待値"", ""被ゴール"", ""差分"", ""成績順位""]","[""1.496"", ""1.33"", ""-0.166"", ""7""]"
20260827,20260824,j1,2026,ゴール期待値.html,ゴール期待値,リーグサマリー:2026/27 J1 ゴール期待値 | データによってサッカーはもっと輝く | Football LAB,被ゴール期待値,2,川崎Ｆ,川崎Ｆ,"[""期待値"", ""被ゴール"", ""差分"", ""成績順位""]","[""1.525"", ""1.33"", ""-0.195"", ""13""]"
20260827,20260824,j1,2026,ゴール期待値.html,ゴール期待値,リーグサマリー:2026/27 J1 ゴール期待値 | データによってサッカーはもっと輝く | Football LAB,被ゴール期待値,2,名古屋,名古屋,"[""期待値"", ""被ゴール"", ""差分"", ""成績順位""]","[""1.580"", ""1.33"", ""-0.250"", ""13""]"
20260827,20260824,j1,2026,ゴール期待値.html,ゴール期待値,リーグサマリー:2026/27 J1 ゴール期待値 | データによってサッカーはもっと輝く | Football LAB,被ゴール期待値,2,京都,京都,"[""期待値"", ""被ゴール"", ""差分"", ""成績順位""]","[""1.716"", ""2.33"", ""0.614"", ""18""]"
20260827,20260824,j1,2026,ゴール期待値.html,ゴール期待値,リーグサマリー:2026/27 J1 ゴール期待値 | データによってサッカーはもっと輝く | Football LAB,被ゴール期待値,2,横浜FM,横浜FM,"[""期待値"", ""被ゴール"", ""差分"", ""成績順位""]","[""1.774"", ""1.33"", ""-0.444"", ""5""]"
20260827,20260824,j1,2026,ゴール期待値.html,ゴール期待値,リーグサマリー:2026/27 J1 ゴール期待値 | データによってサッカーはもっと輝く | Football LAB,被ゴール期待値,2,浦和,浦和,"[""期待値"", ""被ゴール"", ""差分"", ""成績順位""]","[""1.904"", ""3.67"", ""1.766"", ""19""]"
20260827,20260824,j1,2026,ゴール期待値.html,ゴール期待値,リーグサマリー:2026/27 J1 ゴール期待値 | データによってサッカーはもっと輝く | Football LAB,被ゴール期待値,2,Ｃ大阪,Ｃ大阪,"[""期待値"", ""被ゴール"", ""差分"", ""成績順位""]","[""1.995"", ""1.33"", ""-0.665"", ""6""]"
20260827,20260824,j1,2026,ゴール期待値.html,ゴール期待値,リーグサマリー:2026/27 J1 ゴール期待値 | データによってサッカーはもっと輝く | Football LAB,被ゴール期待値,2,千葉,千葉,"[""期待値"", ""被ゴール"", ""差分"", ""成績順位""]","[""2.269"", ""3"", ""0.731"", ""20""]"
20260827,20260824,j1,2026,ゴール期待値.html,ゴール期待値,リーグサマリー:2026/27 J1 ゴール期待値 | データによってサッカーはもっと輝く | Football LAB,被ゴール期待値,2,Ｇ大阪,Ｇ大阪,"[""期待値"", ""被ゴール"", ""差分"", ""成績順位""]","[""2.358"", ""2.33"", ""-0.028"", ""10""]"
20260827,20260824,j1,2026,シュート.html,チャンスビルディングポイント シュートポイント ランキング,リーグサマリー:2026/27 J1 チャンスビルディングポイント シュートポイント ランキング | データによってサッカーはもっと輝く | Football LAB,チャンスビルディングポイント シュートポイント ランキング,1,名古屋,名古屋,"[""シュートポイント"", ""試合平均"", ""最近5試合"", ""順位"", ""勝点"", ""得点"", ""失点""]","[""35.27"", ""11.76"", ""35.27"", ""13"", ""3"", ""4"", ""4""]"
20260827,20260824,j1,2026,シュート.html,チャンスビルディングポイント シュートポイント ランキング,リーグサマリー:2026/27 J1 チャンスビルディングポイント シュートポイント ランキング | データによってサッカーはもっと輝く | Football LAB,チャンスビルディングポイント シュートポイント ランキング,1,広島,広島,"[""シュートポイント"", ""試合平均"", ""最近5試合"", ""順位"", ""勝点"", ""得点"", ""失点""]","[""33.10"", ""11.03"", ""33.10"", ""4"", ""7"", ""8"", ""2""]"
20260827,20260824,j1,2026,シュート.html,チャンスビルディングポイント シュートポイント ランキング,リーグサマリー:2026/27 J1 チャンスビルディングポイント シュートポイント ランキング | データによってサッカーはもっと輝く | Football LAB,チャンスビルディングポイント シュートポイント ランキング,1,福岡,福岡,"[""シュートポイント"", ""試合平均"", ""最近5試合"", ""順位"", ""勝点"", ""得点"", ""失点""]","[""31.67"", ""10.56"", ""31.67"", ""12"", ""3"", ""5"", ""4""]"
20260827,20260824,j1,2026,シュート.html,チャンスビルディングポイント シュートポイント ランキング,リーグサマリー:2026/27 J1 チャンスビルディングポイント シュートポイント ランキング | データによってサッカーはもっと輝く | Football LAB,チャンスビルディングポイント シュートポイント ランキング,1,Ｇ大阪,Ｇ大阪,"[""シュートポイント"", ""試合平均"", ""最近5試合"", ""順位"", ""勝点"", ""得点"", ""失点""]","[""30.22"", ""10.07"", ""30.22"", ""10"", ""4"", ""6"", ""7""]"
20260827,20260824,j1,2026,シュート.html,チャンスビルディングポイント シュートポイント ランキング,リーグサマリー:2026/27 J1 チャンスビルディングポイント シュートポイント ランキング | データによってサッカーはもっと輝く | Football LAB,チャンスビルディングポイント シュートポイント ランキング,1,鹿島,鹿島,"[""シュートポイント"", ""試合平均"", ""最近5試合"", ""順位"", ""勝点"", ""得点"", ""失点""]","[""29.76"", ""9.92"", ""29.76"", ""3"", ""9"", ""9"", ""6""]"
20260827,20260824,j1,2026,シュート.html,チャンスビルディングポイント シュートポイント ランキング,リーグサマリー:2026/27 J1 チャンスビルディングポイント シュートポイント ランキング | データによってサッカーはもっと輝く | Football LAB,チャンスビルディングポイント シュートポイント ランキング,1,柏,柏,"[""シュートポイント"", ""試合平均"", ""最近5試合"", ""順位"", ""勝点"", ""得点"", ""失点""]","[""29.10"", ""9.70"", ""29.10"", ""2"", ""9"", ""9"", ""4""]"
20260827,20260824,j1,2026,シュート.html,チャンスビルディングポイント シュートポイント ランキング,リーグサマリー:2026/27 J1 チャンスビルディングポイント シュートポイント ランキング | データによってサッカーはもっと輝く | Football LAB,チャンスビルディングポイント シュートポイント ランキング,1,町田,町田,"[""シュートポイント"", ""試合平均"", ""最近5試合"", ""順位"", ""勝点"", ""得点"", ""失点""]","[""26.78"", ""8.93"", ""26.78"", ""1"", ""9"", ""12"", ""2""]"
20260827,20260824,j1,2026,シュート.html,チャンスビルディングポイント シュートポイント ランキング,リーグサマリー:2026/27 J1 チャンスビルディングポイント シュートポイント ランキング | データによってサッカーはもっと輝く | Football LAB,チャンスビルディングポイント シュートポイント ランキング,1,川崎Ｆ,川崎Ｆ,"[""シュートポイント"", ""試合平均"", ""最近5試合"", ""順位"", ""勝点"", ""得点"", ""失点""]","[""26.47"", ""8.82"", ""26.47"", ""13"", ""3"", ""4"", ""4""]"
20260827,20260824,j1,2026,シュート.html,チャンスビルディングポイント シュートポイント ランキング,リーグサマリー:2026/27 J1 チャンスビルディングポイント シュートポイント ランキング | データによってサッカーはもっと輝く | Football LAB,チャンスビルディングポイント シュートポイント ランキング,1,FC東京,FC東京,"[""シュートポイント"", ""試合平均"", ""最近5試合"", ""順位"", ""勝点"", ""得点"", ""失点""]","[""26.17"", ""8.72"", ""26.17"", ""11"", ""4"", ""5"", ""7""]"
20260827,20260824,j1,2026,シュート.html,チャンスビルディングポイント シュートポイント ランキング,リーグサマリー:2026/27 J1 チャンスビルディングポイント シュートポイント ランキング | データによってサッカーはもっと輝く | Football LAB,チャンスビルディングポイント シュートポイント ランキング,1,京都,京都,"[""シュートポイント"", ""試合平均"", ""最近5試合"", ""順位"", ""勝点"", ""得点"", ""失点""]","[""24.33"", ""8.11"", ""24.33"", ""18"", ""1"", ""4"", ""7""]"
20260827,20260824,j1,2026,シュート.html,チャンスビルディングポイント シュートポイント ランキング,リーグサマリー:2026/27 J1 チャンスビルディングポイント シュートポイント ランキング | データによってサッカーはもっと輝く | Football LAB,チャンスビルディングポイント シュートポイント ランキング,1,横浜FM,横浜FM,"[""シュートポイント"", ""試合平均"", ""最近5試合"", ""順位"", ""勝点"", ""得点"", ""失点""]","[""23.63"", ""7.88"", ""23.63"", ""5"", ""6"", ""5"", ""4""]"
20260827,20260824,j1,2026,シュート.html,チャンスビルディングポイント シュートポイント ランキング,リーグサマリー:2026/27 J1 チャンスビルディングポイント シュートポイント ランキング | データによってサッカーはもっと輝く | Football LAB,チャンスビルディングポイント シュートポイント ランキング,1,水戸,水戸,"[""シュートポイント"", ""試合平均"", ""最近5試合"", ""順位"", ""勝点"", ""得点"", ""失点""]","[""22.62"", ""7.54"", ""22.62"", ""7"", ""4"", ""5"", ""4""]"
20260827,20260824,j1,2026,シュート.html,チャンスビルディングポイント シュートポイント ランキング,リーグサマリー:2026/27 J1 チャンスビルディングポイント シュートポイント ランキング | データによってサッカーはもっと輝く | Football LAB,チャンスビルディングポイント シュートポイント ランキング,1,岡山,岡山,"[""シュートポイント"", ""試合平均"", ""最近5試合"", ""順位"", ""勝点"", ""得点"", ""失点""]","[""22.47"", ""7.49"", ""22.47"", ""9"", ""4"", ""2"", ""2""]"
20260827,20260824,j1,2026,シュート.html,チャンスビルディングポイント シュートポイント ランキング,リーグサマリー:2026/27 J1 チャンスビルディングポイント シュートポイント ランキング | データによってサッカーはもっと輝く | Football LAB,チャンスビルディングポイント シュートポイント ランキング,1,浦和,浦和,"[""シュートポイント"", ""試合平均"", ""最近5試合"", ""順位"", ""勝点"", ""得点"", ""失点""]","[""20.75"", ""6.92"", ""20.75"", ""19"", ""0"", ""5"", ""11""]"
20260827,20260824,j1,2026,シュート.html,チャンスビルディングポイント シュートポイント ランキング,リーグサマリー:2026/27 J1 チャンスビルディングポイント シュートポイント ランキング | データによってサッカーはもっと輝く | Football LAB,チャンスビルディングポイント シュートポイント ランキング,1,Ｃ大阪,Ｃ大阪,"[""シュートポイント"", ""試合平均"", ""最近5試合"", ""順位"", ""勝点"", ""得点"", ""失点""]","[""18.25"", ""6.08"", ""18.25"", ""6"", ""6"", ""3"", ""4""]"
20260827,20260824,j1,2026,シュート.html,チャンスビルディングポイント シュートポイント ランキング,リーグサマリー:2026/27 J1 チャンスビルディングポイント シュートポイント ランキング | データによってサッカーはもっと輝く | Football LAB,チャンスビルディングポイント シュートポイント ランキング,1,清水,清水,"[""シュートポイント"", ""試合平均"", ""最近5試合"", ""順位"", ""勝点"", ""得点"", ""失点""]","[""18.22"", ""6.07"", ""18.22"", ""15"", ""3"", ""1"", ""2""]"
20260827,20260824,j1,2026,シュート.html,チャンスビルディングポイント シュートポイント ランキング,リーグサマリー:2026/27 J1 チャンスビルディングポイント シュートポイント ランキング | データによってサッカーはもっと輝く | Football LAB,チャンスビルディングポイント シュートポイント ランキング,1,神戸,神戸,"[""シュートポイント"", ""試合平均"", ""最近5試合"", ""順位"", ""勝点"", ""得点"", ""失点""]","[""15.35"", ""5.12"", ""15.35"", ""8"", ""4"", ""3"", ""3""]"
20260827,20260824,j1,2026,シュート.html,チャンスビルディングポイント シュートポイント ランキング,リーグサマリー:2026/27 J1 チャンスビルディングポイント シュートポイント ランキング | データによってサッカーはもっと輝く | Football LAB,チャンスビルディングポイント シュートポイント ランキング,1,東京Ｖ,東京Ｖ,"[""シュートポイント"", ""試合平均"", ""最近5試合"", ""順位"", ""勝点"", ""得点"", ""失点""]","[""14.16"", ""4.72"", ""14.16"", ""17"", ""2"", ""2"", ""4""]"
20260827,20260824,j1,2026,シュート.html,チャンスビルディングポイント シュートポイント ランキング,リーグサマリー:2026/27 J1 チャンスビルディングポイント シュートポイント ランキング | データによってサッカーはもっと輝く | Football LAB,チャンスビルディングポイント シュートポイント ランキング,1,長崎,長崎,"[""シュートポイント"", ""試合平均"", ""最近5試合"", ""順位"", ""勝点"", ""得点"", ""失点""]","[""13.65"", ""4.55"", ""13.65"", ""16"", ""3"", ""4"", ""6""]"
20260827,20260824,j1,2026,シュート.html,チャンスビルディングポイント シュートポイント ランキング,リーグサマリー:2026/27 J1 チャンスビルディングポイント シュートポイント ランキング | データによってサッカーはもっと輝く | Football LAB,チャンスビルディングポイント シュートポイント ランキング,1,千葉,千葉,"[""シュートポイント"", ""試合平均"", ""最近5試合"", ""順位"", ""勝点"", ""得点"", ""失点""]","[""9.78"", ""3.26"", ""9.78"", ""20"", ""0"", ""0"", ""9""]"
20260827,20260824,j1,2026,シュート.html,チャンスビルディングポイント シュートポイント ランキング,リーグサマリー:2026/27 J1 チャンスビルディングポイント シュートポイント ランキング | データによってサッカーはもっと輝く | Football LAB,チャンスビルディングポイント シュートポイント ランキング,2,鈴木 章斗,鈴木章斗,"[""シュートポイント"", ""90分平均"", ""最近5試合"", ""出場試合"", ""攻撃CBP"", ""奪取P""]","["""", ""12.75"", ""4.25"", ""12.75"", ""3"", ""5.56"", ""3.01""]"
20260827,20260824,j1,2026,シュート.html,チャンスビルディングポイント シュートポイント ランキング,リーグサマリー:2026/27 J1 チャンスビルディングポイント シュートポイント ランキング | データによってサッカーはもっと輝く | Football LAB,チャンスビルディングポイント シュートポイント ランキング,2,チアゴ サンタナ,チアゴサンタナ,"[""シュートポイント"", ""90分平均"", ""最近5試合"", ""出場試合"", ""攻撃CBP"", ""奪取P""]","["""", ""9.90"", ""4.39"", ""9.90"", ""3"", ""1.90"", ""5.89""]"
20260827,20260824,j1,2026,シュート.html,チャンスビルディングポイント シュートポイント ランキング,リーグサマリー:2026/27 J1 チャンスビルディングポイント シュートポイント ランキング | データによってサッカーはもっと輝く | Football LAB,チャンスビルディングポイント シュートポイント ランキング,2,マルセロ ヒアン,マルセロヒアン,"[""シュートポイント"", ""90分平均"", ""最近5試合"", ""出場試合"", ""攻撃CBP"", ""奪取P""]","["""", ""9.08"", ""4.21"", ""9.08"", ""3"", ""3.04"", ""5.72""]"
20260827,20260824,j1,2026,シュート.html,チャンスビルディングポイント シュートポイント ランキング,リーグサマリー:2026/27 J1 チャンスビルディングポイント シュートポイント ランキング | データによってサッカーはもっと輝く | Football LAB,チャンスビルディングポイント シュートポイント ランキング,2,レオ セアラ,レオセアラ,"[""シュートポイント"", ""90分平均"", ""最近5試合"", ""出場試合"", ""攻撃CBP"", ""奪取P""]","["""", ""8.73"", ""3.16"", ""8.73"", ""3"", ""3.01"", ""6.18""]"
20260827,20260824,j1,2026,シュート.html,チャンスビルディングポイント シュートポイント ランキング,リーグサマリー:2026/27 J1 チャンスビルディングポイント シュートポイント ランキング | データによってサッカーはもっと輝く | Football LAB,チャンスビルディングポイント シュートポイント ランキング,2,オ セフン,オセフン,"[""シュートポイント"", ""90分平均"", ""最近5試合"", ""出場試合"", ""攻撃CBP"", ""奪取P""]","["""", ""8.01"", ""5.68"", ""8.01"", ""2"", ""0.69"", ""3.28""]"
20260827,20260824,j1,2026,シュート.html,チャンスビルディングポイント シュートポイント ランキング,リーグサマリー:2026/27 J1 チャンスビルディングポイント シュートポイント ランキング | データによってサッカーはもっと輝く | Football LAB,チャンスビルディングポイント シュートポイント ランキング,2,長倉 幹樹,長倉幹樹,"[""シュートポイント"", ""90分平均"", ""最近5試合"", ""出場試合"", ""攻撃CBP"", ""奪取P""]","["""", ""7.08"", ""2.87"", ""7.08"", ""3"", ""3.94"", ""14.62""]"
20260827,20260824,j1,2026,シュート.html,チャンスビルディングポイント シュートポイント ランキング,リーグサマリー:2026/27 J1 チャンスビルディングポイント シュートポイント ランキング | データによってサッカーはもっと輝く | Football LAB,チャンスビルディングポイント シュートポイント ランキング,2,ラファエル エリアス,ラファエルエリアス,"[""シュートポイント"", ""90分平均"", ""最近5試合"", ""出場試合"", ""攻撃CBP"", ""奪取P""]","["""", ""6.72"", ""2.24"", ""6.72"", ""3"", ""1.77"", ""6.94""]"
20260827,20260824,j1,2026,シュート.html,チャンスビルディングポイント シュートポイント ランキング,リーグサマリー:2026/27 J1 チャンスビルディングポイント シュートポイント ランキング | データによってサッカーはもっと輝く | Football LAB,チャンスビルディングポイント シュートポイント ランキング,2,見木 友哉,見木友哉,"[""シュートポイント"", ""90分平均"", ""最近5試合"", ""出場試合"", ""攻撃CBP"", ""奪取P""]","["""", ""6.46"", ""2.15"", ""6.46"", ""3"", ""4.12"", ""44.58""]"
20260827,20260824,j1,2026,シュート.html,チャンスビルディングポイント シュートポイント ランキング,リーグサマリー:2026/27 J1 チャンスビルディングポイント シュートポイント ランキング | データによってサッカーはもっと輝く | Football LAB,チャンスビルディングポイント シュートポイント ランキング,2,相馬 勇紀,相馬勇紀,"[""シュートポイント"", ""90分平均"", ""最近5試合"", ""出場試合"", ""攻撃CBP"", ""奪取P""]","["""", ""6.28"", ""2.17"", ""6.28"", ""3"", ""8.02"", ""4.82""]"
20260827,20260824,j1,2026,シュート.html,チャンスビルディングポイント シュートポイント ランキング,リーグサマリー:2026/27 J1 チャンスビルディングポイント シュートポイント ランキング | データによってサッカーはもっと輝く | Football LAB,チャンスビルディングポイント シュートポイント ランキング,2,加藤 陸次樹,加藤陸次樹,"[""シュートポイント"", ""90分平均"", ""最近5試合"", ""出場試合"", ""攻撃CBP"", ""奪取P""]","["""", ""6.20"", ""2.35"", ""6.20"", ""3"", ""3.17"", ""12.28""]"
20260827,20260824,j1,2026,シュート.html,チャンスビルディングポイント シュートポイント ランキング,リーグサマリー:2026/27 J1 チャンスビルディングポイント シュートポイント ランキング | データによってサッカーはもっと輝く | Football LAB,チャンスビルディングポイント シュートポイント ランキング,2,久保 藤次郎,久保藤次郎,"[""シュートポイント"", ""90分平均"", ""最近5試合"", ""出場試合"", ""攻撃CBP"", ""奪取P""]","["""", ""6.06"", ""2.16"", ""6.06"", ""3"", ""7.09"", ""23.50""]"
20260827,20260824,j1,2026,シュート.html,チャンスビルディングポイント シュートポイント ランキング,リーグサマリー:2026/27 J1 チャンスビルディングポイント シュートポイント ランキング | データによってサッカーはもっと輝く | Football LAB,チャンスビルディングポイント シュートポイント ランキング,2,渡邊 凌磨,渡邊凌磨,"[""シュートポイント"", ""90分平均"", ""最近5試合"", ""出場試合"", ""攻撃CBP"", ""奪取P""]","["""", ""5.96"", ""2.24"", ""5.96"", ""3"", ""4.81"", ""24.67""]"
20260827,20260824,j1,2026,シュート.html,チャンスビルディングポイント シュートポイント ランキング,リーグサマリー:2026/27 J1 チャンスビルディングポイント シュートポイント ランキング | データによってサッカーはもっと輝く | Football LAB,チャンスビルディングポイント シュートポイント ランキング,2,鈴木 優磨,鈴木優磨,"[""シュートポイント"", ""90分平均"", ""最近5試合"", ""出場試合"", ""攻撃CBP"", ""奪取P""]","["""", ""5.29"", ""1.78"", ""5.29"", ""3"", ""4.42"", ""16.53""]"
20260827,20260824,j1,2026,シュート.html,チャンスビルディングポイント シュートポイント ランキング,リーグサマリー:2026/27 J1 チャンスビルディングポイント シュートポイント ランキング | データによってサッカーはもっと輝く | Football LAB,チャンスビルディングポイント シュートポイント ランキング,2,中野 就斗,中野就斗,"[""シュートポイント"", ""90分平均"", ""最近5試合"", ""出場試合"", ""攻撃CBP"", ""奪取P""]","["""", ""5.27"", ""1.76"", ""5.27"", ""3"", ""5.23"", ""32.88""]"
20260827,20260824,j1,2026,シュート.html,チャンスビルディングポイント シュートポイント ランキング,リーグサマリー:2026/27 J1 チャンスビルディングポイント シュートポイント ランキング | データによってサッカーはもっと輝く | Football LAB,チャンスビルディングポイント シュートポイント ランキング,2,ウェリック ポポ,ウェリックポポ,"[""シュートポイント"", ""90分平均"", ""最近5試合"", ""出場試合"", ""攻撃CBP"", ""奪取P""]","["""", ""5.16"", ""1.86"", ""5.16"", ""3"", ""4.90"", ""20.88""]"
20260827,20260824,j1,2026,シュート.html,チャンスビルディングポイント シュートポイント ランキング,リーグサマリー:2026/27 J1 チャンスビルディングポイント シュートポイント ランキング | データによってサッカーはもっと輝く | Football LAB,チャンスビルディングポイント シュートポイント ランキング,2,師岡 柊生,師岡柊生,"[""シュートポイント"", ""90分平均"", ""最近5試合"", ""出場試合"", ""攻撃CBP"", ""奪取P""]","["""", ""5.13"", ""2.46"", ""5.13"", ""3"", ""1.76"", ""10.92""]"
20260827,20260824,j1,2026,シュート.html,チャンスビルディングポイント シュートポイント ランキング,リーグサマリー:2026/27 J1 チャンスビルディングポイント シュートポイント ランキング | データによってサッカーはもっと輝く | Football LAB,チャンスビルディングポイント シュートポイント ランキング,2,マルシーニョ,マルシーニョ,"[""シュートポイント"", ""90分平均"", ""最近5試合"", ""出場試合"", ""攻撃CBP"", ""奪取P""]","["""", ""5.04"", ""2.70"", ""5.04"", ""3"", ""2.55"", ""5.67""]"
20260827,20260824,j1,2026,シュート.html,チャンスビルディングポイント シュートポイント ランキング,リーグサマリー:2026/27 J1 チャンスビルディングポイント シュートポイント ランキング | データによってサッカーはもっと輝く | Football LAB,チャンスビルディングポイント シュートポイント ランキング,2,マテウス カストロ,マテウスカストロ,"[""シュートポイント"", ""90分平均"", ""最近5試合"", ""出場試合"", ""攻撃CBP"", ""奪取P""]","["""", ""5.03"", ""3.28"", ""5.03"", ""3"", ""1.99"", ""9.72""]"
20260827,20260824,j1,2026,シュート.html,チャンスビルディングポイント シュートポイント ランキング,リーグサマリー:2026/27 J1 チャンスビルディングポイント シュートポイント ランキング | データによってサッカーはもっと輝く | Football LAB,チャンスビルディングポイント シュートポイント ランキング,2,和泉 竜司,和泉竜司,"[""シュートポイント"", ""90分平均"", ""最近5試合"", ""出場試合"", ""攻撃CBP"", ""奪取P""]","["""", ""4.96"", ""2.21"", ""4.96"", ""3"", ""2.87"", ""8.52""]"
20260827,20260824,j1,2026,シュート.html,チャンスビルディングポイント シュートポイント ランキング,リーグサマリー:2026/27 J1 チャンスビルディングポイント シュートポイント ランキング | データによってサッカーはもっと輝く | Football LAB,チャンスビルディングポイント シュートポイント ランキング,2,デニス ヒュメット,デニスヒュメット,"[""シュートポイント"", ""90分平均"", ""最近5試合"", ""出場試合"", ""攻撃CBP"", ""奪取P""]","["""", ""4.73"", ""2.48"", ""4.73"", ""3"", ""1.64"", ""0.00""]"
20260827,20260824,j1,2026,シュート.html,チャンスビルディングポイント シュートポイント ランキング,リーグサマリー:2026/27 J1 チャンスビルディングポイント シュートポイント ランキング | データによってサッカーはもっと輝く | Football LAB,チャンスビルディングポイント シュートポイント ランキング,2,三井寺 眞,三井寺眞,"[""シュートポイント"", ""90分平均"", ""最近5試合"", ""出場試合"", ""攻撃CBP"", ""奪取P""]","["""", ""4.65"", ""1.88"", ""4.65"", ""3"", ""1.95"", ""13.27""]"
20260827,20260824,j1,2026,シュート.html,チャンスビルディングポイント シュートポイント ランキング,リーグサマリー:2026/27 J1 チャンスビルディングポイント シュートポイント ランキング | データによってサッカーはもっと輝く | Football LAB,チャンスビルディングポイント シュートポイント ランキング,2,チャヴリッチ,チャヴリッチ,"[""シュートポイント"", ""90分平均"", ""最近5試合"", ""出場試合"", ""攻撃CBP"", ""奪取P""]","["""", ""4.61"", ""7.15"", ""4.61"", ""3"", ""2.37"", ""6.37""]"
20260827,20260824,j1,2026,シュート.html,チャンスビルディングポイント シュートポイント ランキング,リーグサマリー:2026/27 J1 チャンスビルディングポイント シュートポイント ランキング | データによってサッカーはもっと輝く | Football LAB,チャンスビルディングポイント シュートポイント ランキング,2,ラザル ロマニッチ,ラザルロマニッチ,"[""シュートポイント"", ""90分平均"", ""最近5試合"", ""出場試合"", ""攻撃CBP"", ""奪取P""]","["""", ""4.60"", ""2.16"", ""4.60"", ""3"", ""3.14"", ""14.72""]"
20260827,20260824,j1,2026,シュート.html,チャンスビルディングポイント シュートポイント ランキング,リーグサマリー:2026/27 J1 チャンスビルディングポイント シュートポイント ランキング | データによってサッカーはもっと輝く | Football LAB,チャンスビルディングポイント シュートポイント ランキング,2,小森 飛絢,小森飛絢,"[""シュートポイント"", ""90分平均"", ""最近5試合"", ""出場試合"", ""攻撃CBP"", ""奪取P""]","["""", ""4.54"", ""2.21"", ""4.54"", ""3"", ""2.43"", ""0.00""]"
20260827,20260824,j1,2026,シュート.html,チャンスビルディングポイント シュートポイント ランキング,リーグサマリー:2026/27 J1 チャンスビルディングポイント シュートポイント ランキング | データによってサッカーはもっと輝く | Football LAB,チャンスビルディングポイント シュートポイント ランキング,2,西村 拓真,西村拓真,"[""シュートポイント"", ""90分平均"", ""最近5試合"", ""出場試合"", ""攻撃CBP"", ""奪取P""]","["""", ""4.51"", ""4.18"", ""4.51"", ""3"", ""2.06"", ""5.47""]"
20260827,20260824,j1,2026,シュート.html,チャンスビルディングポイント シュートポイント ランキング,リーグサマリー:2026/27 J1 チャンスビルディングポイント シュートポイント ランキング | データによってサッカーはもっと輝く | Football LAB,チャンスビルディングポイント シュートポイント ランキング,2,脇坂 泰斗,脇坂泰斗,"[""シュートポイント"", ""90分平均"", ""最近5試合"", ""出場試合"", ""攻撃CBP"", ""奪取P""]","["""", ""4.44"", ""1.48"", ""4.44"", ""3"", ""3.74"", ""28.32""]"
20260827,20260824,j1,2026,シュート.html,チャンスビルディングポイント シュートポイント ランキング,リーグサマリー:2026/27 J1 チャンスビルディングポイント シュートポイント ランキング | データによってサッカーはもっと輝く | Football LAB,チャンスビルディングポイント シュートポイント ランキング,2,マテウス サヴィオ,マテウスサヴィオ,"[""シュートポイント"", ""90分平均"", ""最近5試合"", ""出場試合"", ""攻撃CBP"", ""奪取P""]","["""", ""4.34"", ""4.34"", ""4.34"", ""2"", ""1.85"", ""4.05""]"
20260827,20260824,j1,2026,シュート.html,チャンスビルディングポイント シュートポイント ランキング,リーグサマリー:2026/27 J1 チャンスビルディングポイント シュートポイント ランキング | データによってサッカーはもっと輝く | Football LAB,チャンスビルディングポイント シュートポイント ランキング,2,大迫 勇也,大迫勇也,"[""シュートポイント"", ""90分平均"", ""最近5試合"", ""出場試合"", ""攻撃CBP"", ""奪取P""]","["""", ""4.29"", ""2.16"", ""4.29"", ""2"", ""1.35"", ""4.78""]"
20260827,20260824,j1,2026,シュート.html,チャンスビルディングポイント シュートポイント ランキング,リーグサマリー:2026/27 J1 チャンスビルディングポイント シュートポイント ランキング | データによってサッカーはもっと輝く | Football LAB,チャンスビルディングポイント シュートポイント ランキング,2,谷村 海那,谷村海那,"[""シュートポイント"", ""90分平均"", ""最近5試合"", ""出場試合"", ""攻撃CBP"", ""奪取P""]","["""", ""4.10"", ""1.57"", ""4.10"", ""3"", ""1.74"", ""13.38""]"
20260827,20260824,j1,2026,シュート.html,チャンスビルディングポイント シュートポイント ランキング,リーグサマリー:2026/27 J1 チャンスビルディングポイント シュートポイント ランキング | データによってサッカーはもっと輝く | Football LAB,チャンスビルディングポイント シュートポイント ランキング,2,小泉 佳穂,小泉佳穂,"[""シュートポイント"", ""90分平均"", ""最近5試合"", ""出場試合"", ""攻撃CBP"", ""奪取P""]","["""", ""4.10"", ""1.49"", ""4.10"", ""3"", ""5.43"", ""15.31""]"
20260827,20260824,j1,2026,セーブ.html,チャンスビルディングポイント セーブポイント ランキング,リーグサマリー:2026/27 J1 チャンスビルディングポイント セーブポイント ランキング | データによってサッカーはもっと輝く | Football LAB,チャンスビルディングポイント セーブポイント ランキング,1,浦和,浦和,"[""セーブポイント"", ""試合平均"", ""最近5試合"", ""順位"", ""勝点"", ""得点"", ""失点""]","[""2.68"", ""0.89"", ""2.68"", ""19"", ""0"", ""5"", ""11""]"
20260827,20260824,j1,2026,セーブ.html,チャンスビルディングポイント セーブポイント ランキング,リーグサマリー:2026/27 J1 チャンスビルディングポイント セーブポイント ランキング | データによってサッカーはもっと輝く | Football LAB,チャンスビルディングポイント セーブポイント ランキング,1,Ｇ大阪,Ｇ大阪,"[""セーブポイント"", ""試合平均"", ""最近5試合"", ""順位"", ""勝点"", ""得点"", ""失点""]","[""2.40"", ""0.80"", ""2.40"", ""10"", ""4"", ""6"", ""7""]"
20260827,20260824,j1,2026,セーブ.html,チャンスビルディングポイント セーブポイント ランキング,リーグサマリー:2026/27 J1 チャンスビルディングポイント セーブポイント ランキング | データによってサッカーはもっと輝く | Football LAB,チャンスビルディングポイント セーブポイント ランキング,1,Ｃ大阪,Ｃ大阪,"[""セーブポイント"", ""試合平均"", ""最近5試合"", ""順位"", ""勝点"", ""得点"", ""失点""]","[""2.21"", ""0.74"", ""2.21"", ""6"", ""6"", ""3"", ""4""]"
20260827,20260824,j1,2026,セーブ.html,チャンスビルディングポイント セーブポイント ランキング,リーグサマリー:2026/27 J1 チャンスビルディングポイント セーブポイント ランキング | データによってサッカーはもっと輝く | Football LAB,チャンスビルディングポイント セーブポイント ランキング,1,清水,清水,"[""セーブポイント"", ""試合平均"", ""最近5試合"", ""順位"", ""勝点"", ""得点"", ""失点""]","[""2.12"", ""0.71"", ""2.12"", ""15"", ""3"", ""1"", ""2""]"
20260827,20260824,j1,2026,セーブ.html,チャンスビルディングポイント セーブポイント ランキング,リーグサマリー:2026/27 J1 チャンスビルディングポイント セーブポイント ランキング | データによってサッカーはもっと輝く | Football LAB,チャンスビルディングポイント セーブポイント ランキング,1,名古屋,名古屋,"[""セーブポイント"", ""試合平均"", ""最近5試合"", ""順位"", ""勝点"", ""得点"", ""失点""]","[""1.71"", ""0.57"", ""1.71"", ""13"", ""3"", ""4"", ""4""]"
20260827,20260824,j1,2026,セーブ.html,チャンスビルディングポイント セーブポイント ランキング,リーグサマリー:2026/27 J1 チャンスビルディングポイント セーブポイント ランキング | データによってサッカーはもっと輝く | Football LAB,チャンスビルディングポイント セーブポイント ランキング,1,川崎Ｆ,川崎Ｆ,"[""セーブポイント"", ""試合平均"", ""最近5試合"", ""順位"", ""勝点"", ""得点"", ""失点""]","[""1.63"", ""0.54"", ""1.63"", ""13"", ""3"", ""4"", ""4""]"
20260827,20260824,j1,2026,セーブ.html,チャンスビルディングポイント セーブポイント ランキング,リーグサマリー:2026/27 J1 チャンスビルディングポイント セーブポイント ランキング | データによってサッカーはもっと輝く | Football LAB,チャンスビルディングポイント セーブポイント ランキング,1,水戸,水戸,"[""セーブポイント"", ""試合平均"", ""最近5試合"", ""順位"", ""勝点"", ""得点"", ""失点""]","[""1.46"", ""0.49"", ""1.46"", ""7"", ""4"", ""5"", ""4""]"
20260827,20260824,j1,2026,セーブ.html,チャンスビルディングポイント セーブポイント ランキング,リーグサマリー:2026/27 J1 チャンスビルディングポイント セーブポイント ランキング | データによってサッカーはもっと輝く | Football LAB,チャンスビルディングポイント セーブポイント ランキング,1,東京Ｖ,東京Ｖ,"[""セーブポイント"", ""試合平均"", ""最近5試合"", ""順位"", ""勝点"", ""得点"", ""失点""]","[""1.42"", ""0.47"", ""1.42"", ""17"", ""2"", ""2"", ""4""]"
20260827,20260824,j1,2026,セーブ.html,チャンスビルディングポイント セーブポイント ランキング,リーグサマリー:2026/27 J1 チャンスビルディングポイント セーブポイント ランキング | データによってサッカーはもっと輝く | Football LAB,チャンスビルディングポイント セーブポイント ランキング,1,横浜FM,横浜FM,"[""セーブポイント"", ""試合平均"", ""最近5試合"", ""順位"", ""勝点"", ""得点"", ""失点""]","[""1.24"", ""0.41"", ""1.24"", ""5"", ""6"", ""5"", ""4""]"
20260827,20260824,j1,2026,セーブ.html,チャンスビルディングポイント セーブポイント ランキング,リーグサマリー:2026/27 J1 チャンスビルディングポイント セーブポイント ランキング | データによってサッカーはもっと輝く | Football LAB,チャンスビルディングポイント セーブポイント ランキング,1,京都,京都,"[""セーブポイント"", ""試合平均"", ""最近5試合"", ""順位"", ""勝点"", ""得点"", ""失点""]","[""1.19"", ""0.40"", ""1.19"", ""18"", ""1"", ""4"", ""7""]"
20260827,20260824,j1,2026,セーブ.html,チャンスビルディングポイント セーブポイント ランキング,リーグサマリー:2026/27 J1 チャンスビルディングポイント セーブポイント ランキング | データによってサッカーはもっと輝く | Football LAB,チャンスビルディングポイント セーブポイント ランキング,1,千葉,千葉,"[""セーブポイント"", ""試合平均"", ""最近5試合"", ""順位"", ""勝点"", ""得点"", ""失点""]","[""1.07"", ""0.36"", ""1.07"", ""20"", ""0"", ""0"", ""9""]"
20260827,20260824,j1,2026,セーブ.html,チャンスビルディングポイント セーブポイント ランキング,リーグサマリー:2026/27 J1 チャンスビルディングポイント セーブポイント ランキング | データによってサッカーはもっと輝く | Football LAB,チャンスビルディングポイント セーブポイント ランキング,1,広島,広島,"[""セーブポイント"", ""試合平均"", ""最近5試合"", ""順位"", ""勝点"", ""得点"", ""失点""]","[""0.82"", ""0.27"", ""0.82"", ""4"", ""7"", ""8"", ""2""]"
20260827,20260824,j1,2026,セーブ.html,チャンスビルディングポイント セーブポイント ランキング,リーグサマリー:2026/27 J1 チャンスビルディングポイント セーブポイント ランキング | データによってサッカーはもっと輝く | Football LAB,チャンスビルディングポイント セーブポイント ランキング,1,町田,町田,"[""セーブポイント"", ""試合平均"", ""最近5試合"", ""順位"", ""勝点"", ""得点"", ""失点""]","[""0.79"", ""0.26"", ""0.79"", ""1"", ""9"", ""12"", ""2""]"
20260827,20260824,j1,2026,セーブ.html,チャンスビルディングポイント セーブポイント ランキング,リーグサマリー:2026/27 J1 チャンスビルディングポイント セーブポイント ランキング | データによってサッカーはもっと輝く | Football LAB,チャンスビルディングポイント セーブポイント ランキング,1,柏,柏,"[""セーブポイント"", ""試合平均"", ""最近5試合"", ""順位"", ""勝点"", ""得点"", ""失点""]","[""0.78"", ""0.26"", ""0.78"", ""2"", ""9"", ""9"", ""4""]"
20260827,20260824,j1,2026,セーブ.html,チャンスビルディングポイント セーブポイント ランキング,リーグサマリー:2026/27 J1 チャンスビルディングポイント セーブポイント ランキング | データによってサッカーはもっと輝く | Football LAB,チャンスビルディングポイント セーブポイント ランキング,1,鹿島,鹿島,"[""セーブポイント"", ""試合平均"", ""最近5試合"", ""順位"", ""勝点"", ""得点"", ""失点""]","[""0.70"", ""0.23"", ""0.70"", ""3"", ""9"", ""9"", ""6""]"
20260827,20260824,j1,2026,セーブ.html,チャンスビルディングポイント セーブポイント ランキング,リーグサマリー:2026/27 J1 チャンスビルディングポイント セーブポイント ランキング | データによってサッカーはもっと輝く | Football LAB,チャンスビルディングポイント セーブポイント ランキング,1,神戸,神戸,"[""セーブポイント"", ""試合平均"", ""最近5試合"", ""順位"", ""勝点"", ""得点"", ""失点""]","[""0.69"", ""0.23"", ""0.69"", ""8"", ""4"", ""3"", ""3""]"
20260827,20260824,j1,2026,セーブ.html,チャンスビルディングポイント セーブポイント ランキング,リーグサマリー:2026/27 J1 チャンスビルディングポイント セーブポイント ランキング | データによってサッカーはもっと輝く | Football LAB,チャンスビルディングポイント セーブポイント ランキング,1,福岡,福岡,"[""セーブポイント"", ""試合平均"", ""最近5試合"", ""順位"", ""勝点"", ""得点"", ""失点""]","[""0.65"", ""0.22"", ""0.65"", ""12"", ""3"", ""5"", ""4""]"
20260827,20260824,j1,2026,セーブ.html,チャンスビルディングポイント セーブポイント ランキング,リーグサマリー:2026/27 J1 チャンスビルディングポイント セーブポイント ランキング | データによってサッカーはもっと輝く | Football LAB,チャンスビルディングポイント セーブポイント ランキング,1,長崎,長崎,"[""セーブポイント"", ""試合平均"", ""最近5試合"", ""順位"", ""勝点"", ""得点"", ""失点""]","[""0.51"", ""0.17"", ""0.51"", ""16"", ""3"", ""4"", ""6""]"
20260827,20260824,j1,2026,セーブ.html,チャンスビルディングポイント セーブポイント ランキング,リーグサマリー:2026/27 J1 チャンスビルディングポイント セーブポイント ランキング | データによってサッカーはもっと輝く | Football LAB,チャンスビルディングポイント セーブポイント ランキング,1,岡山,岡山,"[""セーブポイント"", ""試合平均"", ""最近5試合"", ""順位"", ""勝点"", ""得点"", ""失点""]","[""0.35"", ""0.12"", ""0.35"", ""9"", ""4"", ""2"", ""2""]"
20260827,20260824,j1,2026,セーブ.html,チャンスビルディングポイント セーブポイント ランキング,リーグサマリー:2026/27 J1 チャンスビルディングポイント セーブポイント ランキング | データによってサッカーはもっと輝く | Football LAB,チャンスビルディングポイント セーブポイント ランキング,1,FC東京,FC東京,"[""セーブポイント"", ""試合平均"", ""最近5試合"", ""順位"", ""勝点"", ""得点"", ""失点""]","[""0.32"", ""0.11"", ""0.32"", ""11"", ""4"", ""5"", ""7""]"
20260827,20260824,j1,2026,セーブ.html,チャンスビルディングポイント セーブポイント ランキング,リーグサマリー:2026/27 J1 チャンスビルディングポイント セーブポイント ランキング | データによってサッカーはもっと輝く | Football LAB,チャンスビルディングポイント セーブポイント ランキング,2,西川 周作,西川周作,"[""セーブポイント"", ""90分平均"", ""最近5試合"", ""出場試合"", ""攻撃CBP"", ""奪取P""]","["""", ""2.68"", ""0.89"", ""2.68"", ""3"", ""1.40"", ""4.99""]"
20260827,20260824,j1,2026,セーブ.html,チャンスビルディングポイント セーブポイント ランキング,リーグサマリー:2026/27 J1 チャンスビルディングポイント セーブポイント ランキング | データによってサッカーはもっと輝く | Football LAB,チャンスビルディングポイント セーブポイント ランキング,2,荒木 琉偉,荒木琉偉,"[""セーブポイント"", ""90分平均"", ""最近5試合"", ""出場試合"", ""攻撃CBP"", ""奪取P""]","["""", ""2.40"", ""0.80"", ""2.40"", ""3"", ""1.06"", ""2.98""]"
20260827,20260824,j1,2026,セーブ.html,チャンスビルディングポイント セーブポイント ランキング,リーグサマリー:2026/27 J1 チャンスビルディングポイント セーブポイント ランキング | データによってサッカーはもっと輝く | Football LAB,チャンスビルディングポイント セーブポイント ランキング,2,中村 航輔,中村航輔,"[""セーブポイント"", ""90分平均"", ""最近5試合"", ""出場試合"", ""攻撃CBP"", ""奪取P""]","["""", ""2.21"", ""0.74"", ""2.21"", ""3"", ""1.27"", ""3.36""]"
20260827,20260824,j1,2026,セーブ.html,チャンスビルディングポイント セーブポイント ランキング,リーグサマリー:2026/27 J1 チャンスビルディングポイント セーブポイント ランキング | データによってサッカーはもっと輝く | Football LAB,チャンスビルディングポイント セーブポイント ランキング,2,梅田 透吾,梅田透吾,"[""セーブポイント"", ""90分平均"", ""最近5試合"", ""出場試合"", ""攻撃CBP"", ""奪取P""]","["""", ""2.12"", ""0.71"", ""2.12"", ""3"", ""0.84"", ""3.40""]"
20260827,20260824,j1,2026,セーブ.html,チャンスビルディングポイント セーブポイント ランキング,リーグサマリー:2026/27 J1 チャンスビルディングポイント セーブポイント ランキング | データによってサッカーはもっと輝く | Football LAB,チャンスビルディングポイント セーブポイント ランキング,2,ピサノ アレックス幸冬堀尾,ピサノアレックス幸冬堀尾,"[""セーブポイント"", ""90分平均"", ""最近5試合"", ""出場試合"", ""攻撃CBP"", ""奪取P""]","["""", ""1.71"", ""0.57"", ""1.71"", ""3"", ""2.61"", ""3.05""]"
20260827,20260824,j1,2026,セーブ.html,チャンスビルディングポイント セーブポイント ランキング,リーグサマリー:2026/27 J1 チャンスビルディングポイント セーブポイント ランキング | データによってサッカーはもっと輝く | Football LAB,チャンスビルディングポイント セーブポイント ランキング,2,スベンド ブローダーセン,スベンドブローダーセン,"[""セーブポイント"", ""90分平均"", ""最近5試合"", ""出場試合"", ""攻撃CBP"", ""奪取P""]","["""", ""1.63"", ""0.54"", ""1.63"", ""3"", ""1.00"", ""4.96""]"
20260827,20260824,j1,2026,セーブ.html,チャンスビルディングポイント セーブポイント ランキング,リーグサマリー:2026/27 J1 チャンスビルディングポイント セーブポイント ランキング | データによってサッカーはもっと輝く | Football LAB,チャンスビルディングポイント セーブポイント ランキング,2,西川 幸之介,西川幸之介,"[""セーブポイント"", ""90分平均"", ""最近5試合"", ""出場試合"", ""攻撃CBP"", ""奪取P""]","["""", ""1.46"", ""0.49"", ""1.46"", ""3"", ""2.28"", ""6.43""]"
20260827,20260824,j1,2026,セーブ.html,チャンスビルディングポイント セーブポイント ランキング,リーグサマリー:2026/27 J1 チャンスビルディングポイント セーブポイント ランキング | データによってサッカーはもっと輝く | Football LAB,チャンスビルディングポイント セーブポイント ランキング,2,マテウス,マテウス,"[""セーブポイント"", ""90分平均"", ""最近5試合"", ""出場試合"", ""攻撃CBP"", ""奪取P""]","["""", ""1.42"", ""0.47"", ""1.42"", ""3"", ""1.53"", ""3.37""]"
20260827,20260824,j1,2026,セーブ.html,チャンスビルディングポイント セーブポイント ランキング,リーグサマリー:2026/27 J1 チャンスビルディングポイント セーブポイント ランキング | データによってサッカーはもっと輝く | Football LAB,チャンスビルディングポイント セーブポイント ランキング,2,ルベン ブランコ,ルベンブランコ,"[""セーブポイント"", ""90分平均"", ""最近5試合"", ""出場試合"", ""攻撃CBP"", ""奪取P""]","["""", ""1.24"", ""0.41"", ""1.24"", ""3"", ""1.26"", ""5.27""]"
20260827,20260824,j1,2026,セーブ.html,チャンスビルディングポイント セーブポイント ランキング,リーグサマリー:2026/27 J1 チャンスビルディングポイント セーブポイント ランキング | データによってサッカーはもっと輝く | Football LAB,チャンスビルディングポイント セーブポイント ランキング,2,太田 岳志,太田岳志,"[""セーブポイント"", ""90分平均"", ""最近5試合"", ""出場試合"", ""攻撃CBP"", ""奪取P""]","["""", ""1.19"", ""0.40"", ""1.19"", ""3"", ""1.37"", ""5.26""]"
20260827,20260824,j1,2026,セーブ.html,チャンスビルディングポイント セーブポイント ランキング,リーグサマリー:2026/27 J1 チャンスビルディングポイント セーブポイント ランキング | データによってサッカーはもっと輝く | Football LAB,チャンスビルディングポイント セーブポイント ランキング,2,ホセ スアレス,ホセスアレス,"[""セーブポイント"", ""90分平均"", ""最近5試合"", ""出場試合"", ""攻撃CBP"", ""奪取P""]","["""", ""1.07"", ""0.36"", ""1.07"", ""3"", ""1.46"", ""3.87""]"
20260827,20260824,j1,2026,セーブ.html,チャンスビルディングポイント セーブポイント ランキング,リーグサマリー:2026/27 J1 チャンスビルディングポイント セーブポイント ランキング | データによってサッカーはもっと輝く | Football LAB,チャンスビルディングポイント セーブポイント ランキング,2,大内 一生,大内一生,"[""セーブポイント"", ""90分平均"", ""最近5試合"", ""出場試合"", ""攻撃CBP"", ""奪取P""]","["""", ""0.82"", ""0.27"", ""0.82"", ""3"", ""1.57"", ""2.89""]"
20260827,20260824,j1,2026,セーブ.html,チャンスビルディングポイント セーブポイント ランキング,リーグサマリー:2026/27 J1 チャンスビルディングポイント セーブポイント ランキング | データによってサッカーはもっと輝く | Football LAB,チャンスビルディングポイント セーブポイント ランキング,2,谷 晃生,谷晃生,"[""セーブポイント"", ""90分平均"", ""最近5試合"", ""出場試合"", ""攻撃CBP"", ""奪取P""]","["""", ""0.79"", ""0.26"", ""0.79"", ""3"", ""1.70"", ""7.31""]"
20260827,20260824,j1,2026,セーブ.html,チャンスビルディングポイント セーブポイント ランキング,リーグサマリー:2026/27 J1 チャンスビルディングポイント セーブポイント ランキング | データによってサッカーはもっと輝く | Football LAB,チャンスビルディングポイント セーブポイント ランキング,2,小島 亨介,小島亨介,"[""セーブポイント"", ""90分平均"", ""最近5試合"", ""出場試合"", ""攻撃CBP"", ""奪取P""]","["""", ""0.78"", ""0.26"", ""0.78"", ""3"", ""0.94"", ""3.42""]"
20260827,20260824,j1,2026,セーブ.html,チャンスビルディングポイント セーブポイント ランキング,リーグサマリー:2026/27 J1 チャンスビルディングポイント セーブポイント ランキング | データによってサッカーはもっと輝く | Football LAB,チャンスビルディングポイント セーブポイント ランキング,2,早川 友基,早川友基,"[""セーブポイント"", ""90分平均"", ""最近5試合"", ""出場試合"", ""攻撃CBP"", ""奪取P""]","["""", ""0.70"", ""0.23"", ""0.70"", ""3"", ""1.54"", ""5.24""]"
20260827,20260824,j1,2026,セーブ.html,チャンスビルディングポイント セーブポイント ランキング,リーグサマリー:2026/27 J1 チャンスビルディングポイント セーブポイント ランキング | データによってサッカーはもっと輝く | Football LAB,チャンスビルディングポイント セーブポイント ランキング,2,権田 修一,権田修一,"[""セーブポイント"", ""90分平均"", ""最近5試合"", ""出場試合"", ""攻撃CBP"", ""奪取P""]","["""", ""0.69"", ""0.35"", ""0.69"", ""2"", ""1.96"", ""3.30""]"
20260827,20260824,j1,2026,セーブ.html,チャンスビルディングポイント セーブポイント ランキング,リーグサマリー:2026/27 J1 チャンスビルディングポイント セーブポイント ランキング | データによってサッカーはもっと輝く | Football LAB,チャンスビルディングポイント セーブポイント ランキング,2,永石 拓海,永石拓海,"[""セーブポイント"", ""90分平均"", ""最近5試合"", ""出場試合"", ""攻撃CBP"", ""奪取P""]","["""", ""0.65"", ""0.22"", ""0.65"", ""3"", ""1.99"", ""5.84""]"
20260827,20260824,j1,2026,セーブ.html,チャンスビルディングポイント セーブポイント ランキング,リーグサマリー:2026/27 J1 チャンスビルディングポイント セーブポイント ランキング | データによってサッカーはもっと輝く | Football LAB,チャンスビルディングポイント セーブポイント ランキング,2,後藤 雅明,後藤雅明,"[""セーブポイント"", ""90分平均"", ""最近5試合"", ""出場試合"", ""攻撃CBP"", ""奪取P""]","["""", ""0.51"", ""0.17"", ""0.51"", ""3"", ""0.55"", ""5.13""]"
20260827,20260824,j1,2026,セーブ.html,チャンスビルディングポイント セーブポイント ランキング,リーグサマリー:2026/27 J1 チャンスビルディングポイント セーブポイント ランキング | データによってサッカーはもっと輝く | Football LAB,チャンスビルディングポイント セーブポイント ランキング,2,松田 駿,松田駿,"[""セーブポイント"", ""90分平均"", ""最近5試合"", ""出場試合"", ""攻撃CBP"", ""奪取P""]","["""", ""0.35"", ""0.35"", ""0.35"", ""1"", ""0.24"", ""0.45""]"
20260827,20260824,j1,2026,セーブ.html,チャンスビルディングポイント セーブポイント ランキング,リーグサマリー:2026/27 J1 チャンスビルディングポイント セーブポイント ランキング | データによってサッカーはもっと輝く | Football LAB,チャンスビルディングポイント セーブポイント ランキング,2,キム スンギュ,キムスンギュ,"[""セーブポイント"", ""90分平均"", ""最近5試合"", ""出場試合"", ""攻撃CBP"", ""奪取P""]","["""", ""0.32"", ""0.11"", ""0.32"", ""3"", ""1.01"", ""4.22""]"
20260827,20260824,j1,2026,チャンス構築率.html,チャンス構築率,リーグサマリー:2026/27 J1 チャンス構築率 | データによってサッカーはもっと輝く | Football LAB,チャンス構築率,1,鹿島,鹿島,"[""攻撃回数"", ""シュート"", ""チャンス構築率"", ""ゴール"", ""シュート成功率""]","[""120.0"", ""(2位)"", ""15.7"", ""(5位)"", ""13.1%"", ""(11位)"", ""2.7"", ""(3位)"", ""17.0%"", ""(5位)""]"
20260827,20260824,j1,2026,チャンス構築率.html,チャンス構築率,リーグサマリー:2026/27 J1 チャンス構築率 | データによってサッカーはもっと輝く | Football LAB,チャンス構築率,1,水戸,水戸,"[""攻撃回数"", ""シュート"", ""チャンス構築率"", ""ゴール"", ""シュート成功率""]","[""100.3"", ""(19位)"", ""15.7"", ""(5位)"", ""15.6%"", ""(2位)"", ""1.7"", ""(6位)"", ""10.6%"", ""(11位)""]"
20260827,20260824,j1,2026,チャンス構築率.html,チャンス構築率,リーグサマリー:2026/27 J1 チャンス構築率 | データによってサッカーはもっと輝く | Football LAB,チャンス構築率,1,浦和,浦和,"[""攻撃回数"", ""シュート"", ""チャンス構築率"", ""ゴール"", ""シュート成功率""]","[""106.7"", ""(14位)"", ""14.7"", ""(9位)"", ""13.8%"", ""(7位)"", ""1.3"", ""(9位)"", ""9.1%"", ""(14位)""]"
20260827,20260824,j1,2026,チャンス構築率.html,チャンス構築率,リーグサマリー:2026/27 J1 チャンス構築率 | データによってサッカーはもっと輝く | Football LAB,チャンス構築率,1,千葉,千葉,"[""攻撃回数"", ""シュート"", ""チャンス構築率"", ""ゴール"", ""シュート成功率""]","[""104.7"", ""(17位)"", ""8.0"", ""(19位)"", ""7.6%"", ""(18位)"", ""0.0"", ""(20位)"", ""0.0%"", ""(20位)""]"
20260827,20260824,j1,2026,チャンス構築率.html,チャンス構築率,リーグサマリー:2026/27 J1 チャンス構築率 | データによってサッカーはもっと輝く | Football LAB,チャンス構築率,1,柏,柏,"[""攻撃回数"", ""シュート"", ""チャンス構築率"", ""ゴール"", ""シュート成功率""]","[""96.7"", ""(20位)"", ""13.0"", ""(12位)"", ""13.5%"", ""(9位)"", ""3.0"", ""(2位)"", ""23.1%"", ""(2位)""]"
20260827,20260824,j1,2026,チャンス構築率.html,チャンス構築率,リーグサマリー:2026/27 J1 チャンス構築率 | データによってサッカーはもっと輝く | Football LAB,チャンス構築率,1,FC東京,FC東京,"[""攻撃回数"", ""シュート"", ""チャンス構築率"", ""ゴール"", ""シュート成功率""]","[""110.0"", ""(12位)"", ""15.7"", ""(5位)"", ""14.2%"", ""(6位)"", ""1.7"", ""(6位)"", ""10.6%"", ""(11位)""]"
20260827,20260824,j1,2026,チャンス構築率.html,チャンス構築率,リーグサマリー:2026/27 J1 チャンス構築率 | データによってサッカーはもっと輝く | Football LAB,チャンス構築率,1,東京Ｖ,東京Ｖ,"[""攻撃回数"", ""シュート"", ""チャンス構築率"", ""ゴール"", ""シュート成功率""]","[""105.0"", ""(15位)"", ""10.0"", ""(15位)"", ""9.5%"", ""(15位)"", ""0.7"", ""(17位)"", ""6.7%"", ""(17位)""]"
20260827,20260824,j1,2026,チャンス構築率.html,チャンス構築率,リーグサマリー:2026/27 J1 チャンス構築率 | データによってサッカーはもっと輝く | Football LAB,チャンス構築率,1,町田,町田,"[""攻撃回数"", ""シュート"", ""チャンス構築率"", ""ゴール"", ""シュート成功率""]","[""110.3"", ""(11位)"", ""15.0"", ""(8位)"", ""13.6%"", ""(8位)"", ""4.0"", ""(1位)"", ""26.7%"", ""(1位)""]"
20260827,20260824,j1,2026,チャンス構築率.html,チャンス構築率,リーグサマリー:2026/27 J1 チャンス構築率 | データによってサッカーはもっと輝く | Football LAB,チャンス構築率,1,川崎Ｆ,川崎Ｆ,"[""攻撃回数"", ""シュート"", ""チャンス構築率"", ""ゴール"", ""シュート成功率""]","[""114.3"", ""(6位)"", ""17.3"", ""(3位)"", ""15.2%"", ""(4位)"", ""1.3"", ""(9位)"", ""7.7%"", ""(16位)""]"
20260827,20260824,j1,2026,チャンス構築率.html,チャンス構築率,リーグサマリー:2026/27 J1 チャンス構築率 | データによってサッカーはもっと輝く | Football LAB,チャンス構築率,1,横浜FM,横浜FM,"[""攻撃回数"", ""シュート"", ""チャンス構築率"", ""ゴール"", ""シュート成功率""]","[""113.3"", ""(7位)"", ""9.3"", ""(16位)"", ""8.2%"", ""(16位)"", ""1.7"", ""(6位)"", ""17.9%"", ""(3位)""]"
20260827,20260824,j1,2026,チャンス構築率.html,チャンス構築率,リーグサマリー:2026/27 J1 チャンス構築率 | データによってサッカーはもっと輝く | Football LAB,チャンス構築率,1,清水,清水,"[""攻撃回数"", ""シュート"", ""チャンス構築率"", ""ゴール"", ""シュート成功率""]","[""113.0"", ""(9位)"", ""11.3"", ""(14位)"", ""10.0%"", ""(14位)"", ""0.3"", ""(19位)"", ""2.9%"", ""(19位)""]"
20260827,20260824,j1,2026,チャンス構築率.html,チャンス構築率,リーグサマリー:2026/27 J1 チャンス構築率 | データによってサッカーはもっと輝く | Football LAB,チャンス構築率,1,名古屋,名古屋,"[""攻撃回数"", ""シュート"", ""チャンス構築率"", ""ゴール"", ""シュート成功率""]","[""113.3"", ""(7位)"", ""16.7"", ""(4位)"", ""14.7%"", ""(5位)"", ""1.3"", ""(9位)"", ""8.0%"", ""(15位)""]"
20260827,20260824,j1,2026,チャンス構築率.html,チャンス構築率,リーグサマリー:2026/27 J1 チャンス構築率 | データによってサッカーはもっと輝く | Football LAB,チャンス構築率,1,京都,京都,"[""攻撃回数"", ""シュート"", ""チャンス構築率"", ""ゴール"", ""シュート成功率""]","[""112.7"", ""(10位)"", ""11.7"", ""(13位)"", ""10.4%"", ""(13位)"", ""1.3"", ""(9位)"", ""11.4%"", ""(9位)""]"
20260827,20260824,j1,2026,チャンス構築率.html,チャンス構築率,リーグサマリー:2026/27 J1 チャンス構築率 | データによってサッカーはもっと輝く | Football LAB,チャンス構築率,1,Ｇ大阪,Ｇ大阪,"[""攻撃回数"", ""シュート"", ""チャンス構築率"", ""ゴール"", ""シュート成功率""]","[""101.7"", ""(18位)"", ""13.7"", ""(10位)"", ""13.4%"", ""(10位)"", ""2.0"", ""(5位)"", ""14.6%"", ""(6位)""]"
20260827,20260824,j1,2026,チャンス構築率.html,チャンス構築率,リーグサマリー:2026/27 J1 チャンス構築率 | データによってサッカーはもっと輝く | Football LAB,チャンス構築率,1,Ｃ大阪,Ｃ大阪,"[""攻撃回数"", ""シュート"", ""チャンス構築率"", ""ゴール"", ""シュート成功率""]","[""114.7"", ""(5位)"", ""8.3"", ""(18位)"", ""7.3%"", ""(20位)"", ""1.0"", ""(15位)"", ""12.0%"", ""(8位)""]"
20260827,20260824,j1,2026,チャンス構築率.html,チャンス構築率,リーグサマリー:2026/27 J1 チャンス構築率 | データによってサッカーはもっと輝く | Football LAB,チャンス構築率,1,神戸,神戸,"[""攻撃回数"", ""シュート"", ""チャンス構築率"", ""ゴール"", ""シュート成功率""]","[""119.7"", ""(3位)"", ""9.3"", ""(16位)"", ""7.8%"", ""(17位)"", ""1.0"", ""(15位)"", ""10.7%"", ""(10位)""]"
20260827,20260824,j1,2026,チャンス構築率.html,チャンス構築率,リーグサマリー:2026/27 J1 チャンス構築率 | データによってサッカーはもっと輝く | Football LAB,チャンス構築率,1,岡山,岡山,"[""攻撃回数"", ""シュート"", ""チャンス構築率"", ""ゴール"", ""シュート成功率""]","[""120.3"", ""(1位)"", ""18.3"", ""(2位)"", ""15.2%"", ""(3位)"", ""0.7"", ""(17位)"", ""3.6%"", ""(18位)""]"
20260827,20260824,j1,2026,チャンス構築率.html,チャンス構築率,リーグサマリー:2026/27 J1 チャンス構築率 | データによってサッカーはもっと輝く | Football LAB,チャンス構築率,1,広島,広島,"[""攻撃回数"", ""シュート"", ""チャンス構築率"", ""ゴール"", ""シュート成功率""]","[""117.3"", ""(4位)"", ""20.7"", ""(1位)"", ""17.6%"", ""(1位)"", ""2.7"", ""(3位)"", ""12.9%"", ""(7位)""]"
20260827,20260824,j1,2026,チャンス構築率.html,チャンス構築率,リーグサマリー:2026/27 J1 チャンス構築率 | データによってサッカーはもっと輝く | Football LAB,チャンス構築率,1,福岡,福岡,"[""攻撃回数"", ""シュート"", ""チャンス構築率"", ""ゴール"", ""シュート成功率""]","[""110.0"", ""(12位)"", ""13.7"", ""(10位)"", ""12.4%"", ""(12位)"", ""1.3"", ""(9位)"", ""9.8%"", ""(13位)""]"
20260827,20260824,j1,2026,チャンス構築率.html,チャンス構築率,リーグサマリー:2026/27 J1 チャンス構築率 | データによってサッカーはもっと輝く | Football LAB,チャンス構築率,1,長崎,長崎,"[""攻撃回数"", ""シュート"", ""チャンス構築率"", ""ゴール"", ""シュート成功率""]","[""105.0"", ""(15位)"", ""7.7"", ""(20位)"", ""7.3%"", ""(19位)"", ""1.3"", ""(9位)"", ""17.4%"", ""(4位)""]"
20260827,20260824,j1,2026,チャンス構築率.html,チャンス構築率,リーグサマリー:2026/27 J1 チャンス構築率 | データによってサッカーはもっと輝く | Football LAB,被チャンス構築率,3,鹿島,鹿島,"[""被攻撃回数"", ""被シュート"", ""被チャンス構築率"", ""被ゴール"", ""被シュート成功率""]","[""112.7"", ""(11位)"", ""13.7"", ""(9位)"", ""12.1%"", ""(10位)"", ""1.7"", ""(14位)"", ""12.2%"", ""(12位)""]"
20260827,20260824,j1,2026,チャンス構築率.html,チャンス構築率,リーグサマリー:2026/27 J1 チャンス構築率 | データによってサッカーはもっと輝く | Football LAB,被チャンス構築率,3,水戸,水戸,"[""被攻撃回数"", ""被シュート"", ""被チャンス構築率"", ""被ゴール"", ""被シュート成功率""]","[""101.3"", ""(2位)"", ""13.7"", ""(9位)"", ""13.5%"", ""(14位)"", ""1.3"", ""(7位)"", ""9.8%"", ""(9位)""]"
20260827,20260824,j1,2026,チャンス構築率.html,チャンス構築率,リーグサマリー:2026/27 J1 チャンス構築率 | データによってサッカーはもっと輝く | Football LAB,被チャンス構築率,3,浦和,浦和,"[""被攻撃回数"", ""被シュート"", ""被チャンス構築率"", ""被ゴール"", ""被シュート成功率""]","[""111.3"", ""(10位)"", ""16.0"", ""(17位)"", ""14.4%"", ""(17位)"", ""3.7"", ""(20位)"", ""22.9%"", ""(20位)""]"
20260827,20260824,j1,2026,チャンス構築率.html,チャンス構築率,リーグサマリー:2026/27 J1 チャンス構築率 | データによってサッカーはもっと輝く | Football LAB,被チャンス構築率,3,千葉,千葉,"[""被攻撃回数"", ""被シュート"", ""被チャンス構築率"", ""被ゴール"", ""被シュート成功率""]","[""111.0"", ""(9位)"", ""20.0"", ""(20位)"", ""18.0%"", ""(20位)"", ""3.0"", ""(19位)"", ""15.0%"", ""(18位)""]"
20260827,20260824,j1,2026,チャンス構築率.html,チャンス構築率,リーグサマリー:2026/27 J1 チャンス構築率 | データによってサッカーはもっと輝く | Football LAB,被チャンス構築率,3,柏,柏,"[""被攻撃回数"", ""被シュート"", ""被チャンス構築率"", ""被ゴール"", ""被シュート成功率""]","[""94.0"", ""(1位)"", ""10.7"", ""(4位)"", ""11.4%"", ""(8位)"", ""1.3"", ""(7位)"", ""12.5%"", ""(13位)""]"
20260827,20260824,j1,2026,チャンス構築率.html,チャンス構築率,リーグサマリー:2026/27 J1 チャンス構築率 | データによってサッカーはもっと輝く | Football LAB,被チャンス構築率,3,FC東京,FC東京,"[""被攻撃回数"", ""被シュート"", ""被チャンス構築率"", ""被ゴール"", ""被シュート成功率""]","[""116.7"", ""(19位)"", ""11.7"", ""(6位)"", ""10.0%"", ""(4位)"", ""2.3"", ""(16位)"", ""20.0%"", ""(19位)""]"
20260827,20260824,j1,2026,チャンス構築率.html,チャンス構築率,リーグサマリー:2026/27 J1 チャンス構築率 | データによってサッカーはもっと輝く | Football LAB,被チャンス構築率,3,東京Ｖ,東京Ｖ,"[""被攻撃回数"", ""被シュート"", ""被チャンス構築率"", ""被ゴール"", ""被シュート成功率""]","[""113.0"", ""(12位)"", ""15.3"", ""(16位)"", ""13.6%"", ""(15位)"", ""1.3"", ""(7位)"", ""8.7%"", ""(4位)""]"
20260827,20260824,j1,2026,チャンス構築率.html,チャンス構築率,リーグサマリー:2026/27 J1 チャンス構築率 | データによってサッカーはもっと輝く | Football LAB,被チャンス構築率,3,町田,町田,"[""被攻撃回数"", ""被シュート"", ""被チャンス構築率"", ""被ゴール"", ""被シュート成功率""]","[""106.7"", ""(6位)"", ""13.7"", ""(9位)"", ""12.8%"", ""(13位)"", ""0.7"", ""(2位)"", ""4.9%"", ""(2位)""]"
20260827,20260824,j1,2026,チャンス構築率.html,チャンス構築率,リーグサマリー:2026/27 J1 チャンス構築率 | データによってサッカーはもっと輝く | Football LAB,被チャンス構築率,3,川崎Ｆ,川崎Ｆ,"[""被攻撃回数"", ""被シュート"", ""被チャンス構築率"", ""被ゴール"", ""被シュート成功率""]","[""113.0"", ""(12位)"", ""14.3"", ""(14位)"", ""12.7%"", ""(11位)"", ""1.3"", ""(7位)"", ""9.3%"", ""(6位)""]"
20260827,20260824,j1,2026,チャンス構築率.html,チャンス構築率,リーグサマリー:2026/27 J1 チャンス構築率 | データによってサッカーはもっと輝く | Football LAB,被チャンス構築率,3,横浜FM,横浜FM,"[""被攻撃回数"", ""被シュート"", ""被チャンス構築率"", ""被ゴール"", ""被シュート成功率""]","[""121.7"", ""(20位)"", ""12.3"", ""(7位)"", ""10.1%"", ""(5位)"", ""1.3"", ""(7位)"", ""10.8%"", ""(10位)""]"
20260827,20260824,j1,2026,チャンス構築率.html,チャンス構築率,リーグサマリー:2026/27 J1 チャンス構築率 | データによってサッカーはもっと輝く | Football LAB,被チャンス構築率,3,清水,清水,"[""被攻撃回数"", ""被シュート"", ""被チャンス構築率"", ""被ゴール"", ""被シュート成功率""]","[""116.0"", ""(17位)"", ""13.0"", ""(8位)"", ""11.2%"", ""(7位)"", ""0.7"", ""(2位)"", ""5.1%"", ""(3位)""]"
20260827,20260824,j1,2026,チャンス構築率.html,チャンス構築率,リーグサマリー:2026/27 J1 チャンス構築率 | データによってサッカーはもっと輝く | Football LAB,被チャンス構築率,3,名古屋,名古屋,"[""被攻撃回数"", ""被シュート"", ""被チャンス構築率"", ""被ゴール"", ""被シュート成功率""]","[""109.7"", ""(8位)"", ""14.0"", ""(12位)"", ""12.8%"", ""(12位)"", ""1.3"", ""(7位)"", ""9.5%"", ""(7位)""]"
20260827,20260824,j1,2026,チャンス構築率.html,チャンス構築率,リーグサマリー:2026/27 J1 チャンス構築率 | データによってサッカーはもっと輝く | Football LAB,被チャンス構築率,3,京都,京都,"[""被攻撃回数"", ""被シュート"", ""被チャンス構築率"", ""被ゴール"", ""被シュート成功率""]","[""115.7"", ""(16位)"", ""17.0"", ""(18位)"", ""14.7%"", ""(18位)"", ""2.3"", ""(16位)"", ""13.7%"", ""(16位)""]"
20260827,20260824,j1,2026,チャンス構築率.html,チャンス構築率,リーグサマリー:2026/27 J1 チャンス構築率 | データによってサッカーはもっと輝く | Football LAB,被チャンス構築率,3,Ｇ大阪,Ｇ大阪,"[""被攻撃回数"", ""被シュート"", ""被チャンス構築率"", ""被ゴール"", ""被シュート成功率""]","[""102.3"", ""(3位)"", ""18.0"", ""(19位)"", ""17.6%"", ""(19位)"", ""2.3"", ""(16位)"", ""13.0%"", ""(14位)""]"
20260827,20260824,j1,2026,チャンス構築率.html,チャンス構築率,リーグサマリー:2026/27 J1 チャンス構築率 | データによってサッカーはもっと輝く | Football LAB,被チャンス構築率,3,Ｃ大阪,Ｃ大阪,"[""被攻撃回数"", ""被シュート"", ""被チャンス構築率"", ""被ゴール"", ""被シュート成功率""]","[""116.0"", ""(17位)"", ""14.0"", ""(12位)"", ""12.1%"", ""(9位)"", ""1.3"", ""(7位)"", ""9.5%"", ""(7位)""]"
20260827,20260824,j1,2026,チャンス構築率.html,チャンス構築率,リーグサマリー:2026/27 J1 チャンス構築率 | データによってサッカーはもっと輝く | Football LAB,被チャンス構築率,3,神戸,神戸,"[""被攻撃回数"", ""被シュート"", ""被チャンス構築率"", ""被ゴール"", ""被シュート成功率""]","[""109.3"", ""(7位)"", ""11.3"", ""(5位)"", ""10.4%"", ""(6位)"", ""1.0"", ""(5位)"", ""8.8%"", ""(5位)""]"
20260827,20260824,j1,2026,チャンス構築率.html,チャンス構築率,リーグサマリー:2026/27 J1 チャンス構築率 | データによってサッカーはもっと輝く | Football LAB,被チャンス構築率,3,岡山,岡山,"[""被攻撃回数"", ""被シュート"", ""被チャンス構築率"", ""被ゴール"", ""被シュート成功率""]","[""114.3"", ""(14位)"", ""4.7"", ""(1位)"", ""4.1%"", ""(1位)"", ""0.7"", ""(2位)"", ""14.3%"", ""(17位)""]"
20260827,20260824,j1,2026,チャンス構築率.html,チャンス構築率,リーグサマリー:2026/27 J1 チャンス構築率 | データによってサッカーはもっと輝く | Football LAB,被チャンス構築率,3,広島,広島,"[""被攻撃回数"", ""被シュート"", ""被チャンス構築率"", ""被ゴール"", ""被シュート成功率""]","[""103.7"", ""(4位)"", ""9.0"", ""(3位)"", ""8.7%"", ""(3位)"", ""0.3"", ""(1位)"", ""3.7%"", ""(1位)""]"
20260827,20260824,j1,2026,チャンス構築率.html,チャンス構築率,リーグサマリー:2026/27 J1 チャンス構築率 | データによってサッカーはもっと輝く | Football LAB,被チャンス構築率,3,福岡,福岡,"[""被攻撃回数"", ""被シュート"", ""被チャンス構築率"", ""被ゴール"", ""被シュート成功率""]","[""114.7"", ""(15位)"", ""8.7"", ""(2位)"", ""7.6%"", ""(2位)"", ""1.0"", ""(5位)"", ""11.5%"", ""(11位)""]"
20260827,20260824,j1,2026,チャンス構築率.html,チャンス構築率,リーグサマリー:2026/27 J1 チャンス構築率 | データによってサッカーはもっと輝く | Football LAB,被チャンス構築率,3,長崎,長崎,"[""被攻撃回数"", ""被シュート"", ""被チャンス構築率"", ""被ゴール"", ""被シュート成功率""]","[""106.0"", ""(5位)"", ""14.7"", ""(15位)"", ""13.8%"", ""(16位)"", ""2.0"", ""(15位)"", ""13.6%"", ""(15位)""]"
20260827,20260824,j1,2026,ドリブル.html,チャンスビルディングポイント ドリブルポイント ランキング,リーグサマリー:2026/27 J1 チャンスビルディングポイント ドリブルポイント ランキング | データによってサッカーはもっと輝く | Football LAB,チャンスビルディングポイント ドリブルポイント ランキング,1,川崎Ｆ,川崎Ｆ,"[""ドリブルポイント"", ""試合平均"", ""最近5試合"", ""順位"", ""勝点"", ""得点"", ""失点""]","[""6.35"", ""2.12"", ""6.35"", ""13"", ""3"", ""4"", ""4""]"
20260827,20260824,j1,2026,ドリブル.html,チャンスビルディングポイント ドリブルポイント ランキング,リーグサマリー:2026/27 J1 チャンスビルディングポイント ドリブルポイント ランキング | データによってサッカーはもっと輝く | Football LAB,チャンスビルディングポイント ドリブルポイント ランキング,1,広島,広島,"[""ドリブルポイント"", ""試合平均"", ""最近5試合"", ""順位"", ""勝点"", ""得点"", ""失点""]","[""5.66"", ""1.89"", ""5.66"", ""4"", ""7"", ""8"", ""2""]"
20260827,20260824,j1,2026,ドリブル.html,チャンスビルディングポイント ドリブルポイント ランキング,リーグサマリー:2026/27 J1 チャンスビルディングポイント ドリブルポイント ランキング | データによってサッカーはもっと輝く | Football LAB,チャンスビルディングポイント ドリブルポイント ランキング,1,清水,清水,"[""ドリブルポイント"", ""試合平均"", ""最近5試合"", ""順位"", ""勝点"", ""得点"", ""失点""]","[""5.29"", ""1.76"", ""5.29"", ""15"", ""3"", ""1"", ""2""]"
20260827,20260824,j1,2026,ドリブル.html,チャンスビルディングポイント ドリブルポイント ランキング,リーグサマリー:2026/27 J1 チャンスビルディングポイント ドリブルポイント ランキング | データによってサッカーはもっと輝く | Football LAB,チャンスビルディングポイント ドリブルポイント ランキング,1,FC東京,FC東京,"[""ドリブルポイント"", ""試合平均"", ""最近5試合"", ""順位"", ""勝点"", ""得点"", ""失点""]","[""5.11"", ""1.70"", ""5.11"", ""11"", ""4"", ""5"", ""7""]"
20260827,20260824,j1,2026,ドリブル.html,チャンスビルディングポイント ドリブルポイント ランキング,リーグサマリー:2026/27 J1 チャンスビルディングポイント ドリブルポイント ランキング | データによってサッカーはもっと輝く | Football LAB,チャンスビルディングポイント ドリブルポイント ランキング,1,岡山,岡山,"[""ドリブルポイント"", ""試合平均"", ""最近5試合"", ""順位"", ""勝点"", ""得点"", ""失点""]","[""4.79"", ""1.60"", ""4.79"", ""9"", ""4"", ""2"", ""2""]"
20260827,20260824,j1,2026,ドリブル.html,チャンスビルディングポイント ドリブルポイント ランキング,リーグサマリー:2026/27 J1 チャンスビルディングポイント ドリブルポイント ランキング | データによってサッカーはもっと輝く | Football LAB,チャンスビルディングポイント ドリブルポイント ランキング,1,浦和,浦和,"[""ドリブルポイント"", ""試合平均"", ""最近5試合"", ""順位"", ""勝点"", ""得点"", ""失点""]","[""4.31"", ""1.44"", ""4.31"", ""19"", ""0"", ""5"", ""11""]"
20260827,20260824,j1,2026,ドリブル.html,チャンスビルディングポイント ドリブルポイント ランキング,リーグサマリー:2026/27 J1 チャンスビルディングポイント ドリブルポイント ランキング | データによってサッカーはもっと輝く | Football LAB,チャンスビルディングポイント ドリブルポイント ランキング,1,福岡,福岡,"[""ドリブルポイント"", ""試合平均"", ""最近5試合"", ""順位"", ""勝点"", ""得点"", ""失点""]","[""4.29"", ""1.43"", ""4.29"", ""12"", ""3"", ""5"", ""4""]"
20260827,20260824,j1,2026,ドリブル.html,チャンスビルディングポイント ドリブルポイント ランキング,リーグサマリー:2026/27 J1 チャンスビルディングポイント ドリブルポイント ランキング | データによってサッカーはもっと輝く | Football LAB,チャンスビルディングポイント ドリブルポイント ランキング,1,Ｇ大阪,Ｇ大阪,"[""ドリブルポイント"", ""試合平均"", ""最近5試合"", ""順位"", ""勝点"", ""得点"", ""失点""]","[""4.15"", ""1.38"", ""4.15"", ""10"", ""4"", ""6"", ""7""]"
20260827,20260824,j1,2026,ドリブル.html,チャンスビルディングポイント ドリブルポイント ランキング,リーグサマリー:2026/27 J1 チャンスビルディングポイント ドリブルポイント ランキング | データによってサッカーはもっと輝く | Football LAB,チャンスビルディングポイント ドリブルポイント ランキング,1,名古屋,名古屋,"[""ドリブルポイント"", ""試合平均"", ""最近5試合"", ""順位"", ""勝点"", ""得点"", ""失点""]","[""4.11"", ""1.37"", ""4.11"", ""13"", ""3"", ""4"", ""4""]"
20260827,20260824,j1,2026,ドリブル.html,チャンスビルディングポイント ドリブルポイント ランキング,リーグサマリー:2026/27 J1 チャンスビルディングポイント ドリブルポイント ランキング | データによってサッカーはもっと輝く | Football LAB,チャンスビルディングポイント ドリブルポイント ランキング,1,鹿島,鹿島,"[""ドリブルポイント"", ""試合平均"", ""最近5試合"", ""順位"", ""勝点"", ""得点"", ""失点""]","[""4.08"", ""1.36"", ""4.08"", ""3"", ""9"", ""9"", ""6""]"
20260827,20260824,j1,2026,ドリブル.html,チャンスビルディングポイント ドリブルポイント ランキング,リーグサマリー:2026/27 J1 チャンスビルディングポイント ドリブルポイント ランキング | データによってサッカーはもっと輝く | Football LAB,チャンスビルディングポイント ドリブルポイント ランキング,1,町田,町田,"[""ドリブルポイント"", ""試合平均"", ""最近5試合"", ""順位"", ""勝点"", ""得点"", ""失点""]","[""3.96"", ""1.32"", ""3.96"", ""1"", ""9"", ""12"", ""2""]"
20260827,20260824,j1,2026,ドリブル.html,チャンスビルディングポイント ドリブルポイント ランキング,リーグサマリー:2026/27 J1 チャンスビルディングポイント ドリブルポイント ランキング | データによってサッカーはもっと輝く | Football LAB,チャンスビルディングポイント ドリブルポイント ランキング,1,柏,柏,"[""ドリブルポイント"", ""試合平均"", ""最近5試合"", ""順位"", ""勝点"", ""得点"", ""失点""]","[""3.77"", ""1.26"", ""3.77"", ""2"", ""9"", ""9"", ""4""]"
20260827,20260824,j1,2026,ドリブル.html,チャンスビルディングポイント ドリブルポイント ランキング,リーグサマリー:2026/27 J1 チャンスビルディングポイント ドリブルポイント ランキング | データによってサッカーはもっと輝く | Football LAB,チャンスビルディングポイント ドリブルポイント ランキング,1,水戸,水戸,"[""ドリブルポイント"", ""試合平均"", ""最近5試合"", ""順位"", ""勝点"", ""得点"", ""失点""]","[""3.31"", ""1.10"", ""3.31"", ""7"", ""4"", ""5"", ""4""]"
20260827,20260824,j1,2026,ドリブル.html,チャンスビルディングポイント ドリブルポイント ランキング,リーグサマリー:2026/27 J1 チャンスビルディングポイント ドリブルポイント ランキング | データによってサッカーはもっと輝く | Football LAB,チャンスビルディングポイント ドリブルポイント ランキング,1,京都,京都,"[""ドリブルポイント"", ""試合平均"", ""最近5試合"", ""順位"", ""勝点"", ""得点"", ""失点""]","[""3.31"", ""1.10"", ""3.31"", ""18"", ""1"", ""4"", ""7""]"
20260827,20260824,j1,2026,ドリブル.html,チャンスビルディングポイント ドリブルポイント ランキング,リーグサマリー:2026/27 J1 チャンスビルディングポイント ドリブルポイント ランキング | データによってサッカーはもっと輝く | Football LAB,チャンスビルディングポイント ドリブルポイント ランキング,1,横浜FM,横浜FM,"[""ドリブルポイント"", ""試合平均"", ""最近5試合"", ""順位"", ""勝点"", ""得点"", ""失点""]","[""3.18"", ""1.06"", ""3.18"", ""5"", ""6"", ""5"", ""4""]"
20260827,20260824,j1,2026,ドリブル.html,チャンスビルディングポイント ドリブルポイント ランキング,リーグサマリー:2026/27 J1 チャンスビルディングポイント ドリブルポイント ランキング | データによってサッカーはもっと輝く | Football LAB,チャンスビルディングポイント ドリブルポイント ランキング,1,Ｃ大阪,Ｃ大阪,"[""ドリブルポイント"", ""試合平均"", ""最近5試合"", ""順位"", ""勝点"", ""得点"", ""失点""]","[""3.05"", ""1.02"", ""3.05"", ""6"", ""6"", ""3"", ""4""]"
20260827,20260824,j1,2026,ドリブル.html,チャンスビルディングポイント ドリブルポイント ランキング,リーグサマリー:2026/27 J1 チャンスビルディングポイント ドリブルポイント ランキング | データによってサッカーはもっと輝く | Football LAB,チャンスビルディングポイント ドリブルポイント ランキング,1,千葉,千葉,"[""ドリブルポイント"", ""試合平均"", ""最近5試合"", ""順位"", ""勝点"", ""得点"", ""失点""]","[""3.01"", ""1.00"", ""3.01"", ""20"", ""0"", ""0"", ""9""]"
20260827,20260824,j1,2026,ドリブル.html,チャンスビルディングポイント ドリブルポイント ランキング,リーグサマリー:2026/27 J1 チャンスビルディングポイント ドリブルポイント ランキング | データによってサッカーはもっと輝く | Football LAB,チャンスビルディングポイント ドリブルポイント ランキング,1,神戸,神戸,"[""ドリブルポイント"", ""試合平均"", ""最近5試合"", ""順位"", ""勝点"", ""得点"", ""失点""]","[""2.21"", ""0.74"", ""2.21"", ""8"", ""4"", ""3"", ""3""]"
20260827,20260824,j1,2026,ドリブル.html,チャンスビルディングポイント ドリブルポイント ランキング,リーグサマリー:2026/27 J1 チャンスビルディングポイント ドリブルポイント ランキング | データによってサッカーはもっと輝く | Football LAB,チャンスビルディングポイント ドリブルポイント ランキング,1,東京Ｖ,東京Ｖ,"[""ドリブルポイント"", ""試合平均"", ""最近5試合"", ""順位"", ""勝点"", ""得点"", ""失点""]","[""1.85"", ""0.62"", ""1.85"", ""17"", ""2"", ""2"", ""4""]"
20260827,20260824,j1,2026,ドリブル.html,チャンスビルディングポイント ドリブルポイント ランキング,リーグサマリー:2026/27 J1 チャンスビルディングポイント ドリブルポイント ランキング | データによってサッカーはもっと輝く | Football LAB,チャンスビルディングポイント ドリブルポイント ランキング,1,長崎,長崎,"[""ドリブルポイント"", ""試合平均"", ""最近5試合"", ""順位"", ""勝点"", ""得点"", ""失点""]","[""0.90"", ""0.30"", ""0.90"", ""16"", ""3"", ""4"", ""6""]"
20260827,20260824,j1,2026,ドリブル.html,チャンスビルディングポイント ドリブルポイント ランキング,リーグサマリー:2026/27 J1 チャンスビルディングポイント ドリブルポイント ランキング | データによってサッカーはもっと輝く | Football LAB,チャンスビルディングポイント ドリブルポイント ランキング,2,伊藤 達哉,伊藤達哉,"[""ドリブルポイント"", ""90分平均"", ""最近5試合"", ""出場試合"", ""攻撃CBP"", ""奪取P""]","["""", ""3.92"", ""1.57"", ""3.92"", ""3"", ""9.43"", ""18.16""]"
20260827,20260824,j1,2026,ドリブル.html,チャンスビルディングポイント ドリブルポイント ランキング,リーグサマリー:2026/27 J1 チャンスビルディングポイント ドリブルポイント ランキング | データによってサッカーはもっと輝く | Football LAB,チャンスビルディングポイント ドリブルポイント ランキング,2,横山 夢樹,横山夢樹,"[""ドリブルポイント"", ""90分平均"", ""最近5試合"", ""出場試合"", ""攻撃CBP"", ""奪取P""]","["""", ""2.70"", ""1.38"", ""2.70"", ""3"", ""5.04"", ""0.00""]"
20260827,20260824,j1,2026,ドリブル.html,チャンスビルディングポイント ドリブルポイント ランキング,リーグサマリー:2026/27 J1 チャンスビルディングポイント ドリブルポイント ランキング | データによってサッカーはもっと輝く | Football LAB,チャンスビルディングポイント ドリブルポイント ランキング,2,相馬 勇紀,相馬勇紀,"[""ドリブルポイント"", ""90分平均"", ""最近5試合"", ""出場試合"", ""攻撃CBP"", ""奪取P""]","["""", ""2.59"", ""0.89"", ""2.59"", ""3"", ""8.02"", ""4.82""]"
20260827,20260824,j1,2026,ドリブル.html,チャンスビルディングポイント ドリブルポイント ランキング,リーグサマリー:2026/27 J1 チャンスビルディングポイント ドリブルポイント ランキング | データによってサッカーはもっと輝く | Football LAB,チャンスビルディングポイント ドリブルポイント ランキング,2,藤井 智也,藤井智也,"[""ドリブルポイント"", ""90分平均"", ""最近5試合"", ""出場試合"", ""攻撃CBP"", ""奪取P""]","["""", ""2.18"", ""0.92"", ""2.18"", ""3"", ""4.84"", ""1.76""]"
20260827,20260824,j1,2026,ドリブル.html,チャンスビルディングポイント ドリブルポイント ランキング,リーグサマリー:2026/27 J1 チャンスビルディングポイント ドリブルポイント ランキング | データによってサッカーはもっと輝く | Football LAB,チャンスビルディングポイント ドリブルポイント ランキング,2,金子 拓郎,金子拓郎,"[""ドリブルポイント"", ""90分平均"", ""最近5試合"", ""出場試合"", ""攻撃CBP"", ""奪取P""]","["""", ""1.86"", ""0.63"", ""1.86"", ""3"", ""8.26"", ""12.09""]"
20260827,20260824,j1,2026,ドリブル.html,チャンスビルディングポイント ドリブルポイント ランキング,リーグサマリー:2026/27 J1 チャンスビルディングポイント ドリブルポイント ランキング | データによってサッカーはもっと輝く | Football LAB,チャンスビルディングポイント ドリブルポイント ランキング,2,鈴木 章斗,鈴木章斗,"[""ドリブルポイント"", ""90分平均"", ""最近5試合"", ""出場試合"", ""攻撃CBP"", ""奪取P""]","["""", ""1.63"", ""0.54"", ""1.63"", ""3"", ""5.56"", ""3.01""]"
20260827,20260824,j1,2026,ドリブル.html,チャンスビルディングポイント ドリブルポイント ランキング,リーグサマリー:2026/27 J1 チャンスビルディングポイント ドリブルポイント ランキング | データによってサッカーはもっと輝く | Football LAB,チャンスビルディングポイント ドリブルポイント ランキング,2,久保 藤次郎,久保藤次郎,"[""ドリブルポイント"", ""90分平均"", ""最近5試合"", ""出場試合"", ""攻撃CBP"", ""奪取P""]","["""", ""1.60"", ""0.57"", ""1.60"", ""3"", ""7.09"", ""23.50""]"
20260827,20260824,j1,2026,ドリブル.html,チャンスビルディングポイント ドリブルポイント ランキング,リーグサマリー:2026/27 J1 チャンスビルディングポイント ドリブルポイント ランキング | データによってサッカーはもっと輝く | Football LAB,チャンスビルディングポイント ドリブルポイント ランキング,2,ウェリック ポポ,ウェリックポポ,"[""ドリブルポイント"", ""90分平均"", ""最近5試合"", ""出場試合"", ""攻撃CBP"", ""奪取P""]","["""", ""1.38"", ""0.50"", ""1.38"", ""3"", ""4.90"", ""20.88""]"
20260827,20260824,j1,2026,ドリブル.html,チャンスビルディングポイント ドリブルポイント ランキング,リーグサマリー:2026/27 J1 チャンスビルディングポイント ドリブルポイント ランキング | データによってサッカーはもっと輝く | Football LAB,チャンスビルディングポイント ドリブルポイント ランキング,2,遠藤 渓太,遠藤渓太,"[""ドリブルポイント"", ""90分平均"", ""最近5試合"", ""出場試合"", ""攻撃CBP"", ""奪取P""]","["""", ""1.32"", ""0.51"", ""1.32"", ""3"", ""5.17"", ""6.87""]"
20260827,20260824,j1,2026,ドリブル.html,チャンスビルディングポイント ドリブルポイント ランキング,リーグサマリー:2026/27 J1 チャンスビルディングポイント ドリブルポイント ランキング | データによってサッカーはもっと輝く | Football LAB,チャンスビルディングポイント ドリブルポイント ランキング,2,渡邊 凌磨,渡邊凌磨,"[""ドリブルポイント"", ""90分平均"", ""最近5試合"", ""出場試合"", ""攻撃CBP"", ""奪取P""]","["""", ""1.19"", ""0.45"", ""1.19"", ""3"", ""4.81"", ""24.67""]"
20260827,20260824,j1,2026,ドリブル.html,チャンスビルディングポイント ドリブルポイント ランキング,リーグサマリー:2026/27 J1 チャンスビルディングポイント ドリブルポイント ランキング | データによってサッカーはもっと輝く | Football LAB,チャンスビルディングポイント ドリブルポイント ランキング,2,佐々木 旭,佐々木旭,"[""ドリブルポイント"", ""90分平均"", ""最近5試合"", ""出場試合"", ""攻撃CBP"", ""奪取P""]","["""", ""1.15"", ""0.99"", ""1.15"", ""3"", ""4.92"", ""17.55""]"
20260827,20260824,j1,2026,ドリブル.html,チャンスビルディングポイント ドリブルポイント ランキング,リーグサマリー:2026/27 J1 チャンスビルディングポイント ドリブルポイント ランキング | データによってサッカーはもっと輝く | Football LAB,チャンスビルディングポイント ドリブルポイント ランキング,2,エリソン,エリソン,"[""ドリブルポイント"", ""90分平均"", ""最近5試合"", ""出場試合"", ""攻撃CBP"", ""奪取P""]","["""", ""1.14"", ""0.38"", ""1.14"", ""3"", ""2.81"", ""15.05""]"
20260827,20260824,j1,2026,ドリブル.html,チャンスビルディングポイント ドリブルポイント ランキング,リーグサマリー:2026/27 J1 チャンスビルディングポイント ドリブルポイント ランキング | データによってサッカーはもっと輝く | Football LAB,チャンスビルディングポイント ドリブルポイント ランキング,2,津久井 匠海,津久井匠海,"[""ドリブルポイント"", ""90分平均"", ""最近5試合"", ""出場試合"", ""攻撃CBP"", ""奪取P""]","["""", ""1.13"", ""0.41"", ""1.13"", ""3"", ""2.91"", ""11.73""]"
20260827,20260824,j1,2026,ドリブル.html,チャンスビルディングポイント ドリブルポイント ランキング,リーグサマリー:2026/27 J1 チャンスビルディングポイント ドリブルポイント ランキング | データによってサッカーはもっと輝く | Football LAB,チャンスビルディングポイント ドリブルポイント ランキング,2,中山 克広,中山克広,"[""ドリブルポイント"", ""90分平均"", ""最近5試合"", ""出場試合"", ""攻撃CBP"", ""奪取P""]","["""", ""1.10"", ""0.38"", ""1.10"", ""3"", ""8.50"", ""26.12""]"
20260827,20260824,j1,2026,ドリブル.html,チャンスビルディングポイント ドリブルポイント ランキング,リーグサマリー:2026/27 J1 チャンスビルディングポイント ドリブルポイント ランキング | データによってサッカーはもっと輝く | Football LAB,チャンスビルディングポイント ドリブルポイント ランキング,2,チャヴリッチ,チャヴリッチ,"[""ドリブルポイント"", ""90分平均"", ""最近5試合"", ""出場試合"", ""攻撃CBP"", ""奪取P""]","["""", ""1.09"", ""1.69"", ""1.09"", ""3"", ""2.37"", ""6.37""]"
20260827,20260824,j1,2026,ドリブル.html,チャンスビルディングポイント ドリブルポイント ランキング,リーグサマリー:2026/27 J1 チャンスビルディングポイント ドリブルポイント ランキング | データによってサッカーはもっと輝く | Football LAB,チャンスビルディングポイント ドリブルポイント ランキング,2,和泉 竜司,和泉竜司,"[""ドリブルポイント"", ""90分平均"", ""最近5試合"", ""出場試合"", ""攻撃CBP"", ""奪取P""]","["""", ""1.09"", ""0.49"", ""1.09"", ""3"", ""2.87"", ""8.52""]"
20260827,20260824,j1,2026,ドリブル.html,チャンスビルディングポイント ドリブルポイント ランキング,リーグサマリー:2026/27 J1 チャンスビルディングポイント ドリブルポイント ランキング | データによってサッカーはもっと輝く | Football LAB,チャンスビルディングポイント ドリブルポイント ランキング,2,レオ ガウショ,レオガウショ,"[""ドリブルポイント"", ""90分平均"", ""最近5試合"", ""出場試合"", ""攻撃CBP"", ""奪取P""]","["""", ""1.06"", ""1.77"", ""1.06"", ""2"", ""1.58"", ""4.05""]"
20260827,20260824,j1,2026,ドリブル.html,チャンスビルディングポイント ドリブルポイント ランキング,リーグサマリー:2026/27 J1 チャンスビルディングポイント ドリブルポイント ランキング | データによってサッカーはもっと輝く | Football LAB,チャンスビルディングポイント ドリブルポイント ランキング,2,山本 隼大,山本隼大,"[""ドリブルポイント"", ""90分平均"", ""最近5試合"", ""出場試合"", ""攻撃CBP"", ""奪取P""]","["""", ""1.05"", ""0.95"", ""1.05"", ""3"", ""1.64"", ""1.51""]"
20260827,20260824,j1,2026,ドリブル.html,チャンスビルディングポイント ドリブルポイント ランキング,リーグサマリー:2026/27 J1 チャンスビルディングポイント ドリブルポイント ランキング | データによってサッカーはもっと輝く | Football LAB,チャンスビルディングポイント ドリブルポイント ランキング,2,石原 広教,石原広教,"[""ドリブルポイント"", ""90分平均"", ""最近5試合"", ""出場試合"", ""攻撃CBP"", ""奪取P""]","["""", ""1.03"", ""0.60"", ""1.03"", ""3"", ""3.91"", ""16.69""]"
20260827,20260824,j1,2026,ドリブル.html,チャンスビルディングポイント ドリブルポイント ランキング,リーグサマリー:2026/27 J1 チャンスビルディングポイント ドリブルポイント ランキング | データによってサッカーはもっと輝く | Football LAB,チャンスビルディングポイント ドリブルポイント ランキング,2,嶋本 悠大,嶋本悠大,"[""ドリブルポイント"", ""90分平均"", ""最近5試合"", ""出場試合"", ""攻撃CBP"", ""奪取P""]","["""", ""1.03"", ""0.40"", ""1.03"", ""3"", ""2.31"", ""25.04""]"
20260827,20260824,j1,2026,ドリブル.html,チャンスビルディングポイント ドリブルポイント ランキング,リーグサマリー:2026/27 J1 チャンスビルディングポイント ドリブルポイント ランキング | データによってサッカーはもっと輝く | Football LAB,チャンスビルディングポイント ドリブルポイント ランキング,2,白井 康介,白井康介,"[""ドリブルポイント"", ""90分平均"", ""最近5試合"", ""出場試合"", ""攻撃CBP"", ""奪取P""]","["""", ""1.02"", ""0.36"", ""1.02"", ""3"", ""5.17"", ""27.91""]"
20260827,20260824,j1,2026,ドリブル.html,チャンスビルディングポイント ドリブルポイント ランキング,リーグサマリー:2026/27 J1 チャンスビルディングポイント ドリブルポイント ランキング | データによってサッカーはもっと輝く | Football LAB,チャンスビルディングポイント ドリブルポイント ランキング,2,北川 航也,北川航也,"[""ドリブルポイント"", ""90分平均"", ""最近5試合"", ""出場試合"", ""攻撃CBP"", ""奪取P""]","["""", ""1.01"", ""0.36"", ""1.01"", ""3"", ""4.42"", ""4.24""]"
20260827,20260824,j1,2026,ドリブル.html,チャンスビルディングポイント ドリブルポイント ランキング,リーグサマリー:2026/27 J1 チャンスビルディングポイント ドリブルポイント ランキング | データによってサッカーはもっと輝く | Football LAB,チャンスビルディングポイント ドリブルポイント ランキング,2,松村 優太,松村優太,"[""ドリブルポイント"", ""90分平均"", ""最近5試合"", ""出場試合"", ""攻撃CBP"", ""奪取P""]","["""", ""0.99"", ""0.56"", ""0.99"", ""3"", ""7.15"", ""13.36""]"
20260827,20260824,j1,2026,ドリブル.html,チャンスビルディングポイント ドリブルポイント ランキング,リーグサマリー:2026/27 J1 チャンスビルディングポイント ドリブルポイント ランキング | データによってサッカーはもっと輝く | Football LAB,チャンスビルディングポイント ドリブルポイント ランキング,2,木村 勇大,木村勇大,"[""ドリブルポイント"", ""90分平均"", ""最近5試合"", ""出場試合"", ""攻撃CBP"", ""奪取P""]","["""", ""0.99"", ""0.33"", ""0.99"", ""3"", ""4.21"", ""0.00""]"
20260827,20260824,j1,2026,ドリブル.html,チャンスビルディングポイント ドリブルポイント ランキング,リーグサマリー:2026/27 J1 チャンスビルディングポイント ドリブルポイント ランキング | データによってサッカーはもっと輝く | Football LAB,チャンスビルディングポイント ドリブルポイント ランキング,2,福田 湧矢,福田湧矢,"[""ドリブルポイント"", ""90分平均"", ""最近5試合"", ""出場試合"", ""攻撃CBP"", ""奪取P""]","["""", ""0.98"", ""0.40"", ""0.98"", ""3"", ""3.46"", ""21.50""]"
20260827,20260824,j1,2026,ドリブル.html,チャンスビルディングポイント ドリブルポイント ランキング,リーグサマリー:2026/27 J1 チャンスビルディングポイント ドリブルポイント ランキング | データによってサッカーはもっと輝く | Football LAB,チャンスビルディングポイント ドリブルポイント ランキング,2,谷口 海斗,谷口海斗,"[""ドリブルポイント"", ""90分平均"", ""最近5試合"", ""出場試合"", ""攻撃CBP"", ""奪取P""]","["""", ""0.98"", ""0.49"", ""0.98"", ""3"", ""3.21"", ""11.97""]"
20260827,20260824,j1,2026,ドリブル.html,チャンスビルディングポイント ドリブルポイント ランキング,リーグサマリー:2026/27 J1 チャンスビルディングポイント ドリブルポイント ランキング | データによってサッカーはもっと輝く | Football LAB,チャンスビルディングポイント ドリブルポイント ランキング,2,食野 亮太郎,食野亮太郎,"[""ドリブルポイント"", ""90分平均"", ""最近5試合"", ""出場試合"", ""攻撃CBP"", ""奪取P""]","["""", ""0.95"", ""0.61"", ""0.95"", ""2"", ""2.60"", ""3.90""]"
20260827,20260824,j1,2026,ドリブル.html,チャンスビルディングポイント ドリブルポイント ランキング,リーグサマリー:2026/27 J1 チャンスビルディングポイント ドリブルポイント ランキング | データによってサッカーはもっと輝く | Football LAB,チャンスビルディングポイント ドリブルポイント ランキング,2,名古 新太郎,名古新太郎,"[""ドリブルポイント"", ""90分平均"", ""最近5試合"", ""出場試合"", ""攻撃CBP"", ""奪取P""]","["""", ""0.92"", ""0.62"", ""0.92"", ""3"", ""2.02"", ""10.02""]"
20260827,20260824,j1,2026,ドリブル.html,チャンスビルディングポイント ドリブルポイント ランキング,リーグサマリー:2026/27 J1 チャンスビルディングポイント ドリブルポイント ランキング | データによってサッカーはもっと輝く | Football LAB,チャンスビルディングポイント ドリブルポイント ランキング,2,ジェアン パトリッキ,ジェアンパトリッキ,"[""ドリブルポイント"", ""90分平均"", ""最近5試合"", ""出場試合"", ""攻撃CBP"", ""奪取P""]","["""", ""0.90"", ""0.90"", ""0.90"", ""1"", ""2.34"", ""2.20""]"
20260827,20260824,j1,2026,ドリブル.html,チャンスビルディングポイント ドリブルポイント ランキング,リーグサマリー:2026/27 J1 チャンスビルディングポイント ドリブルポイント ランキング | データによってサッカーはもっと輝く | Football LAB,チャンスビルディングポイント ドリブルポイント ランキング,2,長倉 幹樹,長倉幹樹,"[""ドリブルポイント"", ""90分平均"", ""最近5試合"", ""出場試合"", ""攻撃CBP"", ""奪取P""]","["""", ""0.89"", ""0.36"", ""0.89"", ""3"", ""3.94"", ""14.62""]"
20260827,20260824,j1,2026,パス.html,チャンスビルディングポイント パスポイント ランキング,リーグサマリー:2026/27 J1 チャンスビルディングポイント パスポイント ランキング | データによってサッカーはもっと輝く | Football LAB,チャンスビルディングポイント パスポイント ランキング,1,柏,柏,"[""パスポイント"", ""試合平均"", ""最近5試合"", ""順位"", ""勝点"", ""得点"", ""失点""]","[""55.28"", ""18.43"", ""55.28"", ""2"", ""9"", ""9"", ""4""]"
20260827,20260824,j1,2026,パス.html,チャンスビルディングポイント パスポイント ランキング,リーグサマリー:2026/27 J1 チャンスビルディングポイント パスポイント ランキング | データによってサッカーはもっと輝く | Football LAB,チャンスビルディングポイント パスポイント ランキング,1,川崎Ｆ,川崎Ｆ,"[""パスポイント"", ""試合平均"", ""最近5試合"", ""順位"", ""勝点"", ""得点"", ""失点""]","[""44.46"", ""14.82"", ""44.46"", ""13"", ""3"", ""4"", ""4""]"
20260827,20260824,j1,2026,パス.html,チャンスビルディングポイント パスポイント ランキング,リーグサマリー:2026/27 J1 チャンスビルディングポイント パスポイント ランキング | データによってサッカーはもっと輝く | Football LAB,チャンスビルディングポイント パスポイント ランキング,1,名古屋,名古屋,"[""パスポイント"", ""試合平均"", ""最近5試合"", ""順位"", ""勝点"", ""得点"", ""失点""]","[""44.21"", ""14.74"", ""44.21"", ""13"", ""3"", ""4"", ""4""]"
20260827,20260824,j1,2026,パス.html,チャンスビルディングポイント パスポイント ランキング,リーグサマリー:2026/27 J1 チャンスビルディングポイント パスポイント ランキング | データによってサッカーはもっと輝く | Football LAB,チャンスビルディングポイント パスポイント ランキング,1,鹿島,鹿島,"[""パスポイント"", ""試合平均"", ""最近5試合"", ""順位"", ""勝点"", ""得点"", ""失点""]","[""43.96"", ""14.65"", ""43.96"", ""3"", ""9"", ""9"", ""6""]"
20260827,20260824,j1,2026,パス.html,チャンスビルディングポイント パスポイント ランキング,リーグサマリー:2026/27 J1 チャンスビルディングポイント パスポイント ランキング | データによってサッカーはもっと輝く | Football LAB,チャンスビルディングポイント パスポイント ランキング,1,広島,広島,"[""パスポイント"", ""試合平均"", ""最近5試合"", ""順位"", ""勝点"", ""得点"", ""失点""]","[""43.24"", ""14.41"", ""43.24"", ""4"", ""7"", ""8"", ""2""]"
20260827,20260824,j1,2026,パス.html,チャンスビルディングポイント パスポイント ランキング,リーグサマリー:2026/27 J1 チャンスビルディングポイント パスポイント ランキング | データによってサッカーはもっと輝く | Football LAB,チャンスビルディングポイント パスポイント ランキング,1,Ｇ大阪,Ｇ大阪,"[""パスポイント"", ""試合平均"", ""最近5試合"", ""順位"", ""勝点"", ""得点"", ""失点""]","[""40.50"", ""13.50"", ""40.50"", ""10"", ""4"", ""6"", ""7""]"
20260827,20260824,j1,2026,パス.html,チャンスビルディングポイント パスポイント ランキング,リーグサマリー:2026/27 J1 チャンスビルディングポイント パスポイント ランキング | データによってサッカーはもっと輝く | Football LAB,チャンスビルディングポイント パスポイント ランキング,1,FC東京,FC東京,"[""パスポイント"", ""試合平均"", ""最近5試合"", ""順位"", ""勝点"", ""得点"", ""失点""]","[""38.91"", ""12.97"", ""38.91"", ""11"", ""4"", ""5"", ""7""]"
20260827,20260824,j1,2026,パス.html,チャンスビルディングポイント パスポイント ランキング,リーグサマリー:2026/27 J1 チャンスビルディングポイント パスポイント ランキング | データによってサッカーはもっと輝く | Football LAB,チャンスビルディングポイント パスポイント ランキング,1,京都,京都,"[""パスポイント"", ""試合平均"", ""最近5試合"", ""順位"", ""勝点"", ""得点"", ""失点""]","[""37.12"", ""12.37"", ""37.12"", ""18"", ""1"", ""4"", ""7""]"
20260827,20260824,j1,2026,パス.html,チャンスビルディングポイント パスポイント ランキング,リーグサマリー:2026/27 J1 チャンスビルディングポイント パスポイント ランキング | データによってサッカーはもっと輝く | Football LAB,チャンスビルディングポイント パスポイント ランキング,1,浦和,浦和,"[""パスポイント"", ""試合平均"", ""最近5試合"", ""順位"", ""勝点"", ""得点"", ""失点""]","[""34.18"", ""11.39"", ""34.18"", ""19"", ""0"", ""5"", ""11""]"
20260827,20260824,j1,2026,パス.html,チャンスビルディングポイント パスポイント ランキング,リーグサマリー:2026/27 J1 チャンスビルディングポイント パスポイント ランキング | データによってサッカーはもっと輝く | Football LAB,チャンスビルディングポイント パスポイント ランキング,1,岡山,岡山,"[""パスポイント"", ""試合平均"", ""最近5試合"", ""順位"", ""勝点"", ""得点"", ""失点""]","[""34.12"", ""11.37"", ""34.12"", ""9"", ""4"", ""2"", ""2""]"
20260827,20260824,j1,2026,パス.html,チャンスビルディングポイント パスポイント ランキング,リーグサマリー:2026/27 J1 チャンスビルディングポイント パスポイント ランキング | データによってサッカーはもっと輝く | Football LAB,チャンスビルディングポイント パスポイント ランキング,1,町田,町田,"[""パスポイント"", ""試合平均"", ""最近5試合"", ""順位"", ""勝点"", ""得点"", ""失点""]","[""34.02"", ""11.34"", ""34.02"", ""1"", ""9"", ""12"", ""2""]"
20260827,20260824,j1,2026,パス.html,チャンスビルディングポイント パスポイント ランキング,リーグサマリー:2026/27 J1 チャンスビルディングポイント パスポイント ランキング | データによってサッカーはもっと輝く | Football LAB,チャンスビルディングポイント パスポイント ランキング,1,神戸,神戸,"[""パスポイント"", ""試合平均"", ""最近5試合"", ""順位"", ""勝点"", ""得点"", ""失点""]","[""33.85"", ""11.28"", ""33.85"", ""8"", ""4"", ""3"", ""3""]"
20260827,20260824,j1,2026,パス.html,チャンスビルディングポイント パスポイント ランキング,リーグサマリー:2026/27 J1 チャンスビルディングポイント パスポイント ランキング | データによってサッカーはもっと輝く | Football LAB,チャンスビルディングポイント パスポイント ランキング,1,Ｃ大阪,Ｃ大阪,"[""パスポイント"", ""試合平均"", ""最近5試合"", ""順位"", ""勝点"", ""得点"", ""失点""]","[""31.51"", ""10.50"", ""31.51"", ""6"", ""6"", ""3"", ""4""]"
20260827,20260824,j1,2026,パス.html,チャンスビルディングポイント パスポイント ランキング,リーグサマリー:2026/27 J1 チャンスビルディングポイント パスポイント ランキング | データによってサッカーはもっと輝く | Football LAB,チャンスビルディングポイント パスポイント ランキング,1,水戸,水戸,"[""パスポイント"", ""試合平均"", ""最近5試合"", ""順位"", ""勝点"", ""得点"", ""失点""]","[""30.07"", ""10.02"", ""30.07"", ""7"", ""4"", ""5"", ""4""]"
20260827,20260824,j1,2026,パス.html,チャンスビルディングポイント パスポイント ランキング,リーグサマリー:2026/27 J1 チャンスビルディングポイント パスポイント ランキング | データによってサッカーはもっと輝く | Football LAB,チャンスビルディングポイント パスポイント ランキング,1,福岡,福岡,"[""パスポイント"", ""試合平均"", ""最近5試合"", ""順位"", ""勝点"", ""得点"", ""失点""]","[""27.17"", ""9.06"", ""27.17"", ""12"", ""3"", ""5"", ""4""]"
20260827,20260824,j1,2026,パス.html,チャンスビルディングポイント パスポイント ランキング,リーグサマリー:2026/27 J1 チャンスビルディングポイント パスポイント ランキング | データによってサッカーはもっと輝く | Football LAB,チャンスビルディングポイント パスポイント ランキング,1,横浜FM,横浜FM,"[""パスポイント"", ""試合平均"", ""最近5試合"", ""順位"", ""勝点"", ""得点"", ""失点""]","[""25.58"", ""8.53"", ""25.58"", ""5"", ""6"", ""5"", ""4""]"
20260827,20260824,j1,2026,パス.html,チャンスビルディングポイント パスポイント ランキング,リーグサマリー:2026/27 J1 チャンスビルディングポイント パスポイント ランキング | データによってサッカーはもっと輝く | Football LAB,チャンスビルディングポイント パスポイント ランキング,1,長崎,長崎,"[""パスポイント"", ""試合平均"", ""最近5試合"", ""順位"", ""勝点"", ""得点"", ""失点""]","[""25.41"", ""8.47"", ""25.41"", ""16"", ""3"", ""4"", ""6""]"
20260827,20260824,j1,2026,パス.html,チャンスビルディングポイント パスポイント ランキング,リーグサマリー:2026/27 J1 チャンスビルディングポイント パスポイント ランキング | データによってサッカーはもっと輝く | Football LAB,チャンスビルディングポイント パスポイント ランキング,1,千葉,千葉,"[""パスポイント"", ""試合平均"", ""最近5試合"", ""順位"", ""勝点"", ""得点"", ""失点""]","[""23.29"", ""7.76"", ""23.29"", ""20"", ""0"", ""0"", ""9""]"
20260827,20260824,j1,2026,パス.html,チャンスビルディングポイント パスポイント ランキング,リーグサマリー:2026/27 J1 チャンスビルディングポイント パスポイント ランキング | データによってサッカーはもっと輝く | Football LAB,チャンスビルディングポイント パスポイント ランキング,1,東京Ｖ,東京Ｖ,"[""パスポイント"", ""試合平均"", ""最近5試合"", ""順位"", ""勝点"", ""得点"", ""失点""]","[""22.11"", ""7.37"", ""22.11"", ""17"", ""2"", ""2"", ""4""]"
20260827,20260824,j1,2026,パス.html,チャンスビルディングポイント パスポイント ランキング,リーグサマリー:2026/27 J1 チャンスビルディングポイント パスポイント ランキング | データによってサッカーはもっと輝く | Football LAB,チャンスビルディングポイント パスポイント ランキング,1,清水,清水,"[""パスポイント"", ""試合平均"", ""最近5試合"", ""順位"", ""勝点"", ""得点"", ""失点""]","[""20.41"", ""6.80"", ""20.41"", ""15"", ""3"", ""1"", ""2""]"
20260827,20260824,j1,2026,パス.html,チャンスビルディングポイント パスポイント ランキング,リーグサマリー:2026/27 J1 チャンスビルディングポイント パスポイント ランキング | データによってサッカーはもっと輝く | Football LAB,チャンスビルディングポイント パスポイント ランキング,2,原田 亘,原田亘,"[""パスポイント"", ""90分平均"", ""最近5試合"", ""出場試合"", ""攻撃CBP"", ""奪取P""]","["""", ""8.09"", ""2.70"", ""8.09"", ""3"", ""8.36"", ""29.17""]"
20260827,20260824,j1,2026,パス.html,チャンスビルディングポイント パスポイント ランキング,リーグサマリー:2026/27 J1 チャンスビルディングポイント パスポイント ランキング | データによってサッカーはもっと輝く | Football LAB,チャンスビルディングポイント パスポイント ランキング,2,中川 敦瑛,中川敦瑛,"[""パスポイント"", ""90分平均"", ""最近5試合"", ""出場試合"", ""攻撃CBP"", ""奪取P""]","["""", ""7.36"", ""2.45"", ""7.36"", ""3"", ""7.36"", ""37.39""]"
20260827,20260824,j1,2026,パス.html,チャンスビルディングポイント パスポイント ランキング,リーグサマリー:2026/27 J1 チャンスビルディングポイント パスポイント ランキング | データによってサッカーはもっと輝く | Football LAB,チャンスビルディングポイント パスポイント ランキング,2,古賀 太陽,古賀太陽,"[""パスポイント"", ""90分平均"", ""最近5試合"", ""出場試合"", ""攻撃CBP"", ""奪取P""]","["""", ""7.13"", ""2.38"", ""7.13"", ""3"", ""7.13"", ""26.40""]"
20260827,20260824,j1,2026,パス.html,チャンスビルディングポイント パスポイント ランキング,リーグサマリー:2026/27 J1 チャンスビルディングポイント パスポイント ランキング | データによってサッカーはもっと輝く | Football LAB,チャンスビルディングポイント パスポイント ランキング,2,山本 悠樹,山本悠樹,"[""パスポイント"", ""90分平均"", ""最近5試合"", ""出場試合"", ""攻撃CBP"", ""奪取P""]","["""", ""6.98"", ""2.49"", ""6.98"", ""3"", ""7.26"", ""21.33""]"
20260827,20260824,j1,2026,パス.html,チャンスビルディングポイント パスポイント ランキング,リーグサマリー:2026/27 J1 チャンスビルディングポイント パスポイント ランキング | データによってサッカーはもっと輝く | Football LAB,チャンスビルディングポイント パスポイント ランキング,2,杉岡 大暉,杉岡大暉,"[""パスポイント"", ""90分平均"", ""最近5試合"", ""出場試合"", ""攻撃CBP"", ""奪取P""]","["""", ""6.63"", ""2.21"", ""6.63"", ""3"", ""6.63"", ""32.47""]"
20260827,20260824,j1,2026,パス.html,チャンスビルディングポイント パスポイント ランキング,リーグサマリー:2026/27 J1 チャンスビルディングポイント パスポイント ランキング | データによってサッカーはもっと輝く | Football LAB,チャンスビルディングポイント パスポイント ランキング,2,中山 雄太,中山雄太,"[""パスポイント"", ""90分平均"", ""最近5試合"", ""出場試合"", ""攻撃CBP"", ""奪取P""]","["""", ""5.96"", ""1.99"", ""5.96"", ""3"", ""7.06"", ""26.94""]"
20260827,20260824,j1,2026,パス.html,チャンスビルディングポイント パスポイント ランキング,リーグサマリー:2026/27 J1 チャンスビルディングポイント パスポイント ランキング | データによってサッカーはもっと輝く | Football LAB,チャンスビルディングポイント パスポイント ランキング,2,稲垣 祥,稲垣祥,"[""パスポイント"", ""90分平均"", ""最近5試合"", ""出場試合"", ""攻撃CBP"", ""奪取P""]","["""", ""5.73"", ""1.91"", ""5.73"", ""3"", ""5.73"", ""55.29""]"
20260827,20260824,j1,2026,パス.html,チャンスビルディングポイント パスポイント ランキング,リーグサマリー:2026/27 J1 チャンスビルディングポイント パスポイント ランキング | データによってサッカーはもっと輝く | Football LAB,チャンスビルディングポイント パスポイント ランキング,2,安部 柊斗,安部柊斗,"[""パスポイント"", ""90分平均"", ""最近5試合"", ""出場試合"", ""攻撃CBP"", ""奪取P""]","["""", ""5.58"", ""1.98"", ""5.58"", ""3"", ""5.58"", ""18.95""]"
20260827,20260824,j1,2026,パス.html,チャンスビルディングポイント パスポイント ランキング,リーグサマリー:2026/27 J1 チャンスビルディングポイント パスポイント ランキング | データによってサッカーはもっと輝く | Football LAB,チャンスビルディングポイント パスポイント ランキング,2,高嶺 朋樹,高嶺朋樹,"[""パスポイント"", ""90分平均"", ""最近5試合"", ""出場試合"", ""攻撃CBP"", ""奪取P""]","["""", ""5.52"", ""1.84"", ""5.52"", ""3"", ""6.58"", ""33.43""]"
20260827,20260824,j1,2026,パス.html,チャンスビルディングポイント パスポイント ランキング,リーグサマリー:2026/27 J1 チャンスビルディングポイント パスポイント ランキング | データによってサッカーはもっと輝く | Football LAB,チャンスビルディングポイント パスポイント ランキング,2,熊坂 光希,熊坂光希,"[""パスポイント"", ""90分平均"", ""最近5試合"", ""出場試合"", ""攻撃CBP"", ""奪取P""]","["""", ""5.45"", ""1.89"", ""5.45"", ""3"", ""5.45"", ""39.37""]"
20260827,20260824,j1,2026,パス.html,チャンスビルディングポイント パスポイント ランキング,リーグサマリー:2026/27 J1 チャンスビルディングポイント パスポイント ランキング | データによってサッカーはもっと輝く | Football LAB,チャンスビルディングポイント パスポイント ランキング,2,小泉 佳穂,小泉佳穂,"[""パスポイント"", ""90分平均"", ""最近5試合"", ""出場試合"", ""攻撃CBP"", ""奪取P""]","["""", ""5.43"", ""1.97"", ""5.43"", ""3"", ""5.43"", ""15.31""]"
20260827,20260824,j1,2026,パス.html,チャンスビルディングポイント パスポイント ランキング,リーグサマリー:2026/27 J1 チャンスビルディングポイント パスポイント ランキング | データによってサッカーはもっと輝く | Football LAB,チャンスビルディングポイント パスポイント ランキング,2,中谷 進之介,中谷進之介,"[""パスポイント"", ""90分平均"", ""最近5試合"", ""出場試合"", ""攻撃CBP"", ""奪取P""]","["""", ""5.38"", ""1.79"", ""5.38"", ""3"", ""5.38"", ""12.91""]"
20260827,20260824,j1,2026,パス.html,チャンスビルディングポイント パスポイント ランキング,リーグサマリー:2026/27 J1 チャンスビルディングポイント パスポイント ランキング | データによってサッカーはもっと輝く | Football LAB,チャンスビルディングポイント パスポイント ランキング,2,岸本 武流,岸本武流,"[""パスポイント"", ""90分平均"", ""最近5試合"", ""出場試合"", ""攻撃CBP"", ""奪取P""]","["""", ""5.21"", ""1.74"", ""5.21"", ""3"", ""6.48"", ""19.02""]"
20260827,20260824,j1,2026,パス.html,チャンスビルディングポイント パスポイント ランキング,リーグサマリー:2026/27 J1 チャンスビルディングポイント パスポイント ランキング | データによってサッカーはもっと輝く | Football LAB,チャンスビルディングポイント パスポイント ランキング,2,高 宇洋,高宇洋,"[""パスポイント"", ""90分平均"", ""最近5試合"", ""出場試合"", ""攻撃CBP"", ""奪取P""]","["""", ""5.01"", ""1.87"", ""5.01"", ""3"", ""5.53"", ""35.72""]"
20260827,20260824,j1,2026,パス.html,チャンスビルディングポイント パスポイント ランキング,リーグサマリー:2026/27 J1 チャンスビルディングポイント パスポイント ランキング | データによってサッカーはもっと輝く | Football LAB,チャンスビルディングポイント パスポイント ランキング,2,福田 心之助,福田心之助,"[""パスポイント"", ""90分平均"", ""最近5試合"", ""出場試合"", ""攻撃CBP"", ""奪取P""]","["""", ""4.88"", ""1.63"", ""4.88"", ""3"", ""7.06"", ""25.31""]"
20260827,20260824,j1,2026,パス.html,チャンスビルディングポイント パスポイント ランキング,リーグサマリー:2026/27 J1 チャンスビルディングポイント パスポイント ランキング | データによってサッカーはもっと輝く | Football LAB,チャンスビルディングポイント パスポイント ランキング,2,ネタ ラヴィ,ネタラヴィ,"[""パスポイント"", ""90分平均"", ""最近5試合"", ""出場試合"", ""攻撃CBP"", ""奪取P""]","["""", ""4.82"", ""1.81"", ""4.82"", ""3"", ""4.82"", ""36.44""]"
20260827,20260824,j1,2026,パス.html,チャンスビルディングポイント パスポイント ランキング,リーグサマリー:2026/27 J1 チャンスビルディングポイント パスポイント ランキング | データによってサッカーはもっと輝く | Football LAB,チャンスビルディングポイント パスポイント ランキング,2,中山 克広,中山克広,"[""パスポイント"", ""90分平均"", ""最近5試合"", ""出場試合"", ""攻撃CBP"", ""奪取P""]","["""", ""4.81"", ""1.68"", ""4.81"", ""3"", ""8.50"", ""26.12""]"
20260827,20260824,j1,2026,パス.html,チャンスビルディングポイント パスポイント ランキング,リーグサマリー:2026/27 J1 チャンスビルディングポイント パスポイント ランキング | データによってサッカーはもっと輝く | Football LAB,チャンスビルディングポイント パスポイント ランキング,2,マテウス ブエノ,マテウスブエノ,"[""パスポイント"", ""90分平均"", ""最近5試合"", ""出場試合"", ""攻撃CBP"", ""奪取P""]","["""", ""4.78"", ""2.22"", ""4.78"", ""3"", ""4.78"", ""28.06""]"
20260827,20260824,j1,2026,パス.html,チャンスビルディングポイント パスポイント ランキング,リーグサマリー:2026/27 J1 チャンスビルディングポイント パスポイント ランキング | データによってサッカーはもっと輝く | Football LAB,チャンスビルディングポイント パスポイント ランキング,2,安居 海渡,安居海渡,"[""パスポイント"", ""90分平均"", ""最近5試合"", ""出場試合"", ""攻撃CBP"", ""奪取P""]","["""", ""4.75"", ""1.60"", ""4.75"", ""3"", ""4.75"", ""34.98""]"
20260827,20260824,j1,2026,パス.html,チャンスビルディングポイント パスポイント ランキング,リーグサマリー:2026/27 J1 チャンスビルディングポイント パスポイント ランキング | データによってサッカーはもっと輝く | Football LAB,チャンスビルディングポイント パスポイント ランキング,2,原 輝綺,原輝綺,"[""パスポイント"", ""90分平均"", ""最近5試合"", ""出場試合"", ""攻撃CBP"", ""奪取P""]","["""", ""4.72"", ""1.59"", ""4.72"", ""3"", ""5.21"", ""28.64""]"
20260827,20260824,j1,2026,パス.html,チャンスビルディングポイント パスポイント ランキング,リーグサマリー:2026/27 J1 チャンスビルディングポイント パスポイント ランキング | データによってサッカーはもっと輝く | Football LAB,チャンスビルディングポイント パスポイント ランキング,2,塩谷 司,塩谷司,"[""パスポイント"", ""90分平均"", ""最近5試合"", ""出場試合"", ""攻撃CBP"", ""奪取P""]","["""", ""4.67"", ""1.95"", ""4.67"", ""3"", ""4.67"", ""25.78""]"
20260827,20260824,j1,2026,パス.html,チャンスビルディングポイント パスポイント ランキング,リーグサマリー:2026/27 J1 チャンスビルディングポイント パスポイント ランキング | データによってサッカーはもっと輝く | Football LAB,チャンスビルディングポイント パスポイント ランキング,2,宮本 優太,宮本優太,"[""パスポイント"", ""90分平均"", ""最近5試合"", ""出場試合"", ""攻撃CBP"", ""奪取P""]","["""", ""4.65"", ""1.55"", ""4.65"", ""3"", ""4.65"", ""42.57""]"
20260827,20260824,j1,2026,パス.html,チャンスビルディングポイント パスポイント ランキング,リーグサマリー:2026/27 J1 チャンスビルディングポイント パスポイント ランキング | データによってサッカーはもっと輝く | Football LAB,チャンスビルディングポイント パスポイント ランキング,2,田中 駿汰,田中駿汰,"[""パスポイント"", ""90分平均"", ""最近5試合"", ""出場試合"", ""攻撃CBP"", ""奪取P""]","["""", ""4.63"", ""1.54"", ""4.63"", ""3"", ""4.63"", ""33.76""]"
20260827,20260824,j1,2026,パス.html,チャンスビルディングポイント パスポイント ランキング,リーグサマリー:2026/27 J1 チャンスビルディングポイント パスポイント ランキング | データによってサッカーはもっと輝く | Football LAB,チャンスビルディングポイント パスポイント ランキング,2,マテウス トゥーレル,マテウストゥーレル,"[""パスポイント"", ""90分平均"", ""最近5試合"", ""出場試合"", ""攻撃CBP"", ""奪取P""]","["""", ""4.56"", ""1.52"", ""4.56"", ""3"", ""4.56"", ""26.85""]"
20260827,20260824,j1,2026,パス.html,チャンスビルディングポイント パスポイント ランキング,リーグサマリー:2026/27 J1 チャンスビルディングポイント パスポイント ランキング | データによってサッカーはもっと輝く | Football LAB,チャンスビルディングポイント パスポイント ランキング,2,佐々木 翔,佐々木翔,"[""パスポイント"", ""90分平均"", ""最近5試合"", ""出場試合"", ""攻撃CBP"", ""奪取P""]","["""", ""4.45"", ""1.48"", ""4.45"", ""3"", ""4.95"", ""46.88""]"
20260827,20260824,j1,2026,パス.html,チャンスビルディングポイント パスポイント ランキング,リーグサマリー:2026/27 J1 チャンスビルディングポイント パスポイント ランキング | データによってサッカーはもっと輝く | Football LAB,チャンスビルディングポイント パスポイント ランキング,2,ジョアン ペドロ,ジョアンペドロ,"[""パスポイント"", ""90分平均"", ""最近5試合"", ""出場試合"", ""攻撃CBP"", ""奪取P""]","["""", ""4.43"", ""1.50"", ""4.43"", ""3"", ""5.29"", ""25.57""]"
20260827,20260824,j1,2026,パス.html,チャンスビルディングポイント パスポイント ランキング,リーグサマリー:2026/27 J1 チャンスビルディングポイント パスポイント ランキング | データによってサッカーはもっと輝く | Football LAB,チャンスビルディングポイント パスポイント ランキング,2,橘田 健人,橘田健人,"[""パスポイント"", ""90分平均"", ""最近5試合"", ""出場試合"", ""攻撃CBP"", ""奪取P""]","["""", ""4.41"", ""1.61"", ""4.41"", ""3"", ""4.41"", ""32.55""]"
20260827,20260824,j1,2026,パス.html,チャンスビルディングポイント パスポイント ランキング,リーグサマリー:2026/27 J1 チャンスビルディングポイント パスポイント ランキング | データによってサッカーはもっと輝く | Football LAB,チャンスビルディングポイント パスポイント ランキング,2,ディオン クールズ,ディオンクールズ,"[""パスポイント"", ""90分平均"", ""最近5試合"", ""出場試合"", ""攻撃CBP"", ""奪取P""]","["""", ""4.39"", ""1.46"", ""4.39"", ""3"", ""4.39"", ""44.33""]"
20260827,20260824,j1,2026,パス.html,チャンスビルディングポイント パスポイント ランキング,リーグサマリー:2026/27 J1 チャンスビルディングポイント パスポイント ランキング | データによってサッカーはもっと輝く | Football LAB,チャンスビルディングポイント パスポイント ランキング,2,三竿 健斗,三竿健斗,"[""パスポイント"", ""90分平均"", ""最近5試合"", ""出場試合"", ""攻撃CBP"", ""奪取P""]","["""", ""4.28"", ""1.82"", ""4.28"", ""3"", ""4.28"", ""29.39""]"
20260827,20260824,j1,2026,パス.html,チャンスビルディングポイント パスポイント ランキング,リーグサマリー:2026/27 J1 チャンスビルディングポイント パスポイント ランキング | データによってサッカーはもっと輝く | Football LAB,チャンスビルディングポイント パスポイント ランキング,2,大森 博,大森博,"[""パスポイント"", ""90分平均"", ""最近5試合"", ""出場試合"", ""攻撃CBP"", ""奪取P""]","["""", ""4.28"", ""1.43"", ""4.28"", ""3"", ""5.37"", ""33.94""]"
20260827,20260824,j1,2026,パスレシーブ.html,チャンスビルディングポイント パスレシーブポイント ランキング,リーグサマリー:2026/27 J1 チャンスビルディングポイント パスレシーブポイント ランキング | データによってサッカーはもっと輝く | Football LAB,チャンスビルディングポイント パスレシーブポイント ランキング,1,鈴木 章斗,鈴木章斗,"[""パスレシーブポイント"", ""90分平均"", ""最近5試合"", ""出場試合"", ""攻撃CBP"", ""奪取P""]","["""", ""7.16"", ""2.39"", ""7.16"", ""3"", ""5.56"", ""3.01""]"
20260827,20260824,j1,2026,パスレシーブ.html,チャンスビルディングポイント パスレシーブポイント ランキング,リーグサマリー:2026/27 J1 チャンスビルディングポイント パスレシーブポイント ランキング | データによってサッカーはもっと輝く | Football LAB,チャンスビルディングポイント パスレシーブポイント ランキング,1,長倉 幹樹,長倉幹樹,"[""パスレシーブポイント"", ""90分平均"", ""最近5試合"", ""出場試合"", ""攻撃CBP"", ""奪取P""]","["""", ""6.62"", ""2.68"", ""6.62"", ""3"", ""3.94"", ""14.62""]"
20260827,20260824,j1,2026,パスレシーブ.html,チャンスビルディングポイント パスレシーブポイント ランキング,リーグサマリー:2026/27 J1 チャンスビルディングポイント パスレシーブポイント ランキング | データによってサッカーはもっと輝く | Football LAB,チャンスビルディングポイント パスレシーブポイント ランキング,1,小泉 佳穂,小泉佳穂,"[""パスレシーブポイント"", ""90分平均"", ""最近5試合"", ""出場試合"", ""攻撃CBP"", ""奪取P""]","["""", ""6.46"", ""2.34"", ""6.46"", ""3"", ""5.43"", ""15.31""]"
20260827,20260824,j1,2026,パスレシーブ.html,チャンスビルディングポイント パスレシーブポイント ランキング,リーグサマリー:2026/27 J1 チャンスビルディングポイント パスレシーブポイント ランキング | データによってサッカーはもっと輝く | Football LAB,チャンスビルディングポイント パスレシーブポイント ランキング,1,中川 敦瑛,中川敦瑛,"[""パスレシーブポイント"", ""90分平均"", ""最近5試合"", ""出場試合"", ""攻撃CBP"", ""奪取P""]","["""", ""6.26"", ""2.09"", ""6.26"", ""3"", ""7.36"", ""37.39""]"
20260827,20260824,j1,2026,パスレシーブ.html,チャンスビルディングポイント パスレシーブポイント ランキング,リーグサマリー:2026/27 J1 チャンスビルディングポイント パスレシーブポイント ランキング | データによってサッカーはもっと輝く | Football LAB,チャンスビルディングポイント パスレシーブポイント ランキング,1,ラファエル エリアス,ラファエルエリアス,"[""パスレシーブポイント"", ""90分平均"", ""最近5試合"", ""出場試合"", ""攻撃CBP"", ""奪取P""]","["""", ""6.24"", ""2.08"", ""6.24"", ""3"", ""1.77"", ""6.94""]"
20260827,20260824,j1,2026,パスレシーブ.html,チャンスビルディングポイント パスレシーブポイント ランキング,リーグサマリー:2026/27 J1 チャンスビルディングポイント パスレシーブポイント ランキング | データによってサッカーはもっと輝く | Football LAB,チャンスビルディングポイント パスレシーブポイント ランキング,1,木村 勇大,木村勇大,"[""パスレシーブポイント"", ""90分平均"", ""最近5試合"", ""出場試合"", ""攻撃CBP"", ""奪取P""]","["""", ""6.20"", ""2.09"", ""6.20"", ""3"", ""4.21"", ""0.00""]"
20260827,20260824,j1,2026,パスレシーブ.html,チャンスビルディングポイント パスレシーブポイント ランキング,リーグサマリー:2026/27 J1 チャンスビルディングポイント パスレシーブポイント ランキング | データによってサッカーはもっと輝く | Football LAB,チャンスビルディングポイント パスレシーブポイント ランキング,1,久保 藤次郎,久保藤次郎,"[""パスレシーブポイント"", ""90分平均"", ""最近5試合"", ""出場試合"", ""攻撃CBP"", ""奪取P""]","["""", ""6.09"", ""2.17"", ""6.09"", ""3"", ""7.09"", ""23.50""]"
20260827,20260824,j1,2026,パスレシーブ.html,チャンスビルディングポイント パスレシーブポイント ランキング,リーグサマリー:2026/27 J1 チャンスビルディングポイント パスレシーブポイント ランキング | データによってサッカーはもっと輝く | Football LAB,チャンスビルディングポイント パスレシーブポイント ランキング,1,レオ セアラ,レオセアラ,"[""パスレシーブポイント"", ""90分平均"", ""最近5試合"", ""出場試合"", ""攻撃CBP"", ""奪取P""]","["""", ""5.97"", ""2.16"", ""5.97"", ""3"", ""3.01"", ""6.18""]"
20260827,20260824,j1,2026,パスレシーブ.html,チャンスビルディングポイント パスレシーブポイント ランキング,リーグサマリー:2026/27 J1 チャンスビルディングポイント パスレシーブポイント ランキング | データによってサッカーはもっと輝く | Football LAB,チャンスビルディングポイント パスレシーブポイント ランキング,1,脇坂 泰斗,脇坂泰斗,"[""パスレシーブポイント"", ""90分平均"", ""最近5試合"", ""出場試合"", ""攻撃CBP"", ""奪取P""]","["""", ""5.94"", ""1.98"", ""5.94"", ""3"", ""3.74"", ""28.32""]"
20260827,20260824,j1,2026,パスレシーブ.html,チャンスビルディングポイント パスレシーブポイント ランキング,リーグサマリー:2026/27 J1 チャンスビルディングポイント パスレシーブポイント ランキング | データによってサッカーはもっと輝く | Football LAB,チャンスビルディングポイント パスレシーブポイント ランキング,1,中山 克広,中山克広,"[""パスレシーブポイント"", ""90分平均"", ""最近5試合"", ""出場試合"", ""攻撃CBP"", ""奪取P""]","["""", ""5.77"", ""2.01"", ""5.77"", ""3"", ""8.50"", ""26.12""]"
20260827,20260824,j1,2026,パスレシーブ.html,チャンスビルディングポイント パスレシーブポイント ランキング,リーグサマリー:2026/27 J1 チャンスビルディングポイント パスレシーブポイント ランキング | データによってサッカーはもっと輝く | Football LAB,チャンスビルディングポイント パスレシーブポイント ランキング,1,鈴木 優磨,鈴木優磨,"[""パスレシーブポイント"", ""90分平均"", ""最近5試合"", ""出場試合"", ""攻撃CBP"", ""奪取P""]","["""", ""5.66"", ""1.91"", ""5.66"", ""3"", ""4.42"", ""16.53""]"
20260827,20260824,j1,2026,パスレシーブ.html,チャンスビルディングポイント パスレシーブポイント ランキング,リーグサマリー:2026/27 J1 チャンスビルディングポイント パスレシーブポイント ランキング | データによってサッカーはもっと輝く | Football LAB,チャンスビルディングポイント パスレシーブポイント ランキング,1,佐藤 恵允,佐藤恵允,"[""パスレシーブポイント"", ""90分平均"", ""最近5試合"", ""出場試合"", ""攻撃CBP"", ""奪取P""]","["""", ""5.56"", ""1.97"", ""5.56"", ""3"", ""4.47"", ""15.81""]"
20260827,20260824,j1,2026,パスレシーブ.html,チャンスビルディングポイント パスレシーブポイント ランキング,リーグサマリー:2026/27 J1 チャンスビルディングポイント パスレシーブポイント ランキング | データによってサッカーはもっと輝く | Football LAB,チャンスビルディングポイント パスレシーブポイント ランキング,1,伊藤 達哉,伊藤達哉,"[""パスレシーブポイント"", ""90分平均"", ""最近5試合"", ""出場試合"", ""攻撃CBP"", ""奪取P""]","["""", ""5.47"", ""2.19"", ""5.47"", ""3"", ""9.43"", ""18.16""]"
20260827,20260824,j1,2026,パスレシーブ.html,チャンスビルディングポイント パスレシーブポイント ランキング,リーグサマリー:2026/27 J1 チャンスビルディングポイント パスレシーブポイント ランキング | データによってサッカーはもっと輝く | Football LAB,チャンスビルディングポイント パスレシーブポイント ランキング,1,渡邊 凌磨,渡邊凌磨,"[""パスレシーブポイント"", ""90分平均"", ""最近5試合"", ""出場試合"", ""攻撃CBP"", ""奪取P""]","["""", ""5.43"", ""2.04"", ""5.43"", ""3"", ""4.81"", ""24.67""]"
20260827,20260824,j1,2026,パスレシーブ.html,チャンスビルディングポイント パスレシーブポイント ランキング,リーグサマリー:2026/27 J1 チャンスビルディングポイント パスレシーブポイント ランキング | データによってサッカーはもっと輝く | Football LAB,チャンスビルディングポイント パスレシーブポイント ランキング,1,大迫 勇也,大迫勇也,"[""パスレシーブポイント"", ""90分平均"", ""最近5試合"", ""出場試合"", ""攻撃CBP"", ""奪取P""]","["""", ""5.42"", ""2.73"", ""5.42"", ""2"", ""1.35"", ""4.78""]"
20260827,20260824,j1,2026,パスレシーブ.html,チャンスビルディングポイント パスレシーブポイント ランキング,リーグサマリー:2026/27 J1 チャンスビルディングポイント パスレシーブポイント ランキング | データによってサッカーはもっと輝く | Football LAB,チャンスビルディングポイント パスレシーブポイント ランキング,1,マルセロ ヒアン,マルセロヒアン,"[""パスレシーブポイント"", ""90分平均"", ""最近5試合"", ""出場試合"", ""攻撃CBP"", ""奪取P""]","["""", ""5.34"", ""2.48"", ""5.34"", ""3"", ""3.04"", ""5.72""]"
20260827,20260824,j1,2026,パスレシーブ.html,チャンスビルディングポイント パスレシーブポイント ランキング,リーグサマリー:2026/27 J1 チャンスビルディングポイント パスレシーブポイント ランキング | データによってサッカーはもっと輝く | Football LAB,チャンスビルディングポイント パスレシーブポイント ランキング,1,原田 亘,原田亘,"[""パスレシーブポイント"", ""90分平均"", ""最近5試合"", ""出場試合"", ""攻撃CBP"", ""奪取P""]","["""", ""5.19"", ""1.73"", ""5.19"", ""3"", ""8.36"", ""29.17""]"
20260827,20260824,j1,2026,パスレシーブ.html,チャンスビルディングポイント パスレシーブポイント ランキング,リーグサマリー:2026/27 J1 チャンスビルディングポイント パスレシーブポイント ランキング | データによってサッカーはもっと輝く | Football LAB,チャンスビルディングポイント パスレシーブポイント ランキング,1,加藤 陸次樹,加藤陸次樹,"[""パスレシーブポイント"", ""90分平均"", ""最近5試合"", ""出場試合"", ""攻撃CBP"", ""奪取P""]","["""", ""5.03"", ""1.91"", ""5.03"", ""3"", ""3.17"", ""12.28""]"
20260827,20260824,j1,2026,パスレシーブ.html,チャンスビルディングポイント パスレシーブポイント ランキング,リーグサマリー:2026/27 J1 チャンスビルディングポイント パスレシーブポイント ランキング | データによってサッカーはもっと輝く | Football LAB,チャンスビルディングポイント パスレシーブポイント ランキング,1,山内 日向汰,山内日向汰,"[""パスレシーブポイント"", ""90分平均"", ""最近5試合"", ""出場試合"", ""攻撃CBP"", ""奪取P""]","["""", ""4.99"", ""2.35"", ""4.99"", ""3"", ""2.54"", ""9.25""]"
20260827,20260824,j1,2026,パスレシーブ.html,チャンスビルディングポイント パスレシーブポイント ランキング,リーグサマリー:2026/27 J1 チャンスビルディングポイント パスレシーブポイント ランキング | データによってサッカーはもっと輝く | Football LAB,チャンスビルディングポイント パスレシーブポイント ランキング,1,テテ イェンギ,テテイェンギ,"[""パスレシーブポイント"", ""90分平均"", ""最近5試合"", ""出場試合"", ""攻撃CBP"", ""奪取P""]","["""", ""4.96"", ""1.79"", ""4.96"", ""3"", ""1.53"", ""13.98""]"
20260827,20260824,j1,2026,パスレシーブ.html,チャンスビルディングポイント パスレシーブポイント ランキング,リーグサマリー:2026/27 J1 チャンスビルディングポイント パスレシーブポイント ランキング | データによってサッカーはもっと輝く | Football LAB,チャンスビルディングポイント パスレシーブポイント ランキング,1,デニス ヒュメット,デニスヒュメット,"[""パスレシーブポイント"", ""90分平均"", ""最近5試合"", ""出場試合"", ""攻撃CBP"", ""奪取P""]","["""", ""4.95"", ""2.59"", ""4.95"", ""3"", ""1.64"", ""0.00""]"
20260827,20260824,j1,2026,パスレシーブ.html,チャンスビルディングポイント パスレシーブポイント ランキング,リーグサマリー:2026/27 J1 チャンスビルディングポイント パスレシーブポイント ランキング | データによってサッカーはもっと輝く | Football LAB,チャンスビルディングポイント パスレシーブポイント ランキング,1,中野 就斗,中野就斗,"[""パスレシーブポイント"", ""90分平均"", ""最近5試合"", ""出場試合"", ""攻撃CBP"", ""奪取P""]","["""", ""4.93"", ""1.64"", ""4.93"", ""3"", ""5.23"", ""32.88""]"
20260827,20260824,j1,2026,パスレシーブ.html,チャンスビルディングポイント パスレシーブポイント ランキング,リーグサマリー:2026/27 J1 チャンスビルディングポイント パスレシーブポイント ランキング | データによってサッカーはもっと輝く | Football LAB,チャンスビルディングポイント パスレシーブポイント ランキング,1,金子 拓郎,金子拓郎,"[""パスレシーブポイント"", ""90分平均"", ""最近5試合"", ""出場試合"", ""攻撃CBP"", ""奪取P""]","["""", ""4.67"", ""1.57"", ""4.67"", ""3"", ""8.26"", ""12.09""]"
20260827,20260824,j1,2026,パスレシーブ.html,チャンスビルディングポイント パスレシーブポイント ランキング,リーグサマリー:2026/27 J1 チャンスビルディングポイント パスレシーブポイント ランキング | データによってサッカーはもっと輝く | Football LAB,チャンスビルディングポイント パスレシーブポイント ランキング,1,山本 悠樹,山本悠樹,"[""パスレシーブポイント"", ""90分平均"", ""最近5試合"", ""出場試合"", ""攻撃CBP"", ""奪取P""]","["""", ""4.66"", ""1.66"", ""4.66"", ""3"", ""7.26"", ""21.33""]"
20260827,20260824,j1,2026,パスレシーブ.html,チャンスビルディングポイント パスレシーブポイント ランキング,リーグサマリー:2026/27 J1 チャンスビルディングポイント パスレシーブポイント ランキング | データによってサッカーはもっと輝く | Football LAB,チャンスビルディングポイント パスレシーブポイント ランキング,1,マテウス ブエノ,マテウスブエノ,"[""パスレシーブポイント"", ""90分平均"", ""最近5試合"", ""出場試合"", ""攻撃CBP"", ""奪取P""]","["""", ""4.49"", ""2.08"", ""4.49"", ""3"", ""4.78"", ""28.06""]"
20260827,20260824,j1,2026,パスレシーブ.html,チャンスビルディングポイント パスレシーブポイント ランキング,リーグサマリー:2026/27 J1 チャンスビルディングポイント パスレシーブポイント ランキング | データによってサッカーはもっと輝く | Football LAB,チャンスビルディングポイント パスレシーブポイント ランキング,1,天野 純,天野純,"[""パスレシーブポイント"", ""90分平均"", ""最近5試合"", ""出場試合"", ""攻撃CBP"", ""奪取P""]","["""", ""4.36"", ""1.58"", ""4.36"", ""3"", ""4.55"", ""18.37""]"
20260827,20260824,j1,2026,パスレシーブ.html,チャンスビルディングポイント パスレシーブポイント ランキング,リーグサマリー:2026/27 J1 チャンスビルディングポイント パスレシーブポイント ランキング | データによってサッカーはもっと輝く | Football LAB,チャンスビルディングポイント パスレシーブポイント ランキング,1,師岡 柊生,師岡柊生,"[""パスレシーブポイント"", ""90分平均"", ""最近5試合"", ""出場試合"", ""攻撃CBP"", ""奪取P""]","["""", ""4.31"", ""2.06"", ""4.31"", ""3"", ""1.76"", ""10.92""]"
20260827,20260824,j1,2026,パスレシーブ.html,チャンスビルディングポイント パスレシーブポイント ランキング,リーグサマリー:2026/27 J1 チャンスビルディングポイント パスレシーブポイント ランキング | データによってサッカーはもっと輝く | Football LAB,チャンスビルディングポイント パスレシーブポイント ランキング,1,エリソン,エリソン,"[""パスレシーブポイント"", ""90分平均"", ""最近5試合"", ""出場試合"", ""攻撃CBP"", ""奪取P""]","["""", ""4.30"", ""1.43"", ""4.30"", ""3"", ""2.81"", ""15.05""]"
20260827,20260824,j1,2026,パスレシーブ.html,チャンスビルディングポイント パスレシーブポイント ランキング,リーグサマリー:2026/27 J1 チャンスビルディングポイント パスレシーブポイント ランキング | データによってサッカーはもっと輝く | Football LAB,チャンスビルディングポイント パスレシーブポイント ランキング,1,山下 諒也,山下諒也,"[""パスレシーブポイント"", ""90分平均"", ""最近5試合"", ""出場試合"", ""攻撃CBP"", ""奪取P""]","["""", ""4.29"", ""1.44"", ""4.29"", ""3"", ""5.36"", ""7.87""]"
20260827,20260824,j1,2026,パスレシーブ.html,チャンスビルディングポイント パスレシーブポイント ランキング,リーグサマリー:2026/27 J1 チャンスビルディングポイント パスレシーブポイント ランキング | データによってサッカーはもっと輝く | Football LAB,チャンスビルディングポイント パスレシーブポイント ランキング,1,ウェリック ポポ,ウェリックポポ,"[""パスレシーブポイント"", ""90分平均"", ""最近5試合"", ""出場試合"", ""攻撃CBP"", ""奪取P""]","["""", ""4.28"", ""1.54"", ""4.28"", ""3"", ""4.90"", ""20.88""]"
20260827,20260824,j1,2026,奪取.html,チャンスビルディングポイント 奪取ポイント ランキング,リーグサマリー:2026/27 J1 チャンスビルディングポイント 奪取ポイント ランキング | データによってサッカーはもっと輝く | Football LAB,チャンスビルディングポイント 奪取ポイント ランキング,1,広島,広島,"[""奪取ポイント"", ""試合平均"", ""最近5試合"", ""順位"", ""勝点"", ""得点"", ""失点""]","[""312.22"", ""104.07"", ""312.22"", ""4"", ""7"", ""8"", ""2""]"
20260827,20260824,j1,2026,奪取.html,チャンスビルディングポイント 奪取ポイント ランキング,リーグサマリー:2026/27 J1 チャンスビルディングポイント 奪取ポイント ランキング | データによってサッカーはもっと輝く | Football LAB,チャンスビルディングポイント 奪取ポイント ランキング,1,岡山,岡山,"[""奪取ポイント"", ""試合平均"", ""最近5試合"", ""順位"", ""勝点"", ""得点"", ""失点""]","[""310.90"", ""103.63"", ""310.90"", ""9"", ""4"", ""2"", ""2""]"
20260827,20260824,j1,2026,奪取.html,チャンスビルディングポイント 奪取ポイント ランキング,リーグサマリー:2026/27 J1 チャンスビルディングポイント 奪取ポイント ランキング | データによってサッカーはもっと輝く | Football LAB,チャンスビルディングポイント 奪取ポイント ランキング,1,福岡,福岡,"[""奪取ポイント"", ""試合平均"", ""最近5試合"", ""順位"", ""勝点"", ""得点"", ""失点""]","[""294.00"", ""98.00"", ""294.00"", ""12"", ""3"", ""5"", ""4""]"
20260827,20260824,j1,2026,奪取.html,チャンスビルディングポイント 奪取ポイント ランキング,リーグサマリー:2026/27 J1 チャンスビルディングポイント 奪取ポイント ランキング | データによってサッカーはもっと輝く | Football LAB,チャンスビルディングポイント 奪取ポイント ランキング,1,名古屋,名古屋,"[""奪取ポイント"", ""試合平均"", ""最近5試合"", ""順位"", ""勝点"", ""得点"", ""失点""]","[""267.67"", ""89.22"", ""267.67"", ""13"", ""3"", ""4"", ""4""]"
20260827,20260824,j1,2026,奪取.html,チャンスビルディングポイント 奪取ポイント ランキング,リーグサマリー:2026/27 J1 チャンスビルディングポイント 奪取ポイント ランキング | データによってサッカーはもっと輝く | Football LAB,チャンスビルディングポイント 奪取ポイント ランキング,1,町田,町田,"[""奪取ポイント"", ""試合平均"", ""最近5試合"", ""順位"", ""勝点"", ""得点"", ""失点""]","[""250.80"", ""83.60"", ""250.80"", ""1"", ""9"", ""12"", ""2""]"
20260827,20260824,j1,2026,奪取.html,チャンスビルディングポイント 奪取ポイント ランキング,リーグサマリー:2026/27 J1 チャンスビルディングポイント 奪取ポイント ランキング | データによってサッカーはもっと輝く | Football LAB,チャンスビルディングポイント 奪取ポイント ランキング,1,横浜FM,横浜FM,"[""奪取ポイント"", ""試合平均"", ""最近5試合"", ""順位"", ""勝点"", ""得点"", ""失点""]","[""246.84"", ""82.28"", ""246.84"", ""5"", ""6"", ""5"", ""4""]"
20260827,20260824,j1,2026,奪取.html,チャンスビルディングポイント 奪取ポイント ランキング,リーグサマリー:2026/27 J1 チャンスビルディングポイント 奪取ポイント ランキング | データによってサッカーはもっと輝く | Football LAB,チャンスビルディングポイント 奪取ポイント ランキング,1,千葉,千葉,"[""奪取ポイント"", ""試合平均"", ""最近5試合"", ""順位"", ""勝点"", ""得点"", ""失点""]","[""245.43"", ""81.81"", ""245.43"", ""20"", ""0"", ""0"", ""9""]"
20260827,20260824,j1,2026,奪取.html,チャンスビルディングポイント 奪取ポイント ランキング,リーグサマリー:2026/27 J1 チャンスビルディングポイント 奪取ポイント ランキング | データによってサッカーはもっと輝く | Football LAB,チャンスビルディングポイント 奪取ポイント ランキング,1,FC東京,FC東京,"[""奪取ポイント"", ""試合平均"", ""最近5試合"", ""順位"", ""勝点"", ""得点"", ""失点""]","[""244.59"", ""81.53"", ""244.59"", ""11"", ""4"", ""5"", ""7""]"
20260827,20260824,j1,2026,奪取.html,チャンスビルディングポイント 奪取ポイント ランキング,リーグサマリー:2026/27 J1 チャンスビルディングポイント 奪取ポイント ランキング | データによってサッカーはもっと輝く | Football LAB,チャンスビルディングポイント 奪取ポイント ランキング,1,清水,清水,"[""奪取ポイント"", ""試合平均"", ""最近5試合"", ""順位"", ""勝点"", ""得点"", ""失点""]","[""242.29"", ""80.76"", ""242.29"", ""15"", ""3"", ""1"", ""2""]"
20260827,20260824,j1,2026,奪取.html,チャンスビルディングポイント 奪取ポイント ランキング,リーグサマリー:2026/27 J1 チャンスビルディングポイント 奪取ポイント ランキング | データによってサッカーはもっと輝く | Football LAB,チャンスビルディングポイント 奪取ポイント ランキング,1,浦和,浦和,"[""奪取ポイント"", ""試合平均"", ""最近5試合"", ""順位"", ""勝点"", ""得点"", ""失点""]","[""241.57"", ""80.52"", ""241.57"", ""19"", ""0"", ""5"", ""11""]"
20260827,20260824,j1,2026,奪取.html,チャンスビルディングポイント 奪取ポイント ランキング,リーグサマリー:2026/27 J1 チャンスビルディングポイント 奪取ポイント ランキング | データによってサッカーはもっと輝く | Football LAB,チャンスビルディングポイント 奪取ポイント ランキング,1,東京Ｖ,東京Ｖ,"[""奪取ポイント"", ""試合平均"", ""最近5試合"", ""順位"", ""勝点"", ""得点"", ""失点""]","[""239.94"", ""79.98"", ""239.94"", ""17"", ""2"", ""2"", ""4""]"
20260827,20260824,j1,2026,奪取.html,チャンスビルディングポイント 奪取ポイント ランキング,リーグサマリー:2026/27 J1 チャンスビルディングポイント 奪取ポイント ランキング | データによってサッカーはもっと輝く | Football LAB,チャンスビルディングポイント 奪取ポイント ランキング,1,神戸,神戸,"[""奪取ポイント"", ""試合平均"", ""最近5試合"", ""順位"", ""勝点"", ""得点"", ""失点""]","[""238.57"", ""79.52"", ""238.57"", ""8"", ""4"", ""3"", ""3""]"
20260827,20260824,j1,2026,奪取.html,チャンスビルディングポイント 奪取ポイント ランキング,リーグサマリー:2026/27 J1 チャンスビルディングポイント 奪取ポイント ランキング | データによってサッカーはもっと輝く | Football LAB,チャンスビルディングポイント 奪取ポイント ランキング,1,鹿島,鹿島,"[""奪取ポイント"", ""試合平均"", ""最近5試合"", ""順位"", ""勝点"", ""得点"", ""失点""]","[""234.62"", ""78.21"", ""234.62"", ""3"", ""9"", ""9"", ""6""]"
20260827,20260824,j1,2026,奪取.html,チャンスビルディングポイント 奪取ポイント ランキング,リーグサマリー:2026/27 J1 チャンスビルディングポイント 奪取ポイント ランキング | データによってサッカーはもっと輝く | Football LAB,チャンスビルディングポイント 奪取ポイント ランキング,1,柏,柏,"[""奪取ポイント"", ""試合平均"", ""最近5試合"", ""順位"", ""勝点"", ""得点"", ""失点""]","[""232.85"", ""77.62"", ""232.85"", ""2"", ""9"", ""9"", ""4""]"
20260827,20260824,j1,2026,奪取.html,チャンスビルディングポイント 奪取ポイント ランキング,リーグサマリー:2026/27 J1 チャンスビルディングポイント 奪取ポイント ランキング | データによってサッカーはもっと輝く | Football LAB,チャンスビルディングポイント 奪取ポイント ランキング,1,Ｃ大阪,Ｃ大阪,"[""奪取ポイント"", ""試合平均"", ""最近5試合"", ""順位"", ""勝点"", ""得点"", ""失点""]","[""228.92"", ""76.31"", ""228.92"", ""6"", ""6"", ""3"", ""4""]"
20260827,20260824,j1,2026,奪取.html,チャンスビルディングポイント 奪取ポイント ランキング,リーグサマリー:2026/27 J1 チャンスビルディングポイント 奪取ポイント ランキング | データによってサッカーはもっと輝く | Football LAB,チャンスビルディングポイント 奪取ポイント ランキング,1,川崎Ｆ,川崎Ｆ,"[""奪取ポイント"", ""試合平均"", ""最近5試合"", ""順位"", ""勝点"", ""得点"", ""失点""]","[""224.71"", ""74.90"", ""224.71"", ""13"", ""3"", ""4"", ""4""]"
20260827,20260824,j1,2026,奪取.html,チャンスビルディングポイント 奪取ポイント ランキング,リーグサマリー:2026/27 J1 チャンスビルディングポイント 奪取ポイント ランキング | データによってサッカーはもっと輝く | Football LAB,チャンスビルディングポイント 奪取ポイント ランキング,1,京都,京都,"[""奪取ポイント"", ""試合平均"", ""最近5試合"", ""順位"", ""勝点"", ""得点"", ""失点""]","[""222.88"", ""74.29"", ""222.88"", ""18"", ""1"", ""4"", ""7""]"
20260827,20260824,j1,2026,奪取.html,チャンスビルディングポイント 奪取ポイント ランキング,リーグサマリー:2026/27 J1 チャンスビルディングポイント 奪取ポイント ランキング | データによってサッカーはもっと輝く | Football LAB,チャンスビルディングポイント 奪取ポイント ランキング,1,水戸,水戸,"[""奪取ポイント"", ""試合平均"", ""最近5試合"", ""順位"", ""勝点"", ""得点"", ""失点""]","[""212.87"", ""70.96"", ""212.87"", ""7"", ""4"", ""5"", ""4""]"
20260827,20260824,j1,2026,奪取.html,チャンスビルディングポイント 奪取ポイント ランキング,リーグサマリー:2026/27 J1 チャンスビルディングポイント 奪取ポイント ランキング | データによってサッカーはもっと輝く | Football LAB,チャンスビルディングポイント 奪取ポイント ランキング,1,長崎,長崎,"[""奪取ポイント"", ""試合平均"", ""最近5試合"", ""順位"", ""勝点"", ""得点"", ""失点""]","[""209.77"", ""69.92"", ""209.77"", ""16"", ""3"", ""4"", ""6""]"
20260827,20260824,j1,2026,奪取.html,チャンスビルディングポイント 奪取ポイント ランキング,リーグサマリー:2026/27 J1 チャンスビルディングポイント 奪取ポイント ランキング | データによってサッカーはもっと輝く | Football LAB,チャンスビルディングポイント 奪取ポイント ランキング,1,Ｇ大阪,Ｇ大阪,"[""奪取ポイント"", ""試合平均"", ""最近5試合"", ""順位"", ""勝点"", ""得点"", ""失点""]","[""157.63"", ""52.54"", ""157.63"", ""10"", ""4"", ""6"", ""7""]"
20260827,20260824,j1,2026,奪取.html,チャンスビルディングポイント 奪取ポイント ランキング,リーグサマリー:2026/27 J1 チャンスビルディングポイント 奪取ポイント ランキング | データによってサッカーはもっと輝く | Football LAB,チャンスビルディングポイント 奪取ポイント ランキング,2,オベルダン,オベルダン,"[""奪取ポイント"", ""90分平均"", ""最近5試合"", ""出場試合"", ""攻撃CBP"", ""守備P""]","["""", ""63.31"", ""25.32"", ""63.31"", ""3"", ""4.62"", ""2.40""]"
20260827,20260824,j1,2026,奪取.html,チャンスビルディングポイント 奪取ポイント ランキング,リーグサマリー:2026/27 J1 チャンスビルディングポイント 奪取ポイント ランキング | データによってサッカーはもっと輝く | Football LAB,チャンスビルディングポイント 奪取ポイント ランキング,2,宮本 英治,宮本英治,"[""奪取ポイント"", ""90分平均"", ""最近5試合"", ""出場試合"", ""攻撃CBP"", ""守備P""]","["""", ""60.95"", ""22.30"", ""60.95"", ""3"", ""4.00"", ""1.35""]"
20260827,20260824,j1,2026,奪取.html,チャンスビルディングポイント 奪取ポイント ランキング,リーグサマリー:2026/27 J1 チャンスビルディングポイント 奪取ポイント ランキング | データによってサッカーはもっと輝く | Football LAB,チャンスビルディングポイント 奪取ポイント ランキング,2,稲垣 祥,稲垣祥,"[""奪取ポイント"", ""90分平均"", ""最近5試合"", ""出場試合"", ""攻撃CBP"", ""守備P""]","["""", ""55.29"", ""18.43"", ""55.29"", ""3"", ""5.73"", ""4.91""]"
20260827,20260824,j1,2026,奪取.html,チャンスビルディングポイント 奪取ポイント ランキング,リーグサマリー:2026/27 J1 チャンスビルディングポイント 奪取ポイント ランキング | データによってサッカーはもっと輝く | Football LAB,チャンスビルディングポイント 奪取ポイント ランキング,2,中島 洋太朗,中島洋太朗,"[""奪取ポイント"", ""90分平均"", ""最近5試合"", ""出場試合"", ""攻撃CBP"", ""守備P""]","["""", ""52.42"", ""24.96"", ""52.42"", ""3"", ""4.55"", ""0.55""]"
20260827,20260824,j1,2026,奪取.html,チャンスビルディングポイント 奪取ポイント ランキング,リーグサマリー:2026/27 J1 チャンスビルディングポイント 奪取ポイント ランキング | データによってサッカーはもっと輝く | Football LAB,チャンスビルディングポイント 奪取ポイント ランキング,2,佐々木 翔,佐々木翔,"[""奪取ポイント"", ""90分平均"", ""最近5試合"", ""出場試合"", ""攻撃CBP"", ""守備P""]","["""", ""46.88"", ""15.63"", ""46.88"", ""3"", ""4.95"", ""4.82""]"
20260827,20260824,j1,2026,奪取.html,チャンスビルディングポイント 奪取ポイント ランキング,リーグサマリー:2026/27 J1 チャンスビルディングポイント 奪取ポイント ランキング | データによってサッカーはもっと輝く | Football LAB,チャンスビルディングポイント 奪取ポイント ランキング,2,見木 友哉,見木友哉,"[""奪取ポイント"", ""90分平均"", ""最近5試合"", ""出場試合"", ""攻撃CBP"", ""守備P""]","["""", ""44.58"", ""14.86"", ""44.58"", ""3"", ""4.12"", ""3.43""]"
20260827,20260824,j1,2026,奪取.html,チャンスビルディングポイント 奪取ポイント ランキング,リーグサマリー:2026/27 J1 チャンスビルディングポイント 奪取ポイント ランキング | データによってサッカーはもっと輝く | Football LAB,チャンスビルディングポイント 奪取ポイント ランキング,2,ディオン クールズ,ディオンクールズ,"[""奪取ポイント"", ""90分平均"", ""最近5試合"", ""出場試合"", ""攻撃CBP"", ""守備P""]","["""", ""44.33"", ""14.78"", ""44.33"", ""3"", ""4.39"", ""5.69""]"
20260827,20260824,j1,2026,奪取.html,チャンスビルディングポイント 奪取ポイント ランキング,リーグサマリー:2026/27 J1 チャンスビルディングポイント 奪取ポイント ランキング | データによってサッカーはもっと輝く | Football LAB,チャンスビルディングポイント 奪取ポイント ランキング,2,角田 涼太朗,角田涼太朗,"[""奪取ポイント"", ""90分平均"", ""最近5試合"", ""出場試合"", ""攻撃CBP"", ""守備P""]","["""", ""42.82"", ""15.00"", ""42.82"", ""3"", ""2.87"", ""3.86""]"
20260827,20260824,j1,2026,奪取.html,チャンスビルディングポイント 奪取ポイント ランキング,リーグサマリー:2026/27 J1 チャンスビルディングポイント 奪取ポイント ランキング | データによってサッカーはもっと輝く | Football LAB,チャンスビルディングポイント 奪取ポイント ランキング,2,宮本 優太,宮本優太,"[""奪取ポイント"", ""90分平均"", ""最近5試合"", ""出場試合"", ""攻撃CBP"", ""守備P""]","["""", ""42.57"", ""14.19"", ""42.57"", ""3"", ""4.65"", ""7.54""]"
20260827,20260824,j1,2026,奪取.html,チャンスビルディングポイント 奪取ポイント ランキング,リーグサマリー:2026/27 J1 チャンスビルディングポイント 奪取ポイント ランキング | データによってサッカーはもっと輝く | Football LAB,チャンスビルディングポイント 奪取ポイント ランキング,2,仙波 大志,仙波大志,"[""奪取ポイント"", ""90分平均"", ""最近5試合"", ""出場試合"", ""攻撃CBP"", ""守備P""]","["""", ""41.79"", ""13.93"", ""41.79"", ""3"", ""3.44"", ""5.51""]"
20260827,20260824,j1,2026,奪取.html,チャンスビルディングポイント 奪取ポイント ランキング,リーグサマリー:2026/27 J1 チャンスビルディングポイント 奪取ポイント ランキング | データによってサッカーはもっと輝く | Football LAB,チャンスビルディングポイント 奪取ポイント ランキング,2,前 寛之,前寛之,"[""奪取ポイント"", ""90分平均"", ""最近5試合"", ""出場試合"", ""攻撃CBP"", ""守備P""]","["""", ""41.25"", ""13.80"", ""41.25"", ""3"", ""3.53"", ""3.42""]"
20260827,20260824,j1,2026,奪取.html,チャンスビルディングポイント 奪取ポイント ランキング,リーグサマリー:2026/27 J1 チャンスビルディングポイント 奪取ポイント ランキング | データによってサッカーはもっと輝く | Football LAB,チャンスビルディングポイント 奪取ポイント ランキング,2,林 尚輝,林尚輝,"[""奪取ポイント"", ""90分平均"", ""最近5試合"", ""出場試合"", ""攻撃CBP"", ""守備P""]","["""", ""40.17"", ""13.39"", ""40.17"", ""3"", ""2.30"", ""13.24""]"
20260827,20260824,j1,2026,奪取.html,チャンスビルディングポイント 奪取ポイント ランキング,リーグサマリー:2026/27 J1 チャンスビルディングポイント 奪取ポイント ランキング | データによってサッカーはもっと輝く | Football LAB,チャンスビルディングポイント 奪取ポイント ランキング,2,熊坂 光希,熊坂光希,"[""奪取ポイント"", ""90分平均"", ""最近5試合"", ""出場試合"", ""攻撃CBP"", ""守備P""]","["""", ""39.37"", ""13.63"", ""39.37"", ""3"", ""5.45"", ""2.09""]"
20260827,20260824,j1,2026,奪取.html,チャンスビルディングポイント 奪取ポイント ランキング,リーグサマリー:2026/27 J1 チャンスビルディングポイント 奪取ポイント ランキング | データによってサッカーはもっと輝く | Football LAB,チャンスビルディングポイント 奪取ポイント ランキング,2,中川 敦瑛,中川敦瑛,"[""奪取ポイント"", ""90分平均"", ""最近5試合"", ""出場試合"", ""攻撃CBP"", ""守備P""]","["""", ""37.39"", ""12.46"", ""37.39"", ""3"", ""7.36"", ""1.29""]"
20260827,20260824,j1,2026,奪取.html,チャンスビルディングポイント 奪取ポイント ランキング,リーグサマリー:2026/27 J1 チャンスビルディングポイント 奪取ポイント ランキング | データによってサッカーはもっと輝く | Football LAB,チャンスビルディングポイント 奪取ポイント ランキング,2,ネタ ラヴィ,ネタラヴィ,"[""奪取ポイント"", ""90分平均"", ""最近5試合"", ""出場試合"", ""攻撃CBP"", ""守備P""]","["""", ""36.44"", ""13.67"", ""36.44"", ""3"", ""4.82"", ""2.03""]"
20260827,20260824,j1,2026,奪取.html,チャンスビルディングポイント 奪取ポイント ランキング,リーグサマリー:2026/27 J1 チャンスビルディングポイント 奪取ポイント ランキング | データによってサッカーはもっと輝く | Football LAB,チャンスビルディングポイント 奪取ポイント ランキング,2,舩橋 佑,舩橋佑,"[""奪取ポイント"", ""90分平均"", ""最近5試合"", ""出場試合"", ""攻撃CBP"", ""守備P""]","["""", ""35.85"", ""13.50"", ""35.85"", ""3"", ""3.58"", ""3.19""]"
20260827,20260824,j1,2026,奪取.html,チャンスビルディングポイント 奪取ポイント ランキング,リーグサマリー:2026/27 J1 チャンスビルディングポイント 奪取ポイント ランキング | データによってサッカーはもっと輝く | Football LAB,チャンスビルディングポイント 奪取ポイント ランキング,2,高 宇洋,高宇洋,"[""奪取ポイント"", ""90分平均"", ""最近5試合"", ""出場試合"", ""攻撃CBP"", ""守備P""]","["""", ""35.72"", ""13.34"", ""35.72"", ""3"", ""5.53"", ""2.80""]"
20260827,20260824,j1,2026,奪取.html,チャンスビルディングポイント 奪取ポイント ランキング,リーグサマリー:2026/27 J1 チャンスビルディングポイント 奪取ポイント ランキング | データによってサッカーはもっと輝く | Football LAB,チャンスビルディングポイント 奪取ポイント ランキング,2,知念 慶,知念慶,"[""奪取ポイント"", ""90分平均"", ""最近5試合"", ""出場試合"", ""攻撃CBP"", ""守備P""]","["""", ""35.21"", ""11.78"", ""35.21"", ""3"", ""3.59"", ""6.35""]"
20260827,20260824,j1,2026,奪取.html,チャンスビルディングポイント 奪取ポイント ランキング,リーグサマリー:2026/27 J1 チャンスビルディングポイント 奪取ポイント ランキング | データによってサッカーはもっと輝く | Football LAB,チャンスビルディングポイント 奪取ポイント ランキング,2,安居 海渡,安居海渡,"[""奪取ポイント"", ""90分平均"", ""最近5試合"", ""出場試合"", ""攻撃CBP"", ""守備P""]","["""", ""34.98"", ""11.79"", ""34.98"", ""3"", ""4.75"", ""2.83""]"
20260827,20260824,j1,2026,奪取.html,チャンスビルディングポイント 奪取ポイント ランキング,リーグサマリー:2026/27 J1 チャンスビルディングポイント 奪取ポイント ランキング | データによってサッカーはもっと輝く | Football LAB,チャンスビルディングポイント 奪取ポイント ランキング,2,鈴木 喜丈,鈴木喜丈,"[""奪取ポイント"", ""90分平均"", ""最近5試合"", ""出場試合"", ""攻撃CBP"", ""守備P""]","["""", ""34.95"", ""11.65"", ""34.95"", ""3"", ""4.99"", ""5.06""]"
20260827,20260824,j1,2026,奪取.html,チャンスビルディングポイント 奪取ポイント ランキング,リーグサマリー:2026/27 J1 チャンスビルディングポイント 奪取ポイント ランキング | データによってサッカーはもっと輝く | Football LAB,チャンスビルディングポイント 奪取ポイント ランキング,2,広瀬 陸斗,広瀬陸斗,"[""奪取ポイント"", ""90分平均"", ""最近5試合"", ""出場試合"", ""攻撃CBP"", ""守備P""]","["""", ""34.20"", ""11.84"", ""34.20"", ""3"", ""4.07"", ""4.95""]"
20260827,20260824,j1,2026,奪取.html,チャンスビルディングポイント 奪取ポイント ランキング,リーグサマリー:2026/27 J1 チャンスビルディングポイント 奪取ポイント ランキング | データによってサッカーはもっと輝く | Football LAB,チャンスビルディングポイント 奪取ポイント ランキング,2,アレクサンダー ショルツ,アレクサンダーショルツ,"[""奪取ポイント"", ""90分平均"", ""最近5試合"", ""出場試合"", ""攻撃CBP"", ""守備P""]","["""", ""34.00"", ""11.33"", ""34.00"", ""3"", ""4.71"", ""5.24""]"
20260827,20260824,j1,2026,奪取.html,チャンスビルディングポイント 奪取ポイント ランキング,リーグサマリー:2026/27 J1 チャンスビルディングポイント 奪取ポイント ランキング | データによってサッカーはもっと輝く | Football LAB,チャンスビルディングポイント 奪取ポイント ランキング,2,大森 博,大森博,"[""奪取ポイント"", ""90分平均"", ""最近5試合"", ""出場試合"", ""攻撃CBP"", ""守備P""]","["""", ""33.94"", ""11.31"", ""33.94"", ""3"", ""5.37"", ""4.75""]"
20260827,20260824,j1,2026,奪取.html,チャンスビルディングポイント 奪取ポイント ランキング,リーグサマリー:2026/27 J1 チャンスビルディングポイント 奪取ポイント ランキング | データによってサッカーはもっと輝く | Football LAB,チャンスビルディングポイント 奪取ポイント ランキング,2,田中 駿汰,田中駿汰,"[""奪取ポイント"", ""90分平均"", ""最近5試合"", ""出場試合"", ""攻撃CBP"", ""守備P""]","["""", ""33.76"", ""11.25"", ""33.76"", ""3"", ""4.63"", ""2.89""]"
20260827,20260824,j1,2026,奪取.html,チャンスビルディングポイント 奪取ポイント ランキング,リーグサマリー:2026/27 J1 チャンスビルディングポイント 奪取ポイント ランキング | データによってサッカーはもっと輝く | Football LAB,チャンスビルディングポイント 奪取ポイント ランキング,2,稲村 隼翔,稲村隼翔,"[""奪取ポイント"", ""90分平均"", ""最近5試合"", ""出場試合"", ""攻撃CBP"", ""守備P""]","["""", ""33.68"", ""18.48"", ""33.68"", ""2"", ""4.33"", ""3.96""]"
20260827,20260824,j1,2026,奪取.html,チャンスビルディングポイント 奪取ポイント ランキング,リーグサマリー:2026/27 J1 チャンスビルディングポイント 奪取ポイント ランキング | データによってサッカーはもっと輝く | Football LAB,チャンスビルディングポイント 奪取ポイント ランキング,2,高嶺 朋樹,高嶺朋樹,"[""奪取ポイント"", ""90分平均"", ""最近5試合"", ""出場試合"", ""攻撃CBP"", ""守備P""]","["""", ""33.43"", ""11.14"", ""33.43"", ""3"", ""6.58"", ""3.80""]"
20260827,20260824,j1,2026,奪取.html,チャンスビルディングポイント 奪取ポイント ランキング,リーグサマリー:2026/27 J1 チャンスビルディングポイント 奪取ポイント ランキング | データによってサッカーはもっと輝く | Football LAB,チャンスビルディングポイント 奪取ポイント ランキング,2,マテウス ブルネッティ,マテウスブルネッティ,"[""奪取ポイント"", ""90分平均"", ""最近5試合"", ""出場試合"", ""攻撃CBP"", ""守備P""]","["""", ""33.05"", ""11.02"", ""33.05"", ""3"", ""5.52"", ""5.58""]"
20260827,20260824,j1,2026,奪取.html,チャンスビルディングポイント 奪取ポイント ランキング,リーグサマリー:2026/27 J1 チャンスビルディングポイント 奪取ポイント ランキング | データによってサッカーはもっと輝く | Football LAB,チャンスビルディングポイント 奪取ポイント ランキング,2,中野 就斗,中野就斗,"[""奪取ポイント"", ""90分平均"", ""最近5試合"", ""出場試合"", ""攻撃CBP"", ""守備P""]","["""", ""32.88"", ""10.96"", ""32.88"", ""3"", ""5.23"", ""2.93""]"
20260827,20260824,j1,2026,奪取.html,チャンスビルディングポイント 奪取ポイント ランキング,リーグサマリー:2026/27 J1 チャンスビルディングポイント 奪取ポイント ランキング | データによってサッカーはもっと輝く | Football LAB,チャンスビルディングポイント 奪取ポイント ランキング,2,川辺 駿,川辺駿,"[""奪取ポイント"", ""90分平均"", ""最近5試合"", ""出場試合"", ""攻撃CBP"", ""守備P""]","["""", ""32.84"", ""11.03"", ""32.84"", ""3"", ""4.69"", ""4.01""]"
20260827,20260824,j1,2026,奪取.html,チャンスビルディングポイント 奪取ポイント ランキング,リーグサマリー:2026/27 J1 チャンスビルディングポイント 奪取ポイント ランキング | データによってサッカーはもっと輝く | Football LAB,チャンスビルディングポイント 奪取ポイント ランキング,2,橘田 健人,橘田健人,"[""奪取ポイント"", ""90分平均"", ""最近5試合"", ""出場試合"", ""攻撃CBP"", ""守備P""]","["""", ""32.55"", ""11.91"", ""32.55"", ""3"", ""4.41"", ""2.62""]"
20260827,20260824,j1,2026,守備.html,チャンスビルディングポイント 守備ポイント ランキング,リーグサマリー:2026/27 J1 チャンスビルディングポイント 守備ポイント ランキング | データによってサッカーはもっと輝く | Football LAB,チャンスビルディングポイント 守備ポイント ランキング,1,長崎,長崎,"[""守備ポイント"", ""試合平均"", ""最近5試合"", ""順位"", ""勝点"", ""得点"", ""失点""]","[""52.02"", ""17.34"", ""52.02"", ""16"", ""3"", ""4"", ""6""]"
20260827,20260824,j1,2026,守備.html,チャンスビルディングポイント 守備ポイント ランキング,リーグサマリー:2026/27 J1 チャンスビルディングポイント 守備ポイント ランキング | データによってサッカーはもっと輝く | Football LAB,チャンスビルディングポイント 守備ポイント ランキング,1,東京Ｖ,東京Ｖ,"[""守備ポイント"", ""試合平均"", ""最近5試合"", ""順位"", ""勝点"", ""得点"", ""失点""]","[""51.69"", ""17.23"", ""51.69"", ""17"", ""2"", ""2"", ""4""]"
20260827,20260824,j1,2026,守備.html,チャンスビルディングポイント 守備ポイント ランキング,リーグサマリー:2026/27 J1 チャンスビルディングポイント 守備ポイント ランキング | データによってサッカーはもっと輝く | Football LAB,チャンスビルディングポイント 守備ポイント ランキング,1,清水,清水,"[""守備ポイント"", ""試合平均"", ""最近5試合"", ""順位"", ""勝点"", ""得点"", ""失点""]","[""45.98"", ""15.33"", ""45.98"", ""15"", ""3"", ""1"", ""2""]"
20260827,20260824,j1,2026,守備.html,チャンスビルディングポイント 守備ポイント ランキング,リーグサマリー:2026/27 J1 チャンスビルディングポイント 守備ポイント ランキング | データによってサッカーはもっと輝く | Football LAB,チャンスビルディングポイント 守備ポイント ランキング,1,Ｃ大阪,Ｃ大阪,"[""守備ポイント"", ""試合平均"", ""最近5試合"", ""順位"", ""勝点"", ""得点"", ""失点""]","[""45.81"", ""15.27"", ""45.81"", ""6"", ""6"", ""3"", ""4""]"
20260827,20260824,j1,2026,守備.html,チャンスビルディングポイント 守備ポイント ランキング,リーグサマリー:2026/27 J1 チャンスビルディングポイント 守備ポイント ランキング | データによってサッカーはもっと輝く | Football LAB,チャンスビルディングポイント 守備ポイント ランキング,1,水戸,水戸,"[""守備ポイント"", ""試合平均"", ""最近5試合"", ""順位"", ""勝点"", ""得点"", ""失点""]","[""45.66"", ""15.22"", ""45.66"", ""7"", ""4"", ""5"", ""4""]"
20260827,20260824,j1,2026,守備.html,チャンスビルディングポイント 守備ポイント ランキング,リーグサマリー:2026/27 J1 チャンスビルディングポイント 守備ポイント ランキング | データによってサッカーはもっと輝く | Football LAB,チャンスビルディングポイント 守備ポイント ランキング,1,FC東京,FC東京,"[""守備ポイント"", ""試合平均"", ""最近5試合"", ""順位"", ""勝点"", ""得点"", ""失点""]","[""45.42"", ""15.14"", ""45.42"", ""11"", ""4"", ""5"", ""7""]"
20260827,20260824,j1,2026,守備.html,チャンスビルディングポイント 守備ポイント ランキング,リーグサマリー:2026/27 J1 チャンスビルディングポイント 守備ポイント ランキング | データによってサッカーはもっと輝く | Football LAB,チャンスビルディングポイント 守備ポイント ランキング,1,横浜FM,横浜FM,"[""守備ポイント"", ""試合平均"", ""最近5試合"", ""順位"", ""勝点"", ""得点"", ""失点""]","[""45.41"", ""15.14"", ""45.41"", ""5"", ""6"", ""5"", ""4""]"
20260827,20260824,j1,2026,守備.html,チャンスビルディングポイント 守備ポイント ランキング,リーグサマリー:2026/27 J1 チャンスビルディングポイント 守備ポイント ランキング | データによってサッカーはもっと輝く | Football LAB,チャンスビルディングポイント 守備ポイント ランキング,1,京都,京都,"[""守備ポイント"", ""試合平均"", ""最近5試合"", ""順位"", ""勝点"", ""得点"", ""失点""]","[""43.81"", ""14.60"", ""43.81"", ""18"", ""1"", ""4"", ""7""]"
20260827,20260824,j1,2026,守備.html,チャンスビルディングポイント 守備ポイント ランキング,リーグサマリー:2026/27 J1 チャンスビルディングポイント 守備ポイント ランキング | データによってサッカーはもっと輝く | Football LAB,チャンスビルディングポイント 守備ポイント ランキング,1,町田,町田,"[""守備ポイント"", ""試合平均"", ""最近5試合"", ""順位"", ""勝点"", ""得点"", ""失点""]","[""43.21"", ""14.40"", ""43.21"", ""1"", ""9"", ""12"", ""2""]"
20260827,20260824,j1,2026,守備.html,チャンスビルディングポイント 守備ポイント ランキング,リーグサマリー:2026/27 J1 チャンスビルディングポイント 守備ポイント ランキング | データによってサッカーはもっと輝く | Football LAB,チャンスビルディングポイント 守備ポイント ランキング,1,福岡,福岡,"[""守備ポイント"", ""試合平均"", ""最近5試合"", ""順位"", ""勝点"", ""得点"", ""失点""]","[""42.53"", ""14.18"", ""42.53"", ""12"", ""3"", ""5"", ""4""]"
20260827,20260824,j1,2026,守備.html,チャンスビルディングポイント 守備ポイント ランキング,リーグサマリー:2026/27 J1 チャンスビルディングポイント 守備ポイント ランキング | データによってサッカーはもっと輝く | Football LAB,チャンスビルディングポイント 守備ポイント ランキング,1,千葉,千葉,"[""守備ポイント"", ""試合平均"", ""最近5試合"", ""順位"", ""勝点"", ""得点"", ""失点""]","[""41.73"", ""13.91"", ""41.73"", ""20"", ""0"", ""0"", ""9""]"
20260827,20260824,j1,2026,守備.html,チャンスビルディングポイント 守備ポイント ランキング,リーグサマリー:2026/27 J1 チャンスビルディングポイント 守備ポイント ランキング | データによってサッカーはもっと輝く | Football LAB,チャンスビルディングポイント 守備ポイント ランキング,1,浦和,浦和,"[""守備ポイント"", ""試合平均"", ""最近5試合"", ""順位"", ""勝点"", ""得点"", ""失点""]","[""41.67"", ""13.89"", ""41.67"", ""19"", ""0"", ""5"", ""11""]"
20260827,20260824,j1,2026,守備.html,チャンスビルディングポイント 守備ポイント ランキング,リーグサマリー:2026/27 J1 チャンスビルディングポイント 守備ポイント ランキング | データによってサッカーはもっと輝く | Football LAB,チャンスビルディングポイント 守備ポイント ランキング,1,鹿島,鹿島,"[""守備ポイント"", ""試合平均"", ""最近5試合"", ""順位"", ""勝点"", ""得点"", ""失点""]","[""39.43"", ""13.14"", ""39.43"", ""3"", ""9"", ""9"", ""6""]"
20260827,20260824,j1,2026,守備.html,チャンスビルディングポイント 守備ポイント ランキング,リーグサマリー:2026/27 J1 チャンスビルディングポイント 守備ポイント ランキング | データによってサッカーはもっと輝く | Football LAB,チャンスビルディングポイント 守備ポイント ランキング,1,神戸,神戸,"[""守備ポイント"", ""試合平均"", ""最近5試合"", ""順位"", ""勝点"", ""得点"", ""失点""]","[""38.34"", ""12.78"", ""38.34"", ""8"", ""4"", ""3"", ""3""]"
20260827,20260824,j1,2026,守備.html,チャンスビルディングポイント 守備ポイント ランキング,リーグサマリー:2026/27 J1 チャンスビルディングポイント 守備ポイント ランキング | データによってサッカーはもっと輝く | Football LAB,チャンスビルディングポイント 守備ポイント ランキング,1,川崎Ｆ,川崎Ｆ,"[""守備ポイント"", ""試合平均"", ""最近5試合"", ""順位"", ""勝点"", ""得点"", ""失点""]","[""37.21"", ""12.40"", ""37.21"", ""13"", ""3"", ""4"", ""4""]"
20260827,20260824,j1,2026,守備.html,チャンスビルディングポイント 守備ポイント ランキング,リーグサマリー:2026/27 J1 チャンスビルディングポイント 守備ポイント ランキング | データによってサッカーはもっと輝く | Football LAB,チャンスビルディングポイント 守備ポイント ランキング,1,名古屋,名古屋,"[""守備ポイント"", ""試合平均"", ""最近5試合"", ""順位"", ""勝点"", ""得点"", ""失点""]","[""35.36"", ""11.79"", ""35.36"", ""13"", ""3"", ""4"", ""4""]"
20260827,20260824,j1,2026,守備.html,チャンスビルディングポイント 守備ポイント ランキング,リーグサマリー:2026/27 J1 チャンスビルディングポイント 守備ポイント ランキング | データによってサッカーはもっと輝く | Football LAB,チャンスビルディングポイント 守備ポイント ランキング,1,Ｇ大阪,Ｇ大阪,"[""守備ポイント"", ""試合平均"", ""最近5試合"", ""順位"", ""勝点"", ""得点"", ""失点""]","[""35.26"", ""11.75"", ""35.26"", ""10"", ""4"", ""6"", ""7""]"
20260827,20260824,j1,2026,守備.html,チャンスビルディングポイント 守備ポイント ランキング,リーグサマリー:2026/27 J1 チャンスビルディングポイント 守備ポイント ランキング | データによってサッカーはもっと輝く | Football LAB,チャンスビルディングポイント 守備ポイント ランキング,1,広島,広島,"[""守備ポイント"", ""試合平均"", ""最近5試合"", ""順位"", ""勝点"", ""得点"", ""失点""]","[""32.74"", ""10.91"", ""32.74"", ""4"", ""7"", ""8"", ""2""]"
20260827,20260824,j1,2026,守備.html,チャンスビルディングポイント 守備ポイント ランキング,リーグサマリー:2026/27 J1 チャンスビルディングポイント 守備ポイント ランキング | データによってサッカーはもっと輝く | Football LAB,チャンスビルディングポイント 守備ポイント ランキング,1,岡山,岡山,"[""守備ポイント"", ""試合平均"", ""最近5試合"", ""順位"", ""勝点"", ""得点"", ""失点""]","[""29.69"", ""9.90"", ""29.69"", ""9"", ""4"", ""2"", ""2""]"
20260827,20260824,j1,2026,守備.html,チャンスビルディングポイント 守備ポイント ランキング,リーグサマリー:2026/27 J1 チャンスビルディングポイント 守備ポイント ランキング | データによってサッカーはもっと輝く | Football LAB,チャンスビルディングポイント 守備ポイント ランキング,1,柏,柏,"[""守備ポイント"", ""試合平均"", ""最近5試合"", ""順位"", ""勝点"", ""得点"", ""失点""]","[""23.48"", ""7.83"", ""23.48"", ""2"", ""9"", ""9"", ""4""]"
20260827,20260824,j1,2026,守備.html,チャンスビルディングポイント 守備ポイント ランキング,リーグサマリー:2026/27 J1 チャンスビルディングポイント 守備ポイント ランキング | データによってサッカーはもっと輝く | Football LAB,チャンスビルディングポイント 守備ポイント ランキング,2,林 尚輝,林尚輝,"[""守備ポイント"", ""90分平均"", ""最近5試合"", ""出場試合"", ""攻撃CBP"", ""奪取P""]","["""", ""13.24"", ""4.41"", ""13.24"", ""3"", ""2.30"", ""40.17""]"
20260827,20260824,j1,2026,守備.html,チャンスビルディングポイント 守備ポイント ランキング,リーグサマリー:2026/27 J1 チャンスビルディングポイント 守備ポイント ランキング | データによってサッカーはもっと輝く | Football LAB,チャンスビルディングポイント 守備ポイント ランキング,2,ジェイソン キニョーネス,ジェイソンキニョーネス,"[""守備ポイント"", ""90分平均"", ""最近5試合"", ""出場試合"", ""攻撃CBP"", ""奪取P""]","["""", ""11.99"", ""4.00"", ""11.99"", ""3"", ""2.51"", ""30.69""]"
20260827,20260824,j1,2026,守備.html,チャンスビルディングポイント 守備ポイント ランキング,リーグサマリー:2026/27 J1 チャンスビルディングポイント 守備ポイント ランキング | データによってサッカーはもっと輝く | Football LAB,チャンスビルディングポイント 守備ポイント ランキング,2,新井 一耀,新井一耀,"[""守備ポイント"", ""90分平均"", ""最近5試合"", ""出場試合"", ""攻撃CBP"", ""奪取P""]","["""", ""10.79"", ""5.28"", ""10.79"", ""3"", ""2.43"", ""22.73""]"
20260827,20260824,j1,2026,守備.html,チャンスビルディングポイント 守備ポイント ランキング,リーグサマリー:2026/27 J1 チャンスビルディングポイント 守備ポイント ランキング | データによってサッカーはもっと輝く | Football LAB,チャンスビルディングポイント 守備ポイント ランキング,2,井上 黎生人,井上黎生人,"[""守備ポイント"", ""90分平均"", ""最近5試合"", ""出場試合"", ""攻撃CBP"", ""奪取P""]","["""", ""10.76"", ""3.59"", ""10.76"", ""3"", ""3.39"", ""21.61""]"
20260827,20260824,j1,2026,守備.html,チャンスビルディングポイント 守備ポイント ランキング,リーグサマリー:2026/27 J1 チャンスビルディングポイント 守備ポイント ランキング | データによってサッカーはもっと輝く | Football LAB,チャンスビルディングポイント 守備ポイント ランキング,2,ダニエル ホール,ダニエルホール,"[""守備ポイント"", ""90分平均"", ""最近5試合"", ""出場試合"", ""攻撃CBP"", ""奪取P""]","["""", ""9.35"", ""3.12"", ""9.35"", ""3"", ""1.67"", ""31.82""]"
20260827,20260824,j1,2026,守備.html,チャンスビルディングポイント 守備ポイント ランキング,リーグサマリー:2026/27 J1 チャンスビルディングポイント 守備ポイント ランキング | データによってサッカーはもっと輝く | Football LAB,チャンスビルディングポイント 守備ポイント ランキング,2,谷 晃生,谷晃生,"[""守備ポイント"", ""90分平均"", ""最近5試合"", ""出場試合"", ""攻撃CBP"", ""奪取P""]","["""", ""9.21"", ""3.07"", ""9.21"", ""3"", ""1.70"", ""7.31""]"
20260827,20260824,j1,2026,守備.html,チャンスビルディングポイント 守備ポイント ランキング,リーグサマリー:2026/27 J1 チャンスビルディングポイント 守備ポイント ランキング | データによってサッカーはもっと輝く | Football LAB,チャンスビルディングポイント 守備ポイント ランキング,2,中谷 進之介,中谷進之介,"[""守備ポイント"", ""90分平均"", ""最近5試合"", ""出場試合"", ""攻撃CBP"", ""奪取P""]","["""", ""9.15"", ""3.05"", ""9.15"", ""3"", ""5.38"", ""12.91""]"
20260827,20260824,j1,2026,守備.html,チャンスビルディングポイント 守備ポイント ランキング,リーグサマリー:2026/27 J1 チャンスビルディングポイント 守備ポイント ランキング | データによってサッカーはもっと輝く | Football LAB,チャンスビルディングポイント 守備ポイント ランキング,2,ペドロ ホマーノ,ペドロホマーノ,"[""守備ポイント"", ""90分平均"", ""最近5試合"", ""出場試合"", ""攻撃CBP"", ""奪取P""]","["""", ""8.68"", ""2.89"", ""8.68"", ""3"", ""4.02"", ""23.90""]"
20260827,20260824,j1,2026,守備.html,チャンスビルディングポイント 守備ポイント ランキング,リーグサマリー:2026/27 J1 チャンスビルディングポイント 守備ポイント ランキング | データによってサッカーはもっと輝く | Football LAB,チャンスビルディングポイント 守備ポイント ランキング,2,板倉 健太,板倉健太,"[""守備ポイント"", ""90分平均"", ""最近5試合"", ""出場試合"", ""攻撃CBP"", ""奪取P""]","["""", ""8.49"", ""3.02"", ""8.49"", ""3"", ""2.75"", ""19.72""]"
20260827,20260824,j1,2026,守備.html,チャンスビルディングポイント 守備ポイント ランキング,リーグサマリー:2026/27 J1 チャンスビルディングポイント 守備ポイント ランキング | データによってサッカーはもっと輝く | Football LAB,チャンスビルディングポイント 守備ポイント ランキング,2,関川 郁万,関川郁万,"[""守備ポイント"", ""90分平均"", ""最近5試合"", ""出場試合"", ""攻撃CBP"", ""奪取P""]","["""", ""8.26"", ""2.75"", ""8.26"", ""3"", ""2.66"", ""15.90""]"
20260827,20260824,j1,2026,守備.html,チャンスビルディングポイント 守備ポイント ランキング,リーグサマリー:2026/27 J1 チャンスビルディングポイント 守備ポイント ランキング | データによってサッカーはもっと輝く | Football LAB,チャンスビルディングポイント 守備ポイント ランキング,2,パク スンウク,パクスンウク,"[""守備ポイント"", ""90分平均"", ""最近5試合"", ""出場試合"", ""攻撃CBP"", ""奪取P""]","["""", ""8.13"", ""2.86"", ""8.13"", ""3"", ""1.67"", ""23.07""]"
20260827,20260824,j1,2026,守備.html,チャンスビルディングポイント 守備ポイント ランキング,リーグサマリー:2026/27 J1 チャンスビルディングポイント 守備ポイント ランキング | データによってサッカーはもっと輝く | Football LAB,チャンスビルディングポイント 守備ポイント ランキング,2,藤井 陽也,藤井陽也,"[""守備ポイント"", ""90分平均"", ""最近5試合"", ""出場試合"", ""攻撃CBP"", ""奪取P""]","["""", ""7.98"", ""3.99"", ""7.98"", ""2"", ""4.26"", ""23.25""]"
20260827,20260824,j1,2026,守備.html,チャンスビルディングポイント 守備ポイント ランキング,リーグサマリー:2026/27 J1 チャンスビルディングポイント 守備ポイント ランキング | データによってサッカーはもっと輝く | Football LAB,チャンスビルディングポイント 守備ポイント ランキング,2,本多 勇喜,本多勇喜,"[""守備ポイント"", ""90分平均"", ""最近5試合"", ""出場試合"", ""攻撃CBP"", ""奪取P""]","["""", ""7.84"", ""2.67"", ""7.84"", ""3"", ""1.21"", ""29.38""]"
20260827,20260824,j1,2026,守備.html,チャンスビルディングポイント 守備ポイント ランキング,リーグサマリー:2026/27 J1 チャンスビルディングポイント 守備ポイント ランキング | データによってサッカーはもっと輝く | Football LAB,チャンスビルディングポイント 守備ポイント ランキング,2,永石 拓海,永石拓海,"[""守備ポイント"", ""90分平均"", ""最近5試合"", ""出場試合"", ""攻撃CBP"", ""奪取P""]","["""", ""7.83"", ""2.61"", ""7.83"", ""3"", ""1.99"", ""5.84""]"
20260827,20260824,j1,2026,守備.html,チャンスビルディングポイント 守備ポイント ランキング,リーグサマリー:2026/27 J1 チャンスビルディングポイント 守備ポイント ランキング | データによってサッカーはもっと輝く | Football LAB,チャンスビルディングポイント 守備ポイント ランキング,2,立田 悠悟,立田悠悟,"[""守備ポイント"", ""90分平均"", ""最近5試合"", ""出場試合"", ""攻撃CBP"", ""奪取P""]","["""", ""7.72"", ""2.57"", ""7.72"", ""3"", ""2.24"", ""12.67""]"
20260827,20260824,j1,2026,守備.html,チャンスビルディングポイント 守備ポイント ランキング,リーグサマリー:2026/27 J1 チャンスビルディングポイント 守備ポイント ランキング | データによってサッカーはもっと輝く | Football LAB,チャンスビルディングポイント 守備ポイント ランキング,2,荒木 隼人,荒木隼人,"[""守備ポイント"", ""90分平均"", ""最近5試合"", ""出場試合"", ""攻撃CBP"", ""奪取P""]","["""", ""7.69"", ""2.56"", ""7.69"", ""3"", ""3.16"", ""31.72""]"
20260827,20260824,j1,2026,守備.html,チャンスビルディングポイント 守備ポイント ランキング,リーグサマリー:2026/27 J1 チャンスビルディングポイント 守備ポイント ランキング | データによってサッカーはもっと輝く | Football LAB,チャンスビルディングポイント 守備ポイント ランキング,2,谷口 栄斗,谷口栄斗,"[""守備ポイント"", ""90分平均"", ""最近5試合"", ""出場試合"", ""攻撃CBP"", ""奪取P""]","["""", ""7.62"", ""2.54"", ""7.62"", ""3"", ""3.16"", ""23.59""]"
20260827,20260824,j1,2026,守備.html,チャンスビルディングポイント 守備ポイント ランキング,リーグサマリー:2026/27 J1 チャンスビルディングポイント 守備ポイント ランキング | データによってサッカーはもっと輝く | Football LAB,チャンスビルディングポイント 守備ポイント ランキング,2,宮本 優太,宮本優太,"[""守備ポイント"", ""90分平均"", ""最近5試合"", ""出場試合"", ""攻撃CBP"", ""奪取P""]","["""", ""7.54"", ""2.51"", ""7.54"", ""3"", ""4.65"", ""42.57""]"
20260827,20260824,j1,2026,守備.html,チャンスビルディングポイント 守備ポイント ランキング,リーグサマリー:2026/27 J1 チャンスビルディングポイント 守備ポイント ランキング | データによってサッカーはもっと輝く | Football LAB,チャンスビルディングポイント 守備ポイント ランキング,2,ウェベルトン,ウェベルトン,"[""守備ポイント"", ""90分平均"", ""最近5試合"", ""出場試合"", ""攻撃CBP"", ""奪取P""]","["""", ""7.53"", ""3.03"", ""7.53"", ""3"", ""2.45"", ""24.85""]"
20260827,20260824,j1,2026,守備.html,チャンスビルディングポイント 守備ポイント ランキング,リーグサマリー:2026/27 J1 チャンスビルディングポイント 守備ポイント ランキング | データによってサッカーはもっと輝く | Football LAB,チャンスビルディングポイント 守備ポイント ランキング,2,畠中 槙之輔,畠中槙之輔,"[""守備ポイント"", ""90分平均"", ""最近5試合"", ""出場試合"", ""攻撃CBP"", ""奪取P""]","["""", ""7.48"", ""2.49"", ""7.48"", ""3"", ""2.94"", ""20.27""]"
20260827,20260824,j1,2026,守備.html,チャンスビルディングポイント 守備ポイント ランキング,リーグサマリー:2026/27 J1 チャンスビルディングポイント 守備ポイント ランキング | データによってサッカーはもっと輝く | Football LAB,チャンスビルディングポイント 守備ポイント ランキング,2,岡村 大八,岡村大八,"[""守備ポイント"", ""90分平均"", ""最近5試合"", ""出場試合"", ""攻撃CBP"", ""奪取P""]","["""", ""7.34"", ""2.45"", ""7.34"", ""3"", ""1.95"", ""19.85""]"
20260827,20260824,j1,2026,守備.html,チャンスビルディングポイント 守備ポイント ランキング,リーグサマリー:2026/27 J1 チャンスビルディングポイント 守備ポイント ランキング | データによってサッカーはもっと輝く | Football LAB,チャンスビルディングポイント 守備ポイント ランキング,2,岡 哲平,岡哲平,"[""守備ポイント"", ""90分平均"", ""最近5試合"", ""出場試合"", ""攻撃CBP"", ""奪取P""]","["""", ""7.21"", ""2.40"", ""7.21"", ""3"", ""2.01"", ""17.71""]"
20260827,20260824,j1,2026,守備.html,チャンスビルディングポイント 守備ポイント ランキング,リーグサマリー:2026/27 J1 チャンスビルディングポイント 守備ポイント ランキング | データによってサッカーはもっと輝く | Football LAB,チャンスビルディングポイント 守備ポイント ランキング,2,内田 陽介,内田陽介,"[""守備ポイント"", ""90分平均"", ""最近5試合"", ""出場試合"", ""攻撃CBP"", ""奪取P""]","["""", ""7.20"", ""2.50"", ""7.20"", ""3"", ""1.37"", ""18.43""]"
20260827,20260824,j1,2026,守備.html,チャンスビルディングポイント 守備ポイント ランキング,リーグサマリー:2026/27 J1 チャンスビルディングポイント 守備ポイント ランキング | データによってサッカーはもっと輝く | Football LAB,チャンスビルディングポイント 守備ポイント ランキング,2,諏訪間 幸成,諏訪間幸成,"[""守備ポイント"", ""90分平均"", ""最近5試合"", ""出場試合"", ""攻撃CBP"", ""奪取P""]","["""", ""7.14"", ""2.38"", ""7.14"", ""3"", ""2.07"", ""14.29""]"
20260827,20260824,j1,2026,守備.html,チャンスビルディングポイント 守備ポイント ランキング,リーグサマリー:2026/27 J1 チャンスビルディングポイント 守備ポイント ランキング | データによってサッカーはもっと輝く | Football LAB,チャンスビルディングポイント 守備ポイント ランキング,2,中山 雄太,中山雄太,"[""守備ポイント"", ""90分平均"", ""最近5試合"", ""出場試合"", ""攻撃CBP"", ""奪取P""]","["""", ""6.84"", ""2.28"", ""6.84"", ""3"", ""7.06"", ""26.94""]"
20260827,20260824,j1,2026,守備.html,チャンスビルディングポイント 守備ポイント ランキング,リーグサマリー:2026/27 J1 チャンスビルディングポイント 守備ポイント ランキング | データによってサッカーはもっと輝く | Football LAB,チャンスビルディングポイント 守備ポイント ランキング,2,宮原 和也,宮原和也,"[""守備ポイント"", ""90分平均"", ""最近5試合"", ""出場試合"", ""攻撃CBP"", ""奪取P""]","["""", ""6.73"", ""2.28"", ""6.73"", ""3"", ""2.63"", ""24.19""]"
20260827,20260824,j1,2026,守備.html,チャンスビルディングポイント 守備ポイント ランキング,リーグサマリー:2026/27 J1 チャンスビルディングポイント 守備ポイント ランキング | データによってサッカーはもっと輝く | Football LAB,チャンスビルディングポイント 守備ポイント ランキング,2,鈴木 義宜,鈴木義宜,"[""守備ポイント"", ""90分平均"", ""最近5試合"", ""出場試合"", ""攻撃CBP"", ""奪取P""]","["""", ""6.68"", ""3.10"", ""6.68"", ""3"", ""2.71"", ""20.48""]"
20260827,20260824,j1,2026,守備.html,チャンスビルディングポイント 守備ポイント ランキング,リーグサマリー:2026/27 J1 チャンスビルディングポイント 守備ポイント ランキング | データによってサッカーはもっと輝く | Football LAB,チャンスビルディングポイント 守備ポイント ランキング,2,初瀬 亮,初瀬亮,"[""守備ポイント"", ""90分平均"", ""最近5試合"", ""出場試合"", ""攻撃CBP"", ""奪取P""]","["""", ""6.52"", ""2.18"", ""6.52"", ""3"", ""3.64"", ""14.09""]"
20260827,20260824,j1,2026,守備.html,チャンスビルディングポイント 守備ポイント ランキング,リーグサマリー:2026/27 J1 チャンスビルディングポイント 守備ポイント ランキング | データによってサッカーはもっと輝く | Football LAB,チャンスビルディングポイント 守備ポイント ランキング,2,キム スンギュ,キムスンギュ,"[""守備ポイント"", ""90分平均"", ""最近5試合"", ""出場試合"", ""攻撃CBP"", ""奪取P""]","["""", ""6.52"", ""2.17"", ""6.52"", ""3"", ""1.01"", ""4.22""]"
20260827,20260824,j1,2026,守備.html,チャンスビルディングポイント 守備ポイント ランキング,リーグサマリー:2026/27 J1 チャンスビルディングポイント 守備ポイント ランキング | データによってサッカーはもっと輝く | Football LAB,チャンスビルディングポイント 守備ポイント ランキング,2,マテウス トゥーレル,マテウストゥーレル,"[""守備ポイント"", ""90分平均"", ""最近5試合"", ""出場試合"", ""攻撃CBP"", ""奪取P""]","["""", ""6.46"", ""2.15"", ""6.46"", ""3"", ""4.56"", ""26.85""]"
20260827,20260824,j1,2026,攻撃.html,チャンスビルディングポイント 攻撃ポイント ランキング,リーグサマリー:2026/27 J1 チャンスビルディングポイント 攻撃ポイント ランキング | データによってサッカーはもっと輝く | Football LAB,チャンスビルディングポイント 攻撃ポイント ランキング,1,柏,柏,"[""攻撃ポイント"", ""試合平均"", ""最近5試合"", ""順位"", ""勝点"", ""得点"", ""失点""]","[""63.04"", ""21.01"", ""63.04"", ""2"", ""9"", ""9"", ""4""]"
20260827,20260824,j1,2026,攻撃.html,チャンスビルディングポイント 攻撃ポイント ランキング,リーグサマリー:2026/27 J1 チャンスビルディングポイント 攻撃ポイント ランキング | データによってサッカーはもっと輝く | Football LAB,チャンスビルディングポイント 攻撃ポイント ランキング,1,川崎Ｆ,川崎Ｆ,"[""攻撃ポイント"", ""試合平均"", ""最近5試合"", ""順位"", ""勝点"", ""得点"", ""失点""]","[""57.45"", ""19.15"", ""57.45"", ""13"", ""3"", ""4"", ""4""]"
20260827,20260824,j1,2026,攻撃.html,チャンスビルディングポイント 攻撃ポイント ランキング,リーグサマリー:2026/27 J1 チャンスビルディングポイント 攻撃ポイント ランキング | データによってサッカーはもっと輝く | Football LAB,チャンスビルディングポイント 攻撃ポイント ランキング,1,広島,広島,"[""攻撃ポイント"", ""試合平均"", ""最近5試合"", ""順位"", ""勝点"", ""得点"", ""失点""]","[""57.18"", ""19.06"", ""57.18"", ""4"", ""7"", ""8"", ""2""]"
20260827,20260824,j1,2026,攻撃.html,チャンスビルディングポイント 攻撃ポイント ランキング,リーグサマリー:2026/27 J1 チャンスビルディングポイント 攻撃ポイント ランキング | データによってサッカーはもっと輝く | Football LAB,チャンスビルディングポイント 攻撃ポイント ランキング,1,名古屋,名古屋,"[""攻撃ポイント"", ""試合平均"", ""最近5試合"", ""順位"", ""勝点"", ""得点"", ""失点""]","[""55.36"", ""18.45"", ""55.36"", ""13"", ""3"", ""4"", ""4""]"
20260827,20260824,j1,2026,攻撃.html,チャンスビルディングポイント 攻撃ポイント ランキング,リーグサマリー:2026/27 J1 チャンスビルディングポイント 攻撃ポイント ランキング | データによってサッカーはもっと輝く | Football LAB,チャンスビルディングポイント 攻撃ポイント ランキング,1,鹿島,鹿島,"[""攻撃ポイント"", ""試合平均"", ""最近5試合"", ""順位"", ""勝点"", ""得点"", ""失点""]","[""54.53"", ""18.18"", ""54.53"", ""3"", ""9"", ""9"", ""6""]"
20260827,20260824,j1,2026,攻撃.html,チャンスビルディングポイント 攻撃ポイント ランキング,リーグサマリー:2026/27 J1 チャンスビルディングポイント 攻撃ポイント ランキング | データによってサッカーはもっと輝く | Football LAB,チャンスビルディングポイント 攻撃ポイント ランキング,1,FC東京,FC東京,"[""攻撃ポイント"", ""試合平均"", ""最近5試合"", ""順位"", ""勝点"", ""得点"", ""失点""]","[""49.73"", ""16.58"", ""49.73"", ""11"", ""4"", ""5"", ""7""]"
20260827,20260824,j1,2026,攻撃.html,チャンスビルディングポイント 攻撃ポイント ランキング,リーグサマリー:2026/27 J1 チャンスビルディングポイント 攻撃ポイント ランキング | データによってサッカーはもっと輝く | Football LAB,チャンスビルディングポイント 攻撃ポイント ランキング,1,Ｇ大阪,Ｇ大阪,"[""攻撃ポイント"", ""試合平均"", ""最近5試合"", ""順位"", ""勝点"", ""得点"", ""失点""]","[""48.32"", ""16.11"", ""48.32"", ""10"", ""4"", ""6"", ""7""]"
20260827,20260824,j1,2026,攻撃.html,チャンスビルディングポイント 攻撃ポイント ランキング,リーグサマリー:2026/27 J1 チャンスビルディングポイント 攻撃ポイント ランキング | データによってサッカーはもっと輝く | Football LAB,チャンスビルディングポイント 攻撃ポイント ランキング,1,岡山,岡山,"[""攻撃ポイント"", ""試合平均"", ""最近5試合"", ""順位"", ""勝点"", ""得点"", ""失点""]","[""45.99"", ""15.33"", ""45.99"", ""9"", ""4"", ""2"", ""2""]"
20260827,20260824,j1,2026,攻撃.html,チャンスビルディングポイント 攻撃ポイント ランキング,リーグサマリー:2026/27 J1 チャンスビルディングポイント 攻撃ポイント ランキング | データによってサッカーはもっと輝く | Football LAB,チャンスビルディングポイント 攻撃ポイント ランキング,1,京都,京都,"[""攻撃ポイント"", ""試合平均"", ""最近5試合"", ""順位"", ""勝点"", ""得点"", ""失点""]","[""45.85"", ""15.28"", ""45.85"", ""18"", ""1"", ""4"", ""7""]"
20260827,20260824,j1,2026,攻撃.html,チャンスビルディングポイント 攻撃ポイント ランキング,リーグサマリー:2026/27 J1 チャンスビルディングポイント 攻撃ポイント ランキング | データによってサッカーはもっと輝く | Football LAB,チャンスビルディングポイント 攻撃ポイント ランキング,1,浦和,浦和,"[""攻撃ポイント"", ""試合平均"", ""最近5試合"", ""順位"", ""勝点"", ""得点"", ""失点""]","[""45.49"", ""15.16"", ""45.49"", ""19"", ""0"", ""5"", ""11""]"
20260827,20260824,j1,2026,攻撃.html,チャンスビルディングポイント 攻撃ポイント ランキング,リーグサマリー:2026/27 J1 チャンスビルディングポイント 攻撃ポイント ランキング | データによってサッカーはもっと輝く | Football LAB,チャンスビルディングポイント 攻撃ポイント ランキング,1,町田,町田,"[""攻撃ポイント"", ""試合平均"", ""最近5試合"", ""順位"", ""勝点"", ""得点"", ""失点""]","[""44.63"", ""14.88"", ""44.63"", ""1"", ""9"", ""12"", ""2""]"
20260827,20260824,j1,2026,攻撃.html,チャンスビルディングポイント 攻撃ポイント ランキング,リーグサマリー:2026/27 J1 チャンスビルディングポイント 攻撃ポイント ランキング | データによってサッカーはもっと輝く | Football LAB,チャンスビルディングポイント 攻撃ポイント ランキング,1,神戸,神戸,"[""攻撃ポイント"", ""試合平均"", ""最近5試合"", ""順位"", ""勝点"", ""得点"", ""失点""]","[""39.33"", ""13.11"", ""39.33"", ""8"", ""4"", ""3"", ""3""]"
20260827,20260824,j1,2026,攻撃.html,チャンスビルディングポイント 攻撃ポイント ランキング,リーグサマリー:2026/27 J1 チャンスビルディングポイント 攻撃ポイント ランキング | データによってサッカーはもっと輝く | Football LAB,チャンスビルディングポイント 攻撃ポイント ランキング,1,Ｃ大阪,Ｃ大阪,"[""攻撃ポイント"", ""試合平均"", ""最近5試合"", ""順位"", ""勝点"", ""得点"", ""失点""]","[""38.22"", ""12.74"", ""38.22"", ""6"", ""6"", ""3"", ""4""]"
20260827,20260824,j1,2026,攻撃.html,チャンスビルディングポイント 攻撃ポイント ランキング,リーグサマリー:2026/27 J1 チャンスビルディングポイント 攻撃ポイント ランキング | データによってサッカーはもっと輝く | Football LAB,チャンスビルディングポイント 攻撃ポイント ランキング,1,水戸,水戸,"[""攻撃ポイント"", ""試合平均"", ""最近5試合"", ""順位"", ""勝点"", ""得点"", ""失点""]","[""37.42"", ""12.47"", ""37.42"", ""7"", ""4"", ""5"", ""4""]"
20260827,20260824,j1,2026,攻撃.html,チャンスビルディングポイント 攻撃ポイント ランキング,リーグサマリー:2026/27 J1 チャンスビルディングポイント 攻撃ポイント ランキング | データによってサッカーはもっと輝く | Football LAB,チャンスビルディングポイント 攻撃ポイント ランキング,1,福岡,福岡,"[""攻撃ポイント"", ""試合平均"", ""最近5試合"", ""順位"", ""勝点"", ""得点"", ""失点""]","[""34.01"", ""11.34"", ""34.01"", ""12"", ""3"", ""5"", ""4""]"
20260827,20260824,j1,2026,攻撃.html,チャンスビルディングポイント 攻撃ポイント ランキング,リーグサマリー:2026/27 J1 チャンスビルディングポイント 攻撃ポイント ランキング | データによってサッカーはもっと輝く | Football LAB,チャンスビルディングポイント 攻撃ポイント ランキング,1,横浜FM,横浜FM,"[""攻撃ポイント"", ""試合平均"", ""最近5試合"", ""順位"", ""勝点"", ""得点"", ""失点""]","[""33.77"", ""11.26"", ""33.77"", ""5"", ""6"", ""5"", ""4""]"
20260827,20260824,j1,2026,攻撃.html,チャンスビルディングポイント 攻撃ポイント ランキング,リーグサマリー:2026/27 J1 チャンスビルディングポイント 攻撃ポイント ランキング | データによってサッカーはもっと輝く | Football LAB,チャンスビルディングポイント 攻撃ポイント ランキング,1,清水,清水,"[""攻撃ポイント"", ""試合平均"", ""最近5試合"", ""順位"", ""勝点"", ""得点"", ""失点""]","[""32.53"", ""10.84"", ""32.53"", ""15"", ""3"", ""1"", ""2""]"
20260827,20260824,j1,2026,攻撃.html,チャンスビルディングポイント 攻撃ポイント ランキング,リーグサマリー:2026/27 J1 チャンスビルディングポイント 攻撃ポイント ランキング | データによってサッカーはもっと輝く | Football LAB,チャンスビルディングポイント 攻撃ポイント ランキング,1,千葉,千葉,"[""攻撃ポイント"", ""試合平均"", ""最近5試合"", ""順位"", ""勝点"", ""得点"", ""失点""]","[""29.78"", ""9.93"", ""29.78"", ""20"", ""0"", ""0"", ""9""]"
20260827,20260824,j1,2026,攻撃.html,チャンスビルディングポイント 攻撃ポイント ランキング,リーグサマリー:2026/27 J1 チャンスビルディングポイント 攻撃ポイント ランキング | データによってサッカーはもっと輝く | Football LAB,チャンスビルディングポイント 攻撃ポイント ランキング,1,長崎,長崎,"[""攻撃ポイント"", ""試合平均"", ""最近5試合"", ""順位"", ""勝点"", ""得点"", ""失点""]","[""29.33"", ""9.78"", ""29.33"", ""16"", ""3"", ""4"", ""6""]"
20260827,20260824,j1,2026,攻撃.html,チャンスビルディングポイント 攻撃ポイント ランキング,リーグサマリー:2026/27 J1 チャンスビルディングポイント 攻撃ポイント ランキング | データによってサッカーはもっと輝く | Football LAB,チャンスビルディングポイント 攻撃ポイント ランキング,1,東京Ｖ,東京Ｖ,"[""攻撃ポイント"", ""試合平均"", ""最近5試合"", ""順位"", ""勝点"", ""得点"", ""失点""]","[""26.75"", ""8.92"", ""26.75"", ""17"", ""2"", ""2"", ""4""]"
20260827,20260824,j1,2026,攻撃.html,チャンスビルディングポイント 攻撃ポイント ランキング,リーグサマリー:2026/27 J1 チャンスビルディングポイント 攻撃ポイント ランキング | データによってサッカーはもっと輝く | Football LAB,チャンスビルディングポイント 攻撃ポイント ランキング,2,伊藤 達哉,伊藤達哉,"[""攻撃ポイント"", ""90分平均"", ""最近5試合"", ""出場試合"", ""ゴール"", ""奪取P""]","["""", ""9.43"", ""3.77"", ""9.43"", ""3"", ""0"", ""18.16""]"
20260827,20260824,j1,2026,攻撃.html,チャンスビルディングポイント 攻撃ポイント ランキング,リーグサマリー:2026/27 J1 チャンスビルディングポイント 攻撃ポイント ランキング | データによってサッカーはもっと輝く | Football LAB,チャンスビルディングポイント 攻撃ポイント ランキング,2,東 俊希,東俊希,"[""攻撃ポイント"", ""90分平均"", ""最近5試合"", ""出場試合"", ""ゴール"", ""奪取P""]","["""", ""8.84"", ""3.33"", ""8.84"", ""3"", ""0"", ""21.31""]"
20260827,20260824,j1,2026,攻撃.html,チャンスビルディングポイント 攻撃ポイント ランキング,リーグサマリー:2026/27 J1 チャンスビルディングポイント 攻撃ポイント ランキング | データによってサッカーはもっと輝く | Football LAB,チャンスビルディングポイント 攻撃ポイント ランキング,2,中山 克広,中山克広,"[""攻撃ポイント"", ""90分平均"", ""最近5試合"", ""出場試合"", ""ゴール"", ""奪取P""]","["""", ""8.50"", ""2.97"", ""8.50"", ""3"", ""0"", ""26.12""]"
20260827,20260824,j1,2026,攻撃.html,チャンスビルディングポイント 攻撃ポイント ランキング,リーグサマリー:2026/27 J1 チャンスビルディングポイント 攻撃ポイント ランキング | データによってサッカーはもっと輝く | Football LAB,チャンスビルディングポイント 攻撃ポイント ランキング,2,原田 亘,原田亘,"[""攻撃ポイント"", ""90分平均"", ""最近5試合"", ""出場試合"", ""ゴール"", ""奪取P""]","["""", ""8.36"", ""2.79"", ""8.36"", ""3"", ""0"", ""29.17""]"
20260827,20260824,j1,2026,攻撃.html,チャンスビルディングポイント 攻撃ポイント ランキング,リーグサマリー:2026/27 J1 チャンスビルディングポイント 攻撃ポイント ランキング | データによってサッカーはもっと輝く | Football LAB,チャンスビルディングポイント 攻撃ポイント ランキング,2,金子 拓郎,金子拓郎,"[""攻撃ポイント"", ""90分平均"", ""最近5試合"", ""出場試合"", ""ゴール"", ""奪取P""]","["""", ""8.26"", ""2.78"", ""8.26"", ""3"", ""1"", ""12.09""]"
20260827,20260824,j1,2026,攻撃.html,チャンスビルディングポイント 攻撃ポイント ランキング,リーグサマリー:2026/27 J1 チャンスビルディングポイント 攻撃ポイント ランキング | データによってサッカーはもっと輝く | Football LAB,チャンスビルディングポイント 攻撃ポイント ランキング,2,相馬 勇紀,相馬勇紀,"[""攻撃ポイント"", ""90分平均"", ""最近5試合"", ""出場試合"", ""ゴール"", ""奪取P""]","["""", ""8.02"", ""2.77"", ""8.02"", ""3"", ""1"", ""4.82""]"
20260827,20260824,j1,2026,攻撃.html,チャンスビルディングポイント 攻撃ポイント ランキング,リーグサマリー:2026/27 J1 チャンスビルディングポイント 攻撃ポイント ランキング | データによってサッカーはもっと輝く | Football LAB,チャンスビルディングポイント 攻撃ポイント ランキング,2,中川 敦瑛,中川敦瑛,"[""攻撃ポイント"", ""90分平均"", ""最近5試合"", ""出場試合"", ""ゴール"", ""奪取P""]","["""", ""7.36"", ""2.45"", ""7.36"", ""3"", ""0"", ""37.39""]"
20260827,20260824,j1,2026,攻撃.html,チャンスビルディングポイント 攻撃ポイント ランキング,リーグサマリー:2026/27 J1 チャンスビルディングポイント 攻撃ポイント ランキング | データによってサッカーはもっと輝く | Football LAB,チャンスビルディングポイント 攻撃ポイント ランキング,2,山本 悠樹,山本悠樹,"[""攻撃ポイント"", ""90分平均"", ""最近5試合"", ""出場試合"", ""ゴール"", ""奪取P""]","["""", ""7.26"", ""2.59"", ""7.26"", ""3"", ""1"", ""21.33""]"
20260827,20260824,j1,2026,攻撃.html,チャンスビルディングポイント 攻撃ポイント ランキング,リーグサマリー:2026/27 J1 チャンスビルディングポイント 攻撃ポイント ランキング | データによってサッカーはもっと輝く | Football LAB,チャンスビルディングポイント 攻撃ポイント ランキング,2,松村 優太,松村優太,"[""攻撃ポイント"", ""90分平均"", ""最近5試合"", ""出場試合"", ""ゴール"", ""奪取P""]","["""", ""7.15"", ""4.02"", ""7.15"", ""3"", ""0"", ""13.36""]"
20260827,20260824,j1,2026,攻撃.html,チャンスビルディングポイント 攻撃ポイント ランキング,リーグサマリー:2026/27 J1 チャンスビルディングポイント 攻撃ポイント ランキング | データによってサッカーはもっと輝く | Football LAB,チャンスビルディングポイント 攻撃ポイント ランキング,2,古賀 太陽,古賀太陽,"[""攻撃ポイント"", ""90分平均"", ""最近5試合"", ""出場試合"", ""ゴール"", ""奪取P""]","["""", ""7.13"", ""2.38"", ""7.13"", ""3"", ""0"", ""26.40""]"
20260827,20260824,j1,2026,攻撃.html,チャンスビルディングポイント 攻撃ポイント ランキング,リーグサマリー:2026/27 J1 チャンスビルディングポイント 攻撃ポイント ランキング | データによってサッカーはもっと輝く | Football LAB,チャンスビルディングポイント 攻撃ポイント ランキング,2,久保 藤次郎,久保藤次郎,"[""攻撃ポイント"", ""90分平均"", ""最近5試合"", ""出場試合"", ""ゴール"", ""奪取P""]","["""", ""7.09"", ""2.52"", ""7.09"", ""3"", ""1"", ""23.50""]"
20260827,20260824,j1,2026,攻撃.html,チャンスビルディングポイント 攻撃ポイント ランキング,リーグサマリー:2026/27 J1 チャンスビルディングポイント 攻撃ポイント ランキング | データによってサッカーはもっと輝く | Football LAB,チャンスビルディングポイント 攻撃ポイント ランキング,2,福田 心之助,福田心之助,"[""攻撃ポイント"", ""90分平均"", ""最近5試合"", ""出場試合"", ""ゴール"", ""奪取P""]","["""", ""7.06"", ""2.35"", ""7.06"", ""3"", ""1"", ""25.31""]"
20260827,20260824,j1,2026,攻撃.html,チャンスビルディングポイント 攻撃ポイント ランキング,リーグサマリー:2026/27 J1 チャンスビルディングポイント 攻撃ポイント ランキング | データによってサッカーはもっと輝く | Football LAB,チャンスビルディングポイント 攻撃ポイント ランキング,2,中山 雄太,中山雄太,"[""攻撃ポイント"", ""90分平均"", ""最近5試合"", ""出場試合"", ""ゴール"", ""奪取P""]","["""", ""7.06"", ""2.35"", ""7.06"", ""3"", ""1"", ""26.94""]"
20260827,20260824,j1,2026,攻撃.html,チャンスビルディングポイント 攻撃ポイント ランキング,リーグサマリー:2026/27 J1 チャンスビルディングポイント 攻撃ポイント ランキング | データによってサッカーはもっと輝く | Football LAB,チャンスビルディングポイント 攻撃ポイント ランキング,2,杉岡 大暉,杉岡大暉,"[""攻撃ポイント"", ""90分平均"", ""最近5試合"", ""出場試合"", ""ゴール"", ""奪取P""]","["""", ""6.63"", ""2.21"", ""6.63"", ""3"", ""0"", ""32.47""]"
20260827,20260824,j1,2026,攻撃.html,チャンスビルディングポイント 攻撃ポイント ランキング,リーグサマリー:2026/27 J1 チャンスビルディングポイント 攻撃ポイント ランキング | データによってサッカーはもっと輝く | Football LAB,チャンスビルディングポイント 攻撃ポイント ランキング,2,高嶺 朋樹,高嶺朋樹,"[""攻撃ポイント"", ""90分平均"", ""最近5試合"", ""出場試合"", ""ゴール"", ""奪取P""]","["""", ""6.58"", ""2.19"", ""6.58"", ""3"", ""0"", ""33.43""]"
20260827,20260824,j1,2026,攻撃.html,チャンスビルディングポイント 攻撃ポイント ランキング,リーグサマリー:2026/27 J1 チャンスビルディングポイント 攻撃ポイント ランキング | データによってサッカーはもっと輝く | Football LAB,チャンスビルディングポイント 攻撃ポイント ランキング,2,岸本 武流,岸本武流,"[""攻撃ポイント"", ""90分平均"", ""最近5試合"", ""出場試合"", ""ゴール"", ""奪取P""]","["""", ""6.48"", ""2.16"", ""6.48"", ""3"", ""0"", ""19.02""]"
20260827,20260824,j1,2026,攻撃.html,チャンスビルディングポイント 攻撃ポイント ランキング,リーグサマリー:2026/27 J1 チャンスビルディングポイント 攻撃ポイント ランキング | データによってサッカーはもっと輝く | Football LAB,チャンスビルディングポイント 攻撃ポイント ランキング,2,小川 諒也,小川諒也,"[""攻撃ポイント"", ""90分平均"", ""最近5試合"", ""出場試合"", ""ゴール"", ""奪取P""]","["""", ""5.99"", ""2.03"", ""5.99"", ""3"", ""0"", ""15.35""]"
20260827,20260824,j1,2026,攻撃.html,チャンスビルディングポイント 攻撃ポイント ランキング,リーグサマリー:2026/27 J1 チャンスビルディングポイント 攻撃ポイント ランキング | データによってサッカーはもっと輝く | Football LAB,チャンスビルディングポイント 攻撃ポイント ランキング,2,山原 怜音,山原怜音,"[""攻撃ポイント"", ""90分平均"", ""最近5試合"", ""出場試合"", ""ゴール"", ""奪取P""]","["""", ""5.88"", ""2.04"", ""5.88"", ""3"", ""0"", ""14.76""]"
20260827,20260824,j1,2026,攻撃.html,チャンスビルディングポイント 攻撃ポイント ランキング,リーグサマリー:2026/27 J1 チャンスビルディングポイント 攻撃ポイント ランキング | データによってサッカーはもっと輝く | Football LAB,チャンスビルディングポイント 攻撃ポイント ランキング,2,稲垣 祥,稲垣祥,"[""攻撃ポイント"", ""90分平均"", ""最近5試合"", ""出場試合"", ""ゴール"", ""奪取P""]","["""", ""5.73"", ""1.91"", ""5.73"", ""3"", ""0"", ""55.29""]"
20260827,20260824,j1,2026,攻撃.html,チャンスビルディングポイント 攻撃ポイント ランキング,リーグサマリー:2026/27 J1 チャンスビルディングポイント 攻撃ポイント ランキング | データによってサッカーはもっと輝く | Football LAB,チャンスビルディングポイント 攻撃ポイント ランキング,2,安部 柊斗,安部柊斗,"[""攻撃ポイント"", ""90分平均"", ""最近5試合"", ""出場試合"", ""ゴール"", ""奪取P""]","["""", ""5.58"", ""1.98"", ""5.58"", ""3"", ""0"", ""18.95""]"
20260827,20260824,j1,2026,攻撃.html,チャンスビルディングポイント 攻撃ポイント ランキング,リーグサマリー:2026/27 J1 チャンスビルディングポイント 攻撃ポイント ランキング | データによってサッカーはもっと輝く | Football LAB,チャンスビルディングポイント 攻撃ポイント ランキング,2,鈴木 章斗,鈴木章斗,"[""攻撃ポイント"", ""90分平均"", ""最近5試合"", ""出場試合"", ""ゴール"", ""奪取P""]","["""", ""5.56"", ""1.85"", ""5.56"", ""3"", ""3"", ""3.01""]"
20260827,20260824,j1,2026,攻撃.html,チャンスビルディングポイント 攻撃ポイント ランキング,リーグサマリー:2026/27 J1 チャンスビルディングポイント 攻撃ポイント ランキング | データによってサッカーはもっと輝く | Football LAB,チャンスビルディングポイント 攻撃ポイント ランキング,2,高 宇洋,高宇洋,"[""攻撃ポイント"", ""90分平均"", ""最近5試合"", ""出場試合"", ""ゴール"", ""奪取P""]","["""", ""5.53"", ""2.07"", ""5.53"", ""3"", ""1"", ""35.72""]"
20260827,20260824,j1,2026,攻撃.html,チャンスビルディングポイント 攻撃ポイント ランキング,リーグサマリー:2026/27 J1 チャンスビルディングポイント 攻撃ポイント ランキング | データによってサッカーはもっと輝く | Football LAB,チャンスビルディングポイント 攻撃ポイント ランキング,2,マテウス ブルネッティ,マテウスブルネッティ,"[""攻撃ポイント"", ""90分平均"", ""最近5試合"", ""出場試合"", ""ゴール"", ""奪取P""]","["""", ""5.52"", ""1.84"", ""5.52"", ""3"", ""0"", ""33.05""]"
20260827,20260824,j1,2026,攻撃.html,チャンスビルディングポイント 攻撃ポイント ランキング,リーグサマリー:2026/27 J1 チャンスビルディングポイント 攻撃ポイント ランキング | データによってサッカーはもっと輝く | Football LAB,チャンスビルディングポイント 攻撃ポイント ランキング,2,熊坂 光希,熊坂光希,"[""攻撃ポイント"", ""90分平均"", ""最近5試合"", ""出場試合"", ""ゴール"", ""奪取P""]","["""", ""5.45"", ""1.89"", ""5.45"", ""3"", ""0"", ""39.37""]"
20260827,20260824,j1,2026,攻撃.html,チャンスビルディングポイント 攻撃ポイント ランキング,リーグサマリー:2026/27 J1 チャンスビルディングポイント 攻撃ポイント ランキング | データによってサッカーはもっと輝く | Football LAB,チャンスビルディングポイント 攻撃ポイント ランキング,2,小泉 佳穂,小泉佳穂,"[""攻撃ポイント"", ""90分平均"", ""最近5試合"", ""出場試合"", ""ゴール"", ""奪取P""]","["""", ""5.43"", ""1.97"", ""5.43"", ""3"", ""2"", ""15.31""]"
20260827,20260824,j1,2026,攻撃.html,チャンスビルディングポイント 攻撃ポイント ランキング,リーグサマリー:2026/27 J1 チャンスビルディングポイント 攻撃ポイント ランキング | データによってサッカーはもっと輝く | Football LAB,チャンスビルディングポイント 攻撃ポイント ランキング,2,江坂 任,江坂任,"[""攻撃ポイント"", ""90分平均"", ""最近5試合"", ""出場試合"", ""ゴール"", ""奪取P""]","["""", ""5.41"", ""2.10"", ""5.41"", ""3"", ""0"", ""7.11""]"
20260827,20260824,j1,2026,攻撃.html,チャンスビルディングポイント 攻撃ポイント ランキング,リーグサマリー:2026/27 J1 チャンスビルディングポイント 攻撃ポイント ランキング | データによってサッカーはもっと輝く | Football LAB,チャンスビルディングポイント 攻撃ポイント ランキング,2,中谷 進之介,中谷進之介,"[""攻撃ポイント"", ""90分平均"", ""最近5試合"", ""出場試合"", ""ゴール"", ""奪取P""]","["""", ""5.38"", ""1.79"", ""5.38"", ""3"", ""1"", ""12.91""]"
20260827,20260824,j1,2026,攻撃.html,チャンスビルディングポイント 攻撃ポイント ランキング,リーグサマリー:2026/27 J1 チャンスビルディングポイント 攻撃ポイント ランキング | データによってサッカーはもっと輝く | Football LAB,チャンスビルディングポイント 攻撃ポイント ランキング,2,大森 博,大森博,"[""攻撃ポイント"", ""90分平均"", ""最近5試合"", ""出場試合"", ""ゴール"", ""奪取P""]","["""", ""5.37"", ""1.79"", ""5.37"", ""3"", ""0"", ""33.94""]"
20260827,20260824,j1,2026,攻撃.html,チャンスビルディングポイント 攻撃ポイント ランキング,リーグサマリー:2026/27 J1 チャンスビルディングポイント 攻撃ポイント ランキング | データによってサッカーはもっと輝く | Football LAB,チャンスビルディングポイント 攻撃ポイント ランキング,2,山下 諒也,山下諒也,"[""攻撃ポイント"", ""90分平均"", ""最近5試合"", ""出場試合"", ""ゴール"", ""奪取P""]","["""", ""5.36"", ""1.79"", ""5.36"", ""3"", ""0"", ""7.87""]"
20260827,20260824,j1,2026,攻撃.html,チャンスビルディングポイント 攻撃ポイント ランキング,リーグサマリー:2026/27 J1 チャンスビルディングポイント 攻撃ポイント ランキング | データによってサッカーはもっと輝く | Football LAB,チャンスビルディングポイント 攻撃ポイント ランキング,2,ジョアン ペドロ,ジョアンペドロ,"[""攻撃ポイント"", ""90分平均"", ""最近5試合"", ""出場試合"", ""ゴール"", ""奪取P""]","["""", ""5.29"", ""1.80"", ""5.29"", ""3"", ""0"", ""25.57""]"
20260827,20260824,j1,2026,順位表.html,順位表,リーグサマリー:2026/27 J1 順位表 | データによってサッカーはもっと輝く | Football LAB,順位表,1,町田,町田,"[""順位"", ""勝点"", ""試合数"", ""勝"", ""分"", ""敗"", ""得点"", ""失点"", ""得失"", ""平均勝点"", ""平均得点"", ""平均失点""]","[""9"", ""3"", ""3"", ""0"", ""0"", ""12"", ""2"", ""10"", ""3.00"", ""4.0"", ""0.7""]"
20260827,20260824,j1,2026,順位表.html,順位表,リーグサマリー:2026/27 J1 順位表 | データによってサッカーはもっと輝く | Football LAB,順位表,1,柏,柏,"[""順位"", ""勝点"", ""試合数"", ""勝"", ""分"", ""敗"", ""得点"", ""失点"", ""得失"", ""平均勝点"", ""平均得点"", ""平均失点""]","[""9"", ""3"", ""3"", ""0"", ""0"", ""9"", ""4"", ""5"", ""3.00"", ""3.0"", ""1.3""]"
20260827,20260824,j1,2026,順位表.html,順位表,リーグサマリー:2026/27 J1 順位表 | データによってサッカーはもっと輝く | Football LAB,順位表,1,鹿島,鹿島,"[""順位"", ""勝点"", ""試合数"", ""勝"", ""分"", ""敗"", ""得点"", ""失点"", ""得失"", ""平均勝点"", ""平均得点"", ""平均失点""]","[""9"", ""3"", ""3"", ""0"", ""0"", ""9"", ""6"", ""3"", ""3.00"", ""3.0"", ""2.0""]"
20260827,20260824,j1,2026,順位表.html,順位表,リーグサマリー:2026/27 J1 順位表 | データによってサッカーはもっと輝く | Football LAB,順位表,1,広島,広島,"[""順位"", ""勝点"", ""試合数"", ""勝"", ""分"", ""敗"", ""得点"", ""失点"", ""得失"", ""平均勝点"", ""平均得点"", ""平均失点""]","[""7"", ""3"", ""2"", ""1"", ""0"", ""8"", ""2"", ""6"", ""2.33"", ""2.7"", ""0.7""]"
20260827,20260824,j1,2026,順位表.html,順位表,リーグサマリー:2026/27 J1 順位表 | データによってサッカーはもっと輝く | Football LAB,順位表,1,横浜FM,横浜FM,"[""順位"", ""勝点"", ""試合数"", ""勝"", ""分"", ""敗"", ""得点"", ""失点"", ""得失"", ""平均勝点"", ""平均得点"", ""平均失点""]","[""6"", ""3"", ""2"", ""0"", ""1"", ""5"", ""4"", ""1"", ""2.00"", ""1.7"", ""1.3""]"
20260827,20260824,j1,2026,順位表.html,順位表,リーグサマリー:2026/27 J1 順位表 | データによってサッカーはもっと輝く | Football LAB,順位表,1,Ｃ大阪,Ｃ大阪,"[""順位"", ""勝点"", ""試合数"", ""勝"", ""分"", ""敗"", ""得点"", ""失点"", ""得失"", ""平均勝点"", ""平均得点"", ""平均失点""]","[""6"", ""3"", ""2"", ""0"", ""1"", ""3"", ""4"", ""-1"", ""2.00"", ""1.0"", ""1.3""]"
20260827,20260824,j1,2026,順位表.html,順位表,リーグサマリー:2026/27 J1 順位表 | データによってサッカーはもっと輝く | Football LAB,順位表,1,水戸,水戸,"[""順位"", ""勝点"", ""試合数"", ""勝"", ""分"", ""敗"", ""得点"", ""失点"", ""得失"", ""平均勝点"", ""平均得点"", ""平均失点""]","[""4"", ""3"", ""1"", ""1"", ""1"", ""5"", ""4"", ""1"", ""1.33"", ""1.7"", ""1.3""]"
20260827,20260824,j1,2026,順位表.html,順位表,リーグサマリー:2026/27 J1 順位表 | データによってサッカーはもっと輝く | Football LAB,順位表,1,神戸,神戸,"[""順位"", ""勝点"", ""試合数"", ""勝"", ""分"", ""敗"", ""得点"", ""失点"", ""得失"", ""平均勝点"", ""平均得点"", ""平均失点""]","[""4"", ""3"", ""1"", ""1"", ""1"", ""3"", ""3"", ""0"", ""1.33"", ""1.0"", ""1.0""]"
20260827,20260824,j1,2026,順位表.html,順位表,リーグサマリー:2026/27 J1 順位表 | データによってサッカーはもっと輝く | Football LAB,順位表,1,岡山,岡山,"[""順位"", ""勝点"", ""試合数"", ""勝"", ""分"", ""敗"", ""得点"", ""失点"", ""得失"", ""平均勝点"", ""平均得点"", ""平均失点""]","[""4"", ""3"", ""1"", ""1"", ""1"", ""2"", ""2"", ""0"", ""1.33"", ""0.7"", ""0.7""]"
20260827,20260824,j1,2026,順位表.html,順位表,リーグサマリー:2026/27 J1 順位表 | データによってサッカーはもっと輝く | Football LAB,順位表,1,Ｇ大阪,Ｇ大阪,"[""順位"", ""勝点"", ""試合数"", ""勝"", ""分"", ""敗"", ""得点"", ""失点"", ""得失"", ""平均勝点"", ""平均得点"", ""平均失点""]","[""4"", ""3"", ""1"", ""1"", ""1"", ""6"", ""7"", ""-1"", ""1.33"", ""2.0"", ""2.3""]"
20260827,20260824,j1,2026,順位表.html,順位表,リーグサマリー:2026/27 J1 順位表 | データによってサッカーはもっと輝く | Football LAB,順位表,1,FC東京,FC東京,"[""順位"", ""勝点"", ""試合数"", ""勝"", ""分"", ""敗"", ""得点"", ""失点"", ""得失"", ""平均勝点"", ""平均得点"", ""平均失点""]","[""4"", ""3"", ""1"", ""1"", ""1"", ""5"", ""7"", ""-2"", ""1.33"", ""1.7"", ""2.3""]"
20260827,20260824,j1,2026,順位表.html,順位表,リーグサマリー:2026/27 J1 順位表 | データによってサッカーはもっと輝く | Football LAB,順位表,1,福岡,福岡,"[""順位"", ""勝点"", ""試合数"", ""勝"", ""分"", ""敗"", ""得点"", ""失点"", ""得失"", ""平均勝点"", ""平均得点"", ""平均失点""]","[""3"", ""3"", ""1"", ""0"", ""2"", ""5"", ""4"", ""1"", ""1.00"", ""1.7"", ""1.3""]"
20260827,20260824,j1,2026,順位表.html,順位表,リーグサマリー:2026/27 J1 順位表 | データによってサッカーはもっと輝く | Football LAB,順位表,1,川崎Ｆ,川崎Ｆ,"[""順位"", ""勝点"", ""試合数"", ""勝"", ""分"", ""敗"", ""得点"", ""失点"", ""得失"", ""平均勝点"", ""平均得点"", ""平均失点""]","[""3"", ""3"", ""0"", ""3"", ""0"", ""4"", ""4"", ""0"", ""1.00"", ""1.3"", ""1.3""]"
20260827,20260824,j1,2026,順位表.html,順位表,リーグサマリー:2026/27 J1 順位表 | データによってサッカーはもっと輝く | Football LAB,順位表,1,名古屋,名古屋,"[""順位"", ""勝点"", ""試合数"", ""勝"", ""分"", ""敗"", ""得点"", ""失点"", ""得失"", ""平均勝点"", ""平均得点"", ""平均失点""]","[""3"", ""3"", ""1"", ""0"", ""2"", ""4"", ""4"", ""0"", ""1.00"", ""1.3"", ""1.3""]"
20260827,20260824,j1,2026,順位表.html,順位表,リーグサマリー:2026/27 J1 順位表 | データによってサッカーはもっと輝く | Football LAB,順位表,1,清水,清水,"[""順位"", ""勝点"", ""試合数"", ""勝"", ""分"", ""敗"", ""得点"", ""失点"", ""得失"", ""平均勝点"", ""平均得点"", ""平均失点""]","[""3"", ""3"", ""1"", ""0"", ""2"", ""1"", ""2"", ""-1"", ""1.00"", ""0.3"", ""0.7""]"
20260827,20260824,j1,2026,順位表.html,順位表,リーグサマリー:2026/27 J1 順位表 | データによってサッカーはもっと輝く | Football LAB,順位表,1,長崎,長崎,"[""順位"", ""勝点"", ""試合数"", ""勝"", ""分"", ""敗"", ""得点"", ""失点"", ""得失"", ""平均勝点"", ""平均得点"", ""平均失点""]","[""3"", ""3"", ""1"", ""0"", ""2"", ""4"", ""6"", ""-2"", ""1.00"", ""1.3"", ""2.0""]"
20260827,20260824,j1,2026,順位表.html,順位表,リーグサマリー:2026/27 J1 順位表 | データによってサッカーはもっと輝く | Football LAB,順位表,1,東京Ｖ,東京Ｖ,"[""順位"", ""勝点"", ""試合数"", ""勝"", ""分"", ""敗"", ""得点"", ""失点"", ""得失"", ""平均勝点"", ""平均得点"", ""平均失点""]","[""2"", ""3"", ""0"", ""2"", ""1"", ""2"", ""4"", ""-2"", ""0.67"", ""0.7"", ""1.3""]"
20260827,20260824,j1,2026,順位表.html,順位表,リーグサマリー:2026/27 J1 順位表 | データによってサッカーはもっと輝く | Football LAB,順位表,1,京都,京都,"[""順位"", ""勝点"", ""試合数"", ""勝"", ""分"", ""敗"", ""得点"", ""失点"", ""得失"", ""平均勝点"", ""平均得点"", ""平均失点""]","[""1"", ""3"", ""0"", ""1"", ""2"", ""4"", ""7"", ""-3"", ""0.33"", ""1.3"", ""2.3""]"
20260827,20260824,j1,2026,順位表.html,順位表,リーグサマリー:2026/27 J1 順位表 | データによってサッカーはもっと輝く | Football LAB,順位表,1,浦和,浦和,"[""順位"", ""勝点"", ""試合数"", ""勝"", ""分"", ""敗"", ""得点"", ""失点"", ""得失"", ""平均勝点"", ""平均得点"", ""平均失点""]","[""0"", ""3"", ""0"", ""0"", ""3"", ""5"", ""11"", ""-6"", ""0.00"", ""1.7"", ""3.7""]"
20260827,20260824,j1,2026,順位表.html,順位表,リーグサマリー:2026/27 J1 順位表 | データによってサッカーはもっと輝く | Football LAB,順位表,1,千葉,千葉,"[""順位"", ""勝点"", ""試合数"", ""勝"", ""分"", ""敗"", ""得点"", ""失点"", ""得失"", ""平均勝点"", ""平均得点"", ""平均失点""]","[""0"", ""3"", ""0"", ""0"", ""3"", ""0"", ""9"", ""-9"", ""0.00"", ""0.0"", ""3.0""]"
