snapshot_date,asof_date,league,season,source_file,page_label,title,section_title,table_index,team_name,team_key,headers_json,values_json
20260530,20260525,j1,2026,AGI KAGI.html,"AGI,KAGI","リーグサマリー:2026 J1百年構想リーグ AGI,KAGI | データによってサッカーはもっと輝く | Football LAB",AGI,1,広島,広島,"[""AGI"", ""ゴール"", ""シュート"", ""成績順位""]","[""57.5"", ""1.56"", ""16.06"", ""4""]"
20260530,20260525,j1,2026,AGI KAGI.html,"AGI,KAGI","リーグサマリー:2026 J1百年構想リーグ AGI,KAGI | データによってサッカーはもっと輝く | Football LAB",AGI,1,岡山,岡山,"[""AGI"", ""ゴール"", ""シュート"", ""成績順位""]","[""54.4"", ""1.33"", ""11.67"", ""6""]"
20260530,20260525,j1,2026,AGI KAGI.html,"AGI,KAGI","リーグサマリー:2026 J1百年構想リーグ AGI,KAGI | データによってサッカーはもっと輝く | Football LAB",AGI,1,京都,京都,"[""AGI"", ""ゴール"", ""シュート"", ""成績順位""]","[""54.3"", ""1.06"", ""13.06"", ""8""]"
20260530,20260525,j1,2026,AGI KAGI.html,"AGI,KAGI","リーグサマリー:2026 J1百年構想リーグ AGI,KAGI | データによってサッカーはもっと輝く | Football LAB",AGI,1,名古屋,名古屋,"[""AGI"", ""ゴール"", ""シュート"", ""成績順位""]","[""52.8"", ""1.72"", ""13.33"", ""3""]"
20260530,20260525,j1,2026,AGI KAGI.html,"AGI,KAGI","リーグサマリー:2026 J1百年構想リーグ AGI,KAGI | データによってサッカーはもっと輝く | Football LAB",AGI,1,神戸,神戸,"[""AGI"", ""ゴール"", ""シュート"", ""成績順位""]","[""52.2"", ""1.44"", ""12.89"", ""1""]"
20260530,20260525,j1,2026,AGI KAGI.html,"AGI,KAGI","リーグサマリー:2026 J1百年構想リーグ AGI,KAGI | データによってサッカーはもっと輝く | Football LAB",AGI,1,川崎Ｆ,川崎Ｆ,"[""AGI"", ""ゴール"", ""シュート"", ""成績順位""]","[""52.1"", ""1.22"", ""11.89"", ""4""]"
20260530,20260525,j1,2026,AGI KAGI.html,"AGI,KAGI","リーグサマリー:2026 J1百年構想リーグ AGI,KAGI | データによってサッカーはもっと輝く | Football LAB",AGI,1,清水,清水,"[""AGI"", ""ゴール"", ""シュート"", ""成績順位""]","[""51.6"", ""1"", ""10.67"", ""7""]"
20260530,20260525,j1,2026,AGI KAGI.html,"AGI,KAGI","リーグサマリー:2026 J1百年構想リーグ AGI,KAGI | データによってサッカーはもっと輝く | Football LAB",AGI,1,福岡,福岡,"[""AGI"", ""ゴール"", ""シュート"", ""成績順位""]","[""51.3"", ""0.94"", ""10.83"", ""10""]"
20260530,20260525,j1,2026,AGI KAGI.html,"AGI,KAGI","リーグサマリー:2026 J1百年構想リーグ AGI,KAGI | データによってサッカーはもっと輝く | Football LAB",AGI,1,Ｇ大阪,Ｇ大阪,"[""AGI"", ""ゴール"", ""シュート"", ""成績順位""]","[""51.0"", ""1.44"", ""13"", ""5""]"
20260530,20260525,j1,2026,AGI KAGI.html,"AGI,KAGI","リーグサマリー:2026 J1百年構想リーグ AGI,KAGI | データによってサッカーはもっと輝く | Football LAB",AGI,1,浦和,浦和,"[""AGI"", ""ゴール"", ""シュート"", ""成績順位""]","[""50.6"", ""1.33"", ""13.94"", ""6""]"
20260530,20260525,j1,2026,AGI KAGI.html,"AGI,KAGI","リーグサマリー:2026 J1百年構想リーグ AGI,KAGI | データによってサッカーはもっと輝く | Football LAB",AGI,1,柏,柏,"[""AGI"", ""ゴール"", ""シュート"", ""成績順位""]","[""50.5"", ""1.06"", ""12.78"", ""8""]"
20260530,20260525,j1,2026,AGI KAGI.html,"AGI,KAGI","リーグサマリー:2026 J1百年構想リーグ AGI,KAGI | データによってサッカーはもっと輝く | Football LAB",AGI,1,横浜FM,横浜FM,"[""AGI"", ""ゴール"", ""シュート"", ""成績順位""]","[""50.5"", ""1.56"", ""11.78"", ""7""]"
20260530,20260525,j1,2026,AGI KAGI.html,"AGI,KAGI","リーグサマリー:2026 J1百年構想リーグ AGI,KAGI | データによってサッカーはもっと輝く | Football LAB",AGI,1,Ｃ大阪,Ｃ大阪,"[""AGI"", ""ゴール"", ""シュート"", ""成績順位""]","[""49.5"", ""1.44"", ""11.61"", ""2""]"
20260530,20260525,j1,2026,AGI KAGI.html,"AGI,KAGI","リーグサマリー:2026 J1百年構想リーグ AGI,KAGI | データによってサッカーはもっと輝く | Football LAB",AGI,1,町田,町田,"[""AGI"", ""ゴール"", ""シュート"", ""成績順位""]","[""48.2"", ""1.28"", ""11.39"", ""3""]"
20260530,20260525,j1,2026,AGI KAGI.html,"AGI,KAGI","リーグサマリー:2026 J1百年構想リーグ AGI,KAGI | データによってサッカーはもっと輝く | Football LAB",AGI,1,水戸,水戸,"[""AGI"", ""ゴール"", ""シュート"", ""成績順位""]","[""48.2"", ""1"", ""10.94"", ""9""]"
20260530,20260525,j1,2026,AGI KAGI.html,"AGI,KAGI","リーグサマリー:2026 J1百年構想リーグ AGI,KAGI | データによってサッカーはもっと輝く | Football LAB",AGI,1,FC東京,FC東京,"[""AGI"", ""ゴール"", ""シュート"", ""成績順位""]","[""48.0"", ""1.5"", ""15.78"", ""2""]"
20260530,20260525,j1,2026,AGI KAGI.html,"AGI,KAGI","リーグサマリー:2026 J1百年構想リーグ AGI,KAGI | データによってサッカーはもっと輝く | Football LAB",AGI,1,鹿島,鹿島,"[""AGI"", ""ゴール"", ""シュート"", ""成績順位""]","[""47.2"", ""1.61"", ""11.83"", ""1""]"
20260530,20260525,j1,2026,AGI KAGI.html,"AGI,KAGI","リーグサマリー:2026 J1百年構想リーグ AGI,KAGI | データによってサッカーはもっと輝く | Football LAB",AGI,1,長崎,長崎,"[""AGI"", ""ゴール"", ""シュート"", ""成績順位""]","[""45.4"", ""1.11"", ""10.94"", ""9""]"
20260530,20260525,j1,2026,AGI KAGI.html,"AGI,KAGI","リーグサマリー:2026 J1百年構想リーグ AGI,KAGI | データによってサッカーはもっと輝く | Football LAB",AGI,1,東京Ｖ,東京Ｖ,"[""AGI"", ""ゴール"", ""シュート"", ""成績順位""]","[""45.4"", ""1"", ""9.56"", ""5""]"
20260530,20260525,j1,2026,AGI KAGI.html,"AGI,KAGI","リーグサマリー:2026 J1百年構想リーグ AGI,KAGI | データによってサッカーはもっと輝く | Football LAB",AGI,1,千葉,千葉,"[""AGI"", ""ゴール"", ""シュート"", ""成績順位""]","[""39.5"", ""1"", ""11.44"", ""10""]"
20260530,20260525,j1,2026,AGI KAGI.html,"AGI,KAGI","リーグサマリー:2026 J1百年構想リーグ AGI,KAGI | データによってサッカーはもっと輝く | Football LAB",KAGI,2,東京Ｖ,東京Ｖ,"[""KAGI"", ""被ゴール"", ""被シュート"", ""成績順位""]","[""57.1"", ""1.39"", ""10.56"", ""5""]"
20260530,20260525,j1,2026,AGI KAGI.html,"AGI,KAGI","リーグサマリー:2026 J1百年構想リーグ AGI,KAGI | データによってサッカーはもっと輝く | Football LAB",KAGI,2,柏,柏,"[""KAGI"", ""被ゴール"", ""被シュート"", ""成績順位""]","[""54.8"", ""1.33"", ""11.61"", ""8""]"
20260530,20260525,j1,2026,AGI KAGI.html,"AGI,KAGI","リーグサマリー:2026 J1百年構想リーグ AGI,KAGI | データによってサッカーはもっと輝く | Football LAB",KAGI,2,町田,町田,"[""KAGI"", ""被ゴール"", ""被シュート"", ""成績順位""]","[""54.6"", ""1"", ""11.5"", ""3""]"
20260530,20260525,j1,2026,AGI KAGI.html,"AGI,KAGI","リーグサマリー:2026 J1百年構想リーグ AGI,KAGI | データによってサッカーはもっと輝く | Football LAB",KAGI,2,福岡,福岡,"[""KAGI"", ""被ゴール"", ""被シュート"", ""成績順位""]","[""52.8"", ""1.5"", ""11.83"", ""10""]"
20260530,20260525,j1,2026,AGI KAGI.html,"AGI,KAGI","リーグサマリー:2026 J1百年構想リーグ AGI,KAGI | データによってサッカーはもっと輝く | Football LAB",KAGI,2,FC東京,FC東京,"[""KAGI"", ""被ゴール"", ""被シュート"", ""成績順位""]","[""52.8"", ""0.89"", ""10.17"", ""2""]"
20260530,20260525,j1,2026,AGI KAGI.html,"AGI,KAGI","リーグサマリー:2026 J1百年構想リーグ AGI,KAGI | データによってサッカーはもっと輝く | Football LAB",KAGI,2,横浜FM,横浜FM,"[""KAGI"", ""被ゴール"", ""被シュート"", ""成績順位""]","[""52.5"", ""1.44"", ""10.39"", ""7""]"
20260530,20260525,j1,2026,AGI KAGI.html,"AGI,KAGI","リーグサマリー:2026 J1百年構想リーグ AGI,KAGI | データによってサッカーはもっと輝く | Football LAB",KAGI,2,広島,広島,"[""KAGI"", ""被ゴール"", ""被シュート"", ""成績順位""]","[""51.8"", ""1.17"", ""9.78"", ""4""]"
20260530,20260525,j1,2026,AGI KAGI.html,"AGI,KAGI","リーグサマリー:2026 J1百年構想リーグ AGI,KAGI | データによってサッカーはもっと輝く | Football LAB",KAGI,2,水戸,水戸,"[""KAGI"", ""被ゴール"", ""被シュート"", ""成績順位""]","[""51.5"", ""1.83"", ""11.89"", ""9""]"
20260530,20260525,j1,2026,AGI KAGI.html,"AGI,KAGI","リーグサマリー:2026 J1百年構想リーグ AGI,KAGI | データによってサッカーはもっと輝く | Football LAB",KAGI,2,清水,清水,"[""KAGI"", ""被ゴール"", ""被シュート"", ""成績順位""]","[""51.4"", ""1.17"", ""12.33"", ""7""]"
20260530,20260525,j1,2026,AGI KAGI.html,"AGI,KAGI","リーグサマリー:2026 J1百年構想リーグ AGI,KAGI | データによってサッカーはもっと輝く | Football LAB",KAGI,2,川崎Ｆ,川崎Ｆ,"[""KAGI"", ""被ゴール"", ""被シュート"", ""成績順位""]","[""50.7"", ""1.5"", ""14.17"", ""4""]"
20260530,20260525,j1,2026,AGI KAGI.html,"AGI,KAGI","リーグサマリー:2026 J1百年構想リーグ AGI,KAGI | データによってサッカーはもっと輝く | Football LAB",KAGI,2,神戸,神戸,"[""KAGI"", ""被ゴール"", ""被シュート"", ""成績順位""]","[""49.9"", ""1.17"", ""10.78"", ""1""]"
20260530,20260525,j1,2026,AGI KAGI.html,"AGI,KAGI","リーグサマリー:2026 J1百年構想リーグ AGI,KAGI | データによってサッカーはもっと輝く | Football LAB",KAGI,2,浦和,浦和,"[""KAGI"", ""被ゴール"", ""被シュート"", ""成績順位""]","[""49.5"", ""0.94"", ""12.44"", ""6""]"
20260530,20260525,j1,2026,AGI KAGI.html,"AGI,KAGI","リーグサマリー:2026 J1百年構想リーグ AGI,KAGI | データによってサッカーはもっと輝く | Football LAB",KAGI,2,岡山,岡山,"[""KAGI"", ""被ゴール"", ""被シュート"", ""成績順位""]","[""49.2"", ""1.33"", ""11.44"", ""6""]"
20260530,20260525,j1,2026,AGI KAGI.html,"AGI,KAGI","リーグサマリー:2026 J1百年構想リーグ AGI,KAGI | データによってサッカーはもっと輝く | Football LAB",KAGI,2,千葉,千葉,"[""KAGI"", ""被ゴール"", ""被シュート"", ""成績順位""]","[""48.4"", ""1.72"", ""16.56"", ""10""]"
20260530,20260525,j1,2026,AGI KAGI.html,"AGI,KAGI","リーグサマリー:2026 J1百年構想リーグ AGI,KAGI | データによってサッカーはもっと輝く | Football LAB",KAGI,2,鹿島,鹿島,"[""KAGI"", ""被ゴール"", ""被シュート"", ""成績順位""]","[""48.3"", ""0.5"", ""12.06"", ""1""]"
20260530,20260525,j1,2026,AGI KAGI.html,"AGI,KAGI","リーグサマリー:2026 J1百年構想リーグ AGI,KAGI | データによってサッカーはもっと輝く | Football LAB",KAGI,2,長崎,長崎,"[""KAGI"", ""被ゴール"", ""被シュート"", ""成績順位""]","[""46.3"", ""1.56"", ""15"", ""9""]"
20260530,20260525,j1,2026,AGI KAGI.html,"AGI,KAGI","リーグサマリー:2026 J1百年構想リーグ AGI,KAGI | データによってサッカーはもっと輝く | Football LAB",KAGI,2,京都,京都,"[""KAGI"", ""被ゴール"", ""被シュート"", ""成績順位""]","[""46.3"", ""1.39"", ""12.89"", ""8""]"
20260530,20260525,j1,2026,AGI KAGI.html,"AGI,KAGI","リーグサマリー:2026 J1百年構想リーグ AGI,KAGI | データによってサッカーはもっと輝く | Football LAB",KAGI,2,Ｇ大阪,Ｇ大阪,"[""KAGI"", ""被ゴール"", ""被シュート"", ""成績順位""]","[""46.2"", ""1.22"", ""11.94"", ""5""]"
20260530,20260525,j1,2026,AGI KAGI.html,"AGI,KAGI","リーグサマリー:2026 J1百年構想リーグ AGI,KAGI | データによってサッカーはもっと輝く | Football LAB",KAGI,2,Ｃ大阪,Ｃ大阪,"[""KAGI"", ""被ゴール"", ""被シュート"", ""成績順位""]","[""45.8"", ""1"", ""13.89"", ""2""]"
20260530,20260525,j1,2026,AGI KAGI.html,"AGI,KAGI","リーグサマリー:2026 J1百年構想リーグ AGI,KAGI | データによってサッカーはもっと輝く | Football LAB",KAGI,2,名古屋,名古屋,"[""KAGI"", ""被ゴール"", ""被シュート"", ""成績順位""]","[""44.4"", ""1.56"", ""14.17"", ""3""]"
20260530,20260525,j1,2026,クロス.html,チャンスビルディングポイント クロスポイント ランキング,リーグサマリー:2026 J1百年構想リーグ チャンスビルディングポイント クロスポイント ランキング | データによってサッカーはもっと輝く | Football LAB,チャンスビルディングポイント クロスポイント ランキング,1,名古屋,名古屋,"[""クロスポイント"", ""試合平均"", ""最近5試合"", ""順位"", ""勝点"", ""得点"", ""失点""]","[""43.25"", ""2.40"", ""10.97"", ""3"", ""31"", ""31"", ""28""]"
20260530,20260525,j1,2026,クロス.html,チャンスビルディングポイント クロスポイント ランキング,リーグサマリー:2026 J1百年構想リーグ チャンスビルディングポイント クロスポイント ランキング | データによってサッカーはもっと輝く | Football LAB,チャンスビルディングポイント クロスポイント ランキング,1,神戸,神戸,"[""クロスポイント"", ""試合平均"", ""最近5試合"", ""順位"", ""勝点"", ""得点"", ""失点""]","[""41.57"", ""2.31"", ""13.16"", ""1"", ""35"", ""27"", ""21""]"
20260530,20260525,j1,2026,クロス.html,チャンスビルディングポイント クロスポイント ランキング,リーグサマリー:2026 J1百年構想リーグ チャンスビルディングポイント クロスポイント ランキング | データによってサッカーはもっと輝く | Football LAB,チャンスビルディングポイント クロスポイント ランキング,1,広島,広島,"[""クロスポイント"", ""試合平均"", ""最近5試合"", ""順位"", ""勝点"", ""得点"", ""失点""]","[""41.16"", ""2.29"", ""9.22"", ""4"", ""30"", ""29"", ""21""]"
20260530,20260525,j1,2026,クロス.html,チャンスビルディングポイント クロスポイント ランキング,リーグサマリー:2026 J1百年構想リーグ チャンスビルディングポイント クロスポイント ランキング | データによってサッカーはもっと輝く | Football LAB,チャンスビルディングポイント クロスポイント ランキング,1,岡山,岡山,"[""クロスポイント"", ""試合平均"", ""最近5試合"", ""順位"", ""勝点"", ""得点"", ""失点""]","[""39.52"", ""2.20"", ""8.96"", ""6"", ""26"", ""24"", ""25""]"
20260530,20260525,j1,2026,クロス.html,チャンスビルディングポイント クロスポイント ランキング,リーグサマリー:2026 J1百年構想リーグ チャンスビルディングポイント クロスポイント ランキング | データによってサッカーはもっと輝く | Football LAB,チャンスビルディングポイント クロスポイント ランキング,1,柏,柏,"[""クロスポイント"", ""試合平均"", ""最近5試合"", ""順位"", ""勝点"", ""得点"", ""失点""]","[""35.48"", ""1.97"", ""6.71"", ""8"", ""20"", ""21"", ""24""]"
20260530,20260525,j1,2026,クロス.html,チャンスビルディングポイント クロスポイント ランキング,リーグサマリー:2026 J1百年構想リーグ チャンスビルディングポイント クロスポイント ランキング | データによってサッカーはもっと輝く | Football LAB,チャンスビルディングポイント クロスポイント ランキング,1,京都,京都,"[""クロスポイント"", ""試合平均"", ""最近5試合"", ""順位"", ""勝点"", ""得点"", ""失点""]","[""34.14"", ""1.90"", ""8.05"", ""8"", ""23"", ""19"", ""26""]"
20260530,20260525,j1,2026,クロス.html,チャンスビルディングポイント クロスポイント ランキング,リーグサマリー:2026 J1百年構想リーグ チャンスビルディングポイント クロスポイント ランキング | データによってサッカーはもっと輝く | Football LAB,チャンスビルディングポイント クロスポイント ランキング,1,Ｇ大阪,Ｇ大阪,"[""クロスポイント"", ""試合平均"", ""最近5試合"", ""順位"", ""勝点"", ""得点"", ""失点""]","[""34.09"", ""1.89"", ""9.49"", ""5"", ""28"", ""26"", ""22""]"
20260530,20260525,j1,2026,クロス.html,チャンスビルディングポイント クロスポイント ランキング,リーグサマリー:2026 J1百年構想リーグ チャンスビルディングポイント クロスポイント ランキング | データによってサッカーはもっと輝く | Football LAB,チャンスビルディングポイント クロスポイント ランキング,1,FC東京,FC東京,"[""クロスポイント"", ""試合平均"", ""最近5試合"", ""順位"", ""勝点"", ""得点"", ""失点""]","[""32.88"", ""1.83"", ""10.20"", ""2"", ""37"", ""28"", ""16""]"
20260530,20260525,j1,2026,クロス.html,チャンスビルディングポイント クロスポイント ランキング,リーグサマリー:2026 J1百年構想リーグ チャンスビルディングポイント クロスポイント ランキング | データによってサッカーはもっと輝く | Football LAB,チャンスビルディングポイント クロスポイント ランキング,1,鹿島,鹿島,"[""クロスポイント"", ""試合平均"", ""最近5試合"", ""順位"", ""勝点"", ""得点"", ""失点""]","[""31.79"", ""1.77"", ""7.89"", ""1"", ""45"", ""29"", ""9""]"
20260530,20260525,j1,2026,クロス.html,チャンスビルディングポイント クロスポイント ランキング,リーグサマリー:2026 J1百年構想リーグ チャンスビルディングポイント クロスポイント ランキング | データによってサッカーはもっと輝く | Football LAB,チャンスビルディングポイント クロスポイント ランキング,1,清水,清水,"[""クロスポイント"", ""試合平均"", ""最近5試合"", ""順位"", ""勝点"", ""得点"", ""失点""]","[""31.32"", ""1.74"", ""11.87"", ""7"", ""24"", ""19"", ""21""]"
20260530,20260525,j1,2026,クロス.html,チャンスビルディングポイント クロスポイント ランキング,リーグサマリー:2026 J1百年構想リーグ チャンスビルディングポイント クロスポイント ランキング | データによってサッカーはもっと輝く | Football LAB,チャンスビルディングポイント クロスポイント ランキング,1,横浜FM,横浜FM,"[""クロスポイント"", ""試合平均"", ""最近5試合"", ""順位"", ""勝点"", ""得点"", ""失点""]","[""29.40"", ""1.63"", ""9.48"", ""7"", ""20"", ""28"", ""29""]"
20260530,20260525,j1,2026,クロス.html,チャンスビルディングポイント クロスポイント ランキング,リーグサマリー:2026 J1百年構想リーグ チャンスビルディングポイント クロスポイント ランキング | データによってサッカーはもっと輝く | Football LAB,チャンスビルディングポイント クロスポイント ランキング,1,浦和,浦和,"[""クロスポイント"", ""試合平均"", ""最近5試合"", ""順位"", ""勝点"", ""得点"", ""失点""]","[""29.08"", ""1.62"", ""10.02"", ""6"", ""25"", ""25"", ""18""]"
20260530,20260525,j1,2026,クロス.html,チャンスビルディングポイント クロスポイント ランキング,リーグサマリー:2026 J1百年構想リーグ チャンスビルディングポイント クロスポイント ランキング | データによってサッカーはもっと輝く | Football LAB,チャンスビルディングポイント クロスポイント ランキング,1,水戸,水戸,"[""クロスポイント"", ""試合平均"", ""最近5試合"", ""順位"", ""勝点"", ""得点"", ""失点""]","[""28.37"", ""1.58"", ""9.07"", ""9"", ""18"", ""19"", ""35""]"
20260530,20260525,j1,2026,クロス.html,チャンスビルディングポイント クロスポイント ランキング,リーグサマリー:2026 J1百年構想リーグ チャンスビルディングポイント クロスポイント ランキング | データによってサッカーはもっと輝く | Football LAB,チャンスビルディングポイント クロスポイント ランキング,1,町田,町田,"[""クロスポイント"", ""試合平均"", ""最近5試合"", ""順位"", ""勝点"", ""得点"", ""失点""]","[""25.72"", ""1.43"", ""6.15"", ""3"", ""37"", ""23"", ""19""]"
20260530,20260525,j1,2026,クロス.html,チャンスビルディングポイント クロスポイント ランキング,リーグサマリー:2026 J1百年構想リーグ チャンスビルディングポイント クロスポイント ランキング | データによってサッカーはもっと輝く | Football LAB,チャンスビルディングポイント クロスポイント ランキング,1,川崎Ｆ,川崎Ｆ,"[""クロスポイント"", ""試合平均"", ""最近5試合"", ""順位"", ""勝点"", ""得点"", ""失点""]","[""25.65"", ""1.42"", ""5.39"", ""4"", ""28"", ""23"", ""27""]"
20260530,20260525,j1,2026,クロス.html,チャンスビルディングポイント クロスポイント ランキング,リーグサマリー:2026 J1百年構想リーグ チャンスビルディングポイント クロスポイント ランキング | データによってサッカーはもっと輝く | Football LAB,チャンスビルディングポイント クロスポイント ランキング,1,Ｃ大阪,Ｃ大阪,"[""クロスポイント"", ""試合平均"", ""最近5試合"", ""順位"", ""勝点"", ""得点"", ""失点""]","[""25.53"", ""1.42"", ""7.01"", ""2"", ""31"", ""26"", ""19""]"
20260530,20260525,j1,2026,クロス.html,チャンスビルディングポイント クロスポイント ランキング,リーグサマリー:2026 J1百年構想リーグ チャンスビルディングポイント クロスポイント ランキング | データによってサッカーはもっと輝く | Football LAB,チャンスビルディングポイント クロスポイント ランキング,1,千葉,千葉,"[""クロスポイント"", ""試合平均"", ""最近5試合"", ""順位"", ""勝点"", ""得点"", ""失点""]","[""25.42"", ""1.41"", ""6.36"", ""10"", ""12"", ""18"", ""31""]"
20260530,20260525,j1,2026,クロス.html,チャンスビルディングポイント クロスポイント ランキング,リーグサマリー:2026 J1百年構想リーグ チャンスビルディングポイント クロスポイント ランキング | データによってサッカーはもっと輝く | Football LAB,チャンスビルディングポイント クロスポイント ランキング,1,長崎,長崎,"[""クロスポイント"", ""試合平均"", ""最近5試合"", ""順位"", ""勝点"", ""得点"", ""失点""]","[""20.65"", ""1.15"", ""6.28"", ""9"", ""21"", ""20"", ""28""]"
20260530,20260525,j1,2026,クロス.html,チャンスビルディングポイント クロスポイント ランキング,リーグサマリー:2026 J1百年構想リーグ チャンスビルディングポイント クロスポイント ランキング | データによってサッカーはもっと輝く | Football LAB,チャンスビルディングポイント クロスポイント ランキング,1,福岡,福岡,"[""クロスポイント"", ""試合平均"", ""最近5試合"", ""順位"", ""勝点"", ""得点"", ""失点""]","[""19.74"", ""1.10"", ""4.75"", ""10"", ""21"", ""17"", ""27""]"
20260530,20260525,j1,2026,クロス.html,チャンスビルディングポイント クロスポイント ランキング,リーグサマリー:2026 J1百年構想リーグ チャンスビルディングポイント クロスポイント ランキング | データによってサッカーはもっと輝く | Football LAB,チャンスビルディングポイント クロスポイント ランキング,1,東京Ｖ,東京Ｖ,"[""クロスポイント"", ""試合平均"", ""最近5試合"", ""順位"", ""勝点"", ""得点"", ""失点""]","[""15.42"", ""0.86"", ""4.71"", ""5"", ""28"", ""19"", ""25""]"
20260530,20260525,j1,2026,クロス.html,チャンスビルディングポイント クロスポイント ランキング,リーグサマリー:2026 J1百年構想リーグ チャンスビルディングポイント クロスポイント ランキング | データによってサッカーはもっと輝く | Football LAB,チャンスビルディングポイント クロスポイント ランキング,2,東 俊希,東俊希,"[""クロスポイント"", ""90分平均"", ""最近5試合"", ""出場試合"", ""攻撃CBP"", ""奪取P""]","["""", ""10.15"", ""0.92"", ""4.44"", ""16"", ""25.24"", ""56.52""]"
20260530,20260525,j1,2026,クロス.html,チャンスビルディングポイント クロスポイント ランキング,リーグサマリー:2026 J1百年構想リーグ チャンスビルディングポイント クロスポイント ランキング | データによってサッカーはもっと輝く | Football LAB,チャンスビルディングポイント クロスポイント ランキング,2,白井 康介,白井康介,"[""クロスポイント"", ""90分平均"", ""最近5試合"", ""出場試合"", ""攻撃CBP"", ""奪取P""]","["""", ""9.11"", ""0.72"", ""1.57"", ""15"", ""20.53"", ""122.51""]"
20260530,20260525,j1,2026,クロス.html,チャンスビルディングポイント クロスポイント ランキング,リーグサマリー:2026 J1百年構想リーグ チャンスビルディングポイント クロスポイント ランキング | データによってサッカーはもっと輝く | Football LAB,チャンスビルディングポイント クロスポイント ランキング,2,山根 永遠,山根永遠,"[""クロスポイント"", ""90分平均"", ""最近5試合"", ""出場試合"", ""攻撃CBP"", ""奪取P""]","["""", ""8.35"", ""0.65"", ""1.51"", ""16"", ""20.70"", ""89.50""]"
20260530,20260525,j1,2026,クロス.html,チャンスビルディングポイント クロスポイント ランキング,リーグサマリー:2026 J1百年構想リーグ チャンスビルディングポイント クロスポイント ランキング | データによってサッカーはもっと輝く | Football LAB,チャンスビルディングポイント クロスポイント ランキング,2,初瀬 亮,初瀬亮,"[""クロスポイント"", ""90分平均"", ""最近5試合"", ""出場試合"", ""攻撃CBP"", ""奪取P""]","["""", ""8.07"", ""0.62"", ""2.07"", ""15"", ""25.28"", ""67.01""]"
20260530,20260525,j1,2026,クロス.html,チャンスビルディングポイント クロスポイント ランキング,リーグサマリー:2026 J1百年構想リーグ チャンスビルディングポイント クロスポイント ランキング | データによってサッカーはもっと輝く | Football LAB,チャンスビルディングポイント クロスポイント ランキング,2,中山 克広,中山克広,"[""クロスポイント"", ""90分平均"", ""最近5試合"", ""出場試合"", ""攻撃CBP"", ""奪取P""]","["""", ""7.98"", ""0.50"", ""3.05"", ""17"", ""29.68"", ""162.17""]"
20260530,20260525,j1,2026,クロス.html,チャンスビルディングポイント クロスポイント ランキング,リーグサマリー:2026 J1百年構想リーグ チャンスビルディングポイント クロスポイント ランキング | データによってサッカーはもっと輝く | Football LAB,チャンスビルディングポイント クロスポイント ランキング,2,津久井 匠海,津久井匠海,"[""クロスポイント"", ""90分平均"", ""最近5試合"", ""出場試合"", ""攻撃CBP"", ""奪取P""]","["""", ""7.86"", ""0.58"", ""0.48"", ""17"", ""22.86"", ""129.56""]"
20260530,20260525,j1,2026,クロス.html,チャンスビルディングポイント クロスポイント ランキング,リーグサマリー:2026 J1百年構想リーグ チャンスビルディングポイント クロスポイント ランキング | データによってサッカーはもっと輝く | Football LAB,チャンスビルディングポイント クロスポイント ランキング,2,ジョルディ クルークス,ジョルディクルークス,"[""クロスポイント"", ""90分平均"", ""最近5試合"", ""出場試合"", ""攻撃CBP"", ""奪取P""]","["""", ""7.82"", ""0.63"", ""2.22"", ""18"", ""17.68"", ""33.68""]"
20260530,20260525,j1,2026,クロス.html,チャンスビルディングポイント クロスポイント ランキング,リーグサマリー:2026 J1百年構想リーグ チャンスビルディングポイント クロスポイント ランキング | データによってサッカーはもっと輝く | Football LAB,チャンスビルディングポイント クロスポイント ランキング,2,久保 藤次郎,久保藤次郎,"[""クロスポイント"", ""90分平均"", ""最近5試合"", ""出場試合"", ""攻撃CBP"", ""奪取P""]","["""", ""7.01"", ""0.52"", ""2.76"", ""15"", ""30.56"", ""113.00""]"
20260530,20260525,j1,2026,クロス.html,チャンスビルディングポイント クロスポイント ランキング,リーグサマリー:2026 J1百年構想リーグ チャンスビルディングポイント クロスポイント ランキング | データによってサッカーはもっと輝く | Football LAB,チャンスビルディングポイント クロスポイント ランキング,2,橋本 健人,橋本健人,"[""クロスポイント"", ""90分平均"", ""最近5試合"", ""出場試合"", ""攻撃CBP"", ""奪取P""]","["""", ""7.00"", ""0.60"", ""2.13"", ""17"", ""22.11"", ""142.21""]"
20260530,20260525,j1,2026,クロス.html,チャンスビルディングポイント クロスポイント ランキング,リーグサマリー:2026 J1百年構想リーグ チャンスビルディングポイント クロスポイント ランキング | データによってサッカーはもっと輝く | Football LAB,チャンスビルディングポイント クロスポイント ランキング,2,永戸 勝也,永戸勝也,"[""クロスポイント"", ""90分平均"", ""最近5試合"", ""出場試合"", ""攻撃CBP"", ""奪取P""]","["""", ""6.95"", ""0.49"", ""0.98"", ""17"", ""22.95"", ""147.61""]"
20260530,20260525,j1,2026,クロス.html,チャンスビルディングポイント クロスポイント ランキング,リーグサマリー:2026 J1百年構想リーグ チャンスビルディングポイント クロスポイント ランキング | データによってサッカーはもっと輝く | Football LAB,チャンスビルディングポイント クロスポイント ランキング,2,鈴木 優磨,鈴木優磨,"[""クロスポイント"", ""90分平均"", ""最近5試合"", ""出場試合"", ""攻撃CBP"", ""奪取P""]","["""", ""6.95"", ""0.41"", ""2.61"", ""18"", ""30.98"", ""68.96""]"
20260530,20260525,j1,2026,クロス.html,チャンスビルディングポイント クロスポイント ランキング,リーグサマリー:2026 J1百年構想リーグ チャンスビルディングポイント クロスポイント ランキング | データによってサッカーはもっと輝く | Football LAB,チャンスビルディングポイント クロスポイント ランキング,2,武藤 嘉紀,武藤嘉紀,"[""クロスポイント"", ""90分平均"", ""最近5試合"", ""出場試合"", ""攻撃CBP"", ""奪取P""]","["""", ""6.91"", ""0.57"", ""3.16"", ""13"", ""24.42"", ""80.20""]"
20260530,20260525,j1,2026,クロス.html,チャンスビルディングポイント クロスポイント ランキング,リーグサマリー:2026 J1百年構想リーグ チャンスビルディングポイント クロスポイント ランキング | データによってサッカーはもっと輝く | Football LAB,チャンスビルディングポイント クロスポイント ランキング,2,広瀬 陸斗,広瀬陸斗,"[""クロスポイント"", ""90分平均"", ""最近5試合"", ""出場試合"", ""攻撃CBP"", ""奪取P""]","["""", ""6.69"", ""0.59"", ""0.49"", ""14"", ""19.89"", ""88.65""]"
20260530,20260525,j1,2026,クロス.html,チャンスビルディングポイント クロスポイント ランキング,リーグサマリー:2026 J1百年構想リーグ チャンスビルディングポイント クロスポイント ランキング | データによってサッカーはもっと輝く | Football LAB,チャンスビルディングポイント クロスポイント ランキング,2,相馬 勇紀,相馬勇紀,"[""クロスポイント"", ""90分平均"", ""最近5試合"", ""出場試合"", ""攻撃CBP"", ""奪取P""]","["""", ""6.57"", ""0.75"", ""1.03"", ""10"", ""22.61"", ""22.81""]"
20260530,20260525,j1,2026,クロス.html,チャンスビルディングポイント クロスポイント ランキング,リーグサマリー:2026 J1百年構想リーグ チャンスビルディングポイント クロスポイント ランキング | データによってサッカーはもっと輝く | Football LAB,チャンスビルディングポイント クロスポイント ランキング,2,遠藤 渓太,遠藤渓太,"[""クロスポイント"", ""90分平均"", ""最近5試合"", ""出場試合"", ""攻撃CBP"", ""奪取P""]","["""", ""6.53"", ""0.57"", ""2.66"", ""18"", ""20.69"", ""41.71""]"
20260530,20260525,j1,2026,クロス.html,チャンスビルディングポイント クロスポイント ランキング,リーグサマリー:2026 J1百年構想リーグ チャンスビルディングポイント クロスポイント ランキング | データによってサッカーはもっと輝く | Football LAB,チャンスビルディングポイント クロスポイント ランキング,2,甲田 英將,甲田英將,"[""クロスポイント"", ""90分平均"", ""最近5試合"", ""出場試合"", ""攻撃CBP"", ""奪取P""]","["""", ""6.31"", ""0.82"", ""1.09"", ""16"", ""15.38"", ""76.24""]"
20260530,20260525,j1,2026,クロス.html,チャンスビルディングポイント クロスポイント ランキング,リーグサマリー:2026 J1百年構想リーグ チャンスビルディングポイント クロスポイント ランキング | データによってサッカーはもっと輝く | Football LAB,チャンスビルディングポイント クロスポイント ランキング,2,北川 航也,北川航也,"[""クロスポイント"", ""90分平均"", ""最近5試合"", ""出場試合"", ""攻撃CBP"", ""奪取P""]","["""", ""6.22"", ""0.83"", ""0.00"", ""8"", ""15.40"", ""48.14""]"
20260530,20260525,j1,2026,クロス.html,チャンスビルディングポイント クロスポイント ランキング,リーグサマリー:2026 J1百年構想リーグ チャンスビルディングポイント クロスポイント ランキング | データによってサッカーはもっと輝く | Football LAB,チャンスビルディングポイント クロスポイント ランキング,2,三浦 颯太,三浦颯太,"[""クロスポイント"", ""90分平均"", ""最近5試合"", ""出場試合"", ""攻撃CBP"", ""奪取P""]","["""", ""6.21"", ""0.37"", ""1.03"", ""18"", ""29.69"", ""163.72""]"
20260530,20260525,j1,2026,クロス.html,チャンスビルディングポイント クロスポイント ランキング,リーグサマリー:2026 J1百年構想リーグ チャンスビルディングポイント クロスポイント ランキング | データによってサッカーはもっと輝く | Football LAB,チャンスビルディングポイント クロスポイント ランキング,2,山之内 佑成,山之内佑成,"[""クロスポイント"", ""90分平均"", ""最近5試合"", ""出場試合"", ""攻撃CBP"", ""奪取P""]","["""", ""6.18"", ""0.61"", ""0.00"", ""16"", ""21.25"", ""84.21""]"
20260530,20260525,j1,2026,クロス.html,チャンスビルディングポイント クロスポイント ランキング,リーグサマリー:2026 J1百年構想リーグ チャンスビルディングポイント クロスポイント ランキング | データによってサッカーはもっと輝く | Football LAB,チャンスビルディングポイント クロスポイント ランキング,2,山原 怜音,山原怜音,"[""クロスポイント"", ""90分平均"", ""最近5試合"", ""出場試合"", ""攻撃CBP"", ""奪取P""]","["""", ""6.07"", ""0.34"", ""1.13"", ""18"", ""27.87"", ""124.03""]"
20260530,20260525,j1,2026,クロス.html,チャンスビルディングポイント クロスポイント ランキング,リーグサマリー:2026 J1百年構想リーグ チャンスビルディングポイント クロスポイント ランキング | データによってサッカーはもっと輝く | Football LAB,チャンスビルディングポイント クロスポイント ランキング,2,新井 直人,新井直人,"[""クロスポイント"", ""90分平均"", ""最近5試合"", ""出場試合"", ""攻撃CBP"", ""奪取P""]","["""", ""5.52"", ""0.48"", ""0.91"", ""15"", ""23.15"", ""113.68""]"
20260530,20260525,j1,2026,クロス.html,チャンスビルディングポイント クロスポイント ランキング,リーグサマリー:2026 J1百年構想リーグ チャンスビルディングポイント クロスポイント ランキング | データによってサッカーはもっと輝く | Football LAB,チャンスビルディングポイント クロスポイント ランキング,2,金子 拓郎,金子拓郎,"[""クロスポイント"", ""90分平均"", ""最近5試合"", ""出場試合"", ""攻撃CBP"", ""奪取P""]","["""", ""5.49"", ""0.37"", ""2.23"", ""18"", ""30.54"", ""88.26""]"
20260530,20260525,j1,2026,クロス.html,チャンスビルディングポイント クロスポイント ランキング,リーグサマリー:2026 J1百年構想リーグ チャンスビルディングポイント クロスポイント ランキング | データによってサッカーはもっと輝く | Football LAB,チャンスビルディングポイント クロスポイント ランキング,2,中野 就斗,中野就斗,"[""クロスポイント"", ""90分平均"", ""最近5試合"", ""出場試合"", ""攻撃CBP"", ""奪取P""]","["""", ""5.36"", ""0.35"", ""0.60"", ""18"", ""20.26"", ""134.22""]"
20260530,20260525,j1,2026,クロス.html,チャンスビルディングポイント クロスポイント ランキング,リーグサマリー:2026 J1百年構想リーグ チャンスビルディングポイント クロスポイント ランキング | データによってサッカーはもっと輝く | Football LAB,チャンスビルディングポイント クロスポイント ランキング,2,石原 広教,石原広教,"[""クロスポイント"", ""90分平均"", ""最近5試合"", ""出場試合"", ""攻撃CBP"", ""奪取P""]","["""", ""5.12"", ""0.55"", ""2.01"", ""13"", ""15.44"", ""80.31""]"
20260530,20260525,j1,2026,クロス.html,チャンスビルディングポイント クロスポイント ランキング,リーグサマリー:2026 J1百年構想リーグ チャンスビルディングポイント クロスポイント ランキング | データによってサッカーはもっと輝く | Football LAB,チャンスビルディングポイント クロスポイント ランキング,2,徳元 悠平,徳元悠平,"[""クロスポイント"", ""90分平均"", ""最近5試合"", ""出場試合"", ""攻撃CBP"", ""奪取P""]","["""", ""4.96"", ""0.62"", ""2.02"", ""9"", ""15.57"", ""68.46""]"
20260530,20260525,j1,2026,クロス.html,チャンスビルディングポイント クロスポイント ランキング,リーグサマリー:2026 J1百年構想リーグ チャンスビルディングポイント クロスポイント ランキング | データによってサッカーはもっと輝く | Football LAB,チャンスビルディングポイント クロスポイント ランキング,2,カピシャーバ,カピシャーバ,"[""クロスポイント"", ""90分平均"", ""最近5試合"", ""出場試合"", ""攻撃CBP"", ""奪取P""]","["""", ""4.94"", ""0.52"", ""1.44"", ""12"", ""14.30"", ""65.95""]"
20260530,20260525,j1,2026,クロス.html,チャンスビルディングポイント クロスポイント ランキング,リーグサマリー:2026 J1百年構想リーグ チャンスビルディングポイント クロスポイント ランキング | データによってサッカーはもっと輝く | Football LAB,チャンスビルディングポイント クロスポイント ランキング,2,中村 草太,中村草太,"[""クロスポイント"", ""90分平均"", ""最近5試合"", ""出場試合"", ""攻撃CBP"", ""奪取P""]","["""", ""4.94"", ""0.54"", ""0.61"", ""14"", ""18.39"", ""46.79""]"
20260530,20260525,j1,2026,クロス.html,チャンスビルディングポイント クロスポイント ランキング,リーグサマリー:2026 J1百年構想リーグ チャンスビルディングポイント クロスポイント ランキング | データによってサッカーはもっと輝く | Football LAB,チャンスビルディングポイント クロスポイント ランキング,2,高嶺 朋樹,高嶺朋樹,"[""クロスポイント"", ""90分平均"", ""最近5試合"", ""出場試合"", ""攻撃CBP"", ""奪取P""]","["""", ""4.86"", ""0.29"", ""2.14"", ""17"", ""28.55"", ""189.61""]"
20260530,20260525,j1,2026,クロス.html,チャンスビルディングポイント クロスポイント ランキング,リーグサマリー:2026 J1百年構想リーグ チャンスビルディングポイント クロスポイント ランキング | データによってサッカーはもっと輝く | Football LAB,チャンスビルディングポイント クロスポイント ランキング,2,イサカ ゼイン,イサカゼイン,"[""クロスポイント"", ""90分平均"", ""最近5試合"", ""出場試合"", ""攻撃CBP"", ""奪取P""]","["""", ""4.85"", ""0.37"", ""1.67"", ""17"", ""16.69"", ""92.57""]"
20260530,20260525,j1,2026,クロス.html,チャンスビルディングポイント クロスポイント ランキング,リーグサマリー:2026 J1百年構想リーグ チャンスビルディングポイント クロスポイント ランキング | データによってサッカーはもっと輝く | Football LAB,チャンスビルディングポイント クロスポイント ランキング,2,新井 瑞希,新井瑞希,"[""クロスポイント"", ""90分平均"", ""最近5試合"", ""出場試合"", ""攻撃CBP"", ""奪取P""]","["""", ""4.81"", ""0.93"", ""1.69"", ""9"", ""14.57"", ""49.55""]"
20260530,20260525,j1,2026,ゴール.html,チャンスビルディングポイント ゴールポイント ランキング,リーグサマリー:2026 J1百年構想リーグ チャンスビルディングポイント ゴールポイント ランキング | データによってサッカーはもっと輝く | Football LAB,チャンスビルディングポイント ゴールポイント ランキング,1,名古屋,名古屋,"[""ゴールポイント"", ""試合平均"", ""最近5試合"", ""順位"", ""勝点"", ""得点"", ""失点""]","[""90.90"", ""5.05"", ""28.70"", ""3"", ""31"", ""31"", ""28""]"
20260530,20260525,j1,2026,ゴール.html,チャンスビルディングポイント ゴールポイント ランキング,リーグサマリー:2026 J1百年構想リーグ チャンスビルディングポイント ゴールポイント ランキング | データによってサッカーはもっと輝く | Football LAB,チャンスビルディングポイント ゴールポイント ランキング,1,広島,広島,"[""ゴールポイント"", ""試合平均"", ""最近5試合"", ""順位"", ""勝点"", ""得点"", ""失点""]","[""87.76"", ""4.88"", ""32.39"", ""4"", ""30"", ""29"", ""21""]"
20260530,20260525,j1,2026,ゴール.html,チャンスビルディングポイント ゴールポイント ランキング,リーグサマリー:2026 J1百年構想リーグ チャンスビルディングポイント ゴールポイント ランキング | データによってサッカーはもっと輝く | Football LAB,チャンスビルディングポイント ゴールポイント ランキング,1,横浜FM,横浜FM,"[""ゴールポイント"", ""試合平均"", ""最近5試合"", ""順位"", ""勝点"", ""得点"", ""失点""]","[""84.47"", ""4.69"", ""25.60"", ""7"", ""20"", ""28"", ""29""]"
20260530,20260525,j1,2026,ゴール.html,チャンスビルディングポイント ゴールポイント ランキング,リーグサマリー:2026 J1百年構想リーグ チャンスビルディングポイント ゴールポイント ランキング | データによってサッカーはもっと輝く | Football LAB,チャンスビルディングポイント ゴールポイント ランキング,1,FC東京,FC東京,"[""ゴールポイント"", ""試合平均"", ""最近5試合"", ""順位"", ""勝点"", ""得点"", ""失点""]","[""81.96"", ""4.55"", ""12.62"", ""2"", ""37"", ""28"", ""16""]"
20260530,20260525,j1,2026,ゴール.html,チャンスビルディングポイント ゴールポイント ランキング,リーグサマリー:2026 J1百年構想リーグ チャンスビルディングポイント ゴールポイント ランキング | データによってサッカーはもっと輝く | Football LAB,チャンスビルディングポイント ゴールポイント ランキング,1,Ｇ大阪,Ｇ大阪,"[""ゴールポイント"", ""試合平均"", ""最近5試合"", ""順位"", ""勝点"", ""得点"", ""失点""]","[""75.74"", ""4.21"", ""24.03"", ""5"", ""28"", ""26"", ""22""]"
20260530,20260525,j1,2026,ゴール.html,チャンスビルディングポイント ゴールポイント ランキング,リーグサマリー:2026 J1百年構想リーグ チャンスビルディングポイント ゴールポイント ランキング | データによってサッカーはもっと輝く | Football LAB,チャンスビルディングポイント ゴールポイント ランキング,1,川崎Ｆ,川崎Ｆ,"[""ゴールポイント"", ""試合平均"", ""最近5試合"", ""順位"", ""勝点"", ""得点"", ""失点""]","[""67.01"", ""3.72"", ""17.37"", ""4"", ""28"", ""23"", ""27""]"
20260530,20260525,j1,2026,ゴール.html,チャンスビルディングポイント ゴールポイント ランキング,リーグサマリー:2026 J1百年構想リーグ チャンスビルディングポイント ゴールポイント ランキング | データによってサッカーはもっと輝く | Football LAB,チャンスビルディングポイント ゴールポイント ランキング,1,Ｃ大阪,Ｃ大阪,"[""ゴールポイント"", ""試合平均"", ""最近5試合"", ""順位"", ""勝点"", ""得点"", ""失点""]","[""66.86"", ""3.71"", ""37.85"", ""2"", ""31"", ""26"", ""19""]"
20260530,20260525,j1,2026,ゴール.html,チャンスビルディングポイント ゴールポイント ランキング,リーグサマリー:2026 J1百年構想リーグ チャンスビルディングポイント ゴールポイント ランキング | データによってサッカーはもっと輝く | Football LAB,チャンスビルディングポイント ゴールポイント ランキング,1,浦和,浦和,"[""ゴールポイント"", ""試合平均"", ""最近5試合"", ""順位"", ""勝点"", ""得点"", ""失点""]","[""66.14"", ""3.67"", ""20.10"", ""6"", ""25"", ""25"", ""18""]"
20260530,20260525,j1,2026,ゴール.html,チャンスビルディングポイント ゴールポイント ランキング,リーグサマリー:2026 J1百年構想リーグ チャンスビルディングポイント ゴールポイント ランキング | データによってサッカーはもっと輝く | Football LAB,チャンスビルディングポイント ゴールポイント ランキング,1,鹿島,鹿島,"[""ゴールポイント"", ""試合平均"", ""最近5試合"", ""順位"", ""勝点"", ""得点"", ""失点""]","[""65.91"", ""3.66"", ""20.04"", ""1"", ""45"", ""29"", ""9""]"
20260530,20260525,j1,2026,ゴール.html,チャンスビルディングポイント ゴールポイント ランキング,リーグサマリー:2026 J1百年構想リーグ チャンスビルディングポイント ゴールポイント ランキング | データによってサッカーはもっと輝く | Football LAB,チャンスビルディングポイント ゴールポイント ランキング,1,岡山,岡山,"[""ゴールポイント"", ""試合平均"", ""最近5試合"", ""順位"", ""勝点"", ""得点"", ""失点""]","[""61.40"", ""3.41"", ""26.04"", ""6"", ""26"", ""24"", ""25""]"
20260530,20260525,j1,2026,ゴール.html,チャンスビルディングポイント ゴールポイント ランキング,リーグサマリー:2026 J1百年構想リーグ チャンスビルディングポイント ゴールポイント ランキング | データによってサッカーはもっと輝く | Football LAB,チャンスビルディングポイント ゴールポイント ランキング,1,神戸,神戸,"[""ゴールポイント"", ""試合平均"", ""最近5試合"", ""順位"", ""勝点"", ""得点"", ""失点""]","[""60.21"", ""3.34"", ""12.07"", ""1"", ""35"", ""27"", ""21""]"
20260530,20260525,j1,2026,ゴール.html,チャンスビルディングポイント ゴールポイント ランキング,リーグサマリー:2026 J1百年構想リーグ チャンスビルディングポイント ゴールポイント ランキング | データによってサッカーはもっと輝く | Football LAB,チャンスビルディングポイント ゴールポイント ランキング,1,京都,京都,"[""ゴールポイント"", ""試合平均"", ""最近5試合"", ""順位"", ""勝点"", ""得点"", ""失点""]","[""59.75"", ""3.32"", ""3.85"", ""8"", ""23"", ""19"", ""26""]"
20260530,20260525,j1,2026,ゴール.html,チャンスビルディングポイント ゴールポイント ランキング,リーグサマリー:2026 J1百年構想リーグ チャンスビルディングポイント ゴールポイント ランキング | データによってサッカーはもっと輝く | Football LAB,チャンスビルディングポイント ゴールポイント ランキング,1,東京Ｖ,東京Ｖ,"[""ゴールポイント"", ""試合平均"", ""最近5試合"", ""順位"", ""勝点"", ""得点"", ""失点""]","[""58.13"", ""3.23"", ""5.50"", ""5"", ""28"", ""19"", ""25""]"
20260530,20260525,j1,2026,ゴール.html,チャンスビルディングポイント ゴールポイント ランキング,リーグサマリー:2026 J1百年構想リーグ チャンスビルディングポイント ゴールポイント ランキング | データによってサッカーはもっと輝く | Football LAB,チャンスビルディングポイント ゴールポイント ランキング,1,福岡,福岡,"[""ゴールポイント"", ""試合平均"", ""最近5試合"", ""順位"", ""勝点"", ""得点"", ""失点""]","[""58.08"", ""3.23"", ""22.60"", ""10"", ""21"", ""17"", ""27""]"
20260530,20260525,j1,2026,ゴール.html,チャンスビルディングポイント ゴールポイント ランキング,リーグサマリー:2026 J1百年構想リーグ チャンスビルディングポイント ゴールポイント ランキング | データによってサッカーはもっと輝く | Football LAB,チャンスビルディングポイント ゴールポイント ランキング,1,長崎,長崎,"[""ゴールポイント"", ""試合平均"", ""最近5試合"", ""順位"", ""勝点"", ""得点"", ""失点""]","[""57.52"", ""3.20"", ""18.49"", ""9"", ""21"", ""20"", ""28""]"
20260530,20260525,j1,2026,ゴール.html,チャンスビルディングポイント ゴールポイント ランキング,リーグサマリー:2026 J1百年構想リーグ チャンスビルディングポイント ゴールポイント ランキング | データによってサッカーはもっと輝く | Football LAB,チャンスビルディングポイント ゴールポイント ランキング,1,町田,町田,"[""ゴールポイント"", ""試合平均"", ""最近5試合"", ""順位"", ""勝点"", ""得点"", ""失点""]","[""56.11"", ""3.12"", ""16.52"", ""3"", ""37"", ""23"", ""19""]"
20260530,20260525,j1,2026,ゴール.html,チャンスビルディングポイント ゴールポイント ランキング,リーグサマリー:2026 J1百年構想リーグ チャンスビルディングポイント ゴールポイント ランキング | データによってサッカーはもっと輝く | Football LAB,チャンスビルディングポイント ゴールポイント ランキング,1,水戸,水戸,"[""ゴールポイント"", ""試合平均"", ""最近5試合"", ""順位"", ""勝点"", ""得点"", ""失点""]","[""54.25"", ""3.01"", ""10.27"", ""9"", ""18"", ""19"", ""35""]"
20260530,20260525,j1,2026,ゴール.html,チャンスビルディングポイント ゴールポイント ランキング,リーグサマリー:2026 J1百年構想リーグ チャンスビルディングポイント ゴールポイント ランキング | データによってサッカーはもっと輝く | Football LAB,チャンスビルディングポイント ゴールポイント ランキング,1,柏,柏,"[""ゴールポイント"", ""試合平均"", ""最近5試合"", ""順位"", ""勝点"", ""得点"", ""失点""]","[""51.51"", ""2.86"", ""13.80"", ""8"", ""20"", ""21"", ""24""]"
20260530,20260525,j1,2026,ゴール.html,チャンスビルディングポイント ゴールポイント ランキング,リーグサマリー:2026 J1百年構想リーグ チャンスビルディングポイント ゴールポイント ランキング | データによってサッカーはもっと輝く | Football LAB,チャンスビルディングポイント ゴールポイント ランキング,1,千葉,千葉,"[""ゴールポイント"", ""試合平均"", ""最近5試合"", ""順位"", ""勝点"", ""得点"", ""失点""]","[""50.81"", ""2.82"", ""13.53"", ""10"", ""12"", ""18"", ""31""]"
20260530,20260525,j1,2026,ゴール.html,チャンスビルディングポイント ゴールポイント ランキング,リーグサマリー:2026 J1百年構想リーグ チャンスビルディングポイント ゴールポイント ランキング | データによってサッカーはもっと輝く | Football LAB,チャンスビルディングポイント ゴールポイント ランキング,1,清水,清水,"[""ゴールポイント"", ""試合平均"", ""最近5試合"", ""順位"", ""勝点"", ""得点"", ""失点""]","[""50.13"", ""2.78"", ""16.43"", ""7"", ""24"", ""19"", ""21""]"
20260530,20260525,j1,2026,ゴール.html,チャンスビルディングポイント ゴールポイント ランキング,リーグサマリー:2026 J1百年構想リーグ チャンスビルディングポイント ゴールポイント ランキング | データによってサッカーはもっと輝く | Football LAB,チャンスビルディングポイント ゴールポイント ランキング,2,デニス ヒュメット,デニスヒュメット,"[""ゴールポイント"", ""90分平均"", ""最近5試合"", ""出場試合"", ""攻撃CBP"", ""奪取P""]","["""", ""26.74"", ""2.06"", ""4.08"", ""17"", ""12.27"", ""60.06""]"
20260530,20260525,j1,2026,ゴール.html,チャンスビルディングポイント ゴールポイント ランキング,リーグサマリー:2026 J1百年構想リーグ チャンスビルディングポイント ゴールポイント ランキング | データによってサッカーはもっと輝く | Football LAB,チャンスビルディングポイント ゴールポイント ランキング,2,山岸 祐也,山岸祐也,"[""ゴールポイント"", ""90分平均"", ""最近5試合"", ""出場試合"", ""攻撃CBP"", ""奪取P""]","["""", ""24.99"", ""1.97"", ""8.04"", ""17"", ""12.00"", ""40.66""]"
20260530,20260525,j1,2026,ゴール.html,チャンスビルディングポイント ゴールポイント ランキング,リーグサマリー:2026 J1百年構想リーグ チャンスビルディングポイント ゴールポイント ランキング | データによってサッカーはもっと輝く | Football LAB,チャンスビルディングポイント ゴールポイント ランキング,2,谷村 海那,谷村海那,"[""ゴールポイント"", ""90分平均"", ""最近5試合"", ""出場試合"", ""攻撃CBP"", ""奪取P""]","["""", ""24.38"", ""1.70"", ""11.72"", ""17"", ""11.51"", ""29.64""]"
20260530,20260525,j1,2026,ゴール.html,チャンスビルディングポイント ゴールポイント ランキング,リーグサマリー:2026 J1百年構想リーグ チャンスビルディングポイント ゴールポイント ランキング | データによってサッカーはもっと輝く | Football LAB,チャンスビルディングポイント ゴールポイント ランキング,2,レオ セアラ,レオセアラ,"[""ゴールポイント"", ""90分平均"", ""最近5試合"", ""出場試合"", ""攻撃CBP"", ""奪取P""]","["""", ""20.97"", ""1.22"", ""9.88"", ""18"", ""18.66"", ""58.31""]"
20260530,20260525,j1,2026,ゴール.html,チャンスビルディングポイント ゴールポイント ランキング,リーグサマリー:2026 J1百年構想リーグ チャンスビルディングポイント ゴールポイント ランキング | データによってサッカーはもっと輝く | Football LAB,チャンスビルディングポイント ゴールポイント ランキング,2,木村 勇大,木村勇大,"[""ゴールポイント"", ""90分平均"", ""最近5試合"", ""出場試合"", ""攻撃CBP"", ""奪取P""]","["""", ""19.97"", ""1.27"", ""5.07"", ""18"", ""17.10"", ""47.78""]"
20260530,20260525,j1,2026,ゴール.html,チャンスビルディングポイント ゴールポイント ランキング,リーグサマリー:2026 J1百年構想リーグ チャンスビルディングポイント ゴールポイント ランキング | データによってサッカーはもっと輝く | Football LAB,チャンスビルディングポイント ゴールポイント ランキング,2,チアゴ アンドラーデ,チアゴアンドラーデ,"[""ゴールポイント"", ""90分平均"", ""最近5試合"", ""出場試合"", ""攻撃CBP"", ""奪取P""]","["""", ""18.46"", ""1.49"", ""6.41"", ""17"", ""15.54"", ""76.15""]"
20260530,20260525,j1,2026,ゴール.html,チャンスビルディングポイント ゴールポイント ランキング,リーグサマリー:2026 J1百年構想リーグ チャンスビルディングポイント ゴールポイント ランキング | データによってサッカーはもっと輝く | Football LAB,チャンスビルディングポイント ゴールポイント ランキング,2,エリキ,エリキ,"[""ゴールポイント"", ""90分平均"", ""最近5試合"", ""出場試合"", ""攻撃CBP"", ""奪取P""]","["""", ""17.82"", ""1.61"", ""6.77"", ""16"", ""17.59"", ""90.38""]"
20260530,20260525,j1,2026,ゴール.html,チャンスビルディングポイント ゴールポイント ランキング,リーグサマリー:2026 J1百年構想リーグ チャンスビルディングポイント ゴールポイント ランキング | データによってサッカーはもっと輝く | Football LAB,チャンスビルディングポイント ゴールポイント ランキング,2,南野 遥海,南野遥海,"[""ゴールポイント"", ""90分平均"", ""最近5試合"", ""出場試合"", ""攻撃CBP"", ""奪取P""]","["""", ""17.72"", ""2.54"", ""13.51"", ""15"", ""4.32"", ""15.78""]"
20260530,20260525,j1,2026,ゴール.html,チャンスビルディングポイント ゴールポイント ランキング,リーグサマリー:2026 J1百年構想リーグ チャンスビルディングポイント ゴールポイント ランキング | データによってサッカーはもっと輝く | Football LAB,チャンスビルディングポイント ゴールポイント ランキング,2,マテウス ジェズス,マテウスジェズス,"[""ゴールポイント"", ""90分平均"", ""最近5試合"", ""出場試合"", ""攻撃CBP"", ""奪取P""]","["""", ""17.58"", ""1.34"", ""1.25"", ""16"", ""19.08"", ""111.67""]"
20260530,20260525,j1,2026,ゴール.html,チャンスビルディングポイント ゴールポイント ランキング,リーグサマリー:2026 J1百年構想リーグ チャンスビルディングポイント ゴールポイント ランキング | データによってサッカーはもっと輝く | Football LAB,チャンスビルディングポイント ゴールポイント ランキング,2,碓井 聖生,碓井聖生,"[""ゴールポイント"", ""90分平均"", ""最近5試合"", ""出場試合"", ""攻撃CBP"", ""奪取P""]","["""", ""17.35"", ""1.63"", ""14.75"", ""14"", ""6.54"", ""25.74""]"
20260530,20260525,j1,2026,ゴール.html,チャンスビルディングポイント ゴールポイント ランキング,リーグサマリー:2026 J1百年構想リーグ チャンスビルディングポイント ゴールポイント ランキング | データによってサッカーはもっと輝く | Football LAB,チャンスビルディングポイント ゴールポイント ランキング,2,チアゴ サンタナ,チアゴサンタナ,"[""ゴールポイント"", ""90分平均"", ""最近5試合"", ""出場試合"", ""攻撃CBP"", ""奪取P""]","["""", ""17.17"", ""1.60"", ""8.12"", ""15"", ""9.38"", ""29.01""]"
20260530,20260525,j1,2026,ゴール.html,チャンスビルディングポイント ゴールポイント ランキング,リーグサマリー:2026 J1百年構想リーグ チャンスビルディングポイント ゴールポイント ランキング | データによってサッカーはもっと輝く | Football LAB,チャンスビルディングポイント ゴールポイント ランキング,2,マルコ トゥーリオ,マルコトゥーリオ,"[""ゴールポイント"", ""90分平均"", ""最近5試合"", ""出場試合"", ""攻撃CBP"", ""奪取P""]","["""", ""17.13"", ""1.41"", ""0.00"", ""13"", ""20.36"", ""57.69""]"
20260530,20260525,j1,2026,ゴール.html,チャンスビルディングポイント ゴールポイント ランキング,リーグサマリー:2026 J1百年構想リーグ チャンスビルディングポイント ゴールポイント ランキング | データによってサッカーはもっと輝く | Football LAB,チャンスビルディングポイント ゴールポイント ランキング,2,オ セフン,オセフン,"[""ゴールポイント"", ""90分平均"", ""最近5試合"", ""出場試合"", ""攻撃CBP"", ""奪取P""]","["""", ""16.54"", ""1.03"", ""3.20"", ""17"", ""18.86"", ""54.60""]"
20260530,20260525,j1,2026,ゴール.html,チャンスビルディングポイント ゴールポイント ランキング,リーグサマリー:2026 J1百年構想リーグ チャンスビルディングポイント ゴールポイント ランキング | データによってサッカーはもっと輝く | Football LAB,チャンスビルディングポイント ゴールポイント ランキング,2,マルセロ ヒアン,マルセロヒアン,"[""ゴールポイント"", ""90分平均"", ""最近5試合"", ""出場試合"", ""攻撃CBP"", ""奪取P""]","["""", ""16.27"", ""1.31"", ""0.00"", ""16"", ""16.65"", ""38.97""]"
20260530,20260525,j1,2026,ゴール.html,チャンスビルディングポイント ゴールポイント ランキング,リーグサマリー:2026 J1百年構想リーグ チャンスビルディングポイント ゴールポイント ランキング | データによってサッカーはもっと輝く | Football LAB,チャンスビルディングポイント ゴールポイント ランキング,2,脇坂 泰斗,脇坂泰斗,"[""ゴールポイント"", ""90分平均"", ""最近5試合"", ""出場試合"", ""攻撃CBP"", ""奪取P""]","["""", ""15.65"", ""0.95"", ""5.56"", ""17"", ""23.10"", ""53.90""]"
20260530,20260525,j1,2026,ゴール.html,チャンスビルディングポイント ゴールポイント ランキング,リーグサマリー:2026 J1百年構想リーグ チャンスビルディングポイント ゴールポイント ランキング | データによってサッカーはもっと輝く | Football LAB,チャンスビルディングポイント ゴールポイント ランキング,2,櫻川 ソロモン,櫻川ソロモン,"[""ゴールポイント"", ""90分平均"", ""最近5試合"", ""出場試合"", ""攻撃CBP"", ""奪取P""]","["""", ""15.31"", ""1.31"", ""6.01"", ""18"", ""10.00"", ""63.60""]"
20260530,20260525,j1,2026,ゴール.html,チャンスビルディングポイント ゴールポイント ランキング,リーグサマリー:2026 J1百年構想リーグ チャンスビルディングポイント ゴールポイント ランキング | データによってサッカーはもっと輝く | Football LAB,チャンスビルディングポイント ゴールポイント ランキング,2,横山 夢樹,横山夢樹,"[""ゴールポイント"", ""90分平均"", ""最近5試合"", ""出場試合"", ""攻撃CBP"", ""奪取P""]","["""", ""14.90"", ""1.78"", ""14.90"", ""17"", ""20.71"", ""43.60""]"
20260530,20260525,j1,2026,ゴール.html,チャンスビルディングポイント ゴールポイント ランキング,リーグサマリー:2026 J1百年構想リーグ チャンスビルディングポイント ゴールポイント ランキング | データによってサッカーはもっと輝く | Football LAB,チャンスビルディングポイント ゴールポイント ランキング,2,エリソン,エリソン,"[""ゴールポイント"", ""90分平均"", ""最近5試合"", ""出場試合"", ""攻撃CBP"", ""奪取P""]","["""", ""14.72"", ""1.62"", ""0.00"", ""15"", ""9.67"", ""35.57""]"
20260530,20260525,j1,2026,ゴール.html,チャンスビルディングポイント ゴールポイント ランキング,リーグサマリー:2026 J1百年構想リーグ チャンスビルディングポイント ゴールポイント ランキング | データによってサッカーはもっと輝く | Football LAB,チャンスビルディングポイント ゴールポイント ランキング,2,吉田 泰授,吉田泰授,"[""ゴールポイント"", ""90分平均"", ""最近5試合"", ""出場試合"", ""攻撃CBP"", ""奪取P""]","["""", ""14.38"", ""2.57"", ""0.00"", ""11"", ""4.52"", ""35.62""]"
20260530,20260525,j1,2026,ゴール.html,チャンスビルディングポイント ゴールポイント ランキング,リーグサマリー:2026 J1百年構想リーグ チャンスビルディングポイント ゴールポイント ランキング | データによってサッカーはもっと輝く | Football LAB,チャンスビルディングポイント ゴールポイント ランキング,2,佐藤 龍之介,佐藤龍之介,"[""ゴールポイント"", ""90分平均"", ""最近5試合"", ""出場試合"", ""攻撃CBP"", ""奪取P""]","["""", ""14.19"", ""1.14"", ""0.00"", ""17"", ""19.99"", ""100.60""]"
20260530,20260525,j1,2026,ゴール.html,チャンスビルディングポイント ゴールポイント ランキング,リーグサマリー:2026 J1百年構想リーグ チャンスビルディングポイント ゴールポイント ランキング | データによってサッカーはもっと輝く | Football LAB,チャンスビルディングポイント ゴールポイント ランキング,2,ラファエル エリアス,ラファエルエリアス,"[""ゴールポイント"", ""90分平均"", ""最近5試合"", ""出場試合"", ""攻撃CBP"", ""奪取P""]","["""", ""13.74"", ""1.35"", ""3.85"", ""13"", ""12.80"", ""45.62""]"
20260530,20260525,j1,2026,ゴール.html,チャンスビルディングポイント ゴールポイント ランキング,リーグサマリー:2026 J1百年構想リーグ チャンスビルディングポイント ゴールポイント ランキング | データによってサッカーはもっと輝く | Football LAB,チャンスビルディングポイント ゴールポイント ランキング,2,鈴木 章斗,鈴木章斗,"[""ゴールポイント"", ""90分平均"", ""最近5試合"", ""出場試合"", ""攻撃CBP"", ""奪取P""]","["""", ""13.64"", ""1.10"", ""5.82"", ""18"", ""17.08"", ""89.03""]"
20260530,20260525,j1,2026,ゴール.html,チャンスビルディングポイント ゴールポイント ランキング,リーグサマリー:2026 J1百年構想リーグ チャンスビルディングポイント ゴールポイント ランキング | データによってサッカーはもっと輝く | Football LAB,チャンスビルディングポイント ゴールポイント ランキング,2,佐藤 恵允,佐藤恵允,"[""ゴールポイント"", ""90分平均"", ""最近5試合"", ""出場試合"", ""攻撃CBP"", ""奪取P""]","["""", ""13.35"", ""0.83"", ""3.20"", ""18"", ""19.13"", ""110.12""]"
20260530,20260525,j1,2026,ゴール.html,チャンスビルディングポイント ゴールポイント ランキング,リーグサマリー:2026 J1百年構想リーグ チャンスビルディングポイント ゴールポイント ランキング | データによってサッカーはもっと輝く | Football LAB,チャンスビルディングポイント ゴールポイント ランキング,2,室屋 成,室屋成,"[""ゴールポイント"", ""90分平均"", ""最近5試合"", ""出場試合"", ""攻撃CBP"", ""奪取P""]","["""", ""13.30"", ""0.75"", ""3.39"", ""18"", ""20.94"", ""124.27""]"
20260530,20260525,j1,2026,ゴール.html,チャンスビルディングポイント ゴールポイント ランキング,リーグサマリー:2026 J1百年構想リーグ チャンスビルディングポイント ゴールポイント ランキング | データによってサッカーはもっと輝く | Football LAB,チャンスビルディングポイント ゴールポイント ランキング,2,天野 純,天野純,"[""ゴールポイント"", ""90分平均"", ""最近5試合"", ""出場試合"", ""攻撃CBP"", ""奪取P""]","["""", ""12.53"", ""1.23"", ""0.00"", ""17"", ""14.88"", ""46.81""]"
20260530,20260525,j1,2026,ゴール.html,チャンスビルディングポイント ゴールポイント ランキング,リーグサマリー:2026 J1百年構想リーグ チャンスビルディングポイント ゴールポイント ランキング | データによってサッカーはもっと輝く | Football LAB,チャンスビルディングポイント ゴールポイント ランキング,2,遠藤 渓太,遠藤渓太,"[""ゴールポイント"", ""90分平均"", ""最近5試合"", ""出場試合"", ""攻撃CBP"", ""奪取P""]","["""", ""12.37"", ""1.08"", ""0.00"", ""18"", ""20.69"", ""41.71""]"
20260530,20260525,j1,2026,ゴール.html,チャンスビルディングポイント ゴールポイント ランキング,リーグサマリー:2026 J1百年構想リーグ チャンスビルディングポイント ゴールポイント ランキング | データによってサッカーはもっと輝く | Football LAB,チャンスビルディングポイント ゴールポイント ランキング,2,小松 蓮,小松蓮,"[""ゴールポイント"", ""90分平均"", ""最近5試合"", ""出場試合"", ""攻撃CBP"", ""奪取P""]","["""", ""12.22"", ""1.45"", ""4.41"", ""14"", ""9.42"", ""28.16""]"
20260530,20260525,j1,2026,ゴール.html,チャンスビルディングポイント ゴールポイント ランキング,リーグサマリー:2026 J1百年構想リーグ チャンスビルディングポイント ゴールポイント ランキング | データによってサッカーはもっと輝く | Football LAB,チャンスビルディングポイント ゴールポイント ランキング,2,小森 飛絢,小森飛絢,"[""ゴールポイント"", ""90分平均"", ""最近5試合"", ""出場試合"", ""攻撃CBP"", ""奪取P""]","["""", ""11.98"", ""3.71"", ""7.52"", ""7"", ""3.78"", ""13.16""]"
20260530,20260525,j1,2026,ゴール.html,チャンスビルディングポイント ゴールポイント ランキング,リーグサマリー:2026 J1百年構想リーグ チャンスビルディングポイント ゴールポイント ランキング | データによってサッカーはもっと輝く | Football LAB,チャンスビルディングポイント ゴールポイント ランキング,2,持山 匡佑,持山匡佑,"[""ゴールポイント"", ""90分平均"", ""最近5試合"", ""出場試合"", ""攻撃CBP"", ""奪取P""]","["""", ""11.81"", ""16.87"", ""11.81"", ""2"", ""0.78"", ""7.74""]"
20260530,20260525,j1,2026,ゴール.html,チャンスビルディングポイント ゴールポイント ランキング,リーグサマリー:2026 J1百年構想リーグ チャンスビルディングポイント ゴールポイント ランキング | データによってサッカーはもっと輝く | Football LAB,チャンスビルディングポイント ゴールポイント ランキング,2,相馬 勇紀,相馬勇紀,"[""ゴールポイント"", ""90分平均"", ""最近5試合"", ""出場試合"", ""攻撃CBP"", ""奪取P""]","["""", ""11.72"", ""1.33"", ""0.00"", ""10"", ""22.61"", ""22.81""]"
20260530,20260525,j1,2026,ゴール期待値.html,ゴール期待値,リーグサマリー:2026 J1百年構想リーグ ゴール期待値 | データによってサッカーはもっと輝く | Football LAB,ゴール期待値,1,広島,広島,"[""期待値"", ""ゴール"", ""差分"", ""成績順位""]","[""1.862"", ""1.56"", ""-0.302"", ""4""]"
20260530,20260525,j1,2026,ゴール期待値.html,ゴール期待値,リーグサマリー:2026 J1百年構想リーグ ゴール期待値 | データによってサッカーはもっと輝く | Football LAB,ゴール期待値,1,神戸,神戸,"[""期待値"", ""ゴール"", ""差分"", ""成績順位""]","[""1.679"", ""1.44"", ""-0.239"", ""1""]"
20260530,20260525,j1,2026,ゴール期待値.html,ゴール期待値,リーグサマリー:2026 J1百年構想リーグ ゴール期待値 | データによってサッカーはもっと輝く | Football LAB,ゴール期待値,1,FC東京,FC東京,"[""期待値"", ""ゴール"", ""差分"", ""成績順位""]","[""1.620"", ""1.5"", ""-0.120"", ""2""]"
20260530,20260525,j1,2026,ゴール期待値.html,ゴール期待値,リーグサマリー:2026 J1百年構想リーグ ゴール期待値 | データによってサッカーはもっと輝く | Football LAB,ゴール期待値,1,名古屋,名古屋,"[""期待値"", ""ゴール"", ""差分"", ""成績順位""]","[""1.489"", ""1.72"", ""0.231"", ""3""]"
20260530,20260525,j1,2026,ゴール期待値.html,ゴール期待値,リーグサマリー:2026 J1百年構想リーグ ゴール期待値 | データによってサッカーはもっと輝く | Football LAB,ゴール期待値,1,柏,柏,"[""期待値"", ""ゴール"", ""差分"", ""成績順位""]","[""1.425"", ""1.06"", ""-0.365"", ""8""]"
20260530,20260525,j1,2026,ゴール期待値.html,ゴール期待値,リーグサマリー:2026 J1百年構想リーグ ゴール期待値 | データによってサッカーはもっと輝く | Football LAB,ゴール期待値,1,鹿島,鹿島,"[""期待値"", ""ゴール"", ""差分"", ""成績順位""]","[""1.423"", ""1.61"", ""0.187"", ""1""]"
20260530,20260525,j1,2026,ゴール期待値.html,ゴール期待値,リーグサマリー:2026 J1百年構想リーグ ゴール期待値 | データによってサッカーはもっと輝く | Football LAB,ゴール期待値,1,浦和,浦和,"[""期待値"", ""ゴール"", ""差分"", ""成績順位""]","[""1.400"", ""1.33"", ""-0.070"", ""6""]"
20260530,20260525,j1,2026,ゴール期待値.html,ゴール期待値,リーグサマリー:2026 J1百年構想リーグ ゴール期待値 | データによってサッカーはもっと輝く | Football LAB,ゴール期待値,1,Ｇ大阪,Ｇ大阪,"[""期待値"", ""ゴール"", ""差分"", ""成績順位""]","[""1.398"", ""1.44"", ""0.042"", ""5""]"
20260530,20260525,j1,2026,ゴール期待値.html,ゴール期待値,リーグサマリー:2026 J1百年構想リーグ ゴール期待値 | データによってサッカーはもっと輝く | Football LAB,ゴール期待値,1,Ｃ大阪,Ｃ大阪,"[""期待値"", ""ゴール"", ""差分"", ""成績順位""]","[""1.369"", ""1.44"", ""0.071"", ""2""]"
20260530,20260525,j1,2026,ゴール期待値.html,ゴール期待値,リーグサマリー:2026 J1百年構想リーグ ゴール期待値 | データによってサッカーはもっと輝く | Football LAB,ゴール期待値,1,岡山,岡山,"[""期待値"", ""ゴール"", ""差分"", ""成績順位""]","[""1.312"", ""1.33"", ""0.018"", ""6""]"
20260530,20260525,j1,2026,ゴール期待値.html,ゴール期待値,リーグサマリー:2026 J1百年構想リーグ ゴール期待値 | データによってサッカーはもっと輝く | Football LAB,ゴール期待値,1,長崎,長崎,"[""期待値"", ""ゴール"", ""差分"", ""成績順位""]","[""1.281"", ""1.11"", ""-0.171"", ""9""]"
20260530,20260525,j1,2026,ゴール期待値.html,ゴール期待値,リーグサマリー:2026 J1百年構想リーグ ゴール期待値 | データによってサッカーはもっと輝く | Football LAB,ゴール期待値,1,横浜FM,横浜FM,"[""期待値"", ""ゴール"", ""差分"", ""成績順位""]","[""1.243"", ""1.56"", ""0.317"", ""7""]"
20260530,20260525,j1,2026,ゴール期待値.html,ゴール期待値,リーグサマリー:2026 J1百年構想リーグ ゴール期待値 | データによってサッカーはもっと輝く | Football LAB,ゴール期待値,1,千葉,千葉,"[""期待値"", ""ゴール"", ""差分"", ""成績順位""]","[""1.201"", ""1"", ""-0.201"", ""10""]"
20260530,20260525,j1,2026,ゴール期待値.html,ゴール期待値,リーグサマリー:2026 J1百年構想リーグ ゴール期待値 | データによってサッカーはもっと輝く | Football LAB,ゴール期待値,1,川崎Ｆ,川崎Ｆ,"[""期待値"", ""ゴール"", ""差分"", ""成績順位""]","[""1.196"", ""1.22"", ""0.024"", ""4""]"
20260530,20260525,j1,2026,ゴール期待値.html,ゴール期待値,リーグサマリー:2026 J1百年構想リーグ ゴール期待値 | データによってサッカーはもっと輝く | Football LAB,ゴール期待値,1,清水,清水,"[""期待値"", ""ゴール"", ""差分"", ""成績順位""]","[""1.167"", ""1"", ""-0.167"", ""7""]"
20260530,20260525,j1,2026,ゴール期待値.html,ゴール期待値,リーグサマリー:2026 J1百年構想リーグ ゴール期待値 | データによってサッカーはもっと輝く | Football LAB,ゴール期待値,1,京都,京都,"[""期待値"", ""ゴール"", ""差分"", ""成績順位""]","[""1.167"", ""1.06"", ""-0.107"", ""8""]"
20260530,20260525,j1,2026,ゴール期待値.html,ゴール期待値,リーグサマリー:2026 J1百年構想リーグ ゴール期待値 | データによってサッカーはもっと輝く | Football LAB,ゴール期待値,1,町田,町田,"[""期待値"", ""ゴール"", ""差分"", ""成績順位""]","[""1.128"", ""1.28"", ""0.152"", ""3""]"
20260530,20260525,j1,2026,ゴール期待値.html,ゴール期待値,リーグサマリー:2026 J1百年構想リーグ ゴール期待値 | データによってサッカーはもっと輝く | Football LAB,ゴール期待値,1,水戸,水戸,"[""期待値"", ""ゴール"", ""差分"", ""成績順位""]","[""1.001"", ""1"", ""-0.001"", ""9""]"
20260530,20260525,j1,2026,ゴール期待値.html,ゴール期待値,リーグサマリー:2026 J1百年構想リーグ ゴール期待値 | データによってサッカーはもっと輝く | Football LAB,ゴール期待値,1,福岡,福岡,"[""期待値"", ""ゴール"", ""差分"", ""成績順位""]","[""0.966"", ""0.94"", ""-0.026"", ""10""]"
20260530,20260525,j1,2026,ゴール期待値.html,ゴール期待値,リーグサマリー:2026 J1百年構想リーグ ゴール期待値 | データによってサッカーはもっと輝く | Football LAB,ゴール期待値,1,東京Ｖ,東京Ｖ,"[""期待値"", ""ゴール"", ""差分"", ""成績順位""]","[""0.899"", ""1"", ""0.101"", ""5""]"
20260530,20260525,j1,2026,ゴール期待値.html,ゴール期待値,リーグサマリー:2026 J1百年構想リーグ ゴール期待値 | データによってサッカーはもっと輝く | Football LAB,被ゴール期待値,2,FC東京,FC東京,"[""期待値"", ""被ゴール"", ""差分"", ""成績順位""]","[""0.893"", ""0.89"", ""-0.003"", ""2""]"
20260530,20260525,j1,2026,ゴール期待値.html,ゴール期待値,リーグサマリー:2026 J1百年構想リーグ ゴール期待値 | データによってサッカーはもっと輝く | Football LAB,被ゴール期待値,2,鹿島,鹿島,"[""期待値"", ""被ゴール"", ""差分"", ""成績順位""]","[""1.057"", ""0.5"", ""-0.557"", ""1""]"
20260530,20260525,j1,2026,ゴール期待値.html,ゴール期待値,リーグサマリー:2026 J1百年構想リーグ ゴール期待値 | データによってサッカーはもっと輝く | Football LAB,被ゴール期待値,2,神戸,神戸,"[""期待値"", ""被ゴール"", ""差分"", ""成績順位""]","[""1.106"", ""1.17"", ""0.064"", ""1""]"
20260530,20260525,j1,2026,ゴール期待値.html,ゴール期待値,リーグサマリー:2026 J1百年構想リーグ ゴール期待値 | データによってサッカーはもっと輝く | Football LAB,被ゴール期待値,2,広島,広島,"[""期待値"", ""被ゴール"", ""差分"", ""成績順位""]","[""1.113"", ""1.17"", ""0.057"", ""4""]"
20260530,20260525,j1,2026,ゴール期待値.html,ゴール期待値,リーグサマリー:2026 J1百年構想リーグ ゴール期待値 | データによってサッカーはもっと輝く | Football LAB,被ゴール期待値,2,町田,町田,"[""期待値"", ""被ゴール"", ""差分"", ""成績順位""]","[""1.136"", ""1"", ""-0.136"", ""3""]"
20260530,20260525,j1,2026,ゴール期待値.html,ゴール期待値,リーグサマリー:2026 J1百年構想リーグ ゴール期待値 | データによってサッカーはもっと輝く | Football LAB,被ゴール期待値,2,横浜FM,横浜FM,"[""期待値"", ""被ゴール"", ""差分"", ""成績順位""]","[""1.138"", ""1.44"", ""0.302"", ""7""]"
20260530,20260525,j1,2026,ゴール期待値.html,ゴール期待値,リーグサマリー:2026 J1百年構想リーグ ゴール期待値 | データによってサッカーはもっと輝く | Football LAB,被ゴール期待値,2,浦和,浦和,"[""期待値"", ""被ゴール"", ""差分"", ""成績順位""]","[""1.142"", ""0.94"", ""-0.202"", ""6""]"
20260530,20260525,j1,2026,ゴール期待値.html,ゴール期待値,リーグサマリー:2026 J1百年構想リーグ ゴール期待値 | データによってサッカーはもっと輝く | Football LAB,被ゴール期待値,2,東京Ｖ,東京Ｖ,"[""期待値"", ""被ゴール"", ""差分"", ""成績順位""]","[""1.144"", ""1.39"", ""0.246"", ""5""]"
20260530,20260525,j1,2026,ゴール期待値.html,ゴール期待値,リーグサマリー:2026 J1百年構想リーグ ゴール期待値 | データによってサッカーはもっと輝く | Football LAB,被ゴール期待値,2,岡山,岡山,"[""期待値"", ""被ゴール"", ""差分"", ""成績順位""]","[""1.177"", ""1.33"", ""0.153"", ""6""]"
20260530,20260525,j1,2026,ゴール期待値.html,ゴール期待値,リーグサマリー:2026 J1百年構想リーグ ゴール期待値 | データによってサッカーはもっと輝く | Football LAB,被ゴール期待値,2,福岡,福岡,"[""期待値"", ""被ゴール"", ""差分"", ""成績順位""]","[""1.205"", ""1.5"", ""0.295"", ""10""]"
20260530,20260525,j1,2026,ゴール期待値.html,ゴール期待値,リーグサマリー:2026 J1百年構想リーグ ゴール期待値 | データによってサッカーはもっと輝く | Football LAB,被ゴール期待値,2,柏,柏,"[""期待値"", ""被ゴール"", ""差分"", ""成績順位""]","[""1.246"", ""1.33"", ""0.084"", ""8""]"
20260530,20260525,j1,2026,ゴール期待値.html,ゴール期待値,リーグサマリー:2026 J1百年構想リーグ ゴール期待値 | データによってサッカーはもっと輝く | Football LAB,被ゴール期待値,2,名古屋,名古屋,"[""期待値"", ""被ゴール"", ""差分"", ""成績順位""]","[""1.393"", ""1.56"", ""0.167"", ""3""]"
20260530,20260525,j1,2026,ゴール期待値.html,ゴール期待値,リーグサマリー:2026 J1百年構想リーグ ゴール期待値 | データによってサッカーはもっと輝く | Football LAB,被ゴール期待値,2,Ｇ大阪,Ｇ大阪,"[""期待値"", ""被ゴール"", ""差分"", ""成績順位""]","[""1.394"", ""1.22"", ""-0.174"", ""5""]"
20260530,20260525,j1,2026,ゴール期待値.html,ゴール期待値,リーグサマリー:2026 J1百年構想リーグ ゴール期待値 | データによってサッカーはもっと輝く | Football LAB,被ゴール期待値,2,清水,清水,"[""期待値"", ""被ゴール"", ""差分"", ""成績順位""]","[""1.396"", ""1.17"", ""-0.226"", ""7""]"
20260530,20260525,j1,2026,ゴール期待値.html,ゴール期待値,リーグサマリー:2026 J1百年構想リーグ ゴール期待値 | データによってサッカーはもっと輝く | Football LAB,被ゴール期待値,2,水戸,水戸,"[""期待値"", ""被ゴール"", ""差分"", ""成績順位""]","[""1.455"", ""1.83"", ""0.375"", ""9""]"
20260530,20260525,j1,2026,ゴール期待値.html,ゴール期待値,リーグサマリー:2026 J1百年構想リーグ ゴール期待値 | データによってサッカーはもっと輝く | Football LAB,被ゴール期待値,2,川崎Ｆ,川崎Ｆ,"[""期待値"", ""被ゴール"", ""差分"", ""成績順位""]","[""1.575"", ""1.5"", ""-0.075"", ""4""]"
20260530,20260525,j1,2026,ゴール期待値.html,ゴール期待値,リーグサマリー:2026 J1百年構想リーグ ゴール期待値 | データによってサッカーはもっと輝く | Football LAB,被ゴール期待値,2,京都,京都,"[""期待値"", ""被ゴール"", ""差分"", ""成績順位""]","[""1.582"", ""1.39"", ""-0.192"", ""8""]"
20260530,20260525,j1,2026,ゴール期待値.html,ゴール期待値,リーグサマリー:2026 J1百年構想リーグ ゴール期待値 | データによってサッカーはもっと輝く | Football LAB,被ゴール期待値,2,Ｃ大阪,Ｃ大阪,"[""期待値"", ""被ゴール"", ""差分"", ""成績順位""]","[""1.653"", ""1"", ""-0.653"", ""2""]"
20260530,20260525,j1,2026,ゴール期待値.html,ゴール期待値,リーグサマリー:2026 J1百年構想リーグ ゴール期待値 | データによってサッカーはもっと輝く | Football LAB,被ゴール期待値,2,長崎,長崎,"[""期待値"", ""被ゴール"", ""差分"", ""成績順位""]","[""1.670"", ""1.56"", ""-0.110"", ""9""]"
20260530,20260525,j1,2026,ゴール期待値.html,ゴール期待値,リーグサマリー:2026 J1百年構想リーグ ゴール期待値 | データによってサッカーはもっと輝く | Football LAB,被ゴール期待値,2,千葉,千葉,"[""期待値"", ""被ゴール"", ""差分"", ""成績順位""]","[""1.751"", ""1.72"", ""-0.031"", ""10""]"
20260530,20260525,j1,2026,シュート.html,チャンスビルディングポイント シュートポイント ランキング,リーグサマリー:2026 J1百年構想リーグ チャンスビルディングポイント シュートポイント ランキング | データによってサッカーはもっと輝く | Football LAB,チャンスビルディングポイント シュートポイント ランキング,1,FC東京,FC東京,"[""シュートポイント"", ""試合平均"", ""最近5試合"", ""順位"", ""勝点"", ""得点"", ""失点""]","[""165.34"", ""9.19"", ""49.07"", ""2"", ""37"", ""28"", ""16""]"
20260530,20260525,j1,2026,シュート.html,チャンスビルディングポイント シュートポイント ランキング,リーグサマリー:2026 J1百年構想リーグ チャンスビルディングポイント シュートポイント ランキング | データによってサッカーはもっと輝く | Football LAB,チャンスビルディングポイント シュートポイント ランキング,1,Ｇ大阪,Ｇ大阪,"[""シュートポイント"", ""試合平均"", ""最近5試合"", ""順位"", ""勝点"", ""得点"", ""失点""]","[""160.04"", ""8.89"", ""42.22"", ""5"", ""28"", ""26"", ""22""]"
20260530,20260525,j1,2026,シュート.html,チャンスビルディングポイント シュートポイント ランキング,リーグサマリー:2026 J1百年構想リーグ チャンスビルディングポイント シュートポイント ランキング | データによってサッカーはもっと輝く | Football LAB,チャンスビルディングポイント シュートポイント ランキング,1,広島,広島,"[""シュートポイント"", ""試合平均"", ""最近5試合"", ""順位"", ""勝点"", ""得点"", ""失点""]","[""158.95"", ""8.83"", ""43.18"", ""4"", ""30"", ""29"", ""21""]"
20260530,20260525,j1,2026,シュート.html,チャンスビルディングポイント シュートポイント ランキング,リーグサマリー:2026 J1百年構想リーグ チャンスビルディングポイント シュートポイント ランキング | データによってサッカーはもっと輝く | Football LAB,チャンスビルディングポイント シュートポイント ランキング,1,浦和,浦和,"[""シュートポイント"", ""試合平均"", ""最近5試合"", ""順位"", ""勝点"", ""得点"", ""失点""]","[""150.52"", ""8.36"", ""47.08"", ""6"", ""25"", ""25"", ""18""]"
20260530,20260525,j1,2026,シュート.html,チャンスビルディングポイント シュートポイント ランキング,リーグサマリー:2026 J1百年構想リーグ チャンスビルディングポイント シュートポイント ランキング | データによってサッカーはもっと輝く | Football LAB,チャンスビルディングポイント シュートポイント ランキング,1,京都,京都,"[""シュートポイント"", ""試合平均"", ""最近5試合"", ""順位"", ""勝点"", ""得点"", ""失点""]","[""144.41"", ""8.02"", ""37.46"", ""8"", ""23"", ""19"", ""26""]"
20260530,20260525,j1,2026,シュート.html,チャンスビルディングポイント シュートポイント ランキング,リーグサマリー:2026 J1百年構想リーグ チャンスビルディングポイント シュートポイント ランキング | データによってサッカーはもっと輝く | Football LAB,チャンスビルディングポイント シュートポイント ランキング,1,名古屋,名古屋,"[""シュートポイント"", ""試合平均"", ""最近5試合"", ""順位"", ""勝点"", ""得点"", ""失点""]","[""138.50"", ""7.69"", ""38.44"", ""3"", ""31"", ""31"", ""28""]"
20260530,20260525,j1,2026,シュート.html,チャンスビルディングポイント シュートポイント ランキング,リーグサマリー:2026 J1百年構想リーグ チャンスビルディングポイント シュートポイント ランキング | データによってサッカーはもっと輝く | Football LAB,チャンスビルディングポイント シュートポイント ランキング,1,Ｃ大阪,Ｃ大阪,"[""シュートポイント"", ""試合平均"", ""最近5試合"", ""順位"", ""勝点"", ""得点"", ""失点""]","[""129.80"", ""7.21"", ""37.23"", ""2"", ""31"", ""26"", ""19""]"
20260530,20260525,j1,2026,シュート.html,チャンスビルディングポイント シュートポイント ランキング,リーグサマリー:2026 J1百年構想リーグ チャンスビルディングポイント シュートポイント ランキング | データによってサッカーはもっと輝く | Football LAB,チャンスビルディングポイント シュートポイント ランキング,1,柏,柏,"[""シュートポイント"", ""試合平均"", ""最近5試合"", ""順位"", ""勝点"", ""得点"", ""失点""]","[""129.38"", ""7.19"", ""28.65"", ""8"", ""20"", ""21"", ""24""]"
20260530,20260525,j1,2026,シュート.html,チャンスビルディングポイント シュートポイント ランキング,リーグサマリー:2026 J1百年構想リーグ チャンスビルディングポイント シュートポイント ランキング | データによってサッカーはもっと輝く | Football LAB,チャンスビルディングポイント シュートポイント ランキング,1,福岡,福岡,"[""シュートポイント"", ""試合平均"", ""最近5試合"", ""順位"", ""勝点"", ""得点"", ""失点""]","[""127.53"", ""7.09"", ""32.38"", ""10"", ""21"", ""17"", ""27""]"
20260530,20260525,j1,2026,シュート.html,チャンスビルディングポイント シュートポイント ランキング,リーグサマリー:2026 J1百年構想リーグ チャンスビルディングポイント シュートポイント ランキング | データによってサッカーはもっと輝く | Football LAB,チャンスビルディングポイント シュートポイント ランキング,1,千葉,千葉,"[""シュートポイント"", ""試合平均"", ""最近5試合"", ""順位"", ""勝点"", ""得点"", ""失点""]","[""126.78"", ""7.04"", ""32.40"", ""10"", ""12"", ""18"", ""31""]"
20260530,20260525,j1,2026,シュート.html,チャンスビルディングポイント シュートポイント ランキング,リーグサマリー:2026 J1百年構想リーグ チャンスビルディングポイント シュートポイント ランキング | データによってサッカーはもっと輝く | Football LAB,チャンスビルディングポイント シュートポイント ランキング,1,神戸,神戸,"[""シュートポイント"", ""試合平均"", ""最近5試合"", ""順位"", ""勝点"", ""得点"", ""失点""]","[""121.25"", ""6.74"", ""35.16"", ""1"", ""35"", ""27"", ""21""]"
20260530,20260525,j1,2026,シュート.html,チャンスビルディングポイント シュートポイント ランキング,リーグサマリー:2026 J1百年構想リーグ チャンスビルディングポイント シュートポイント ランキング | データによってサッカーはもっと輝く | Football LAB,チャンスビルディングポイント シュートポイント ランキング,1,川崎Ｆ,川崎Ｆ,"[""シュートポイント"", ""試合平均"", ""最近5試合"", ""順位"", ""勝点"", ""得点"", ""失点""]","[""115.40"", ""6.41"", ""33.83"", ""4"", ""28"", ""23"", ""27""]"
20260530,20260525,j1,2026,シュート.html,チャンスビルディングポイント シュートポイント ランキング,リーグサマリー:2026 J1百年構想リーグ チャンスビルディングポイント シュートポイント ランキング | データによってサッカーはもっと輝く | Football LAB,チャンスビルディングポイント シュートポイント ランキング,1,横浜FM,横浜FM,"[""シュートポイント"", ""試合平均"", ""最近5試合"", ""順位"", ""勝点"", ""得点"", ""失点""]","[""114.87"", ""6.38"", ""36.89"", ""7"", ""20"", ""28"", ""29""]"
20260530,20260525,j1,2026,シュート.html,チャンスビルディングポイント シュートポイント ランキング,リーグサマリー:2026 J1百年構想リーグ チャンスビルディングポイント シュートポイント ランキング | データによってサッカーはもっと輝く | Football LAB,チャンスビルディングポイント シュートポイント ランキング,1,水戸,水戸,"[""シュートポイント"", ""試合平均"", ""最近5試合"", ""順位"", ""勝点"", ""得点"", ""失点""]","[""114.36"", ""6.35"", ""23.85"", ""9"", ""18"", ""19"", ""35""]"
20260530,20260525,j1,2026,シュート.html,チャンスビルディングポイント シュートポイント ランキング,リーグサマリー:2026 J1百年構想リーグ チャンスビルディングポイント シュートポイント ランキング | データによってサッカーはもっと輝く | Football LAB,チャンスビルディングポイント シュートポイント ランキング,1,鹿島,鹿島,"[""シュートポイント"", ""試合平均"", ""最近5試合"", ""順位"", ""勝点"", ""得点"", ""失点""]","[""111.64"", ""6.20"", ""26.37"", ""1"", ""45"", ""29"", ""9""]"
20260530,20260525,j1,2026,シュート.html,チャンスビルディングポイント シュートポイント ランキング,リーグサマリー:2026 J1百年構想リーグ チャンスビルディングポイント シュートポイント ランキング | データによってサッカーはもっと輝く | Football LAB,チャンスビルディングポイント シュートポイント ランキング,1,岡山,岡山,"[""シュートポイント"", ""試合平均"", ""最近5試合"", ""順位"", ""勝点"", ""得点"", ""失点""]","[""110.99"", ""6.17"", ""37.31"", ""6"", ""26"", ""24"", ""25""]"
20260530,20260525,j1,2026,シュート.html,チャンスビルディングポイント シュートポイント ランキング,リーグサマリー:2026 J1百年構想リーグ チャンスビルディングポイント シュートポイント ランキング | データによってサッカーはもっと輝く | Football LAB,チャンスビルディングポイント シュートポイント ランキング,1,町田,町田,"[""シュートポイント"", ""試合平均"", ""最近5試合"", ""順位"", ""勝点"", ""得点"", ""失点""]","[""107.68"", ""5.98"", ""25.33"", ""3"", ""37"", ""23"", ""19""]"
20260530,20260525,j1,2026,シュート.html,チャンスビルディングポイント シュートポイント ランキング,リーグサマリー:2026 J1百年構想リーグ チャンスビルディングポイント シュートポイント ランキング | データによってサッカーはもっと輝く | Football LAB,チャンスビルディングポイント シュートポイント ランキング,1,長崎,長崎,"[""シュートポイント"", ""試合平均"", ""最近5試合"", ""順位"", ""勝点"", ""得点"", ""失点""]","[""104.56"", ""5.81"", ""31.25"", ""9"", ""21"", ""20"", ""28""]"
20260530,20260525,j1,2026,シュート.html,チャンスビルディングポイント シュートポイント ランキング,リーグサマリー:2026 J1百年構想リーグ チャンスビルディングポイント シュートポイント ランキング | データによってサッカーはもっと輝く | Football LAB,チャンスビルディングポイント シュートポイント ランキング,1,清水,清水,"[""シュートポイント"", ""試合平均"", ""最近5試合"", ""順位"", ""勝点"", ""得点"", ""失点""]","[""101.29"", ""5.63"", ""34.92"", ""7"", ""24"", ""19"", ""21""]"
20260530,20260525,j1,2026,シュート.html,チャンスビルディングポイント シュートポイント ランキング,リーグサマリー:2026 J1百年構想リーグ チャンスビルディングポイント シュートポイント ランキング | データによってサッカーはもっと輝く | Football LAB,チャンスビルディングポイント シュートポイント ランキング,1,東京Ｖ,東京Ｖ,"[""シュートポイント"", ""試合平均"", ""最近5試合"", ""順位"", ""勝点"", ""得点"", ""失点""]","[""91.45"", ""5.08"", ""23.38"", ""5"", ""28"", ""19"", ""25""]"
20260530,20260525,j1,2026,シュート.html,チャンスビルディングポイント シュートポイント ランキング,リーグサマリー:2026 J1百年構想リーグ チャンスビルディングポイント シュートポイント ランキング | データによってサッカーはもっと輝く | Football LAB,チャンスビルディングポイント シュートポイント ランキング,2,デニス ヒュメット,デニスヒュメット,"[""シュートポイント"", ""90分平均"", ""最近5試合"", ""出場試合"", ""攻撃CBP"", ""奪取P""]","["""", ""33.60"", ""2.59"", ""8.49"", ""17"", ""12.27"", ""60.06""]"
20260530,20260525,j1,2026,シュート.html,チャンスビルディングポイント シュートポイント ランキング,リーグサマリー:2026 J1百年構想リーグ チャンスビルディングポイント シュートポイント ランキング | データによってサッカーはもっと輝く | Football LAB,チャンスビルディングポイント シュートポイント ランキング,2,ラファエル エリアス,ラファエルエリアス,"[""シュートポイント"", ""90分平均"", ""最近5試合"", ""出場試合"", ""攻撃CBP"", ""奪取P""]","["""", ""32.23"", ""3.16"", ""14.66"", ""13"", ""12.80"", ""45.62""]"
20260530,20260525,j1,2026,シュート.html,チャンスビルディングポイント シュートポイント ランキング,リーグサマリー:2026 J1百年構想リーグ チャンスビルディングポイント シュートポイント ランキング | データによってサッカーはもっと輝く | Football LAB,チャンスビルディングポイント シュートポイント ランキング,2,木村 勇大,木村勇大,"[""シュートポイント"", ""90分平均"", ""最近5試合"", ""出場試合"", ""攻撃CBP"", ""奪取P""]","["""", ""31.90"", ""2.02"", ""8.36"", ""18"", ""17.10"", ""47.78""]"
20260530,20260525,j1,2026,シュート.html,チャンスビルディングポイント シュートポイント ランキング,リーグサマリー:2026 J1百年構想リーグ チャンスビルディングポイント シュートポイント ランキング | データによってサッカーはもっと輝く | Football LAB,チャンスビルディングポイント シュートポイント ランキング,2,レオ セアラ,レオセアラ,"[""シュートポイント"", ""90分平均"", ""最近5試合"", ""出場試合"", ""攻撃CBP"", ""奪取P""]","["""", ""25.08"", ""1.46"", ""8.73"", ""18"", ""18.66"", ""58.31""]"
20260530,20260525,j1,2026,シュート.html,チャンスビルディングポイント シュートポイント ランキング,リーグサマリー:2026 J1百年構想リーグ チャンスビルディングポイント シュートポイント ランキング | データによってサッカーはもっと輝く | Football LAB,チャンスビルディングポイント シュートポイント ランキング,2,渡邉 新太,渡邉新太,"[""シュートポイント"", ""90分平均"", ""最近5試合"", ""出場試合"", ""攻撃CBP"", ""奪取P""]","["""", ""24.90"", ""1.93"", ""1.98"", ""16"", ""14.45"", ""79.35""]"
20260530,20260525,j1,2026,シュート.html,チャンスビルディングポイント シュートポイント ランキング,リーグサマリー:2026 J1百年構想リーグ チャンスビルディングポイント シュートポイント ランキング | データによってサッカーはもっと輝く | Football LAB,チャンスビルディングポイント シュートポイント ランキング,2,マルセロ ヒアン,マルセロヒアン,"[""シュートポイント"", ""90分平均"", ""最近5試合"", ""出場試合"", ""攻撃CBP"", ""奪取P""]","["""", ""23.94"", ""1.92"", ""8.87"", ""16"", ""16.65"", ""38.97""]"
20260530,20260525,j1,2026,シュート.html,チャンスビルディングポイント シュートポイント ランキング,リーグサマリー:2026 J1百年構想リーグ チャンスビルディングポイント シュートポイント ランキング | データによってサッカーはもっと輝く | Football LAB,チャンスビルディングポイント シュートポイント ランキング,2,マルコ トゥーリオ,マルコトゥーリオ,"[""シュートポイント"", ""90分平均"", ""最近5試合"", ""出場試合"", ""攻撃CBP"", ""奪取P""]","["""", ""23.46"", ""1.93"", ""0.00"", ""13"", ""20.36"", ""57.69""]"
20260530,20260525,j1,2026,シュート.html,チャンスビルディングポイント シュートポイント ランキング,リーグサマリー:2026 J1百年構想リーグ チャンスビルディングポイント シュートポイント ランキング | データによってサッカーはもっと輝く | Football LAB,チャンスビルディングポイント シュートポイント ランキング,2,金子 拓郎,金子拓郎,"[""シュートポイント"", ""90分平均"", ""最近5試合"", ""出場試合"", ""攻撃CBP"", ""奪取P""]","["""", ""23.35"", ""1.56"", ""3.84"", ""18"", ""30.54"", ""88.26""]"
20260530,20260525,j1,2026,シュート.html,チャンスビルディングポイント シュートポイント ランキング,リーグサマリー:2026 J1百年構想リーグ チャンスビルディングポイント シュートポイント ランキング | データによってサッカーはもっと輝く | Football LAB,チャンスビルディングポイント シュートポイント ランキング,2,マテウス サヴィオ,マテウスサヴィオ,"[""シュートポイント"", ""90分平均"", ""最近5試合"", ""出場試合"", ""攻撃CBP"", ""奪取P""]","["""", ""23.24"", ""1.56"", ""5.61"", ""17"", ""27.40"", ""158.47""]"
20260530,20260525,j1,2026,シュート.html,チャンスビルディングポイント シュートポイント ランキング,リーグサマリー:2026 J1百年構想リーグ チャンスビルディングポイント シュートポイント ランキング | データによってサッカーはもっと輝く | Football LAB,チャンスビルディングポイント シュートポイント ランキング,2,脇坂 泰斗,脇坂泰斗,"[""シュートポイント"", ""90分平均"", ""最近5試合"", ""出場試合"", ""攻撃CBP"", ""奪取P""]","["""", ""23.03"", ""1.40"", ""6.64"", ""17"", ""23.10"", ""53.90""]"
20260530,20260525,j1,2026,シュート.html,チャンスビルディングポイント シュートポイント ランキング,リーグサマリー:2026 J1百年構想リーグ チャンスビルディングポイント シュートポイント ランキング | データによってサッカーはもっと輝く | Football LAB,チャンスビルディングポイント シュートポイント ランキング,2,佐藤 龍之介,佐藤龍之介,"[""シュートポイント"", ""90分平均"", ""最近5試合"", ""出場試合"", ""攻撃CBP"", ""奪取P""]","["""", ""22.19"", ""1.78"", ""6.39"", ""17"", ""19.99"", ""100.60""]"
20260530,20260525,j1,2026,シュート.html,チャンスビルディングポイント シュートポイント ランキング,リーグサマリー:2026 J1百年構想リーグ チャンスビルディングポイント シュートポイント ランキング | データによってサッカーはもっと輝く | Football LAB,チャンスビルディングポイント シュートポイント ランキング,2,谷村 海那,谷村海那,"[""シュートポイント"", ""90分平均"", ""最近5試合"", ""出場試合"", ""攻撃CBP"", ""奪取P""]","["""", ""22.11"", ""1.54"", ""11.88"", ""17"", ""11.51"", ""29.64""]"
20260530,20260525,j1,2026,シュート.html,チャンスビルディングポイント シュートポイント ランキング,リーグサマリー:2026 J1百年構想リーグ チャンスビルディングポイント シュートポイント ランキング | データによってサッカーはもっと輝く | Football LAB,チャンスビルディングポイント シュートポイント ランキング,2,チアゴ アンドラーデ,チアゴアンドラーデ,"[""シュートポイント"", ""90分平均"", ""最近5試合"", ""出場試合"", ""攻撃CBP"", ""奪取P""]","["""", ""20.85"", ""1.68"", ""7.71"", ""17"", ""15.54"", ""76.15""]"
20260530,20260525,j1,2026,シュート.html,チャンスビルディングポイント シュートポイント ランキング,リーグサマリー:2026 J1百年構想リーグ チャンスビルディングポイント シュートポイント ランキング | データによってサッカーはもっと輝く | Football LAB,チャンスビルディングポイント シュートポイント ランキング,2,渡邊 凌磨,渡邊凌磨,"[""シュートポイント"", ""90分平均"", ""最近5試合"", ""出場試合"", ""攻撃CBP"", ""奪取P""]","["""", ""20.56"", ""1.22"", ""6.37"", ""17"", ""21.14"", ""131.63""]"
20260530,20260525,j1,2026,シュート.html,チャンスビルディングポイント シュートポイント ランキング,リーグサマリー:2026 J1百年構想リーグ チャンスビルディングポイント シュートポイント ランキング | データによってサッカーはもっと輝く | Football LAB,チャンスビルディングポイント シュートポイント ランキング,2,チアゴ サンタナ,チアゴサンタナ,"[""シュートポイント"", ""90分平均"", ""最近5試合"", ""出場試合"", ""攻撃CBP"", ""奪取P""]","["""", ""20.43"", ""1.90"", ""7.88"", ""15"", ""9.38"", ""29.01""]"
20260530,20260525,j1,2026,シュート.html,チャンスビルディングポイント シュートポイント ランキング,リーグサマリー:2026 J1百年構想リーグ チャンスビルディングポイント シュートポイント ランキング | データによってサッカーはもっと輝く | Football LAB,チャンスビルディングポイント シュートポイント ランキング,2,見木 友哉,見木友哉,"[""シュートポイント"", ""90分平均"", ""最近5試合"", ""出場試合"", ""攻撃CBP"", ""奪取P""]","["""", ""19.98"", ""1.45"", ""6.38"", ""15"", ""22.48"", ""144.47""]"
20260530,20260525,j1,2026,シュート.html,チャンスビルディングポイント シュートポイント ランキング,リーグサマリー:2026 J1百年構想リーグ チャンスビルディングポイント シュートポイント ランキング | データによってサッカーはもっと輝く | Football LAB,チャンスビルディングポイント シュートポイント ランキング,2,オ セフン,オセフン,"[""シュートポイント"", ""90分平均"", ""最近5試合"", ""出場試合"", ""攻撃CBP"", ""奪取P""]","["""", ""19.92"", ""1.24"", ""6.69"", ""17"", ""18.86"", ""54.60""]"
20260530,20260525,j1,2026,シュート.html,チャンスビルディングポイント シュートポイント ランキング,リーグサマリー:2026 J1百年構想リーグ チャンスビルディングポイント シュートポイント ランキング | データによってサッカーはもっと輝く | Football LAB,チャンスビルディングポイント シュートポイント ランキング,2,柴山 昌也,柴山昌也,"[""シュートポイント"", ""90分平均"", ""最近5試合"", ""出場試合"", ""攻撃CBP"", ""奪取P""]","["""", ""19.87"", ""1.62"", ""4.51"", ""17"", ""33.12"", ""52.32""]"
20260530,20260525,j1,2026,シュート.html,チャンスビルディングポイント シュートポイント ランキング,リーグサマリー:2026 J1百年構想リーグ チャンスビルディングポイント シュートポイント ランキング | データによってサッカーはもっと輝く | Football LAB,チャンスビルディングポイント シュートポイント ランキング,2,碓井 聖生,碓井聖生,"[""シュートポイント"", ""90分平均"", ""最近5試合"", ""出場試合"", ""攻撃CBP"", ""奪取P""]","["""", ""19.82"", ""1.86"", ""8.78"", ""14"", ""6.54"", ""25.74""]"
20260530,20260525,j1,2026,シュート.html,チャンスビルディングポイント シュートポイント ランキング,リーグサマリー:2026 J1百年構想リーグ チャンスビルディングポイント シュートポイント ランキング | データによってサッカーはもっと輝く | Football LAB,チャンスビルディングポイント シュートポイント ランキング,2,マテウス ジェズス,マテウスジェズス,"[""シュートポイント"", ""90分平均"", ""最近5試合"", ""出場試合"", ""攻撃CBP"", ""奪取P""]","["""", ""19.32"", ""1.48"", ""0.79"", ""16"", ""19.08"", ""111.67""]"
20260530,20260525,j1,2026,シュート.html,チャンスビルディングポイント シュートポイント ランキング,リーグサマリー:2026 J1百年構想リーグ チャンスビルディングポイント シュートポイント ランキング | データによってサッカーはもっと輝く | Football LAB,チャンスビルディングポイント シュートポイント ランキング,2,鈴木 章斗,鈴木章斗,"[""シュートポイント"", ""90分平均"", ""最近5試合"", ""出場試合"", ""攻撃CBP"", ""奪取P""]","["""", ""19.10"", ""1.54"", ""2.71"", ""18"", ""17.08"", ""89.03""]"
20260530,20260525,j1,2026,シュート.html,チャンスビルディングポイント シュートポイント ランキング,リーグサマリー:2026 J1百年構想リーグ チャンスビルディングポイント シュートポイント ランキング | データによってサッカーはもっと輝く | Football LAB,チャンスビルディングポイント シュートポイント ランキング,2,櫻川 ソロモン,櫻川ソロモン,"[""シュートポイント"", ""90分平均"", ""最近5試合"", ""出場試合"", ""攻撃CBP"", ""奪取P""]","["""", ""19.08"", ""1.64"", ""2.57"", ""18"", ""10.00"", ""63.60""]"
20260530,20260525,j1,2026,シュート.html,チャンスビルディングポイント シュートポイント ランキング,リーグサマリー:2026 J1百年構想リーグ チャンスビルディングポイント シュートポイント ランキング | データによってサッカーはもっと輝く | Football LAB,チャンスビルディングポイント シュートポイント ランキング,2,食野 亮太郎,食野亮太郎,"[""シュートポイント"", ""90分平均"", ""最近5試合"", ""出場試合"", ""攻撃CBP"", ""奪取P""]","["""", ""18.96"", ""2.04"", ""2.30"", ""17"", ""18.63"", ""75.46""]"
20260530,20260525,j1,2026,シュート.html,チャンスビルディングポイント シュートポイント ランキング,リーグサマリー:2026 J1百年構想リーグ チャンスビルディングポイント シュートポイント ランキング | データによってサッカーはもっと輝く | Football LAB,チャンスビルディングポイント シュートポイント ランキング,2,武藤 嘉紀,武藤嘉紀,"[""シュートポイント"", ""90分平均"", ""最近5試合"", ""出場試合"", ""攻撃CBP"", ""奪取P""]","["""", ""18.66"", ""1.55"", ""6.79"", ""13"", ""24.42"", ""80.20""]"
20260530,20260525,j1,2026,シュート.html,チャンスビルディングポイント シュートポイント ランキング,リーグサマリー:2026 J1百年構想リーグ チャンスビルディングポイント シュートポイント ランキング | データによってサッカーはもっと輝く | Football LAB,チャンスビルディングポイント シュートポイント ランキング,2,室屋 成,室屋成,"[""シュートポイント"", ""90分平均"", ""最近5試合"", ""出場試合"", ""攻撃CBP"", ""奪取P""]","["""", ""17.80"", ""1.01"", ""7.46"", ""18"", ""20.94"", ""124.27""]"
20260530,20260525,j1,2026,シュート.html,チャンスビルディングポイント シュートポイント ランキング,リーグサマリー:2026 J1百年構想リーグ チャンスビルディングポイント シュートポイント ランキング | データによってサッカーはもっと輝く | Football LAB,チャンスビルディングポイント シュートポイント ランキング,2,横山 夢樹,横山夢樹,"[""シュートポイント"", ""90分平均"", ""最近5試合"", ""出場試合"", ""攻撃CBP"", ""奪取P""]","["""", ""17.24"", ""2.06"", ""10.87"", ""17"", ""20.71"", ""43.60""]"
20260530,20260525,j1,2026,シュート.html,チャンスビルディングポイント シュートポイント ランキング,リーグサマリー:2026 J1百年構想リーグ チャンスビルディングポイント シュートポイント ランキング | データによってサッカーはもっと輝く | Football LAB,チャンスビルディングポイント シュートポイント ランキング,2,イサカ ゼイン,イサカゼイン,"[""シュートポイント"", ""90分平均"", ""最近5試合"", ""出場試合"", ""攻撃CBP"", ""奪取P""]","["""", ""17.19"", ""1.32"", ""3.69"", ""17"", ""16.69"", ""92.57""]"
20260530,20260525,j1,2026,シュート.html,チャンスビルディングポイント シュートポイント ランキング,リーグサマリー:2026 J1百年構想リーグ チャンスビルディングポイント シュートポイント ランキング | データによってサッカーはもっと輝く | Football LAB,チャンスビルディングポイント シュートポイント ランキング,2,カルリーニョス ジュニオ,カルリーニョスジュニオ,"[""シュートポイント"", ""90分平均"", ""最近5試合"", ""出場試合"", ""攻撃CBP"", ""奪取P""]","["""", ""17.18"", ""2.16"", ""6.55"", ""12"", ""5.35"", ""32.46""]"
20260530,20260525,j1,2026,シュート.html,チャンスビルディングポイント シュートポイント ランキング,リーグサマリー:2026 J1百年構想リーグ チャンスビルディングポイント シュートポイント ランキング | データによってサッカーはもっと輝く | Football LAB,チャンスビルディングポイント シュートポイント ランキング,2,瀬川 祐輔,瀬川祐輔,"[""シュートポイント"", ""90分平均"", ""最近5試合"", ""出場試合"", ""攻撃CBP"", ""奪取P""]","["""", ""17.01"", ""1.90"", ""5.26"", ""18"", ""13.86"", ""51.18""]"
20260530,20260525,j1,2026,シュート.html,チャンスビルディングポイント シュートポイント ランキング,リーグサマリー:2026 J1百年構想リーグ チャンスビルディングポイント シュートポイント ランキング | データによってサッカーはもっと輝く | Football LAB,チャンスビルディングポイント シュートポイント ランキング,2,細谷 真大,細谷真大,"[""シュートポイント"", ""90分平均"", ""最近5試合"", ""出場試合"", ""攻撃CBP"", ""奪取P""]","["""", ""16.95"", ""1.57"", ""4.60"", ""18"", ""14.39"", ""33.22""]"
20260530,20260525,j1,2026,ショートカウンター.html,ショートカウンター (チームスタイル指標),リーグサマリー:2026 J1百年構想リーグ ショートカウンター (チームスタイル指標) | データによってサッカーはもっと輝く | Football LAB,ショートカウンターのサマリー,1,広島,広島,"[""指数"", ""ゴール率"", ""シュート率"", ""ドリブル使用率"", ""ロングパス使用率"", ""空中戦使用率"", ""コンビネーション使用率"", ""20km/h以上の走行平均人数"", ""20km/h以上の走行一人当たりの平均距離""]","[""70"", ""1.9%"", ""15.9%"", ""11.3%"", ""19.1%"", ""10.4%"", ""3.2%"", ""1.6人"", ""19.3m""]"
20260530,20260525,j1,2026,ショートカウンター.html,ショートカウンター (チームスタイル指標),リーグサマリー:2026 J1百年構想リーグ ショートカウンター (チームスタイル指標) | データによってサッカーはもっと輝く | Football LAB,ショートカウンターのサマリー,1,京都,京都,"[""指数"", ""ゴール率"", ""シュート率"", ""ドリブル使用率"", ""ロングパス使用率"", ""空中戦使用率"", ""コンビネーション使用率"", ""20km/h以上の走行平均人数"", ""20km/h以上の走行一人当たりの平均距離""]","[""61"", ""1.4%"", ""16.0%"", ""12.8%"", ""20.9%"", ""9.9%"", ""3.2%"", ""2.1人"", ""21.2m""]"
20260530,20260525,j1,2026,ショートカウンター.html,ショートカウンター (チームスタイル指標),リーグサマリー:2026 J1百年構想リーグ ショートカウンター (チームスタイル指標) | データによってサッカーはもっと輝く | Football LAB,ショートカウンターのサマリー,1,岡山,岡山,"[""指数"", ""ゴール率"", ""シュート率"", ""ドリブル使用率"", ""ロングパス使用率"", ""空中戦使用率"", ""コンビネーション使用率"", ""20km/h以上の走行平均人数"", ""20km/h以上の走行一人当たりの平均距離""]","[""61"", ""1.1%"", ""14.6%"", ""18.5%"", ""23.1%"", ""11.0%"", ""3.2%"", ""2.0人"", ""19.7m""]"
20260530,20260525,j1,2026,ショートカウンター.html,ショートカウンター (チームスタイル指標),リーグサマリー:2026 J1百年構想リーグ ショートカウンター (チームスタイル指標) | データによってサッカーはもっと輝く | Football LAB,ショートカウンターのサマリー,1,清水,清水,"[""指数"", ""ゴール率"", ""シュート率"", ""ドリブル使用率"", ""ロングパス使用率"", ""空中戦使用率"", ""コンビネーション使用率"", ""20km/h以上の走行平均人数"", ""20km/h以上の走行一人当たりの平均距離""]","[""61"", ""2.1%"", ""12.5%"", ""12.5%"", ""23.6%"", ""8.9%"", ""2.5%"", ""1.9人"", ""19.0m""]"
20260530,20260525,j1,2026,ショートカウンター.html,ショートカウンター (チームスタイル指標),リーグサマリー:2026 J1百年構想リーグ ショートカウンター (チームスタイル指標) | データによってサッカーはもっと輝く | Football LAB,ショートカウンターのサマリー,1,東京Ｖ,東京Ｖ,"[""指数"", ""ゴール率"", ""シュート率"", ""ドリブル使用率"", ""ロングパス使用率"", ""空中戦使用率"", ""コンビネーション使用率"", ""20km/h以上の走行平均人数"", ""20km/h以上の走行一人当たりの平均距離""]","[""59"", ""2.6%"", ""20.5%"", ""15.8%"", ""19.0%"", ""7.7%"", ""3.3%"", ""2.2人"", ""19.8m""]"
20260530,20260525,j1,2026,ショートカウンター.html,ショートカウンター (チームスタイル指標),リーグサマリー:2026 J1百年構想リーグ ショートカウンター (チームスタイル指標) | データによってサッカーはもっと輝く | Football LAB,ショートカウンターのサマリー,1,名古屋,名古屋,"[""指数"", ""ゴール率"", ""シュート率"", ""ドリブル使用率"", ""ロングパス使用率"", ""空中戦使用率"", ""コンビネーション使用率"", ""20km/h以上の走行平均人数"", ""20km/h以上の走行一人当たりの平均距離""]","[""57"", ""2.2%"", ""15.6%"", ""14.1%"", ""24.2%"", ""10.8%"", ""4.1%"", ""2.0人"", ""20.8m""]"
20260530,20260525,j1,2026,ショートカウンター.html,ショートカウンター (チームスタイル指標),リーグサマリー:2026 J1百年構想リーグ ショートカウンター (チームスタイル指標) | データによってサッカーはもっと輝く | Football LAB,ショートカウンターのサマリー,1,横浜FM,横浜FM,"[""指数"", ""ゴール率"", ""シュート率"", ""ドリブル使用率"", ""ロングパス使用率"", ""空中戦使用率"", ""コンビネーション使用率"", ""20km/h以上の走行平均人数"", ""20km/h以上の走行一人当たりの平均距離""]","[""57"", ""2.6%"", ""19.4%"", ""15.3%"", ""21.3%"", ""8.6%"", ""1.5%"", ""1.8人"", ""19.1m""]"
20260530,20260525,j1,2026,ショートカウンター.html,ショートカウンター (チームスタイル指標),リーグサマリー:2026 J1百年構想リーグ ショートカウンター (チームスタイル指標) | データによってサッカーはもっと輝く | Football LAB,ショートカウンターのサマリー,1,水戸,水戸,"[""指数"", ""ゴール率"", ""シュート率"", ""ドリブル使用率"", ""ロングパス使用率"", ""空中戦使用率"", ""コンビネーション使用率"", ""20km/h以上の走行平均人数"", ""20km/h以上の走行一人当たりの平均距離""]","[""54"", ""2.7%"", ""20.8%"", ""15.4%"", ""15.8%"", ""6.2%"", ""2.3%"", ""1.4人"", ""18.8m""]"
20260530,20260525,j1,2026,ショートカウンター.html,ショートカウンター (チームスタイル指標),リーグサマリー:2026 J1百年構想リーグ ショートカウンター (チームスタイル指標) | データによってサッカーはもっと輝く | Football LAB,ショートカウンターのサマリー,1,神戸,神戸,"[""指数"", ""ゴール率"", ""シュート率"", ""ドリブル使用率"", ""ロングパス使用率"", ""空中戦使用率"", ""コンビネーション使用率"", ""20km/h以上の走行平均人数"", ""20km/h以上の走行一人当たりの平均距離""]","[""54"", ""1.2%"", ""15.2%"", ""12.5%"", ""17.1%"", ""8.9%"", ""3.5%"", ""1.8人"", ""19.2m""]"
20260530,20260525,j1,2026,ショートカウンター.html,ショートカウンター (チームスタイル指標),リーグサマリー:2026 J1百年構想リーグ ショートカウンター (チームスタイル指標) | データによってサッカーはもっと輝く | Football LAB,ショートカウンターのサマリー,1,Ｃ大阪,Ｃ大阪,"[""指数"", ""ゴール率"", ""シュート率"", ""ドリブル使用率"", ""ロングパス使用率"", ""空中戦使用率"", ""コンビネーション使用率"", ""20km/h以上の走行平均人数"", ""20km/h以上の走行一人当たりの平均距離""]","[""50"", ""2.4%"", ""24.7%"", ""13.0%"", ""13.4%"", ""6.1%"", ""5.7%"", ""1.9人"", ""20.2m""]"
20260530,20260525,j1,2026,ショートカウンター.html,ショートカウンター (チームスタイル指標),リーグサマリー:2026 J1百年構想リーグ ショートカウンター (チームスタイル指標) | データによってサッカーはもっと輝く | Football LAB,ショートカウンターのサマリー,1,Ｇ大阪,Ｇ大阪,"[""指数"", ""ゴール率"", ""シュート率"", ""ドリブル使用率"", ""ロングパス使用率"", ""空中戦使用率"", ""コンビネーション使用率"", ""20km/h以上の走行平均人数"", ""20km/h以上の走行一人当たりの平均距離""]","[""50"", ""3.3%"", ""18.3%"", ""19.1%"", ""23.2%"", ""6.9%"", ""2.8%"", ""1.5人"", ""20.3m""]"
20260530,20260525,j1,2026,ショートカウンター.html,ショートカウンター (チームスタイル指標),リーグサマリー:2026 J1百年構想リーグ ショートカウンター (チームスタイル指標) | データによってサッカーはもっと輝く | Football LAB,ショートカウンターのサマリー,1,福岡,福岡,"[""指数"", ""ゴール率"", ""シュート率"", ""ドリブル使用率"", ""ロングパス使用率"", ""空中戦使用率"", ""コンビネーション使用率"", ""20km/h以上の走行平均人数"", ""20km/h以上の走行一人当たりの平均距離""]","[""50"", ""2.0%"", ""17.9%"", ""16.7%"", ""22.8%"", ""8.1%"", ""3.3%"", ""1.8人"", ""19.3m""]"
20260530,20260525,j1,2026,ショートカウンター.html,ショートカウンター (チームスタイル指標),リーグサマリー:2026 J1百年構想リーグ ショートカウンター (チームスタイル指標) | データによってサッカーはもっと輝く | Football LAB,ショートカウンターのサマリー,1,町田,町田,"[""指数"", ""ゴール率"", ""シュート率"", ""ドリブル使用率"", ""ロングパス使用率"", ""空中戦使用率"", ""コンビネーション使用率"", ""20km/h以上の走行平均人数"", ""20km/h以上の走行一人当たりの平均距離""]","[""47"", ""2.1%"", ""16.9%"", ""19.9%"", ""19.9%"", ""5.5%"", ""4.2%"", ""1.8人"", ""19.3m""]"
20260530,20260525,j1,2026,ショートカウンター.html,ショートカウンター (チームスタイル指標),リーグサマリー:2026 J1百年構想リーグ ショートカウンター (チームスタイル指標) | データによってサッカーはもっと輝く | Football LAB,ショートカウンターのサマリー,1,長崎,長崎,"[""指数"", ""ゴール率"", ""シュート率"", ""ドリブル使用率"", ""ロングパス使用率"", ""空中戦使用率"", ""コンビネーション使用率"", ""20km/h以上の走行平均人数"", ""20km/h以上の走行一人当たりの平均距離""]","[""42"", ""0.9%"", ""19.8%"", ""13.1%"", ""19.4%"", ""5.4%"", ""4.1%"", ""1.9人"", ""19.7m""]"
20260530,20260525,j1,2026,ショートカウンター.html,ショートカウンター (チームスタイル指標),リーグサマリー:2026 J1百年構想リーグ ショートカウンター (チームスタイル指標) | データによってサッカーはもっと輝く | Football LAB,ショートカウンターのサマリー,1,FC東京,FC東京,"[""指数"", ""ゴール率"", ""シュート率"", ""ドリブル使用率"", ""ロングパス使用率"", ""空中戦使用率"", ""コンビネーション使用率"", ""20km/h以上の走行平均人数"", ""20km/h以上の走行一人当たりの平均距離""]","[""42"", ""1.8%"", ""24.8%"", ""18.9%"", ""15.3%"", ""6.8%"", ""3.6%"", ""2.3人"", ""21.7m""]"
20260530,20260525,j1,2026,ショートカウンター.html,ショートカウンター (チームスタイル指標),リーグサマリー:2026 J1百年構想リーグ ショートカウンター (チームスタイル指標) | データによってサッカーはもっと輝く | Football LAB,ショートカウンターのサマリー,1,柏,柏,"[""指数"", ""ゴール率"", ""シュート率"", ""ドリブル使用率"", ""ロングパス使用率"", ""空中戦使用率"", ""コンビネーション使用率"", ""20km/h以上の走行平均人数"", ""20km/h以上の走行一人当たりの平均距離""]","[""40"", ""1.4%"", ""21.5%"", ""15.4%"", ""10.3%"", ""6.5%"", ""3.3%"", ""1.7人"", ""18.5m""]"
20260530,20260525,j1,2026,ショートカウンター.html,ショートカウンター (チームスタイル指標),リーグサマリー:2026 J1百年構想リーグ ショートカウンター (チームスタイル指標) | データによってサッカーはもっと輝く | Football LAB,ショートカウンターのサマリー,1,川崎Ｆ,川崎Ｆ,"[""指数"", ""ゴール率"", ""シュート率"", ""ドリブル使用率"", ""ロングパス使用率"", ""空中戦使用率"", ""コンビネーション使用率"", ""20km/h以上の走行平均人数"", ""20km/h以上の走行一人当たりの平均距離""]","[""38"", ""2.4%"", ""20.1%"", ""16.7%"", ""13.9%"", ""6.2%"", ""5.3%"", ""1.8人"", ""18.9m""]"
20260530,20260525,j1,2026,ショートカウンター.html,ショートカウンター (チームスタイル指標),リーグサマリー:2026 J1百年構想リーグ ショートカウンター (チームスタイル指標) | データによってサッカーはもっと輝く | Football LAB,ショートカウンターのサマリー,1,浦和,浦和,"[""指数"", ""ゴール率"", ""シュート率"", ""ドリブル使用率"", ""ロングパス使用率"", ""空中戦使用率"", ""コンビネーション使用率"", ""20km/h以上の走行平均人数"", ""20km/h以上の走行一人当たりの平均距離""]","[""37"", ""2.9%"", ""19.6%"", ""17.6%"", ""19.6%"", ""8.3%"", ""2.5%"", ""2.1人"", ""19.4m""]"
20260530,20260525,j1,2026,ショートカウンター.html,ショートカウンター (チームスタイル指標),リーグサマリー:2026 J1百年構想リーグ ショートカウンター (チームスタイル指標) | データによってサッカーはもっと輝く | Football LAB,ショートカウンターのサマリー,1,鹿島,鹿島,"[""指数"", ""ゴール率"", ""シュート率"", ""ドリブル使用率"", ""ロングパス使用率"", ""空中戦使用率"", ""コンビネーション使用率"", ""20km/h以上の走行平均人数"", ""20km/h以上の走行一人当たりの平均距離""]","[""35"", ""3.6%"", ""21.3%"", ""14.7%"", ""11.2%"", ""7.1%"", ""3.0%"", ""2.0人"", ""19.7m""]"
20260530,20260525,j1,2026,ショートカウンター.html,ショートカウンター (チームスタイル指標),リーグサマリー:2026 J1百年構想リーグ ショートカウンター (チームスタイル指標) | データによってサッカーはもっと輝く | Football LAB,ショートカウンターのサマリー,1,千葉,千葉,"[""指数"", ""ゴール率"", ""シュート率"", ""ドリブル使用率"", ""ロングパス使用率"", ""空中戦使用率"", ""コンビネーション使用率"", ""20km/h以上の走行平均人数"", ""20km/h以上の走行一人当たりの平均距離""]","[""34"", ""2.1%"", ""21.5%"", ""20.5%"", ""17.4%"", ""7.2%"", ""1.0%"", ""1.8人"", ""18.6m""]"
20260530,20260525,j1,2026,ショートカウンター.html,ショートカウンター (チームスタイル指標),リーグサマリー:2026 J1百年構想リーグ ショートカウンター (チームスタイル指標) | データによってサッカーはもっと輝く | Football LAB,ショートカウンター (チームスタイル指標),2,鹿島,鹿島,"[""攻撃セットプレー"", ""左サイド攻撃"", ""中央攻撃"", ""右サイド攻撃"", ""ショートカウンター"", ""ロングカウンター"", ""敵陣ポゼッション"", ""自陣ポゼッション""]","[""52"", ""37"", ""51"", ""48"", ""35"", ""35"", ""51"", ""66""]"
20260530,20260525,j1,2026,ショートカウンター.html,ショートカウンター (チームスタイル指標),リーグサマリー:2026 J1百年構想リーグ ショートカウンター (チームスタイル指標) | データによってサッカーはもっと輝く | Football LAB,ショートカウンター (チームスタイル指標),2,FC東京,FC東京,"[""攻撃セットプレー"", ""左サイド攻撃"", ""中央攻撃"", ""右サイド攻撃"", ""ショートカウンター"", ""ロングカウンター"", ""敵陣ポゼッション"", ""自陣ポゼッション""]","[""52"", ""55"", ""60"", ""37"", ""42"", ""55"", ""49"", ""64""]"
20260530,20260525,j1,2026,ショートカウンター.html,ショートカウンター (チームスタイル指標),リーグサマリー:2026 J1百年構想リーグ ショートカウンター (チームスタイル指標) | データによってサッカーはもっと輝く | Football LAB,ショートカウンター (チームスタイル指標),2,町田,町田,"[""攻撃セットプレー"", ""左サイド攻撃"", ""中央攻撃"", ""右サイド攻撃"", ""ショートカウンター"", ""ロングカウンター"", ""敵陣ポゼッション"", ""自陣ポゼッション""]","[""38"", ""49"", ""39"", ""52"", ""47"", ""46"", ""54"", ""50""]"
20260530,20260525,j1,2026,ショートカウンター.html,ショートカウンター (チームスタイル指標),リーグサマリー:2026 J1百年構想リーグ ショートカウンター (チームスタイル指標) | データによってサッカーはもっと輝く | Football LAB,ショートカウンター (チームスタイル指標),2,川崎Ｆ,川崎Ｆ,"[""攻撃セットプレー"", ""左サイド攻撃"", ""中央攻撃"", ""右サイド攻撃"", ""ショートカウンター"", ""ロングカウンター"", ""敵陣ポゼッション"", ""自陣ポゼッション""]","[""39"", ""65"", ""49"", ""39"", ""38"", ""45"", ""69"", ""53""]"
20260530,20260525,j1,2026,ショートカウンター.html,ショートカウンター (チームスタイル指標),リーグサマリー:2026 J1百年構想リーグ ショートカウンター (チームスタイル指標) | データによってサッカーはもっと輝く | Football LAB,ショートカウンター (チームスタイル指標),2,東京Ｖ,東京Ｖ,"[""攻撃セットプレー"", ""左サイド攻撃"", ""中央攻撃"", ""右サイド攻撃"", ""ショートカウンター"", ""ロングカウンター"", ""敵陣ポゼッション"", ""自陣ポゼッション""]","[""47"", ""43"", ""50"", ""45"", ""59"", ""30"", ""36"", ""51""]"
20260530,20260525,j1,2026,ショートカウンター.html,ショートカウンター (チームスタイル指標),リーグサマリー:2026 J1百年構想リーグ ショートカウンター (チームスタイル指標) | データによってサッカーはもっと輝く | Football LAB,ショートカウンター (チームスタイル指標),2,浦和,浦和,"[""攻撃セットプレー"", ""左サイド攻撃"", ""中央攻撃"", ""右サイド攻撃"", ""ショートカウンター"", ""ロングカウンター"", ""敵陣ポゼッション"", ""自陣ポゼッション""]","[""50"", ""37"", ""38"", ""64"", ""37"", ""47"", ""59"", ""51""]"
20260530,20260525,j1,2026,ショートカウンター.html,ショートカウンター (チームスタイル指標),リーグサマリー:2026 J1百年構想リーグ ショートカウンター (チームスタイル指標) | データによってサッカーはもっと輝く | Football LAB,ショートカウンター (チームスタイル指標),2,横浜FM,横浜FM,"[""攻撃セットプレー"", ""左サイド攻撃"", ""中央攻撃"", ""右サイド攻撃"", ""ショートカウンター"", ""ロングカウンター"", ""敵陣ポゼッション"", ""自陣ポゼッション""]","[""55"", ""61"", ""46"", ""55"", ""57"", ""44"", ""43"", ""48""]"
20260530,20260525,j1,2026,ショートカウンター.html,ショートカウンター (チームスタイル指標),リーグサマリー:2026 J1百年構想リーグ ショートカウンター (チームスタイル指標) | データによってサッカーはもっと輝く | Football LAB,ショートカウンター (チームスタイル指標),2,柏,柏,"[""攻撃セットプレー"", ""左サイド攻撃"", ""中央攻撃"", ""右サイド攻撃"", ""ショートカウンター"", ""ロングカウンター"", ""敵陣ポゼッション"", ""自陣ポゼッション""]","[""45"", ""43"", ""55"", ""74"", ""40"", ""45"", ""70"", ""67""]"
20260530,20260525,j1,2026,ショートカウンター.html,ショートカウンター (チームスタイル指標),リーグサマリー:2026 J1百年構想リーグ ショートカウンター (チームスタイル指標) | データによってサッカーはもっと輝く | Football LAB,ショートカウンター (チームスタイル指標),2,水戸,水戸,"[""攻撃セットプレー"", ""左サイド攻撃"", ""中央攻撃"", ""右サイド攻撃"", ""ショートカウンター"", ""ロングカウンター"", ""敵陣ポゼッション"", ""自陣ポゼッション""]","[""38"", ""34"", ""57"", ""48"", ""54"", ""42"", ""51"", ""64""]"
20260530,20260525,j1,2026,ショートカウンター.html,ショートカウンター (チームスタイル指標),リーグサマリー:2026 J1百年構想リーグ ショートカウンター (チームスタイル指標) | データによってサッカーはもっと輝く | Football LAB,ショートカウンター (チームスタイル指標),2,千葉,千葉,"[""攻撃セットプレー"", ""左サイド攻撃"", ""中央攻撃"", ""右サイド攻撃"", ""ショートカウンター"", ""ロングカウンター"", ""敵陣ポゼッション"", ""自陣ポゼッション""]","[""39"", ""51"", ""31"", ""40"", ""34"", ""49"", ""40"", ""59""]"
20260530,20260525,j1,2026,ショートカウンター.html,ショートカウンター (チームスタイル指標),リーグサマリー:2026 J1百年構想リーグ ショートカウンター (チームスタイル指標) | データによってサッカーはもっと輝く | Football LAB,ショートカウンター (チームスタイル指標),2,神戸,神戸,"[""攻撃セットプレー"", ""左サイド攻撃"", ""中央攻撃"", ""右サイド攻撃"", ""ショートカウンター"", ""ロングカウンター"", ""敵陣ポゼッション"", ""自陣ポゼッション""]","[""57"", ""58"", ""57"", ""52"", ""54"", ""48"", ""55"", ""43""]"
20260530,20260525,j1,2026,ショートカウンター.html,ショートカウンター (チームスタイル指標),リーグサマリー:2026 J1百年構想リーグ ショートカウンター (チームスタイル指標) | データによってサッカーはもっと輝く | Football LAB,ショートカウンター (チームスタイル指標),2,Ｃ大阪,Ｃ大阪,"[""攻撃セットプレー"", ""左サイド攻撃"", ""中央攻撃"", ""右サイド攻撃"", ""ショートカウンター"", ""ロングカウンター"", ""敵陣ポゼッション"", ""自陣ポゼッション""]","[""35"", ""44"", ""60"", ""51"", ""50"", ""53"", ""47"", ""52""]"
20260530,20260525,j1,2026,ショートカウンター.html,ショートカウンター (チームスタイル指標),リーグサマリー:2026 J1百年構想リーグ ショートカウンター (チームスタイル指標) | データによってサッカーはもっと輝く | Football LAB,ショートカウンター (チームスタイル指標),2,名古屋,名古屋,"[""攻撃セットプレー"", ""左サイド攻撃"", ""中央攻撃"", ""右サイド攻撃"", ""ショートカウンター"", ""ロングカウンター"", ""敵陣ポゼッション"", ""自陣ポゼッション""]","[""49"", ""46"", ""60"", ""41"", ""57"", ""57"", ""50"", ""53""]"
20260530,20260525,j1,2026,ショートカウンター.html,ショートカウンター (チームスタイル指標),リーグサマリー:2026 J1百年構想リーグ ショートカウンター (チームスタイル指標) | データによってサッカーはもっと輝く | Football LAB,ショートカウンター (チームスタイル指標),2,広島,広島,"[""攻撃セットプレー"", ""左サイド攻撃"", ""中央攻撃"", ""右サイド攻撃"", ""ショートカウンター"", ""ロングカウンター"", ""敵陣ポゼッション"", ""自陣ポゼッション""]","[""78"", ""50"", ""67"", ""63"", ""70"", ""70"", ""58"", ""40""]"
20260530,20260525,j1,2026,ショートカウンター.html,ショートカウンター (チームスタイル指標),リーグサマリー:2026 J1百年構想リーグ ショートカウンター (チームスタイル指標) | データによってサッカーはもっと輝く | Football LAB,ショートカウンター (チームスタイル指標),2,Ｇ大阪,Ｇ大阪,"[""攻撃セットプレー"", ""左サイド攻撃"", ""中央攻撃"", ""右サイド攻撃"", ""ショートカウンター"", ""ロングカウンター"", ""敵陣ポゼッション"", ""自陣ポゼッション""]","[""47"", ""43"", ""60"", ""50"", ""50"", ""56"", ""64"", ""43""]"
20260530,20260525,j1,2026,ショートカウンター.html,ショートカウンター (チームスタイル指標),リーグサマリー:2026 J1百年構想リーグ ショートカウンター (チームスタイル指標) | データによってサッカーはもっと輝く | Football LAB,ショートカウンター (チームスタイル指標),2,岡山,岡山,"[""攻撃セットプレー"", ""左サイド攻撃"", ""中央攻撃"", ""右サイド攻撃"", ""ショートカウンター"", ""ロングカウンター"", ""敵陣ポゼッション"", ""自陣ポゼッション""]","[""53"", ""66"", ""33"", ""50"", ""61"", ""76"", ""34"", ""33""]"
20260530,20260525,j1,2026,ショートカウンター.html,ショートカウンター (チームスタイル指標),リーグサマリー:2026 J1百年構想リーグ ショートカウンター (チームスタイル指標) | データによってサッカーはもっと輝く | Football LAB,ショートカウンター (チームスタイル指標),2,清水,清水,"[""攻撃セットプレー"", ""左サイド攻撃"", ""中央攻撃"", ""右サイド攻撃"", ""ショートカウンター"", ""ロングカウンター"", ""敵陣ポゼッション"", ""自陣ポゼッション""]","[""58"", ""71"", ""51"", ""53"", ""61"", ""50"", ""46"", ""35""]"
20260530,20260525,j1,2026,ショートカウンター.html,ショートカウンター (チームスタイル指標),リーグサマリー:2026 J1百年構想リーグ ショートカウンター (チームスタイル指標) | データによってサッカーはもっと輝く | Football LAB,ショートカウンター (チームスタイル指標),2,京都,京都,"[""攻撃セットプレー"", ""左サイド攻撃"", ""中央攻撃"", ""右サイド攻撃"", ""ショートカウンター"", ""ロングカウンター"", ""敵陣ポゼッション"", ""自陣ポゼッション""]","[""66"", ""50"", ""58"", ""64"", ""61"", ""53"", ""39"", ""41""]"
20260530,20260525,j1,2026,ショートカウンター.html,ショートカウンター (チームスタイル指標),リーグサマリー:2026 J1百年構想リーグ ショートカウンター (チームスタイル指標) | データによってサッカーはもっと輝く | Football LAB,ショートカウンター (チームスタイル指標),2,長崎,長崎,"[""攻撃セットプレー"", ""左サイド攻撃"", ""中央攻撃"", ""右サイド攻撃"", ""ショートカウンター"", ""ロングカウンター"", ""敵陣ポゼッション"", ""自陣ポゼッション""]","[""50"", ""45"", ""42"", ""39"", ""42"", ""52"", ""43"", ""47""]"
20260530,20260525,j1,2026,ショートカウンター.html,ショートカウンター (チームスタイル指標),リーグサマリー:2026 J1百年構想リーグ ショートカウンター (チームスタイル指標) | データによってサッカーはもっと輝く | Football LAB,ショートカウンター (チームスタイル指標),2,福岡,福岡,"[""攻撃セットプレー"", ""左サイド攻撃"", ""中央攻撃"", ""右サイド攻撃"", ""ショートカウンター"", ""ロングカウンター"", ""敵陣ポゼッション"", ""自陣ポゼッション""]","[""52"", ""53"", ""37"", ""35"", ""50"", ""45"", ""45"", ""38""]"
20260530,20260525,j1,2026,ショートカウンター.html,ショートカウンター (チームスタイル指標),リーグサマリー:2026 J1百年構想リーグ ショートカウンター (チームスタイル指標) | データによってサッカーはもっと輝く | Football LAB,ショートカウンター (チームスタイル指標),3,鹿島,鹿島,"[""攻撃セットプレー"", ""左サイド攻撃"", ""中央攻撃"", ""右サイド攻撃"", ""ショートカウンター"", ""ロングカウンター"", ""敵陣ポゼッション"", ""自陣ポゼッション""]","[""27.3%"", ""7.0%"", ""33.9%"", ""14.5%"", ""21.3%"", ""16.4%"", ""17.7%"", ""6.5%""]"
20260530,20260525,j1,2026,ショートカウンター.html,ショートカウンター (チームスタイル指標),リーグサマリー:2026 J1百年構想リーグ ショートカウンター (チームスタイル指標) | データによってサッカーはもっと輝く | Football LAB,ショートカウンター (チームスタイル指標),3,FC東京,FC東京,"[""攻撃セットプレー"", ""左サイド攻撃"", ""中央攻撃"", ""右サイド攻撃"", ""ショートカウンター"", ""ロングカウンター"", ""敵陣ポゼッション"", ""自陣ポゼッション""]","[""27.6%"", ""15.2%"", ""43.1%"", ""14.3%"", ""24.8%"", ""23.4%"", ""23.3%"", ""9.7%""]"
20260530,20260525,j1,2026,ショートカウンター.html,ショートカウンター (チームスタイル指標),リーグサマリー:2026 J1百年構想リーグ ショートカウンター (チームスタイル指標) | データによってサッカーはもっと輝く | Football LAB,ショートカウンター (チームスタイル指標),3,町田,町田,"[""攻撃セットプレー"", ""左サイド攻撃"", ""中央攻撃"", ""右サイド攻撃"", ""ショートカウンター"", ""ロングカウンター"", ""敵陣ポゼッション"", ""自陣ポゼッション""]","[""29.8%"", ""14.0%"", ""29.5%"", ""11.4%"", ""16.9%"", ""12.7%"", ""24.3%"", ""7.1%""]"
20260530,20260525,j1,2026,ショートカウンター.html,ショートカウンター (チームスタイル指標),リーグサマリー:2026 J1百年構想リーグ ショートカウンター (チームスタイル指標) | データによってサッカーはもっと輝く | Football LAB,ショートカウンター (チームスタイル指標),3,川崎Ｆ,川崎Ｆ,"[""攻撃セットプレー"", ""左サイド攻撃"", ""中央攻撃"", ""右サイド攻撃"", ""ショートカウンター"", ""ロングカウンター"", ""敵陣ポゼッション"", ""自陣ポゼッション""]","[""27.6%"", ""13.7%"", ""34.1%"", ""12.4%"", ""20.1%"", ""24.4%"", ""17.9%"", ""8.9%""]"
20260530,20260525,j1,2026,ショートカウンター.html,ショートカウンター (チームスタイル指標),リーグサマリー:2026 J1百年構想リーグ ショートカウンター (チームスタイル指標) | データによってサッカーはもっと輝く | Football LAB,ショートカウンター (チームスタイル指標),3,東京Ｖ,東京Ｖ,"[""攻撃セットプレー"", ""左サイド攻撃"", ""中央攻撃"", ""右サイド攻撃"", ""ショートカウンター"", ""ロングカウンター"", ""敵陣ポゼッション"", ""自陣ポゼッション""]","[""19.2%"", ""11.8%"", ""31.0%"", ""11.6%"", ""20.5%"", ""24.5%"", ""16.7%"", ""5.4%""]"
20260530,20260525,j1,2026,ショートカウンター.html,ショートカウンター (チームスタイル指標),リーグサマリー:2026 J1百年構想リーグ ショートカウンター (チームスタイル指標) | データによってサッカーはもっと輝く | Football LAB,ショートカウンター (チームスタイル指標),3,浦和,浦和,"[""攻撃セットプレー"", ""左サイド攻撃"", ""中央攻撃"", ""右サイド攻撃"", ""ショートカウンター"", ""ロングカウンター"", ""敵陣ポゼッション"", ""自陣ポゼッション""]","[""28.9%"", ""16.2%"", ""40.8%"", ""15.3%"", ""19.6%"", ""17.3%"", ""26.3%"", ""11.3%""]"
20260530,20260525,j1,2026,ショートカウンター.html,ショートカウンター (チームスタイル指標),リーグサマリー:2026 J1百年構想リーグ ショートカウンター (チームスタイル指標) | データによってサッカーはもっと輝く | Football LAB,ショートカウンター (チームスタイル指標),3,横浜FM,横浜FM,"[""攻撃セットプレー"", ""左サイド攻撃"", ""中央攻撃"", ""右サイド攻撃"", ""ショートカウンター"", ""ロングカウンター"", ""敵陣ポゼッション"", ""自陣ポゼッション""]","[""22.1%"", ""13.6%"", ""36.7%"", ""9.9%"", ""19.4%"", ""17.1%"", ""16.4%"", ""6.0%""]"
20260530,20260525,j1,2026,ショートカウンター.html,ショートカウンター (チームスタイル指標),リーグサマリー:2026 J1百年構想リーグ ショートカウンター (チームスタイル指標) | データによってサッカーはもっと輝く | Football LAB,ショートカウンター (チームスタイル指標),3,柏,柏,"[""攻撃セットプレー"", ""左サイド攻撃"", ""中央攻撃"", ""右サイド攻撃"", ""ショートカウンター"", ""ロングカウンター"", ""敵陣ポゼッション"", ""自陣ポゼッション""]","[""19.1%"", ""11.9%"", ""37.4%"", ""13.5%"", ""21.5%"", ""16.7%"", ""19.7%"", ""8.4%""]"
20260530,20260525,j1,2026,ショートカウンター.html,ショートカウンター (チームスタイル指標),リーグサマリー:2026 J1百年構想リーグ ショートカウンター (チームスタイル指標) | データによってサッカーはもっと輝く | Football LAB,ショートカウンター (チームスタイル指標),3,水戸,水戸,"[""攻撃セットプレー"", ""左サイド攻撃"", ""中央攻撃"", ""右サイド攻撃"", ""ショートカウンター"", ""ロングカウンター"", ""敵陣ポゼッション"", ""自陣ポゼッション""]","[""21.5%"", ""19.4%"", ""32.1%"", ""8.1%"", ""20.8%"", ""15.3%"", ""24.2%"", ""6.4%""]"
20260530,20260525,j1,2026,ショートカウンター.html,ショートカウンター (チームスタイル指標),リーグサマリー:2026 J1百年構想リーグ ショートカウンター (チームスタイル指標) | データによってサッカーはもっと輝く | Football LAB,ショートカウンター (チームスタイル指標),3,千葉,千葉,"[""攻撃セットプレー"", ""左サイド攻撃"", ""中央攻撃"", ""右サイド攻撃"", ""ショートカウンター"", ""ロングカウンター"", ""敵陣ポゼッション"", ""自陣ポゼッション""]","[""27.3%"", ""14.1%"", ""35.6%"", ""15.4%"", ""21.5%"", ""18.1%"", ""21.5%"", ""5.2%""]"
20260530,20260525,j1,2026,ショートカウンター.html,ショートカウンター (チームスタイル指標),リーグサマリー:2026 J1百年構想リーグ ショートカウンター (チームスタイル指標) | データによってサッカーはもっと輝く | Football LAB,ショートカウンター (チームスタイル指標),3,神戸,神戸,"[""攻撃セットプレー"", ""左サイド攻撃"", ""中央攻撃"", ""右サイド攻撃"", ""ショートカウンター"", ""ロングカウンター"", ""敵陣ポゼッション"", ""自陣ポゼッション""]","[""30.9%"", ""12.6%"", ""25.3%"", ""10.9%"", ""15.2%"", ""14.6%"", ""18.7%"", ""5.8%""]"
20260530,20260525,j1,2026,ショートカウンター.html,ショートカウンター (チームスタイル指標),リーグサマリー:2026 J1百年構想リーグ ショートカウンター (チームスタイル指標) | データによってサッカーはもっと輝く | Football LAB,ショートカウンター (チームスタイル指標),3,Ｃ大阪,Ｃ大阪,"[""攻撃セットプレー"", ""左サイド攻撃"", ""中央攻撃"", ""右サイド攻撃"", ""ショートカウンター"", ""ロングカウンター"", ""敵陣ポゼッション"", ""自陣ポゼッション""]","[""20.9%"", ""14.5%"", ""43.4%"", ""13.9%"", ""24.7%"", ""16.7%"", ""22.6%"", ""3.9%""]"
20260530,20260525,j1,2026,ショートカウンター.html,ショートカウンター (チームスタイル指標),リーグサマリー:2026 J1百年構想リーグ ショートカウンター (チームスタイル指標) | データによってサッカーはもっと輝く | Football LAB,ショートカウンター (チームスタイル指標),3,名古屋,名古屋,"[""攻撃セットプレー"", ""左サイド攻撃"", ""中央攻撃"", ""右サイド攻撃"", ""ショートカウンター"", ""ロングカウンター"", ""敵陣ポゼッション"", ""自陣ポゼッション""]","[""27.9%"", ""19.3%"", ""31.5%"", ""13.8%"", ""15.6%"", ""21.6%"", ""23.4%"", ""6.9%""]"
20260530,20260525,j1,2026,ショートカウンター.html,ショートカウンター (チームスタイル指標),リーグサマリー:2026 J1百年構想リーグ ショートカウンター (チームスタイル指標) | データによってサッカーはもっと輝く | Football LAB,ショートカウンター (チームスタイル指標),3,広島,広島,"[""攻撃セットプレー"", ""左サイド攻撃"", ""中央攻撃"", ""右サイド攻撃"", ""ショートカウンター"", ""ロングカウンター"", ""敵陣ポゼッション"", ""自陣ポゼッション""]","[""27.6%"", ""16.0%"", ""32.2%"", ""15.6%"", ""15.9%"", ""15.1%"", ""30.2%"", ""7.0%""]"
20260530,20260525,j1,2026,ショートカウンター.html,ショートカウンター (チームスタイル指標),リーグサマリー:2026 J1百年構想リーグ ショートカウンター (チームスタイル指標) | データによってサッカーはもっと輝く | Football LAB,ショートカウンター (チームスタイル指標),3,Ｇ大阪,Ｇ大阪,"[""攻撃セットプレー"", ""左サイド攻撃"", ""中央攻撃"", ""右サイド攻撃"", ""ショートカウンター"", ""ロングカウンター"", ""敵陣ポゼッション"", ""自陣ポゼッション""]","[""23.5%"", ""17.5%"", ""33.5%"", ""10.6%"", ""18.3%"", ""17.9%"", ""25.0%"", ""10.5%""]"
20260530,20260525,j1,2026,ショートカウンター.html,ショートカウンター (チームスタイル指標),リーグサマリー:2026 J1百年構想リーグ ショートカウンター (チームスタイル指標) | データによってサッカーはもっと輝く | Football LAB,ショートカウンター (チームスタイル指標),3,岡山,岡山,"[""攻撃セットプレー"", ""左サイド攻撃"", ""中央攻撃"", ""右サイド攻撃"", ""ショートカウンター"", ""ロングカウンター"", ""敵陣ポゼッション"", ""自陣ポゼッション""]","[""25.8%"", ""13.0%"", ""28.1%"", ""12.4%"", ""14.6%"", ""13.3%"", ""18.4%"", ""18.0%""]"
20260530,20260525,j1,2026,ショートカウンター.html,ショートカウンター (チームスタイル指標),リーグサマリー:2026 J1百年構想リーグ ショートカウンター (チームスタイル指標) | データによってサッカーはもっと輝く | Football LAB,ショートカウンター (チームスタイル指標),3,清水,清水,"[""攻撃セットプレー"", ""左サイド攻撃"", ""中央攻撃"", ""右サイド攻撃"", ""ショートカウンター"", ""ロングカウンター"", ""敵陣ポゼッション"", ""自陣ポゼッション""]","[""19.8%"", ""9.8%"", ""32.2%"", ""5.9%"", ""12.5%"", ""7.1%"", ""19.3%"", ""5.0%""]"
20260530,20260525,j1,2026,ショートカウンター.html,ショートカウンター (チームスタイル指標),リーグサマリー:2026 J1百年構想リーグ ショートカウンター (チームスタイル指標) | データによってサッカーはもっと輝く | Football LAB,ショートカウンター (チームスタイル指標),3,京都,京都,"[""攻撃セットプレー"", ""左サイド攻撃"", ""中央攻撃"", ""右サイド攻撃"", ""ショートカウンター"", ""ロングカウンター"", ""敵陣ポゼッション"", ""自陣ポゼッション""]","[""21.8%"", ""10.9%"", ""36.5%"", ""13.6%"", ""16.0%"", ""18.7%"", ""25.0%"", ""7.8%""]"
20260530,20260525,j1,2026,ショートカウンター.html,ショートカウンター (チームスタイル指標),リーグサマリー:2026 J1百年構想リーグ ショートカウンター (チームスタイル指標) | データによってサッカーはもっと輝く | Football LAB,ショートカウンター (チームスタイル指標),3,長崎,長崎,"[""攻撃セットプレー"", ""左サイド攻撃"", ""中央攻撃"", ""右サイド攻撃"", ""ショートカウンター"", ""ロングカウンター"", ""敵陣ポゼッション"", ""自陣ポゼッション""]","[""21.5%"", ""13.9%"", ""37.6%"", ""7.6%"", ""19.8%"", ""18.0%"", ""21.6%"", ""6.4%""]"
20260530,20260525,j1,2026,ショートカウンター.html,ショートカウンター (チームスタイル指標),リーグサマリー:2026 J1百年構想リーグ ショートカウンター (チームスタイル指標) | データによってサッカーはもっと輝く | Football LAB,ショートカウンター (チームスタイル指標),3,福岡,福岡,"[""攻撃セットプレー"", ""左サイド攻撃"", ""中央攻撃"", ""右サイド攻撃"", ""ショートカウンター"", ""ロングカウンター"", ""敵陣ポゼッション"", ""自陣ポゼッション""]","[""26.1%"", ""8.4%"", ""34.9%"", ""9.9%"", ""17.9%"", ""6.4%"", ""21.5%"", ""2.7%""]"
20260530,20260525,j1,2026,セーブ.html,チャンスビルディングポイント セーブポイント ランキング,リーグサマリー:2026 J1百年構想リーグ チャンスビルディングポイント セーブポイント ランキング | データによってサッカーはもっと輝く | Football LAB,チャンスビルディングポイント セーブポイント ランキング,1,長崎,長崎,"[""セーブポイント"", ""試合平均"", ""最近5試合"", ""順位"", ""勝点"", ""得点"", ""失点""]","[""12.32"", ""0.68"", ""5.95"", ""9"", ""21"", ""20"", ""28""]"
20260530,20260525,j1,2026,セーブ.html,チャンスビルディングポイント セーブポイント ランキング,リーグサマリー:2026 J1百年構想リーグ チャンスビルディングポイント セーブポイント ランキング | データによってサッカーはもっと輝く | Football LAB,チャンスビルディングポイント セーブポイント ランキング,1,Ｃ大阪,Ｃ大阪,"[""セーブポイント"", ""試合平均"", ""最近5試合"", ""順位"", ""勝点"", ""得点"", ""失点""]","[""12.23"", ""0.68"", ""3.38"", ""2"", ""31"", ""26"", ""19""]"
20260530,20260525,j1,2026,セーブ.html,チャンスビルディングポイント セーブポイント ランキング,リーグサマリー:2026 J1百年構想リーグ チャンスビルディングポイント セーブポイント ランキング | データによってサッカーはもっと輝く | Football LAB,チャンスビルディングポイント セーブポイント ランキング,1,Ｇ大阪,Ｇ大阪,"[""セーブポイント"", ""試合平均"", ""最近5試合"", ""順位"", ""勝点"", ""得点"", ""失点""]","[""11.26"", ""0.63"", ""3.70"", ""5"", ""28"", ""26"", ""22""]"
20260530,20260525,j1,2026,セーブ.html,チャンスビルディングポイント セーブポイント ランキング,リーグサマリー:2026 J1百年構想リーグ チャンスビルディングポイント セーブポイント ランキング | データによってサッカーはもっと輝く | Football LAB,チャンスビルディングポイント セーブポイント ランキング,1,名古屋,名古屋,"[""セーブポイント"", ""試合平均"", ""最近5試合"", ""順位"", ""勝点"", ""得点"", ""失点""]","[""8.87"", ""0.49"", ""2.65"", ""3"", ""31"", ""31"", ""28""]"
20260530,20260525,j1,2026,セーブ.html,チャンスビルディングポイント セーブポイント ランキング,リーグサマリー:2026 J1百年構想リーグ チャンスビルディングポイント セーブポイント ランキング | データによってサッカーはもっと輝く | Football LAB,チャンスビルディングポイント セーブポイント ランキング,1,神戸,神戸,"[""セーブポイント"", ""試合平均"", ""最近5試合"", ""順位"", ""勝点"", ""得点"", ""失点""]","[""8.01"", ""0.44"", ""3.24"", ""1"", ""35"", ""27"", ""21""]"
20260530,20260525,j1,2026,セーブ.html,チャンスビルディングポイント セーブポイント ランキング,リーグサマリー:2026 J1百年構想リーグ チャンスビルディングポイント セーブポイント ランキング | データによってサッカーはもっと輝く | Football LAB,チャンスビルディングポイント セーブポイント ランキング,1,清水,清水,"[""セーブポイント"", ""試合平均"", ""最近5試合"", ""順位"", ""勝点"", ""得点"", ""失点""]","[""7.55"", ""0.42"", ""1.16"", ""7"", ""24"", ""19"", ""21""]"
20260530,20260525,j1,2026,セーブ.html,チャンスビルディングポイント セーブポイント ランキング,リーグサマリー:2026 J1百年構想リーグ チャンスビルディングポイント セーブポイント ランキング | データによってサッカーはもっと輝く | Football LAB,チャンスビルディングポイント セーブポイント ランキング,1,千葉,千葉,"[""セーブポイント"", ""試合平均"", ""最近5試合"", ""順位"", ""勝点"", ""得点"", ""失点""]","[""7.53"", ""0.42"", ""2.24"", ""10"", ""12"", ""18"", ""31""]"
20260530,20260525,j1,2026,セーブ.html,チャンスビルディングポイント セーブポイント ランキング,リーグサマリー:2026 J1百年構想リーグ チャンスビルディングポイント セーブポイント ランキング | データによってサッカーはもっと輝く | Football LAB,チャンスビルディングポイント セーブポイント ランキング,1,京都,京都,"[""セーブポイント"", ""試合平均"", ""最近5試合"", ""順位"", ""勝点"", ""得点"", ""失点""]","[""7.45"", ""0.41"", ""1.05"", ""8"", ""23"", ""19"", ""26""]"
20260530,20260525,j1,2026,セーブ.html,チャンスビルディングポイント セーブポイント ランキング,リーグサマリー:2026 J1百年構想リーグ チャンスビルディングポイント セーブポイント ランキング | データによってサッカーはもっと輝く | Football LAB,チャンスビルディングポイント セーブポイント ランキング,1,鹿島,鹿島,"[""セーブポイント"", ""試合平均"", ""最近5試合"", ""順位"", ""勝点"", ""得点"", ""失点""]","[""7.40"", ""0.41"", ""1.65"", ""1"", ""45"", ""29"", ""9""]"
20260530,20260525,j1,2026,セーブ.html,チャンスビルディングポイント セーブポイント ランキング,リーグサマリー:2026 J1百年構想リーグ チャンスビルディングポイント セーブポイント ランキング | データによってサッカーはもっと輝く | Football LAB,チャンスビルディングポイント セーブポイント ランキング,1,岡山,岡山,"[""セーブポイント"", ""試合平均"", ""最近5試合"", ""順位"", ""勝点"", ""得点"", ""失点""]","[""7.18"", ""0.40"", ""2.06"", ""6"", ""26"", ""24"", ""25""]"
20260530,20260525,j1,2026,セーブ.html,チャンスビルディングポイント セーブポイント ランキング,リーグサマリー:2026 J1百年構想リーグ チャンスビルディングポイント セーブポイント ランキング | データによってサッカーはもっと輝く | Football LAB,チャンスビルディングポイント セーブポイント ランキング,1,川崎Ｆ,川崎Ｆ,"[""セーブポイント"", ""試合平均"", ""最近5試合"", ""順位"", ""勝点"", ""得点"", ""失点""]","[""6.46"", ""0.36"", ""1.64"", ""4"", ""28"", ""23"", ""27""]"
20260530,20260525,j1,2026,セーブ.html,チャンスビルディングポイント セーブポイント ランキング,リーグサマリー:2026 J1百年構想リーグ チャンスビルディングポイント セーブポイント ランキング | データによってサッカーはもっと輝く | Football LAB,チャンスビルディングポイント セーブポイント ランキング,1,横浜FM,横浜FM,"[""セーブポイント"", ""試合平均"", ""最近5試合"", ""順位"", ""勝点"", ""得点"", ""失点""]","[""6.43"", ""0.36"", ""1.67"", ""7"", ""20"", ""28"", ""29""]"
20260530,20260525,j1,2026,セーブ.html,チャンスビルディングポイント セーブポイント ランキング,リーグサマリー:2026 J1百年構想リーグ チャンスビルディングポイント セーブポイント ランキング | データによってサッカーはもっと輝く | Football LAB,チャンスビルディングポイント セーブポイント ランキング,1,水戸,水戸,"[""セーブポイント"", ""試合平均"", ""最近5試合"", ""順位"", ""勝点"", ""得点"", ""失点""]","[""5.83"", ""0.32"", ""1.68"", ""9"", ""18"", ""19"", ""35""]"
20260530,20260525,j1,2026,セーブ.html,チャンスビルディングポイント セーブポイント ランキング,リーグサマリー:2026 J1百年構想リーグ チャンスビルディングポイント セーブポイント ランキング | データによってサッカーはもっと輝く | Football LAB,チャンスビルディングポイント セーブポイント ランキング,1,広島,広島,"[""セーブポイント"", ""試合平均"", ""最近5試合"", ""順位"", ""勝点"", ""得点"", ""失点""]","[""5.73"", ""0.32"", ""2.40"", ""4"", ""30"", ""29"", ""21""]"
20260530,20260525,j1,2026,セーブ.html,チャンスビルディングポイント セーブポイント ランキング,リーグサマリー:2026 J1百年構想リーグ チャンスビルディングポイント セーブポイント ランキング | データによってサッカーはもっと輝く | Football LAB,チャンスビルディングポイント セーブポイント ランキング,1,東京Ｖ,東京Ｖ,"[""セーブポイント"", ""試合平均"", ""最近5試合"", ""順位"", ""勝点"", ""得点"", ""失点""]","[""5.66"", ""0.31"", ""0.90"", ""5"", ""28"", ""19"", ""25""]"
20260530,20260525,j1,2026,セーブ.html,チャンスビルディングポイント セーブポイント ランキング,リーグサマリー:2026 J1百年構想リーグ チャンスビルディングポイント セーブポイント ランキング | データによってサッカーはもっと輝く | Football LAB,チャンスビルディングポイント セーブポイント ランキング,1,浦和,浦和,"[""セーブポイント"", ""試合平均"", ""最近5試合"", ""順位"", ""勝点"", ""得点"", ""失点""]","[""5.54"", ""0.31"", ""1.15"", ""6"", ""25"", ""25"", ""18""]"
20260530,20260525,j1,2026,セーブ.html,チャンスビルディングポイント セーブポイント ランキング,リーグサマリー:2026 J1百年構想リーグ チャンスビルディングポイント セーブポイント ランキング | データによってサッカーはもっと輝く | Football LAB,チャンスビルディングポイント セーブポイント ランキング,1,柏,柏,"[""セーブポイント"", ""試合平均"", ""最近5試合"", ""順位"", ""勝点"", ""得点"", ""失点""]","[""5.43"", ""0.30"", ""1.60"", ""8"", ""20"", ""21"", ""24""]"
20260530,20260525,j1,2026,セーブ.html,チャンスビルディングポイント セーブポイント ランキング,リーグサマリー:2026 J1百年構想リーグ チャンスビルディングポイント セーブポイント ランキング | データによってサッカーはもっと輝く | Football LAB,チャンスビルディングポイント セーブポイント ランキング,1,福岡,福岡,"[""セーブポイント"", ""試合平均"", ""最近5試合"", ""順位"", ""勝点"", ""得点"", ""失点""]","[""5.34"", ""0.30"", ""1.09"", ""10"", ""21"", ""17"", ""27""]"
20260530,20260525,j1,2026,セーブ.html,チャンスビルディングポイント セーブポイント ランキング,リーグサマリー:2026 J1百年構想リーグ チャンスビルディングポイント セーブポイント ランキング | データによってサッカーはもっと輝く | Football LAB,チャンスビルディングポイント セーブポイント ランキング,1,町田,町田,"[""セーブポイント"", ""試合平均"", ""最近5試合"", ""順位"", ""勝点"", ""得点"", ""失点""]","[""5.04"", ""0.28"", ""1.35"", ""3"", ""37"", ""23"", ""19""]"
20260530,20260525,j1,2026,セーブ.html,チャンスビルディングポイント セーブポイント ランキング,リーグサマリー:2026 J1百年構想リーグ チャンスビルディングポイント セーブポイント ランキング | データによってサッカーはもっと輝く | Football LAB,チャンスビルディングポイント セーブポイント ランキング,1,FC東京,FC東京,"[""セーブポイント"", ""試合平均"", ""最近5試合"", ""順位"", ""勝点"", ""得点"", ""失点""]","[""4.79"", ""0.27"", ""0.28"", ""2"", ""37"", ""28"", ""16""]"
20260530,20260525,j1,2026,セーブ.html,チャンスビルディングポイント セーブポイント ランキング,リーグサマリー:2026 J1百年構想リーグ チャンスビルディングポイント セーブポイント ランキング | データによってサッカーはもっと輝く | Football LAB,チャンスビルディングポイント セーブポイント ランキング,2,中村 航輔,中村航輔,"[""セーブポイント"", ""90分平均"", ""最近5試合"", ""出場試合"", ""攻撃CBP"", ""奪取P""]","["""", ""9.99"", ""0.67"", ""2.22"", ""15"", ""5.76"", ""18.29""]"
20260530,20260525,j1,2026,セーブ.html,チャンスビルディングポイント セーブポイント ランキング,リーグサマリー:2026 J1百年構想リーグ チャンスビルディングポイント セーブポイント ランキング | データによってサッカーはもっと輝く | Football LAB,チャンスビルディングポイント セーブポイント ランキング,2,後藤 雅明,後藤雅明,"[""セーブポイント"", ""90分平均"", ""最近5試合"", ""出場試合"", ""攻撃CBP"", ""奪取P""]","["""", ""8.11"", ""0.58"", ""2.94"", ""14"", ""5.75"", ""16.22""]"
20260530,20260525,j1,2026,セーブ.html,チャンスビルディングポイント セーブポイント ランキング,リーグサマリー:2026 J1百年構想リーグ チャンスビルディングポイント セーブポイント ランキング | データによってサッカーはもっと輝く | Football LAB,チャンスビルディングポイント セーブポイント ランキング,2,早川 友基,早川友基,"[""セーブポイント"", ""90分平均"", ""最近5試合"", ""出場試合"", ""攻撃CBP"", ""奪取P""]","["""", ""7.23"", ""0.43"", ""1.48"", ""17"", ""9.69"", ""23.94""]"
20260530,20260525,j1,2026,セーブ.html,チャンスビルディングポイント セーブポイント ランキング,リーグサマリー:2026 J1百年構想リーグ チャンスビルディングポイント セーブポイント ランキング | データによってサッカーはもっと輝く | Football LAB,チャンスビルディングポイント セーブポイント ランキング,2,太田 岳志,太田岳志,"[""セーブポイント"", ""90分平均"", ""最近5試合"", ""出場試合"", ""攻撃CBP"", ""奪取P""]","["""", ""6.88"", ""0.43"", ""0.48"", ""16"", ""4.51"", ""19.95""]"
20260530,20260525,j1,2026,セーブ.html,チャンスビルディングポイント セーブポイント ランキング,リーグサマリー:2026 J1百年構想リーグ チャンスビルディングポイント セーブポイント ランキング | データによってサッカーはもっと輝く | Football LAB,チャンスビルディングポイント セーブポイント ランキング,2,シュミット ダニエル,シュミットダニエル,"[""セーブポイント"", ""90分平均"", ""最近5試合"", ""出場試合"", ""攻撃CBP"", ""奪取P""]","["""", ""6.56"", ""0.44"", ""1.63"", ""15"", ""7.00"", ""27.30""]"
20260530,20260525,j1,2026,セーブ.html,チャンスビルディングポイント セーブポイント ランキング,リーグサマリー:2026 J1百年構想リーグ チャンスビルディングポイント セーブポイント ランキング | データによってサッカーはもっと輝く | Football LAB,チャンスビルディングポイント セーブポイント ランキング,2,東口 順昭,東口順昭,"[""セーブポイント"", ""90分平均"", ""最近5試合"", ""出場試合"", ""攻撃CBP"", ""奪取P""]","["""", ""6.07"", ""0.55"", ""0.00"", ""11"", ""2.39"", ""17.37""]"
20260530,20260525,j1,2026,セーブ.html,チャンスビルディングポイント セーブポイント ランキング,リーグサマリー:2026 J1百年構想リーグ チャンスビルディングポイント セーブポイント ランキング | データによってサッカーはもっと輝く | Football LAB,チャンスビルディングポイント セーブポイント ランキング,2,梅田 透吾,梅田透吾,"[""セーブポイント"", ""90分平均"", ""最近5試合"", ""出場試合"", ""攻撃CBP"", ""奪取P""]","["""", ""5.81"", ""0.51"", ""0.52"", ""12"", ""4.74"", ""14.20""]"
20260530,20260525,j1,2026,セーブ.html,チャンスビルディングポイント セーブポイント ランキング,リーグサマリー:2026 J1百年構想リーグ チャンスビルディングポイント セーブポイント ランキング | データによってサッカーはもっと輝く | Football LAB,チャンスビルディングポイント セーブポイント ランキング,2,スベンド ブローダーセン,スベンドブローダーセン,"[""セーブポイント"", ""90分平均"", ""最近5試合"", ""出場試合"", ""攻撃CBP"", ""奪取P""]","["""", ""5.71"", ""0.38"", ""0.89"", ""15"", ""5.32"", ""17.91""]"
20260530,20260525,j1,2026,セーブ.html,チャンスビルディングポイント セーブポイント ランキング,リーグサマリー:2026 J1百年構想リーグ チャンスビルディングポイント セーブポイント ランキング | データによってサッカーはもっと輝く | Football LAB,チャンスビルディングポイント セーブポイント ランキング,2,西川 周作,西川周作,"[""セーブポイント"", ""90分平均"", ""最近5試合"", ""出場試合"", ""攻撃CBP"", ""奪取P""]","["""", ""5.54"", ""0.31"", ""1.15"", ""18"", ""6.82"", ""22.56""]"
20260530,20260525,j1,2026,セーブ.html,チャンスビルディングポイント セーブポイント ランキング,リーグサマリー:2026 J1百年構想リーグ チャンスビルディングポイント セーブポイント ランキング | データによってサッカーはもっと輝く | Football LAB,チャンスビルディングポイント セーブポイント ランキング,2,長沢 祐弥,長沢祐弥,"[""セーブポイント"", ""90分平均"", ""最近5試合"", ""出場試合"", ""攻撃CBP"", ""奪取P""]","["""", ""5.30"", ""0.50"", ""0.61"", ""11"", ""3.86"", ""14.89""]"
20260530,20260525,j1,2026,セーブ.html,チャンスビルディングポイント セーブポイント ランキング,リーグサマリー:2026 J1百年構想リーグ チャンスビルディングポイント セーブポイント ランキング | データによってサッカーはもっと輝く | Football LAB,チャンスビルディングポイント セーブポイント ランキング,2,西川 幸之介,西川幸之介,"[""セーブポイント"", ""90分平均"", ""最近5試合"", ""出場試合"", ""攻撃CBP"", ""奪取P""]","["""", ""5.30"", ""0.31"", ""1.68"", ""17"", ""9.22"", ""30.87""]"
20260530,20260525,j1,2026,セーブ.html,チャンスビルディングポイント セーブポイント ランキング,リーグサマリー:2026 J1百年構想リーグ チャンスビルディングポイント セーブポイント ランキング | データによってサッカーはもっと輝く | Football LAB,チャンスビルディングポイント セーブポイント ランキング,2,荒木 琉偉,荒木琉偉,"[""セーブポイント"", ""90分平均"", ""最近5試合"", ""出場試合"", ""攻撃CBP"", ""奪取P""]","["""", ""5.19"", ""0.74"", ""3.70"", ""7"", ""1.54"", ""8.35""]"
20260530,20260525,j1,2026,セーブ.html,チャンスビルディングポイント セーブポイント ランキング,リーグサマリー:2026 J1百年構想リーグ チャンスビルディングポイント セーブポイント ランキング | データによってサッカーはもっと輝く | Football LAB,チャンスビルディングポイント セーブポイント ランキング,2,谷 晃生,谷晃生,"[""セーブポイント"", ""90分平均"", ""最近5試合"", ""出場試合"", ""攻撃CBP"", ""奪取P""]","["""", ""5.04"", ""0.28"", ""1.35"", ""18"", ""8.67"", ""28.32""]"
20260530,20260525,j1,2026,セーブ.html,チャンスビルディングポイント セーブポイント ランキング,リーグサマリー:2026 J1百年構想リーグ チャンスビルディングポイント セーブポイント ランキング | データによってサッカーはもっと輝く | Football LAB,チャンスビルディングポイント セーブポイント ランキング,2,大迫 敬介,大迫敬介,"[""セーブポイント"", ""90分平均"", ""最近5試合"", ""出場試合"", ""攻撃CBP"", ""奪取P""]","["""", ""4.68"", ""0.29"", ""1.35"", ""16"", ""6.13"", ""22.61""]"
20260530,20260525,j1,2026,セーブ.html,チャンスビルディングポイント セーブポイント ランキング,リーグサマリー:2026 J1百年構想リーグ チャンスビルディングポイント セーブポイント ランキング | データによってサッカーはもっと輝く | Football LAB,チャンスビルディングポイント セーブポイント ランキング,2,小島 亨介,小島亨介,"[""セーブポイント"", ""90分平均"", ""最近5試合"", ""出場試合"", ""攻撃CBP"", ""奪取P""]","["""", ""4.55"", ""0.30"", ""1.60"", ""15"", ""4.60"", ""13.40""]"
20260530,20260525,j1,2026,セーブ.html,チャンスビルディングポイント セーブポイント ランキング,リーグサマリー:2026 J1百年構想リーグ チャンスビルディングポイント セーブポイント ランキング | データによってサッカーはもっと輝く | Football LAB,チャンスビルディングポイント セーブポイント ランキング,2,キム スンギュ,キムスンギュ,"[""セーブポイント"", ""90分平均"", ""最近5試合"", ""出場試合"", ""攻撃CBP"", ""奪取P""]","["""", ""4.42"", ""0.28"", ""0.28"", ""16"", ""6.55"", ""30.49""]"
20260530,20260525,j1,2026,セーブ.html,チャンスビルディングポイント セーブポイント ランキング,リーグサマリー:2026 J1百年構想リーグ チャンスビルディングポイント セーブポイント ランキング | データによってサッカーはもっと輝く | Football LAB,チャンスビルディングポイント セーブポイント ランキング,2,前川 黛也,前川黛也,"[""セーブポイント"", ""90分平均"", ""最近5試合"", ""出場試合"", ""攻撃CBP"", ""奪取P""]","["""", ""4.23"", ""0.33"", ""0.75"", ""13"", ""5.69"", ""23.54""]"
20260530,20260525,j1,2026,セーブ.html,チャンスビルディングポイント セーブポイント ランキング,リーグサマリー:2026 J1百年構想リーグ チャンスビルディングポイント セーブポイント ランキング | データによってサッカーはもっと輝く | Football LAB,チャンスビルディングポイント セーブポイント ランキング,2,波多野 豪,波多野豪,"[""セーブポイント"", ""90分平均"", ""最近5試合"", ""出場試合"", ""攻撃CBP"", ""奪取P""]","["""", ""4.21"", ""1.05"", ""3.01"", ""4"", ""1.30"", ""6.75""]"
20260530,20260525,j1,2026,セーブ.html,チャンスビルディングポイント セーブポイント ランキング,リーグサマリー:2026 J1百年構想リーグ チャンスビルディングポイント セーブポイント ランキング | データによってサッカーはもっと輝く | Football LAB,チャンスビルディングポイント セーブポイント ランキング,2,濵田 太郎,濵田太郎,"[""セーブポイント"", ""90分平均"", ""最近5試合"", ""出場試合"", ""攻撃CBP"", ""奪取P""]","["""", ""3.78"", ""0.47"", ""1.95"", ""8"", ""1.70"", ""9.13""]"
20260530,20260525,j1,2026,セーブ.html,チャンスビルディングポイント セーブポイント ランキング,リーグサマリー:2026 J1百年構想リーグ チャンスビルディングポイント セーブポイント ランキング | データによってサッカーはもっと輝く | Football LAB,チャンスビルディングポイント セーブポイント ランキング,2,権田 修一,権田修一,"[""セーブポイント"", ""90分平均"", ""最近5試合"", ""出場試合"", ""攻撃CBP"", ""奪取P""]","["""", ""3.78"", ""0.75"", ""2.48"", ""6"", ""2.90"", ""8.64""]"
20260530,20260525,j1,2026,セーブ.html,チャンスビルディングポイント セーブポイント ランキング,リーグサマリー:2026 J1百年構想リーグ チャンスビルディングポイント セーブポイント ランキング | データによってサッカーはもっと輝く | Football LAB,チャンスビルディングポイント セーブポイント ランキング,2,若原 智哉,若原智哉,"[""セーブポイント"", ""90分平均"", ""最近5試合"", ""出場試合"", ""攻撃CBP"", ""奪取P""]","["""", ""3.71"", ""0.37"", ""0.53"", ""10"", ""4.34"", ""12.11""]"
20260530,20260525,j1,2026,セーブ.html,チャンスビルディングポイント セーブポイント ランキング,リーグサマリー:2026 J1百年構想リーグ チャンスビルディングポイント セーブポイント ランキング | データによってサッカーはもっと輝く | Football LAB,チャンスビルディングポイント セーブポイント ランキング,2,木村 凌也,木村凌也,"[""セーブポイント"", ""90分平均"", ""最近5試合"", ""出場試合"", ""攻撃CBP"", ""奪取P""]","["""", ""3.71"", ""0.43"", ""0.00"", ""9"", ""4.29"", ""17.74""]"
20260530,20260525,j1,2026,セーブ.html,チャンスビルディングポイント セーブポイント ランキング,リーグサマリー:2026 J1百年構想リーグ チャンスビルディングポイント セーブポイント ランキング | データによってサッカーはもっと輝く | Football LAB,チャンスビルディングポイント セーブポイント ランキング,2,レナート モーザー,レナートモーザー,"[""セーブポイント"", ""90分平均"", ""最近5試合"", ""出場試合"", ""攻撃CBP"", ""奪取P""]","["""", ""3.40"", ""0.34"", ""0.11"", ""10"", ""2.23"", ""13.98""]"
20260530,20260525,j1,2026,セーブ.html,チャンスビルディングポイント セーブポイント ランキング,リーグサマリー:2026 J1百年構想リーグ チャンスビルディングポイント セーブポイント ランキング | データによってサッカーはもっと輝く | Football LAB,チャンスビルディングポイント セーブポイント ランキング,2,藤田 和輝,藤田和輝,"[""セーブポイント"", ""90分平均"", ""最近5試合"", ""出場試合"", ""攻撃CBP"", ""奪取P""]","["""", ""2.97"", ""0.30"", ""1.09"", ""10"", ""3.19"", ""18.44""]"
20260530,20260525,j1,2026,セーブ.html,チャンスビルディングポイント セーブポイント ランキング,リーグサマリー:2026 J1百年構想リーグ チャンスビルディングポイント セーブポイント ランキング | データによってサッカーはもっと輝く | Football LAB,チャンスビルディングポイント セーブポイント ランキング,2,朴 一圭,朴一圭,"[""セーブポイント"", ""90分平均"", ""最近5試合"", ""出場試合"", ""攻撃CBP"", ""奪取P""]","["""", ""2.72"", ""0.29"", ""1.67"", ""11"", ""5.06"", ""18.78""]"
20260530,20260525,j1,2026,セーブ.html,チャンスビルディングポイント セーブポイント ランキング,リーグサマリー:2026 J1百年構想リーグ チャンスビルディングポイント セーブポイント ランキング | データによってサッカーはもっと輝く | Football LAB,チャンスビルディングポイント セーブポイント ランキング,2,ホセ スアレス,ホセスアレス,"[""セーブポイント"", ""90分平均"", ""最近5試合"", ""出場試合"", ""攻撃CBP"", ""奪取P""]","["""", ""2.64"", ""0.38"", ""1.71"", ""7"", ""2.75"", ""10.93""]"
20260530,20260525,j1,2026,セーブ.html,チャンスビルディングポイント セーブポイント ランキング,リーグサマリー:2026 J1百年構想リーグ チャンスビルディングポイント セーブポイント ランキング | データによってサッカーはもっと輝く | Football LAB,チャンスビルディングポイント セーブポイント ランキング,2,ピサノ アレックス幸冬堀尾,ピサノアレックス幸冬堀尾,"[""セーブポイント"", ""90分平均"", ""最近5試合"", ""出場試合"", ""攻撃CBP"", ""奪取P""]","["""", ""2.31"", ""0.77"", ""1.03"", ""3"", ""1.13"", ""3.13""]"
20260530,20260525,j1,2026,セーブ.html,チャンスビルディングポイント セーブポイント ランキング,リーグサマリー:2026 J1百年構想リーグ チャンスビルディングポイント セーブポイント ランキング | データによってサッカーはもっと輝く | Football LAB,チャンスビルディングポイント セーブポイント ランキング,2,キム ジンヒョン,キムジンヒョン,"[""セーブポイント"", ""90分平均"", ""最近5試合"", ""出場試合"", ""攻撃CBP"", ""奪取P""]","["""", ""2.23"", ""0.74"", ""1.16"", ""3"", ""0.97"", ""5.03""]"
20260530,20260525,j1,2026,セーブ.html,チャンスビルディングポイント セーブポイント ランキング,リーグサマリー:2026 J1百年構想リーグ チャンスビルディングポイント セーブポイント ランキング | データによってサッカーはもっと輝く | Football LAB,チャンスビルディングポイント セーブポイント ランキング,2,沖 悠哉,沖悠哉,"[""セーブポイント"", ""90分平均"", ""最近5試合"", ""出場試合"", ""攻撃CBP"", ""奪取P""]","["""", ""1.74"", ""0.27"", ""0.64"", ""7"", ""2.57"", ""8.36""]"
20260530,20260525,j1,2026,セーブ.html,チャンスビルディングポイント セーブポイント ランキング,リーグサマリー:2026 J1百年構想リーグ チャンスビルディングポイント セーブポイント ランキング | データによってサッカーはもっと輝く | Football LAB,チャンスビルディングポイント セーブポイント ランキング,2,小畑 裕馬,小畑裕馬,"[""セーブポイント"", ""90分平均"", ""最近5試合"", ""出場試合"", ""攻撃CBP"", ""奪取P""]","["""", ""1.39"", ""0.23"", ""0.00"", ""6"", ""2.57"", ""11.37""]"
20260530,20260525,j1,2026,チャンス構築率.html,チャンス構築率,リーグサマリー:2026 J1百年構想リーグ チャンス構築率 | データによってサッカーはもっと輝く | Football LAB,チャンス構築率,1,鹿島,鹿島,"[""攻撃回数"", ""シュート"", ""チャンス構築率"", ""ゴール"", ""シュート成功率""]","[""111.3"", ""(14位)"", ""11.8"", ""(10位)"", ""10.6%"", ""(8位)"", ""1.6"", ""(2位)"", ""13.6%"", ""(1位)""]"
20260530,20260525,j1,2026,チャンス構築率.html,チャンス構築率,リーグサマリー:2026 J1百年構想リーグ チャンス構築率 | データによってサッカーはもっと輝く | Football LAB,チャンス構築率,1,水戸,水戸,"[""攻撃回数"", ""シュート"", ""チャンス構築率"", ""ゴール"", ""シュート成功率""]","[""110.6"", ""(15位)"", ""10.9"", ""(16位)"", ""9.9%"", ""(16位)"", ""1.0"", ""(16位)"", ""9.1%"", ""(16位)""]"
20260530,20260525,j1,2026,チャンス構築率.html,チャンス構築率,リーグサマリー:2026 J1百年構想リーグ チャンス構築率 | データによってサッカーはもっと輝く | Football LAB,チャンス構築率,1,浦和,浦和,"[""攻撃回数"", ""シュート"", ""チャンス構築率"", ""ゴール"", ""シュート成功率""]","[""109.6"", ""(18位)"", ""13.9"", ""(3位)"", ""12.7%"", ""(3位)"", ""1.3"", ""(9位)"", ""9.6%"", ""(13位)""]"
20260530,20260525,j1,2026,チャンス構築率.html,チャンス構築率,リーグサマリー:2026 J1百年構想リーグ チャンス構築率 | データによってサッカーはもっと輝く | Football LAB,チャンス構築率,1,千葉,千葉,"[""攻撃回数"", ""シュート"", ""チャンス構築率"", ""ゴール"", ""シュート成功率""]","[""114.1"", ""(11位)"", ""11.4"", ""(14位)"", ""10.0%"", ""(13位)"", ""1.0"", ""(16位)"", ""8.7%"", ""(17位)""]"
20260530,20260525,j1,2026,チャンス構築率.html,チャンス構築率,リーグサマリー:2026 J1百年構想リーグ チャンス構築率 | データによってサッカーはもっと輝く | Football LAB,チャンス構築率,1,柏,柏,"[""攻撃回数"", ""シュート"", ""チャンス構築率"", ""ゴール"", ""シュート成功率""]","[""110.3"", ""(16位)"", ""12.8"", ""(8位)"", ""11.6%"", ""(4位)"", ""1.1"", ""(14位)"", ""8.3%"", ""(19位)""]"
20260530,20260525,j1,2026,チャンス構築率.html,チャンス構築率,リーグサマリー:2026 J1百年構想リーグ チャンス構築率 | データによってサッカーはもっと輝く | Football LAB,チャンス構築率,1,FC東京,FC東京,"[""攻撃回数"", ""シュート"", ""チャンス構築率"", ""ゴール"", ""シュート成功率""]","[""110.2"", ""(17位)"", ""15.8"", ""(2位)"", ""14.3%"", ""(1位)"", ""1.5"", ""(5位)"", ""9.5%"", ""(14位)""]"
20260530,20260525,j1,2026,チャンス構築率.html,チャンス構築率,リーグサマリー:2026 J1百年構想リーグ チャンス構築率 | データによってサッカーはもっと輝く | Football LAB,チャンス構築率,1,東京Ｖ,東京Ｖ,"[""攻撃回数"", ""シュート"", ""チャンス構築率"", ""ゴール"", ""シュート成功率""]","[""111.7"", ""(13位)"", ""9.6"", ""(20位)"", ""8.6%"", ""(20位)"", ""1.0"", ""(16位)"", ""10.5%"", ""(9位)""]"
20260530,20260525,j1,2026,チャンス構築率.html,チャンス構築率,リーグサマリー:2026 J1百年構想リーグ チャンス構築率 | データによってサッカーはもっと輝く | Football LAB,チャンス構築率,1,町田,町田,"[""攻撃回数"", ""シュート"", ""チャンス構築率"", ""ゴール"", ""シュート成功率""]","[""107.1"", ""(19位)"", ""11.4"", ""(15位)"", ""10.6%"", ""(7位)"", ""1.3"", ""(11位)"", ""11.2%"", ""(6位)""]"
20260530,20260525,j1,2026,チャンス構築率.html,チャンス構築率,リーグサマリー:2026 J1百年構想リーグ チャンス構築率 | データによってサッカーはもっと輝く | Football LAB,チャンス構築率,1,川崎Ｆ,川崎Ｆ,"[""攻撃回数"", ""シュート"", ""チャンス構築率"", ""ゴール"", ""シュート成功率""]","[""106.9"", ""(20位)"", ""11.9"", ""(9位)"", ""11.1%"", ""(6位)"", ""1.2"", ""(12位)"", ""10.3%"", ""(10位)""]"
20260530,20260525,j1,2026,チャンス構築率.html,チャンス構築率,リーグサマリー:2026 J1百年構想リーグ チャンス構築率 | データによってサッカーはもっと輝く | Football LAB,チャンス構築率,1,横浜FM,横浜FM,"[""攻撃回数"", ""シュート"", ""チャンス構築率"", ""ゴール"", ""シュート成功率""]","[""114.2"", ""(10位)"", ""11.8"", ""(11位)"", ""10.3%"", ""(12位)"", ""1.6"", ""(3位)"", ""13.2%"", ""(2位)""]"
20260530,20260525,j1,2026,チャンス構築率.html,チャンス構築率,リーグサマリー:2026 J1百年構想リーグ チャンス構築率 | データによってサッカーはもっと輝く | Football LAB,チャンス構築率,1,清水,清水,"[""攻撃回数"", ""シュート"", ""チャンス構築率"", ""ゴール"", ""シュート成功率""]","[""124.3"", ""(1位)"", ""10.7"", ""(19位)"", ""8.6%"", ""(19位)"", ""1.0"", ""(16位)"", ""9.4%"", ""(15位)""]"
20260530,20260525,j1,2026,チャンス構築率.html,チャンス構築率,リーグサマリー:2026 J1百年構想リーグ チャンス構築率 | データによってサッカーはもっと輝く | Football LAB,チャンス構築率,1,名古屋,名古屋,"[""攻撃回数"", ""シュート"", ""チャンス構築率"", ""ゴール"", ""シュート成功率""]","[""116.3"", ""(8位)"", ""13.3"", ""(4位)"", ""11.5%"", ""(5位)"", ""1.7"", ""(1位)"", ""12.9%"", ""(3位)""]"
20260530,20260525,j1,2026,チャンス構築率.html,チャンス構築率,リーグサマリー:2026 J1百年構想リーグ チャンス構築率 | データによってサッカーはもっと輝く | Football LAB,チャンス構築率,1,京都,京都,"[""攻撃回数"", ""シュート"", ""チャンス構築率"", ""ゴール"", ""シュート成功率""]","[""123.7"", ""(2位)"", ""13.1"", ""(5位)"", ""10.6%"", ""(10位)"", ""1.1"", ""(14位)"", ""8.1%"", ""(20位)""]"
20260530,20260525,j1,2026,チャンス構築率.html,チャンス構築率,リーグサマリー:2026 J1百年構想リーグ チャンス構築率 | データによってサッカーはもっと輝く | Football LAB,チャンス構築率,1,Ｇ大阪,Ｇ大阪,"[""攻撃回数"", ""シュート"", ""チャンス構築率"", ""ゴール"", ""シュート成功率""]","[""122.3"", ""(5位)"", ""13.0"", ""(6位)"", ""10.6%"", ""(8位)"", ""1.4"", ""(6位)"", ""11.1%"", ""(8位)""]"
20260530,20260525,j1,2026,チャンス構築率.html,チャンス構築率,リーグサマリー:2026 J1百年構想リーグ チャンス構築率 | データによってサッカーはもっと輝く | Football LAB,チャンス構築率,1,Ｃ大阪,Ｃ大阪,"[""攻撃回数"", ""シュート"", ""チャンス構築率"", ""ゴール"", ""シュート成功率""]","[""115.9"", ""(9位)"", ""11.6"", ""(13位)"", ""10.0%"", ""(14位)"", ""1.4"", ""(6位)"", ""12.4%"", ""(4位)""]"
20260530,20260525,j1,2026,チャンス構築率.html,チャンス構築率,リーグサマリー:2026 J1百年構想リーグ チャンス構築率 | データによってサッカーはもっと輝く | Football LAB,チャンス構築率,1,神戸,神戸,"[""攻撃回数"", ""シュート"", ""チャンス構築率"", ""ゴール"", ""シュート成功率""]","[""123.3"", ""(3位)"", ""12.9"", ""(7位)"", ""10.5%"", ""(11位)"", ""1.4"", ""(6位)"", ""11.2%"", ""(7位)""]"
20260530,20260525,j1,2026,チャンス構築率.html,チャンス構築率,リーグサマリー:2026 J1百年構想リーグ チャンス構築率 | データによってサッカーはもっと輝く | Football LAB,チャンス構築率,1,岡山,岡山,"[""攻撃回数"", ""シュート"", ""チャンス構築率"", ""ゴール"", ""シュート成功率""]","[""116.9"", ""(7位)"", ""11.7"", ""(12位)"", ""10.0%"", ""(15位)"", ""1.3"", ""(9位)"", ""11.4%"", ""(5位)""]"
20260530,20260525,j1,2026,チャンス構築率.html,チャンス構築率,リーグサマリー:2026 J1百年構想リーグ チャンス構築率 | データによってサッカーはもっと輝く | Football LAB,チャンス構築率,1,広島,広島,"[""攻撃回数"", ""シュート"", ""チャンス構築率"", ""ゴール"", ""シュート成功率""]","[""123.3"", ""(3位)"", ""16.1"", ""(1位)"", ""13.0%"", ""(2位)"", ""1.6"", ""(3位)"", ""9.7%"", ""(12位)""]"
20260530,20260525,j1,2026,チャンス構築率.html,チャンス構築率,リーグサマリー:2026 J1百年構想リーグ チャンス構築率 | データによってサッカーはもっと輝く | Football LAB,チャンス構築率,1,福岡,福岡,"[""攻撃回数"", ""シュート"", ""チャンス構築率"", ""ゴール"", ""シュート成功率""]","[""112.3"", ""(12位)"", ""10.8"", ""(18位)"", ""9.7%"", ""(17位)"", ""0.9"", ""(20位)"", ""8.7%"", ""(18位)""]"
20260530,20260525,j1,2026,チャンス構築率.html,チャンス構築率,リーグサマリー:2026 J1百年構想リーグ チャンス構築率 | データによってサッカーはもっと輝く | Football LAB,チャンス構築率,1,長崎,長崎,"[""攻撃回数"", ""シュート"", ""チャンス構築率"", ""ゴール"", ""シュート成功率""]","[""117.7"", ""(6位)"", ""10.9"", ""(16位)"", ""9.3%"", ""(18位)"", ""1.1"", ""(13位)"", ""10.2%"", ""(11位)""]"
20260530,20260525,j1,2026,チャンス構築率.html,チャンス構築率,リーグサマリー:2026 J1百年構想リーグ チャンス構築率 | データによってサッカーはもっと輝く | Football LAB,被チャンス構築率,3,鹿島,鹿島,"[""被攻撃回数"", ""被シュート"", ""被チャンス構築率"", ""被ゴール"", ""被シュート成功率""]","[""106.8"", ""(4位)"", ""12.1"", ""(12位)"", ""11.3%"", ""(14位)"", ""0.5"", ""(1位)"", ""4.2%"", ""(1位)""]"
20260530,20260525,j1,2026,チャンス構築率.html,チャンス構築率,リーグサマリー:2026 J1百年構想リーグ チャンス構築率 | データによってサッカーはもっと輝く | Football LAB,被チャンス構築率,3,水戸,水戸,"[""被攻撃回数"", ""被シュート"", ""被チャンス構築率"", ""被ゴール"", ""被シュート成功率""]","[""115.1"", ""(11位)"", ""11.9"", ""(10位)"", ""10.3%"", ""(9位)"", ""1.8"", ""(20位)"", ""15.4%"", ""(20位)""]"
20260530,20260525,j1,2026,チャンス構築率.html,チャンス構築率,リーグサマリー:2026 J1百年構想リーグ チャンス構築率 | データによってサッカーはもっと輝く | Football LAB,被チャンス構築率,3,浦和,浦和,"[""被攻撃回数"", ""被シュート"", ""被チャンス構築率"", ""被ゴール"", ""被シュート成功率""]","[""110.1"", ""(6位)"", ""12.4"", ""(14位)"", ""11.3%"", ""(15位)"", ""0.9"", ""(3位)"", ""7.6%"", ""(3位)""]"
20260530,20260525,j1,2026,チャンス構築率.html,チャンス構築率,リーグサマリー:2026 J1百年構想リーグ チャンス構築率 | データによってサッカーはもっと輝く | Football LAB,被チャンス構築率,3,千葉,千葉,"[""被攻撃回数"", ""被シュート"", ""被チャンス構築率"", ""被ゴール"", ""被シュート成功率""]","[""115.0"", ""(10位)"", ""16.6"", ""(20位)"", ""14.4%"", ""(20位)"", ""1.7"", ""(19位)"", ""10.4%"", ""(9位)""]"
20260530,20260525,j1,2026,チャンス構築率.html,チャンス構築率,リーグサマリー:2026 J1百年構想リーグ チャンス構築率 | データによってサッカーはもっと輝く | Football LAB,被チャンス構築率,3,柏,柏,"[""被攻撃回数"", ""被シュート"", ""被チャンス構築率"", ""被ゴール"", ""被シュート成功率""]","[""106.3"", ""(3位)"", ""11.6"", ""(8位)"", ""10.9%"", ""(13位)"", ""1.3"", ""(10位)"", ""11.5%"", ""(14位)""]"
20260530,20260525,j1,2026,チャンス構築率.html,チャンス構築率,リーグサマリー:2026 J1百年構想リーグ チャンス構築率 | データによってサッカーはもっと輝く | Football LAB,被チャンス構築率,3,FC東京,FC東京,"[""被攻撃回数"", ""被シュート"", ""被チャンス構築率"", ""被ゴール"", ""被シュート成功率""]","[""109.6"", ""(5位)"", ""10.2"", ""(2位)"", ""9.3%"", ""(6位)"", ""0.9"", ""(2位)"", ""8.7%"", ""(5位)""]"
20260530,20260525,j1,2026,チャンス構築率.html,チャンス構築率,リーグサマリー:2026 J1百年構想リーグ チャンス構築率 | データによってサッカーはもっと輝く | Football LAB,被チャンス構築率,3,東京Ｖ,東京Ｖ,"[""被攻撃回数"", ""被シュート"", ""被チャンス構築率"", ""被ゴール"", ""被シュート成功率""]","[""119.7"", ""(14位)"", ""10.6"", ""(4位)"", ""8.8%"", ""(2位)"", ""1.4"", ""(12位)"", ""13.2%"", ""(18位)""]"
20260530,20260525,j1,2026,チャンス構築率.html,チャンス構築率,リーグサマリー:2026 J1百年構想リーグ チャンス構築率 | データによってサッカーはもっと輝く | Football LAB,被チャンス構築率,3,町田,町田,"[""被攻撃回数"", ""被シュート"", ""被チャンス構築率"", ""被ゴール"", ""被シュート成功率""]","[""105.8"", ""(2位)"", ""11.5"", ""(7位)"", ""10.9%"", ""(12位)"", ""1.0"", ""(4位)"", ""8.7%"", ""(4位)""]"
20260530,20260525,j1,2026,チャンス構築率.html,チャンス構築率,リーグサマリー:2026 J1百年構想リーグ チャンス構築率 | データによってサッカーはもっと輝く | Football LAB,被チャンス構築率,3,川崎Ｆ,川崎Ｆ,"[""被攻撃回数"", ""被シュート"", ""被チャンス構築率"", ""被ゴール"", ""被シュート成功率""]","[""104.2"", ""(1位)"", ""14.2"", ""(17位)"", ""13.6%"", ""(19位)"", ""1.5"", ""(15位)"", ""10.6%"", ""(10位)""]"
20260530,20260525,j1,2026,チャンス構築率.html,チャンス構築率,リーグサマリー:2026 J1百年構想リーグ チャンス構築率 | データによってサッカーはもっと輝く | Football LAB,被チャンス構築率,3,横浜FM,横浜FM,"[""被攻撃回数"", ""被シュート"", ""被チャンス構築率"", ""被ゴール"", ""被シュート成功率""]","[""113.4"", ""(7位)"", ""10.4"", ""(3位)"", ""9.2%"", ""(4位)"", ""1.4"", ""(14位)"", ""13.9%"", ""(19位)""]"
20260530,20260525,j1,2026,チャンス構築率.html,チャンス構築率,リーグサマリー:2026 J1百年構想リーグ チャンス構築率 | データによってサッカーはもっと輝く | Football LAB,被チャンス構築率,3,清水,清水,"[""被攻撃回数"", ""被シュート"", ""被チャンス構築率"", ""被ゴール"", ""被シュート成功率""]","[""121.2"", ""(18位)"", ""12.3"", ""(13位)"", ""10.2%"", ""(8位)"", ""1.2"", ""(6位)"", ""9.5%"", ""(6位)""]"
20260530,20260525,j1,2026,チャンス構築率.html,チャンス構築率,リーグサマリー:2026 J1百年構想リーグ チャンス構築率 | データによってサッカーはもっと輝く | Football LAB,被チャンス構築率,3,名古屋,名古屋,"[""被攻撃回数"", ""被シュート"", ""被チャンス構築率"", ""被ゴール"", ""被シュート成功率""]","[""113.8"", ""(8位)"", ""14.2"", ""(17位)"", ""12.5%"", ""(17位)"", ""1.6"", ""(17位)"", ""11.0%"", ""(13位)""]"
20260530,20260525,j1,2026,チャンス構築率.html,チャンス構築率,リーグサマリー:2026 J1百年構想リーグ チャンス構築率 | データによってサッカーはもっと輝く | Football LAB,被チャンス構築率,3,京都,京都,"[""被攻撃回数"", ""被シュート"", ""被チャンス構築率"", ""被ゴール"", ""被シュート成功率""]","[""124.1"", ""(20位)"", ""12.9"", ""(15位)"", ""10.4%"", ""(11位)"", ""1.4"", ""(12位)"", ""10.8%"", ""(11位)""]"
20260530,20260525,j1,2026,チャンス構築率.html,チャンス構築率,リーグサマリー:2026 J1百年構想リーグ チャンス構築率 | データによってサッカーはもっと輝く | Football LAB,被チャンス構築率,3,Ｇ大阪,Ｇ大阪,"[""被攻撃回数"", ""被シュート"", ""被チャンス構築率"", ""被ゴール"", ""被シュート成功率""]","[""120.2"", ""(16位)"", ""11.9"", ""(11位)"", ""9.9%"", ""(7位)"", ""1.2"", ""(9位)"", ""10.2%"", ""(7位)""]"
20260530,20260525,j1,2026,チャンス構築率.html,チャンス構築率,リーグサマリー:2026 J1百年構想リーグ チャンス構築率 | データによってサッカーはもっと輝く | Football LAB,被チャンス構築率,3,Ｃ大阪,Ｃ大阪,"[""被攻撃回数"", ""被シュート"", ""被チャンス構築率"", ""被ゴール"", ""被シュート成功率""]","[""119.9"", ""(15位)"", ""13.9"", ""(16位)"", ""11.6%"", ""(16位)"", ""1.0"", ""(4位)"", ""7.2%"", ""(2位)""]"
20260530,20260525,j1,2026,チャンス構築率.html,チャンス構築率,リーグサマリー:2026 J1百年構想リーグ チャンス構築率 | データによってサッカーはもっと輝く | Football LAB,被チャンス構築率,3,神戸,神戸,"[""被攻撃回数"", ""被シュート"", ""被チャンス構築率"", ""被ゴール"", ""被シュート成功率""]","[""119.4"", ""(13位)"", ""10.8"", ""(5位)"", ""9.0%"", ""(3位)"", ""1.2"", ""(6位)"", ""10.8%"", ""(12位)""]"
20260530,20260525,j1,2026,チャンス構築率.html,チャンス構築率,リーグサマリー:2026 J1百年構想リーグ チャンス構築率 | データによってサッカーはもっと輝く | Football LAB,被チャンス構築率,3,岡山,岡山,"[""被攻撃回数"", ""被シュート"", ""被チャンス構築率"", ""被ゴール"", ""被シュート成功率""]","[""123.9"", ""(19位)"", ""11.4"", ""(6位)"", ""9.2%"", ""(5位)"", ""1.3"", ""(10位)"", ""11.7%"", ""(15位)""]"
20260530,20260525,j1,2026,チャンス構築率.html,チャンス構築率,リーグサマリー:2026 J1百年構想リーグ チャンス構築率 | データによってサッカーはもっと輝く | Football LAB,被チャンス構築率,3,広島,広島,"[""被攻撃回数"", ""被シュート"", ""被チャンス構築率"", ""被ゴール"", ""被シュート成功率""]","[""120.2"", ""(16位)"", ""9.8"", ""(1位)"", ""8.1%"", ""(1位)"", ""1.2"", ""(6位)"", ""11.9%"", ""(16位)""]"
20260530,20260525,j1,2026,チャンス構築率.html,チャンス構築率,リーグサマリー:2026 J1百年構想リーグ チャンス構築率 | データによってサッカーはもっと輝く | Football LAB,被チャンス構築率,3,福岡,福岡,"[""被攻撃回数"", ""被シュート"", ""被チャンス構築率"", ""被ゴール"", ""被シュート成功率""]","[""114.1"", ""(9位)"", ""11.8"", ""(9位)"", ""10.4%"", ""(10位)"", ""1.5"", ""(15位)"", ""12.7%"", ""(17位)""]"
20260530,20260525,j1,2026,チャンス構築率.html,チャンス構築率,リーグサマリー:2026 J1百年構想リーグ チャンス構築率 | データによってサッカーはもっと輝く | Football LAB,被チャンス構築率,3,長崎,長崎,"[""被攻撃回数"", ""被シュート"", ""被チャンス構築率"", ""被ゴール"", ""被シュート成功率""]","[""119.2"", ""(12位)"", ""15.0"", ""(19位)"", ""12.6%"", ""(18位)"", ""1.6"", ""(17位)"", ""10.4%"", ""(8位)""]"
20260530,20260525,j1,2026,ドリブル.html,チャンスビルディングポイント ドリブルポイント ランキング,リーグサマリー:2026 J1百年構想リーグ チャンスビルディングポイント ドリブルポイント ランキング | データによってサッカーはもっと輝く | Football LAB,チャンスビルディングポイント ドリブルポイント ランキング,1,柏,柏,"[""ドリブルポイント"", ""試合平均"", ""最近5試合"", ""順位"", ""勝点"", ""得点"", ""失点""]","[""33.58"", ""1.87"", ""9.58"", ""8"", ""20"", ""21"", ""24""]"
20260530,20260525,j1,2026,ドリブル.html,チャンスビルディングポイント ドリブルポイント ランキング,リーグサマリー:2026 J1百年構想リーグ チャンスビルディングポイント ドリブルポイント ランキング | データによってサッカーはもっと輝く | Football LAB,チャンスビルディングポイント ドリブルポイント ランキング,1,FC東京,FC東京,"[""ドリブルポイント"", ""試合平均"", ""最近5試合"", ""順位"", ""勝点"", ""得点"", ""失点""]","[""29.23"", ""1.62"", ""10.44"", ""2"", ""37"", ""28"", ""16""]"
20260530,20260525,j1,2026,ドリブル.html,チャンスビルディングポイント ドリブルポイント ランキング,リーグサマリー:2026 J1百年構想リーグ チャンスビルディングポイント ドリブルポイント ランキング | データによってサッカーはもっと輝く | Football LAB,チャンスビルディングポイント ドリブルポイント ランキング,1,Ｇ大阪,Ｇ大阪,"[""ドリブルポイント"", ""試合平均"", ""最近5試合"", ""順位"", ""勝点"", ""得点"", ""失点""]","[""28.82"", ""1.60"", ""7.36"", ""5"", ""28"", ""26"", ""22""]"
20260530,20260525,j1,2026,ドリブル.html,チャンスビルディングポイント ドリブルポイント ランキング,リーグサマリー:2026 J1百年構想リーグ チャンスビルディングポイント ドリブルポイント ランキング | データによってサッカーはもっと輝く | Football LAB,チャンスビルディングポイント ドリブルポイント ランキング,1,浦和,浦和,"[""ドリブルポイント"", ""試合平均"", ""最近5試合"", ""順位"", ""勝点"", ""得点"", ""失点""]","[""27.29"", ""1.52"", ""7.63"", ""6"", ""25"", ""25"", ""18""]"
20260530,20260525,j1,2026,ドリブル.html,チャンスビルディングポイント ドリブルポイント ランキング,リーグサマリー:2026 J1百年構想リーグ チャンスビルディングポイント ドリブルポイント ランキング | データによってサッカーはもっと輝く | Football LAB,チャンスビルディングポイント ドリブルポイント ランキング,1,Ｃ大阪,Ｃ大阪,"[""ドリブルポイント"", ""試合平均"", ""最近5試合"", ""順位"", ""勝点"", ""得点"", ""失点""]","[""27.14"", ""1.51"", ""9.15"", ""2"", ""31"", ""26"", ""19""]"
20260530,20260525,j1,2026,ドリブル.html,チャンスビルディングポイント ドリブルポイント ランキング,リーグサマリー:2026 J1百年構想リーグ チャンスビルディングポイント ドリブルポイント ランキング | データによってサッカーはもっと輝く | Football LAB,チャンスビルディングポイント ドリブルポイント ランキング,1,町田,町田,"[""ドリブルポイント"", ""試合平均"", ""最近5試合"", ""順位"", ""勝点"", ""得点"", ""失点""]","[""26.91"", ""1.49"", ""8.86"", ""3"", ""37"", ""23"", ""19""]"
20260530,20260525,j1,2026,ドリブル.html,チャンスビルディングポイント ドリブルポイント ランキング,リーグサマリー:2026 J1百年構想リーグ チャンスビルディングポイント ドリブルポイント ランキング | データによってサッカーはもっと輝く | Football LAB,チャンスビルディングポイント ドリブルポイント ランキング,1,名古屋,名古屋,"[""ドリブルポイント"", ""試合平均"", ""最近5試合"", ""順位"", ""勝点"", ""得点"", ""失点""]","[""26.35"", ""1.46"", ""8.83"", ""3"", ""31"", ""31"", ""28""]"
20260530,20260525,j1,2026,ドリブル.html,チャンスビルディングポイント ドリブルポイント ランキング,リーグサマリー:2026 J1百年構想リーグ チャンスビルディングポイント ドリブルポイント ランキング | データによってサッカーはもっと輝く | Football LAB,チャンスビルディングポイント ドリブルポイント ランキング,1,水戸,水戸,"[""ドリブルポイント"", ""試合平均"", ""最近5試合"", ""順位"", ""勝点"", ""得点"", ""失点""]","[""26.09"", ""1.45"", ""8.09"", ""9"", ""18"", ""19"", ""35""]"
20260530,20260525,j1,2026,ドリブル.html,チャンスビルディングポイント ドリブルポイント ランキング,リーグサマリー:2026 J1百年構想リーグ チャンスビルディングポイント ドリブルポイント ランキング | データによってサッカーはもっと輝く | Football LAB,チャンスビルディングポイント ドリブルポイント ランキング,1,川崎Ｆ,川崎Ｆ,"[""ドリブルポイント"", ""試合平均"", ""最近5試合"", ""順位"", ""勝点"", ""得点"", ""失点""]","[""24.28"", ""1.35"", ""5.71"", ""4"", ""28"", ""23"", ""27""]"
20260530,20260525,j1,2026,ドリブル.html,チャンスビルディングポイント ドリブルポイント ランキング,リーグサマリー:2026 J1百年構想リーグ チャンスビルディングポイント ドリブルポイント ランキング | データによってサッカーはもっと輝く | Football LAB,チャンスビルディングポイント ドリブルポイント ランキング,1,福岡,福岡,"[""ドリブルポイント"", ""試合平均"", ""最近5試合"", ""順位"", ""勝点"", ""得点"", ""失点""]","[""23.59"", ""1.31"", ""5.29"", ""10"", ""21"", ""17"", ""27""]"
20260530,20260525,j1,2026,ドリブル.html,チャンスビルディングポイント ドリブルポイント ランキング,リーグサマリー:2026 J1百年構想リーグ チャンスビルディングポイント ドリブルポイント ランキング | データによってサッカーはもっと輝く | Football LAB,チャンスビルディングポイント ドリブルポイント ランキング,1,横浜FM,横浜FM,"[""ドリブルポイント"", ""試合平均"", ""最近5試合"", ""順位"", ""勝点"", ""得点"", ""失点""]","[""23.40"", ""1.30"", ""6.00"", ""7"", ""20"", ""28"", ""29""]"
20260530,20260525,j1,2026,ドリブル.html,チャンスビルディングポイント ドリブルポイント ランキング,リーグサマリー:2026 J1百年構想リーグ チャンスビルディングポイント ドリブルポイント ランキング | データによってサッカーはもっと輝く | Football LAB,チャンスビルディングポイント ドリブルポイント ランキング,1,広島,広島,"[""ドリブルポイント"", ""試合平均"", ""最近5試合"", ""順位"", ""勝点"", ""得点"", ""失点""]","[""20.50"", ""1.14"", ""7.08"", ""4"", ""30"", ""29"", ""21""]"
20260530,20260525,j1,2026,ドリブル.html,チャンスビルディングポイント ドリブルポイント ランキング,リーグサマリー:2026 J1百年構想リーグ チャンスビルディングポイント ドリブルポイント ランキング | データによってサッカーはもっと輝く | Football LAB,チャンスビルディングポイント ドリブルポイント ランキング,1,千葉,千葉,"[""ドリブルポイント"", ""試合平均"", ""最近5試合"", ""順位"", ""勝点"", ""得点"", ""失点""]","[""20.27"", ""1.13"", ""5.86"", ""10"", ""12"", ""18"", ""31""]"
20260530,20260525,j1,2026,ドリブル.html,チャンスビルディングポイント ドリブルポイント ランキング,リーグサマリー:2026 J1百年構想リーグ チャンスビルディングポイント ドリブルポイント ランキング | データによってサッカーはもっと輝く | Football LAB,チャンスビルディングポイント ドリブルポイント ランキング,1,長崎,長崎,"[""ドリブルポイント"", ""試合平均"", ""最近5試合"", ""順位"", ""勝点"", ""得点"", ""失点""]","[""19.63"", ""1.09"", ""3.88"", ""9"", ""21"", ""20"", ""28""]"
20260530,20260525,j1,2026,ドリブル.html,チャンスビルディングポイント ドリブルポイント ランキング,リーグサマリー:2026 J1百年構想リーグ チャンスビルディングポイント ドリブルポイント ランキング | データによってサッカーはもっと輝く | Football LAB,チャンスビルディングポイント ドリブルポイント ランキング,1,京都,京都,"[""ドリブルポイント"", ""試合平均"", ""最近5試合"", ""順位"", ""勝点"", ""得点"", ""失点""]","[""18.43"", ""1.02"", ""5.09"", ""8"", ""23"", ""19"", ""26""]"
20260530,20260525,j1,2026,ドリブル.html,チャンスビルディングポイント ドリブルポイント ランキング,リーグサマリー:2026 J1百年構想リーグ チャンスビルディングポイント ドリブルポイント ランキング | データによってサッカーはもっと輝く | Football LAB,チャンスビルディングポイント ドリブルポイント ランキング,1,岡山,岡山,"[""ドリブルポイント"", ""試合平均"", ""最近5試合"", ""順位"", ""勝点"", ""得点"", ""失点""]","[""18.43"", ""1.02"", ""4.56"", ""6"", ""26"", ""24"", ""25""]"
20260530,20260525,j1,2026,ドリブル.html,チャンスビルディングポイント ドリブルポイント ランキング,リーグサマリー:2026 J1百年構想リーグ チャンスビルディングポイント ドリブルポイント ランキング | データによってサッカーはもっと輝く | Football LAB,チャンスビルディングポイント ドリブルポイント ランキング,1,鹿島,鹿島,"[""ドリブルポイント"", ""試合平均"", ""最近5試合"", ""順位"", ""勝点"", ""得点"", ""失点""]","[""16.52"", ""0.92"", ""4.41"", ""1"", ""45"", ""29"", ""9""]"
20260530,20260525,j1,2026,ドリブル.html,チャンスビルディングポイント ドリブルポイント ランキング,リーグサマリー:2026 J1百年構想リーグ チャンスビルディングポイント ドリブルポイント ランキング | データによってサッカーはもっと輝く | Football LAB,チャンスビルディングポイント ドリブルポイント ランキング,1,清水,清水,"[""ドリブルポイント"", ""試合平均"", ""最近5試合"", ""順位"", ""勝点"", ""得点"", ""失点""]","[""15.98"", ""0.89"", ""6.95"", ""7"", ""24"", ""19"", ""21""]"
20260530,20260525,j1,2026,ドリブル.html,チャンスビルディングポイント ドリブルポイント ランキング,リーグサマリー:2026 J1百年構想リーグ チャンスビルディングポイント ドリブルポイント ランキング | データによってサッカーはもっと輝く | Football LAB,チャンスビルディングポイント ドリブルポイント ランキング,1,神戸,神戸,"[""ドリブルポイント"", ""試合平均"", ""最近5試合"", ""順位"", ""勝点"", ""得点"", ""失点""]","[""14.01"", ""0.78"", ""3.52"", ""1"", ""35"", ""27"", ""21""]"
20260530,20260525,j1,2026,ドリブル.html,チャンスビルディングポイント ドリブルポイント ランキング,リーグサマリー:2026 J1百年構想リーグ チャンスビルディングポイント ドリブルポイント ランキング | データによってサッカーはもっと輝く | Football LAB,チャンスビルディングポイント ドリブルポイント ランキング,1,東京Ｖ,東京Ｖ,"[""ドリブルポイント"", ""試合平均"", ""最近5試合"", ""順位"", ""勝点"", ""得点"", ""失点""]","[""13.16"", ""0.73"", ""3.33"", ""5"", ""28"", ""19"", ""25""]"
20260530,20260525,j1,2026,ドリブル.html,チャンスビルディングポイント ドリブルポイント ランキング,リーグサマリー:2026 J1百年構想リーグ チャンスビルディングポイント ドリブルポイント ランキング | データによってサッカーはもっと輝く | Football LAB,チャンスビルディングポイント ドリブルポイント ランキング,2,横山 夢樹,横山夢樹,"[""ドリブルポイント"", ""90分平均"", ""最近5試合"", ""出場試合"", ""攻撃CBP"", ""奪取P""]","["""", ""11.88"", ""1.42"", ""4.83"", ""17"", ""20.71"", ""43.60""]"
20260530,20260525,j1,2026,ドリブル.html,チャンスビルディングポイント ドリブルポイント ランキング,リーグサマリー:2026 J1百年構想リーグ チャンスビルディングポイント ドリブルポイント ランキング | データによってサッカーはもっと輝く | Football LAB,チャンスビルディングポイント ドリブルポイント ランキング,2,金子 拓郎,金子拓郎,"[""ドリブルポイント"", ""90分平均"", ""最近5試合"", ""出場試合"", ""攻撃CBP"", ""奪取P""]","["""", ""9.82"", ""0.66"", ""2.06"", ""18"", ""30.54"", ""88.26""]"
20260530,20260525,j1,2026,ドリブル.html,チャンスビルディングポイント ドリブルポイント ランキング,リーグサマリー:2026 J1百年構想リーグ チャンスビルディングポイント ドリブルポイント ランキング | データによってサッカーはもっと輝く | Football LAB,チャンスビルディングポイント ドリブルポイント ランキング,2,相馬 勇紀,相馬勇紀,"[""ドリブルポイント"", ""90分平均"", ""最近5試合"", ""出場試合"", ""攻撃CBP"", ""奪取P""]","["""", ""8.11"", ""0.92"", ""0.74"", ""10"", ""22.61"", ""22.81""]"
20260530,20260525,j1,2026,ドリブル.html,チャンスビルディングポイント ドリブルポイント ランキング,リーグサマリー:2026 J1百年構想リーグ チャンスビルディングポイント ドリブルポイント ランキング | データによってサッカーはもっと輝く | Football LAB,チャンスビルディングポイント ドリブルポイント ランキング,2,新井 瑞希,新井瑞希,"[""ドリブルポイント"", ""90分平均"", ""最近5試合"", ""出場試合"", ""攻撃CBP"", ""奪取P""]","["""", ""7.16"", ""1.38"", ""2.83"", ""9"", ""14.57"", ""49.55""]"
20260530,20260525,j1,2026,ドリブル.html,チャンスビルディングポイント ドリブルポイント ランキング,リーグサマリー:2026 J1百年構想リーグ チャンスビルディングポイント ドリブルポイント ランキング | データによってサッカーはもっと輝く | Football LAB,チャンスビルディングポイント ドリブルポイント ランキング,2,中山 克広,中山克広,"[""ドリブルポイント"", ""90分平均"", ""最近5試合"", ""出場試合"", ""攻撃CBP"", ""奪取P""]","["""", ""6.65"", ""0.42"", ""1.80"", ""17"", ""29.68"", ""162.17""]"
20260530,20260525,j1,2026,ドリブル.html,チャンスビルディングポイント ドリブルポイント ランキング,リーグサマリー:2026 J1百年構想リーグ チャンスビルディングポイント ドリブルポイント ランキング | データによってサッカーはもっと輝く | Football LAB,チャンスビルディングポイント ドリブルポイント ランキング,2,食野 亮太郎,食野亮太郎,"[""ドリブルポイント"", ""90分平均"", ""最近5試合"", ""出場試合"", ""攻撃CBP"", ""奪取P""]","["""", ""6.58"", ""0.71"", ""0.95"", ""17"", ""18.63"", ""75.46""]"
20260530,20260525,j1,2026,ドリブル.html,チャンスビルディングポイント ドリブルポイント ランキング,リーグサマリー:2026 J1百年構想リーグ チャンスビルディングポイント ドリブルポイント ランキング | データによってサッカーはもっと輝く | Football LAB,チャンスビルディングポイント ドリブルポイント ランキング,2,佐藤 龍之介,佐藤龍之介,"[""ドリブルポイント"", ""90分平均"", ""最近5試合"", ""出場試合"", ""攻撃CBP"", ""奪取P""]","["""", ""6.03"", ""0.48"", ""1.63"", ""17"", ""19.99"", ""100.60""]"
20260530,20260525,j1,2026,ドリブル.html,チャンスビルディングポイント ドリブルポイント ランキング,リーグサマリー:2026 J1百年構想リーグ チャンスビルディングポイント ドリブルポイント ランキング | データによってサッカーはもっと輝く | Football LAB,チャンスビルディングポイント ドリブルポイント ランキング,2,山之内 佑成,山之内佑成,"[""ドリブルポイント"", ""90分平均"", ""最近5試合"", ""出場試合"", ""攻撃CBP"", ""奪取P""]","["""", ""5.85"", ""0.58"", ""1.49"", ""16"", ""21.25"", ""84.21""]"
20260530,20260525,j1,2026,ドリブル.html,チャンスビルディングポイント ドリブルポイント ランキング,リーグサマリー:2026 J1百年構想リーグ チャンスビルディングポイント ドリブルポイント ランキング | データによってサッカーはもっと輝く | Football LAB,チャンスビルディングポイント ドリブルポイント ランキング,2,伊藤 達哉,伊藤達哉,"[""ドリブルポイント"", ""90分平均"", ""最近5試合"", ""出場試合"", ""攻撃CBP"", ""奪取P""]","["""", ""5.45"", ""0.48"", ""0.75"", ""17"", ""22.01"", ""61.96""]"
20260530,20260525,j1,2026,ドリブル.html,チャンスビルディングポイント ドリブルポイント ランキング,リーグサマリー:2026 J1百年構想リーグ チャンスビルディングポイント ドリブルポイント ランキング | データによってサッカーはもっと輝く | Football LAB,チャンスビルディングポイント ドリブルポイント ランキング,2,山内 日向汰,山内日向汰,"[""ドリブルポイント"", ""90分平均"", ""最近5試合"", ""出場試合"", ""攻撃CBP"", ""奪取P""]","["""", ""4.94"", ""0.82"", ""0.00"", ""13"", ""14.17"", ""43.98""]"
20260530,20260525,j1,2026,ドリブル.html,チャンスビルディングポイント ドリブルポイント ランキング,リーグサマリー:2026 J1百年構想リーグ チャンスビルディングポイント ドリブルポイント ランキング | データによってサッカーはもっと輝く | Football LAB,チャンスビルディングポイント ドリブルポイント ランキング,2,津久井 匠海,津久井匠海,"[""ドリブルポイント"", ""90分平均"", ""最近5試合"", ""出場試合"", ""攻撃CBP"", ""奪取P""]","["""", ""4.81"", ""0.35"", ""0.77"", ""17"", ""22.86"", ""129.56""]"
20260530,20260525,j1,2026,ドリブル.html,チャンスビルディングポイント ドリブルポイント ランキング,リーグサマリー:2026 J1百年構想リーグ チャンスビルディングポイント ドリブルポイント ランキング | データによってサッカーはもっと輝く | Football LAB,チャンスビルディングポイント ドリブルポイント ランキング,2,ナ サンホ,ナサンホ,"[""ドリブルポイント"", ""90分平均"", ""最近5試合"", ""出場試合"", ""攻撃CBP"", ""奪取P""]","["""", ""4.80"", ""0.48"", ""1.63"", ""17"", ""15.89"", ""47.28""]"
20260530,20260525,j1,2026,ドリブル.html,チャンスビルディングポイント ドリブルポイント ランキング,リーグサマリー:2026 J1百年構想リーグ チャンスビルディングポイント ドリブルポイント ランキング | データによってサッカーはもっと輝く | Football LAB,チャンスビルディングポイント ドリブルポイント ランキング,2,マテウス ジェズス,マテウスジェズス,"[""ドリブルポイント"", ""90分平均"", ""最近5試合"", ""出場試合"", ""攻撃CBP"", ""奪取P""]","["""", ""4.79"", ""0.37"", ""0.78"", ""16"", ""19.08"", ""111.67""]"
20260530,20260525,j1,2026,ドリブル.html,チャンスビルディングポイント ドリブルポイント ランキング,リーグサマリー:2026 J1百年構想リーグ チャンスビルディングポイント ドリブルポイント ランキング | データによってサッカーはもっと輝く | Football LAB,チャンスビルディングポイント ドリブルポイント ランキング,2,藤本 一輝,藤本一輝,"[""ドリブルポイント"", ""90分平均"", ""最近5試合"", ""出場試合"", ""攻撃CBP"", ""奪取P""]","["""", ""4.78"", ""0.54"", ""1.30"", ""15"", ""13.11"", ""56.24""]"
20260530,20260525,j1,2026,ドリブル.html,チャンスビルディングポイント ドリブルポイント ランキング,リーグサマリー:2026 J1百年構想リーグ チャンスビルディングポイント ドリブルポイント ランキング | データによってサッカーはもっと輝く | Football LAB,チャンスビルディングポイント ドリブルポイント ランキング,2,遠藤 渓太,遠藤渓太,"[""ドリブルポイント"", ""90分平均"", ""最近5試合"", ""出場試合"", ""攻撃CBP"", ""奪取P""]","["""", ""4.52"", ""0.39"", ""1.38"", ""18"", ""20.69"", ""41.71""]"
20260530,20260525,j1,2026,ドリブル.html,チャンスビルディングポイント ドリブルポイント ランキング,リーグサマリー:2026 J1百年構想リーグ チャンスビルディングポイント ドリブルポイント ランキング | データによってサッカーはもっと輝く | Football LAB,チャンスビルディングポイント ドリブルポイント ランキング,2,久保 藤次郎,久保藤次郎,"[""ドリブルポイント"", ""90分平均"", ""最近5試合"", ""出場試合"", ""攻撃CBP"", ""奪取P""]","["""", ""4.41"", ""0.33"", ""2.28"", ""15"", ""30.56"", ""113.00""]"
20260530,20260525,j1,2026,ドリブル.html,チャンスビルディングポイント ドリブルポイント ランキング,リーグサマリー:2026 J1百年構想リーグ チャンスビルディングポイント ドリブルポイント ランキング | データによってサッカーはもっと輝く | Football LAB,チャンスビルディングポイント ドリブルポイント ランキング,2,名古 新太郎,名古新太郎,"[""ドリブルポイント"", ""90分平均"", ""最近5試合"", ""出場試合"", ""攻撃CBP"", ""奪取P""]","["""", ""4.35"", ""0.40"", ""0.80"", ""14"", ""14.97"", ""44.99""]"
20260530,20260525,j1,2026,ドリブル.html,チャンスビルディングポイント ドリブルポイント ランキング,リーグサマリー:2026 J1百年構想リーグ チャンスビルディングポイント ドリブルポイント ランキング | データによってサッカーはもっと輝く | Football LAB,チャンスビルディングポイント ドリブルポイント ランキング,2,白井 康介,白井康介,"[""ドリブルポイント"", ""90分平均"", ""最近5試合"", ""出場試合"", ""攻撃CBP"", ""奪取P""]","["""", ""4.07"", ""0.32"", ""0.97"", ""15"", ""20.53"", ""122.51""]"
20260530,20260525,j1,2026,ドリブル.html,チャンスビルディングポイント ドリブルポイント ランキング,リーグサマリー:2026 J1百年構想リーグ チャンスビルディングポイント ドリブルポイント ランキング | データによってサッカーはもっと輝く | Football LAB,チャンスビルディングポイント ドリブルポイント ランキング,2,小泉 佳穂,小泉佳穂,"[""ドリブルポイント"", ""90分平均"", ""最近5試合"", ""出場試合"", ""攻撃CBP"", ""奪取P""]","["""", ""4.04"", ""0.27"", ""1.76"", ""17"", ""35.16"", ""105.08""]"
20260530,20260525,j1,2026,ドリブル.html,チャンスビルディングポイント ドリブルポイント ランキング,リーグサマリー:2026 J1百年構想リーグ チャンスビルディングポイント ドリブルポイント ランキング | データによってサッカーはもっと輝く | Football LAB,チャンスビルディングポイント ドリブルポイント ランキング,2,柴山 昌也,柴山昌也,"[""ドリブルポイント"", ""90分平均"", ""最近5試合"", ""出場試合"", ""攻撃CBP"", ""奪取P""]","["""", ""3.95"", ""0.32"", ""1.35"", ""17"", ""33.12"", ""52.32""]"
20260530,20260525,j1,2026,ドリブル.html,チャンスビルディングポイント ドリブルポイント ランキング,リーグサマリー:2026 J1百年構想リーグ チャンスビルディングポイント ドリブルポイント ランキング | データによってサッカーはもっと輝く | Football LAB,チャンスビルディングポイント ドリブルポイント ランキング,2,甲田 英將,甲田英將,"[""ドリブルポイント"", ""90分平均"", ""最近5試合"", ""出場試合"", ""攻撃CBP"", ""奪取P""]","["""", ""3.93"", ""0.51"", ""2.06"", ""16"", ""15.38"", ""76.24""]"
20260530,20260525,j1,2026,ドリブル.html,チャンスビルディングポイント ドリブルポイント ランキング,リーグサマリー:2026 J1百年構想リーグ チャンスビルディングポイント ドリブルポイント ランキング | データによってサッカーはもっと輝く | Football LAB,チャンスビルディングポイント ドリブルポイント ランキング,2,佐々木 大樹,佐々木大樹,"[""ドリブルポイント"", ""90分平均"", ""最近5試合"", ""出場試合"", ""攻撃CBP"", ""奪取P""]","["""", ""3.77"", ""0.31"", ""0.61"", ""14"", ""23.78"", ""107.50""]"
20260530,20260525,j1,2026,ドリブル.html,チャンスビルディングポイント ドリブルポイント ランキング,リーグサマリー:2026 J1百年構想リーグ チャンスビルディングポイント ドリブルポイント ランキング | データによってサッカーはもっと輝く | Football LAB,チャンスビルディングポイント ドリブルポイント ランキング,2,奥抜 侃志,奥抜侃志,"[""ドリブルポイント"", ""90分平均"", ""最近5試合"", ""出場試合"", ""攻撃CBP"", ""奪取P""]","["""", ""3.75"", ""0.68"", ""1.34"", ""12"", ""12.79"", ""18.14""]"
20260530,20260525,j1,2026,ドリブル.html,チャンスビルディングポイント ドリブルポイント ランキング,リーグサマリー:2026 J1百年構想リーグ チャンスビルディングポイント ドリブルポイント ランキング | データによってサッカーはもっと輝く | Football LAB,チャンスビルディングポイント ドリブルポイント ランキング,2,小見 洋太,小見洋太,"[""ドリブルポイント"", ""90分平均"", ""最近5試合"", ""出場試合"", ""攻撃CBP"", ""奪取P""]","["""", ""3.73"", ""0.41"", ""0.00"", ""12"", ""13.42"", ""67.05""]"
20260530,20260525,j1,2026,ドリブル.html,チャンスビルディングポイント ドリブルポイント ランキング,リーグサマリー:2026 J1百年構想リーグ チャンスビルディングポイント ドリブルポイント ランキング | データによってサッカーはもっと輝く | Football LAB,チャンスビルディングポイント ドリブルポイント ランキング,2,マテウス サヴィオ,マテウスサヴィオ,"[""ドリブルポイント"", ""90分平均"", ""最近5試合"", ""出場試合"", ""攻撃CBP"", ""奪取P""]","["""", ""3.68"", ""0.25"", ""0.00"", ""17"", ""27.40"", ""158.47""]"
20260530,20260525,j1,2026,ドリブル.html,チャンスビルディングポイント ドリブルポイント ランキング,リーグサマリー:2026 J1百年構想リーグ チャンスビルディングポイント ドリブルポイント ランキング | データによってサッカーはもっと輝く | Football LAB,チャンスビルディングポイント ドリブルポイント ランキング,2,マルコ トゥーリオ,マルコトゥーリオ,"[""ドリブルポイント"", ""90分平均"", ""最近5試合"", ""出場試合"", ""攻撃CBP"", ""奪取P""]","["""", ""3.58"", ""0.29"", ""0.00"", ""13"", ""20.36"", ""57.69""]"
20260530,20260525,j1,2026,ドリブル.html,チャンスビルディングポイント ドリブルポイント ランキング,リーグサマリー:2026 J1百年構想リーグ チャンスビルディングポイント ドリブルポイント ランキング | データによってサッカーはもっと輝く | Football LAB,チャンスビルディングポイント ドリブルポイント ランキング,2,山下 諒也,山下諒也,"[""ドリブルポイント"", ""90分平均"", ""最近5試合"", ""出場試合"", ""攻撃CBP"", ""奪取P""]","["""", ""3.57"", ""0.25"", ""1.59"", ""17"", ""24.75"", ""118.28""]"
20260530,20260525,j1,2026,ドリブル.html,チャンスビルディングポイント ドリブルポイント ランキング,リーグサマリー:2026 J1百年構想リーグ チャンスビルディングポイント ドリブルポイント ランキング | データによってサッカーはもっと輝く | Football LAB,チャンスビルディングポイント ドリブルポイント ランキング,2,中村 草太,中村草太,"[""ドリブルポイント"", ""90分平均"", ""最近5試合"", ""出場試合"", ""攻撃CBP"", ""奪取P""]","["""", ""3.56"", ""0.39"", ""2.27"", ""14"", ""18.39"", ""46.79""]"
20260530,20260525,j1,2026,ドリブル.html,チャンスビルディングポイント ドリブルポイント ランキング,リーグサマリー:2026 J1百年構想リーグ チャンスビルディングポイント ドリブルポイント ランキング | データによってサッカーはもっと輝く | Football LAB,チャンスビルディングポイント ドリブルポイント ランキング,2,山本 隼大,山本隼大,"[""ドリブルポイント"", ""90分平均"", ""最近5試合"", ""出場試合"", ""攻撃CBP"", ""奪取P""]","["""", ""3.55"", ""0.56"", ""0.37"", ""16"", ""11.17"", ""71.98""]"
20260530,20260525,j1,2026,ドリブル.html,チャンスビルディングポイント ドリブルポイント ランキング,リーグサマリー:2026 J1百年構想リーグ チャンスビルディングポイント ドリブルポイント ランキング | データによってサッカーはもっと輝く | Football LAB,チャンスビルディングポイント ドリブルポイント ランキング,2,米田 隼也,米田隼也,"[""ドリブルポイント"", ""90分平均"", ""最近5試合"", ""出場試合"", ""攻撃CBP"", ""奪取P""]","["""", ""3.51"", ""0.25"", ""0.64"", ""17"", ""18.62"", ""91.92""]"
20260530,20260525,j1,2026,パス.html,チャンスビルディングポイント パスポイント ランキング,リーグサマリー:2026 J1百年構想リーグ チャンスビルディングポイント パスポイント ランキング | データによってサッカーはもっと輝く | Football LAB,チャンスビルディングポイント パスポイント ランキング,1,柏,柏,"[""パスポイント"", ""試合平均"", ""最近5試合"", ""順位"", ""勝点"", ""得点"", ""失点""]","[""254.42"", ""14.13"", ""68.66"", ""8"", ""20"", ""21"", ""24""]"
20260530,20260525,j1,2026,パス.html,チャンスビルディングポイント パスポイント ランキング,リーグサマリー:2026 J1百年構想リーグ チャンスビルディングポイント パスポイント ランキング | データによってサッカーはもっと輝く | Football LAB,チャンスビルディングポイント パスポイント ランキング,1,川崎Ｆ,川崎Ｆ,"[""パスポイント"", ""試合平均"", ""最近5試合"", ""順位"", ""勝点"", ""得点"", ""失点""]","[""226.88"", ""12.60"", ""69.34"", ""4"", ""28"", ""23"", ""27""]"
20260530,20260525,j1,2026,パス.html,チャンスビルディングポイント パスポイント ランキング,リーグサマリー:2026 J1百年構想リーグ チャンスビルディングポイント パスポイント ランキング | データによってサッカーはもっと輝く | Football LAB,チャンスビルディングポイント パスポイント ランキング,1,鹿島,鹿島,"[""パスポイント"", ""試合平均"", ""最近5試合"", ""順位"", ""勝点"", ""得点"", ""失点""]","[""221.88"", ""12.33"", ""64.16"", ""1"", ""45"", ""29"", ""9""]"
20260530,20260525,j1,2026,パス.html,チャンスビルディングポイント パスポイント ランキング,リーグサマリー:2026 J1百年構想リーグ チャンスビルディングポイント パスポイント ランキング | データによってサッカーはもっと輝く | Football LAB,チャンスビルディングポイント パスポイント ランキング,1,Ｇ大阪,Ｇ大阪,"[""パスポイント"", ""試合平均"", ""最近5試合"", ""順位"", ""勝点"", ""得点"", ""失点""]","[""218.33"", ""12.13"", ""47.88"", ""5"", ""28"", ""26"", ""22""]"
20260530,20260525,j1,2026,パス.html,チャンスビルディングポイント パスポイント ランキング,リーグサマリー:2026 J1百年構想リーグ チャンスビルディングポイント パスポイント ランキング | データによってサッカーはもっと輝く | Football LAB,チャンスビルディングポイント パスポイント ランキング,1,広島,広島,"[""パスポイント"", ""試合平均"", ""最近5試合"", ""順位"", ""勝点"", ""得点"", ""失点""]","[""216.42"", ""12.02"", ""55.24"", ""4"", ""30"", ""29"", ""21""]"
20260530,20260525,j1,2026,パス.html,チャンスビルディングポイント パスポイント ランキング,リーグサマリー:2026 J1百年構想リーグ チャンスビルディングポイント パスポイント ランキング | データによってサッカーはもっと輝く | Football LAB,チャンスビルディングポイント パスポイント ランキング,1,神戸,神戸,"[""パスポイント"", ""試合平均"", ""最近5試合"", ""順位"", ""勝点"", ""得点"", ""失点""]","[""213.08"", ""11.84"", ""58.12"", ""1"", ""35"", ""27"", ""21""]"
20260530,20260525,j1,2026,パス.html,チャンスビルディングポイント パスポイント ランキング,リーグサマリー:2026 J1百年構想リーグ チャンスビルディングポイント パスポイント ランキング | データによってサッカーはもっと輝く | Football LAB,チャンスビルディングポイント パスポイント ランキング,1,Ｃ大阪,Ｃ大阪,"[""パスポイント"", ""試合平均"", ""最近5試合"", ""順位"", ""勝点"", ""得点"", ""失点""]","[""203.69"", ""11.32"", ""58.87"", ""2"", ""31"", ""26"", ""19""]"
20260530,20260525,j1,2026,パス.html,チャンスビルディングポイント パスポイント ランキング,リーグサマリー:2026 J1百年構想リーグ チャンスビルディングポイント パスポイント ランキング | データによってサッカーはもっと輝く | Football LAB,チャンスビルディングポイント パスポイント ランキング,1,名古屋,名古屋,"[""パスポイント"", ""試合平均"", ""最近5試合"", ""順位"", ""勝点"", ""得点"", ""失点""]","[""201.47"", ""11.19"", ""55.71"", ""3"", ""31"", ""31"", ""28""]"
20260530,20260525,j1,2026,パス.html,チャンスビルディングポイント パスポイント ランキング,リーグサマリー:2026 J1百年構想リーグ チャンスビルディングポイント パスポイント ランキング | データによってサッカーはもっと輝く | Football LAB,チャンスビルディングポイント パスポイント ランキング,1,FC東京,FC東京,"[""パスポイント"", ""試合平均"", ""最近5試合"", ""順位"", ""勝点"", ""得点"", ""失点""]","[""195.19"", ""10.84"", ""55.63"", ""2"", ""37"", ""28"", ""16""]"
20260530,20260525,j1,2026,パス.html,チャンスビルディングポイント パスポイント ランキング,リーグサマリー:2026 J1百年構想リーグ チャンスビルディングポイント パスポイント ランキング | データによってサッカーはもっと輝く | Football LAB,チャンスビルディングポイント パスポイント ランキング,1,浦和,浦和,"[""パスポイント"", ""試合平均"", ""最近5試合"", ""順位"", ""勝点"", ""得点"", ""失点""]","[""193.57"", ""10.75"", ""63.98"", ""6"", ""25"", ""25"", ""18""]"
20260530,20260525,j1,2026,パス.html,チャンスビルディングポイント パスポイント ランキング,リーグサマリー:2026 J1百年構想リーグ チャンスビルディングポイント パスポイント ランキング | データによってサッカーはもっと輝く | Football LAB,チャンスビルディングポイント パスポイント ランキング,1,水戸,水戸,"[""パスポイント"", ""試合平均"", ""最近5試合"", ""順位"", ""勝点"", ""得点"", ""失点""]","[""180.56"", ""10.03"", ""45.43"", ""9"", ""18"", ""19"", ""35""]"
20260530,20260525,j1,2026,パス.html,チャンスビルディングポイント パスポイント ランキング,リーグサマリー:2026 J1百年構想リーグ チャンスビルディングポイント パスポイント ランキング | データによってサッカーはもっと輝く | Football LAB,チャンスビルディングポイント パスポイント ランキング,1,清水,清水,"[""パスポイント"", ""試合平均"", ""最近5試合"", ""順位"", ""勝点"", ""得点"", ""失点""]","[""178.98"", ""9.94"", ""53.09"", ""7"", ""24"", ""19"", ""21""]"
20260530,20260525,j1,2026,パス.html,チャンスビルディングポイント パスポイント ランキング,リーグサマリー:2026 J1百年構想リーグ チャンスビルディングポイント パスポイント ランキング | データによってサッカーはもっと輝く | Football LAB,チャンスビルディングポイント パスポイント ランキング,1,町田,町田,"[""パスポイント"", ""試合平均"", ""最近5試合"", ""順位"", ""勝点"", ""得点"", ""失点""]","[""173.66"", ""9.65"", ""47.06"", ""3"", ""37"", ""23"", ""19""]"
20260530,20260525,j1,2026,パス.html,チャンスビルディングポイント パスポイント ランキング,リーグサマリー:2026 J1百年構想リーグ チャンスビルディングポイント パスポイント ランキング | データによってサッカーはもっと輝く | Football LAB,チャンスビルディングポイント パスポイント ランキング,1,京都,京都,"[""パスポイント"", ""試合平均"", ""最近5試合"", ""順位"", ""勝点"", ""得点"", ""失点""]","[""172.41"", ""9.58"", ""51.99"", ""8"", ""23"", ""19"", ""26""]"
20260530,20260525,j1,2026,パス.html,チャンスビルディングポイント パスポイント ランキング,リーグサマリー:2026 J1百年構想リーグ チャンスビルディングポイント パスポイント ランキング | データによってサッカーはもっと輝く | Football LAB,チャンスビルディングポイント パスポイント ランキング,1,長崎,長崎,"[""パスポイント"", ""試合平均"", ""最近5試合"", ""順位"", ""勝点"", ""得点"", ""失点""]","[""169.07"", ""9.39"", ""42.81"", ""9"", ""21"", ""20"", ""28""]"
20260530,20260525,j1,2026,パス.html,チャンスビルディングポイント パスポイント ランキング,リーグサマリー:2026 J1百年構想リーグ チャンスビルディングポイント パスポイント ランキング | データによってサッカーはもっと輝く | Football LAB,チャンスビルディングポイント パスポイント ランキング,1,横浜FM,横浜FM,"[""パスポイント"", ""試合平均"", ""最近5試合"", ""順位"", ""勝点"", ""得点"", ""失点""]","[""157.61"", ""8.76"", ""41.78"", ""7"", ""20"", ""28"", ""29""]"
20260530,20260525,j1,2026,パス.html,チャンスビルディングポイント パスポイント ランキング,リーグサマリー:2026 J1百年構想リーグ チャンスビルディングポイント パスポイント ランキング | データによってサッカーはもっと輝く | Football LAB,チャンスビルディングポイント パスポイント ランキング,1,千葉,千葉,"[""パスポイント"", ""試合平均"", ""最近5試合"", ""順位"", ""勝点"", ""得点"", ""失点""]","[""155.69"", ""8.65"", ""36.84"", ""10"", ""12"", ""18"", ""31""]"
20260530,20260525,j1,2026,パス.html,チャンスビルディングポイント パスポイント ランキング,リーグサマリー:2026 J1百年構想リーグ チャンスビルディングポイント パスポイント ランキング | データによってサッカーはもっと輝く | Football LAB,チャンスビルディングポイント パスポイント ランキング,1,福岡,福岡,"[""パスポイント"", ""試合平均"", ""最近5試合"", ""順位"", ""勝点"", ""得点"", ""失点""]","[""152.57"", ""8.48"", ""38.16"", ""10"", ""21"", ""17"", ""27""]"
20260530,20260525,j1,2026,パス.html,チャンスビルディングポイント パスポイント ランキング,リーグサマリー:2026 J1百年構想リーグ チャンスビルディングポイント パスポイント ランキング | データによってサッカーはもっと輝く | Football LAB,チャンスビルディングポイント パスポイント ランキング,1,東京Ｖ,東京Ｖ,"[""パスポイント"", ""試合平均"", ""最近5試合"", ""順位"", ""勝点"", ""得点"", ""失点""]","[""148.33"", ""8.24"", ""35.21"", ""5"", ""28"", ""19"", ""25""]"
20260530,20260525,j1,2026,パス.html,チャンスビルディングポイント パスポイント ランキング,リーグサマリー:2026 J1百年構想リーグ チャンスビルディングポイント パスポイント ランキング | データによってサッカーはもっと輝く | Football LAB,チャンスビルディングポイント パスポイント ランキング,1,岡山,岡山,"[""パスポイント"", ""試合平均"", ""最近5試合"", ""順位"", ""勝点"", ""得点"", ""失点""]","[""133.18"", ""7.40"", ""36.01"", ""6"", ""26"", ""24"", ""25""]"
20260530,20260525,j1,2026,パス.html,チャンスビルディングポイント パスポイント ランキング,リーグサマリー:2026 J1百年構想リーグ チャンスビルディングポイント パスポイント ランキング | データによってサッカーはもっと輝く | Football LAB,チャンスビルディングポイント パスポイント ランキング,2,塩谷 司,塩谷司,"[""パスポイント"", ""90分平均"", ""最近5試合"", ""出場試合"", ""攻撃CBP"", ""奪取P""]","["""", ""29.43"", ""1.82"", ""6.78"", ""18"", ""30.65"", ""184.37""]"
20260530,20260525,j1,2026,パス.html,チャンスビルディングポイント パスポイント ランキング,リーグサマリー:2026 J1百年構想リーグ チャンスビルディングポイント パスポイント ランキング | データによってサッカーはもっと輝く | Football LAB,チャンスビルディングポイント パスポイント ランキング,2,小泉 佳穂,小泉佳穂,"[""パスポイント"", ""90分平均"", ""最近5試合"", ""出場試合"", ""攻撃CBP"", ""奪取P""]","["""", ""29.06"", ""1.92"", ""9.63"", ""17"", ""35.16"", ""105.08""]"
20260530,20260525,j1,2026,パス.html,チャンスビルディングポイント パスポイント ランキング,リーグサマリー:2026 J1百年構想リーグ チャンスビルディングポイント パスポイント ランキング | データによってサッカーはもっと輝く | Football LAB,チャンスビルディングポイント パスポイント ランキング,2,マテウス ブエノ,マテウスブエノ,"[""パスポイント"", ""90分平均"", ""最近5試合"", ""出場試合"", ""攻撃CBP"", ""奪取P""]","["""", ""28.74"", ""1.74"", ""8.58"", ""17"", ""30.33"", ""227.07""]"
20260530,20260525,j1,2026,パス.html,チャンスビルディングポイント パスポイント ランキング,リーグサマリー:2026 J1百年構想リーグ チャンスビルディングポイント パスポイント ランキング | データによってサッカーはもっと輝く | Football LAB,チャンスビルディングポイント パスポイント ランキング,2,中川 敦瑛,中川敦瑛,"[""パスポイント"", ""90分平均"", ""最近5試合"", ""出場試合"", ""攻撃CBP"", ""奪取P""]","["""", ""27.39"", ""1.59"", ""7.38"", ""18"", ""28.42"", ""232.10""]"
20260530,20260525,j1,2026,パス.html,チャンスビルディングポイント パスポイント ランキング,リーグサマリー:2026 J1百年構想リーグ チャンスビルディングポイント パスポイント ランキング | データによってサッカーはもっと輝く | Football LAB,チャンスビルディングポイント パスポイント ランキング,2,古賀 太陽,古賀太陽,"[""パスポイント"", ""90分平均"", ""最近5試合"", ""出場試合"", ""攻撃CBP"", ""奪取P""]","["""", ""27.16"", ""1.51"", ""7.11"", ""18"", ""27.16"", ""151.53""]"
20260530,20260525,j1,2026,パス.html,チャンスビルディングポイント パスポイント ランキング,リーグサマリー:2026 J1百年構想リーグ チャンスビルディングポイント パスポイント ランキング | データによってサッカーはもっと輝く | Football LAB,チャンスビルディングポイント パスポイント ランキング,2,山本 悠樹,山本悠樹,"[""パスポイント"", ""90分平均"", ""最近5試合"", ""出場試合"", ""攻撃CBP"", ""奪取P""]","["""", ""26.23"", ""1.88"", ""10.00"", ""18"", ""29.63"", ""171.10""]"
20260530,20260525,j1,2026,パス.html,チャンスビルディングポイント パスポイント ランキング,リーグサマリー:2026 J1百年構想リーグ チャンスビルディングポイント パスポイント ランキング | データによってサッカーはもっと輝く | Football LAB,チャンスビルディングポイント パスポイント ランキング,2,柴山 昌也,柴山昌也,"[""パスポイント"", ""90分平均"", ""最近5試合"", ""出場試合"", ""攻撃CBP"", ""奪取P""]","["""", ""25.54"", ""2.08"", ""7.40"", ""17"", ""33.12"", ""52.32""]"
20260530,20260525,j1,2026,パス.html,チャンスビルディングポイント パスポイント ランキング,リーグサマリー:2026 J1百年構想リーグ チャンスビルディングポイント パスポイント ランキング | データによってサッカーはもっと輝く | Football LAB,チャンスビルディングポイント パスポイント ランキング,2,鈴木 優磨,鈴木優磨,"[""パスポイント"", ""90分平均"", ""最近5試合"", ""出場試合"", ""攻撃CBP"", ""奪取P""]","["""", ""23.14"", ""1.35"", ""6.57"", ""18"", ""30.98"", ""68.96""]"
20260530,20260525,j1,2026,パス.html,チャンスビルディングポイント パスポイント ランキング,リーグサマリー:2026 J1百年構想リーグ チャンスビルディングポイント パスポイント ランキング | データによってサッカーはもっと輝く | Football LAB,チャンスビルディングポイント パスポイント ランキング,2,藤井 陽也,藤井陽也,"[""パスポイント"", ""90分平均"", ""最近5試合"", ""出場試合"", ""攻撃CBP"", ""奪取P""]","["""", ""22.47"", ""1.32"", ""4.72"", ""17"", ""23.16"", ""199.11""]"
20260530,20260525,j1,2026,パス.html,チャンスビルディングポイント パスポイント ランキング,リーグサマリー:2026 J1百年構想リーグ チャンスビルディングポイント パスポイント ランキング | データによってサッカーはもっと輝く | Football LAB,チャンスビルディングポイント パスポイント ランキング,2,ジョアン ペドロ,ジョアンペドロ,"[""パスポイント"", ""90分平均"", ""最近5試合"", ""出場試合"", ""攻撃CBP"", ""奪取P""]","["""", ""22.40"", ""1.45"", ""5.75"", ""16"", ""25.50"", ""247.83""]"
20260530,20260525,j1,2026,パス.html,チャンスビルディングポイント パスポイント ランキング,リーグサマリー:2026 J1百年構想リーグ チャンスビルディングポイント パスポイント ランキング | データによってサッカーはもっと輝く | Football LAB,チャンスビルディングポイント パスポイント ランキング,2,高嶺 朋樹,高嶺朋樹,"[""パスポイント"", ""90分平均"", ""最近5試合"", ""出場試合"", ""攻撃CBP"", ""奪取P""]","["""", ""22.18"", ""1.31"", ""4.89"", ""17"", ""28.55"", ""189.61""]"
20260530,20260525,j1,2026,パス.html,チャンスビルディングポイント パスポイント ランキング,リーグサマリー:2026 J1百年構想リーグ チャンスビルディングポイント パスポイント ランキング | データによってサッカーはもっと輝く | Football LAB,チャンスビルディングポイント パスポイント ランキング,2,アレクサンダー ショルツ,アレクサンダーショルツ,"[""パスポイント"", ""90分平均"", ""最近5試合"", ""出場試合"", ""攻撃CBP"", ""奪取P""]","["""", ""21.49"", ""1.45"", ""4.90"", ""15"", ""23.61"", ""142.28""]"
20260530,20260525,j1,2026,パス.html,チャンスビルディングポイント パスポイント ランキング,リーグサマリー:2026 J1百年構想リーグ チャンスビルディングポイント パスポイント ランキング | データによってサッカーはもっと輝く | Football LAB,チャンスビルディングポイント パスポイント ランキング,2,安部 柊斗,安部柊斗,"[""パスポイント"", ""90分平均"", ""最近5試合"", ""出場試合"", ""攻撃CBP"", ""奪取P""]","["""", ""21.36"", ""2.13"", ""1.12"", ""14"", ""22.03"", ""139.73""]"
20260530,20260525,j1,2026,パス.html,チャンスビルディングポイント パスポイント ランキング,リーグサマリー:2026 J1百年構想リーグ チャンスビルディングポイント パスポイント ランキング | データによってサッカーはもっと輝く | Football LAB,チャンスビルディングポイント パスポイント ランキング,2,橘田 健人,橘田健人,"[""パスポイント"", ""90分平均"", ""最近5試合"", ""出場試合"", ""攻撃CBP"", ""奪取P""]","["""", ""21.18"", ""1.48"", ""7.53"", ""18"", ""21.18"", ""198.97""]"
20260530,20260525,j1,2026,パス.html,チャンスビルディングポイント パスポイント ランキング,リーグサマリー:2026 J1百年構想リーグ チャンスビルディングポイント パスポイント ランキング | データによってサッカーはもっと輝く | Football LAB,チャンスビルディングポイント パスポイント ランキング,2,マテウス サヴィオ,マテウスサヴィオ,"[""パスポイント"", ""90分平均"", ""最近5試合"", ""出場試合"", ""攻撃CBP"", ""奪取P""]","["""", ""21.13"", ""1.42"", ""4.73"", ""17"", ""27.40"", ""158.47""]"
20260530,20260525,j1,2026,パス.html,チャンスビルディングポイント パスポイント ランキング,リーグサマリー:2026 J1百年構想リーグ チャンスビルディングポイント パスポイント ランキング | データによってサッカーはもっと輝く | Football LAB,チャンスビルディングポイント パスポイント ランキング,2,植田 直通,植田直通,"[""パスポイント"", ""90分平均"", ""最近5試合"", ""出場試合"", ""攻撃CBP"", ""奪取P""]","["""", ""21.01"", ""1.17"", ""6.95"", ""18"", ""21.01"", ""84.10""]"
20260530,20260525,j1,2026,パス.html,チャンスビルディングポイント パスポイント ランキング,リーグサマリー:2026 J1百年構想リーグ チャンスビルディングポイント パスポイント ランキング | データによってサッカーはもっと輝く | Football LAB,チャンスビルディングポイント パスポイント ランキング,2,河野 貴志,河野貴志,"[""パスポイント"", ""90分平均"", ""最近5試合"", ""出場試合"", ""攻撃CBP"", ""奪取P""]","["""", ""20.94"", ""1.23"", ""5.45"", ""17"", ""21.61"", ""121.12""]"
20260530,20260525,j1,2026,パス.html,チャンスビルディングポイント パスポイント ランキング,リーグサマリー:2026 J1百年構想リーグ チャンスビルディングポイント パスポイント ランキング | データによってサッカーはもっと輝く | Football LAB,チャンスビルディングポイント パスポイント ランキング,2,川辺 駿,川辺駿,"[""パスポイント"", ""90分平均"", ""最近5試合"", ""出場試合"", ""攻撃CBP"", ""奪取P""]","["""", ""20.56"", ""1.46"", ""6.87"", ""16"", ""22.89"", ""176.82""]"
20260530,20260525,j1,2026,パス.html,チャンスビルディングポイント パスポイント ランキング,リーグサマリー:2026 J1百年構想リーグ チャンスビルディングポイント パスポイント ランキング | データによってサッカーはもっと輝く | Football LAB,チャンスビルディングポイント パスポイント ランキング,2,稲村 隼翔,稲村隼翔,"[""パスポイント"", ""90分平均"", ""最近5試合"", ""出場試合"", ""攻撃CBP"", ""奪取P""]","["""", ""20.46"", ""1.46"", ""6.87"", ""15"", ""21.14"", ""114.71""]"
20260530,20260525,j1,2026,パス.html,チャンスビルディングポイント パスポイント ランキング,リーグサマリー:2026 J1百年構想リーグ チャンスビルディングポイント パスポイント ランキング | データによってサッカーはもっと輝く | Football LAB,チャンスビルディングポイント パスポイント ランキング,2,三竿 健斗,三竿健斗,"[""パスポイント"", ""90分平均"", ""最近5試合"", ""出場試合"", ""攻撃CBP"", ""奪取P""]","["""", ""20.38"", ""1.43"", ""5.24"", ""16"", ""22.29"", ""203.86""]"
20260530,20260525,j1,2026,パス.html,チャンスビルディングポイント パスポイント ランキング,リーグサマリー:2026 J1百年構想リーグ チャンスビルディングポイント パスポイント ランキング | データによってサッカーはもっと輝く | Football LAB,チャンスビルディングポイント パスポイント ランキング,2,三浦 颯太,三浦颯太,"[""パスポイント"", ""90分平均"", ""最近5試合"", ""出場試合"", ""攻撃CBP"", ""奪取P""]","["""", ""20.37"", ""1.21"", ""6.63"", ""18"", ""29.69"", ""163.72""]"
20260530,20260525,j1,2026,パス.html,チャンスビルディングポイント パスポイント ランキング,リーグサマリー:2026 J1百年構想リーグ チャンスビルディングポイント パスポイント ランキング | データによってサッカーはもっと輝く | Football LAB,チャンスビルディングポイント パスポイント ランキング,2,山原 怜音,山原怜音,"[""パスポイント"", ""90分平均"", ""最近5試合"", ""出場試合"", ""攻撃CBP"", ""奪取P""]","["""", ""20.37"", ""1.14"", ""6.33"", ""18"", ""27.87"", ""124.03""]"
20260530,20260525,j1,2026,パス.html,チャンスビルディングポイント パスポイント ランキング,リーグサマリー:2026 J1百年構想リーグ チャンスビルディングポイント パスポイント ランキング | データによってサッカーはもっと輝く | Football LAB,チャンスビルディングポイント パスポイント ランキング,2,宮本 優太,宮本優太,"[""パスポイント"", ""90分平均"", ""最近5試合"", ""出場試合"", ""攻撃CBP"", ""奪取P""]","["""", ""20.34"", ""1.45"", ""7.25"", ""14"", ""20.96"", ""103.70""]"
20260530,20260525,j1,2026,パス.html,チャンスビルディングポイント パスポイント ランキング,リーグサマリー:2026 J1百年構想リーグ チャンスビルディングポイント パスポイント ランキング | データによってサッカーはもっと輝く | Football LAB,チャンスビルディングポイント パスポイント ランキング,2,田中 駿汰,田中駿汰,"[""パスポイント"", ""90分平均"", ""最近5試合"", ""出場試合"", ""攻撃CBP"", ""奪取P""]","["""", ""20.30"", ""1.19"", ""6.80"", ""18"", ""20.30"", ""177.47""]"
20260530,20260525,j1,2026,パス.html,チャンスビルディングポイント パスポイント ランキング,リーグサマリー:2026 J1百年構想リーグ チャンスビルディングポイント パスポイント ランキング | データによってサッカーはもっと輝く | Football LAB,チャンスビルディングポイント パスポイント ランキング,2,濃野 公人,濃野公人,"[""パスポイント"", ""90分平均"", ""最近5試合"", ""出場試合"", ""攻撃CBP"", ""奪取P""]","["""", ""20.30"", ""1.26"", ""5.40"", ""17"", ""23.15"", ""130.44""]"
20260530,20260525,j1,2026,パス.html,チャンスビルディングポイント パスポイント ランキング,リーグサマリー:2026 J1百年構想リーグ チャンスビルディングポイント パスポイント ランキング | データによってサッカーはもっと輝く | Football LAB,チャンスビルディングポイント パスポイント ランキング,2,脇坂 泰斗,脇坂泰斗,"[""パスポイント"", ""90分平均"", ""最近5試合"", ""出場試合"", ""攻撃CBP"", ""奪取P""]","["""", ""19.71"", ""1.20"", ""5.90"", ""17"", ""23.10"", ""53.90""]"
20260530,20260525,j1,2026,パス.html,チャンスビルディングポイント パスポイント ランキング,リーグサマリー:2026 J1百年構想リーグ チャンスビルディングポイント パスポイント ランキング | データによってサッカーはもっと輝く | Football LAB,チャンスビルディングポイント パスポイント ランキング,2,中谷 進之介,中谷進之介,"[""パスポイント"", ""90分平均"", ""最近5試合"", ""出場試合"", ""攻撃CBP"", ""奪取P""]","["""", ""19.43"", ""1.08"", ""4.82"", ""18"", ""19.43"", ""128.50""]"
20260530,20260525,j1,2026,パス.html,チャンスビルディングポイント パスポイント ランキング,リーグサマリー:2026 J1百年構想リーグ チャンスビルディングポイント パスポイント ランキング | データによってサッカーはもっと輝く | Football LAB,チャンスビルディングポイント パスポイント ランキング,2,大崎 航詩,大崎航詩,"[""パスポイント"", ""90分平均"", ""最近5試合"", ""出場試合"", ""攻撃CBP"", ""奪取P""]","["""", ""19.32"", ""1.19"", ""3.56"", ""17"", ""22.93"", ""225.01""]"
20260530,20260525,j1,2026,パス.html,チャンスビルディングポイント パスポイント ランキング,リーグサマリー:2026 J1百年構想リーグ チャンスビルディングポイント パスポイント ランキング | データによってサッカーはもっと輝く | Football LAB,チャンスビルディングポイント パスポイント ランキング,2,見木 友哉,見木友哉,"[""パスポイント"", ""90分平均"", ""最近5試合"", ""出場試合"", ""攻撃CBP"", ""奪取P""]","["""", ""19.30"", ""1.40"", ""4.92"", ""15"", ""22.48"", ""144.47""]"
20260530,20260525,j1,2026,パス.html,チャンスビルディングポイント パスポイント ランキング,リーグサマリー:2026 J1百年構想リーグ チャンスビルディングポイント パスポイント ランキング | データによってサッカーはもっと輝く | Football LAB,チャンスビルディングポイント パスポイント ランキング,2,山口 蛍,山口蛍,"[""パスポイント"", ""90分平均"", ""最近5試合"", ""出場試合"", ""攻撃CBP"", ""奪取P""]","["""", ""19.26"", ""1.14"", ""3.96"", ""18"", ""19.26"", ""161.76""]"
20260530,20260525,j1,2026,パスレシーブ.html,チャンスビルディングポイント パスレシーブポイント ランキング,リーグサマリー:2026 J1百年構想リーグ チャンスビルディングポイント パスレシーブポイント ランキング | データによってサッカーはもっと輝く | Football LAB,チャンスビルディングポイント パスレシーブポイント ランキング,1,鈴木 優磨,鈴木優磨,"[""パスレシーブポイント"", ""90分平均"", ""最近5試合"", ""出場試合"", ""攻撃CBP"", ""奪取P""]","["""", ""30.92"", ""1.80"", ""8.30"", ""18"", ""30.98"", ""68.96""]"
20260530,20260525,j1,2026,パスレシーブ.html,チャンスビルディングポイント パスレシーブポイント ランキング,リーグサマリー:2026 J1百年構想リーグ チャンスビルディングポイント パスレシーブポイント ランキング | データによってサッカーはもっと輝く | Football LAB,チャンスビルディングポイント パスレシーブポイント ランキング,1,小泉 佳穂,小泉佳穂,"[""パスレシーブポイント"", ""90分平均"", ""最近5試合"", ""出場試合"", ""攻撃CBP"", ""奪取P""]","["""", ""29.94"", ""1.98"", ""9.63"", ""17"", ""35.16"", ""105.08""]"
20260530,20260525,j1,2026,パスレシーブ.html,チャンスビルディングポイント パスレシーブポイント ランキング,リーグサマリー:2026 J1百年構想リーグ チャンスビルディングポイント パスレシーブポイント ランキング | データによってサッカーはもっと輝く | Football LAB,チャンスビルディングポイント パスレシーブポイント ランキング,1,柴山 昌也,柴山昌也,"[""パスレシーブポイント"", ""90分平均"", ""最近5試合"", ""出場試合"", ""攻撃CBP"", ""奪取P""]","["""", ""26.77"", ""2.18"", ""7.23"", ""17"", ""33.12"", ""52.32""]"
20260530,20260525,j1,2026,パスレシーブ.html,チャンスビルディングポイント パスレシーブポイント ランキング,リーグサマリー:2026 J1百年構想リーグ チャンスビルディングポイント パスレシーブポイント ランキング | データによってサッカーはもっと輝く | Football LAB,チャンスビルディングポイント パスレシーブポイント ランキング,1,オ セフン,オセフン,"[""パスレシーブポイント"", ""90分平均"", ""最近5試合"", ""出場試合"", ""攻撃CBP"", ""奪取P""]","["""", ""25.74"", ""1.60"", ""6.60"", ""17"", ""18.86"", ""54.60""]"
20260530,20260525,j1,2026,パスレシーブ.html,チャンスビルディングポイント パスレシーブポイント ランキング,リーグサマリー:2026 J1百年構想リーグ チャンスビルディングポイント パスレシーブポイント ランキング | データによってサッカーはもっと輝く | Football LAB,チャンスビルディングポイント パスレシーブポイント ランキング,1,脇坂 泰斗,脇坂泰斗,"[""パスレシーブポイント"", ""90分平均"", ""最近5試合"", ""出場試合"", ""攻撃CBP"", ""奪取P""]","["""", ""25.47"", ""1.55"", ""8.18"", ""17"", ""23.10"", ""53.90""]"
20260530,20260525,j1,2026,パスレシーブ.html,チャンスビルディングポイント パスレシーブポイント ランキング,リーグサマリー:2026 J1百年構想リーグ チャンスビルディングポイント パスレシーブポイント ランキング | データによってサッカーはもっと輝く | Football LAB,チャンスビルディングポイント パスレシーブポイント ランキング,1,佐々木 大樹,佐々木大樹,"[""パスレシーブポイント"", ""90分平均"", ""最近5試合"", ""出場試合"", ""攻撃CBP"", ""奪取P""]","["""", ""24.74"", ""2.01"", ""7.88"", ""14"", ""23.78"", ""107.50""]"
20260530,20260525,j1,2026,パスレシーブ.html,チャンスビルディングポイント パスレシーブポイント ランキング,リーグサマリー:2026 J1百年構想リーグ チャンスビルディングポイント パスレシーブポイント ランキング | データによってサッカーはもっと輝く | Football LAB,チャンスビルディングポイント パスレシーブポイント ランキング,1,木村 勇大,木村勇大,"[""パスレシーブポイント"", ""90分平均"", ""最近5試合"", ""出場試合"", ""攻撃CBP"", ""奪取P""]","["""", ""23.94"", ""1.52"", ""6.53"", ""18"", ""17.10"", ""47.78""]"
20260530,20260525,j1,2026,パスレシーブ.html,チャンスビルディングポイント パスレシーブポイント ランキング,リーグサマリー:2026 J1百年構想リーグ チャンスビルディングポイント パスレシーブポイント ランキング | データによってサッカーはもっと輝く | Football LAB,チャンスビルディングポイント パスレシーブポイント ランキング,1,染野 唯月,染野唯月,"[""パスレシーブポイント"", ""90分平均"", ""最近5試合"", ""出場試合"", ""攻撃CBP"", ""奪取P""]","["""", ""23.67"", ""1.62"", ""5.61"", ""16"", ""13.04"", ""70.23""]"
20260530,20260525,j1,2026,パスレシーブ.html,チャンスビルディングポイント パスレシーブポイント ランキング,リーグサマリー:2026 J1百年構想リーグ チャンスビルディングポイント パスレシーブポイント ランキング | データによってサッカーはもっと輝く | Football LAB,チャンスビルディングポイント パスレシーブポイント ランキング,1,細谷 真大,細谷真大,"[""パスレシーブポイント"", ""90分平均"", ""最近5試合"", ""出場試合"", ""攻撃CBP"", ""奪取P""]","["""", ""23.61"", ""2.18"", ""3.48"", ""18"", ""14.39"", ""33.22""]"
20260530,20260525,j1,2026,パスレシーブ.html,チャンスビルディングポイント パスレシーブポイント ランキング,リーグサマリー:2026 J1百年構想リーグ チャンスビルディングポイント パスレシーブポイント ランキング | データによってサッカーはもっと輝く | Football LAB,チャンスビルディングポイント パスレシーブポイント ランキング,1,レオ セアラ,レオセアラ,"[""パスレシーブポイント"", ""90分平均"", ""最近5試合"", ""出場試合"", ""攻撃CBP"", ""奪取P""]","["""", ""23.23"", ""1.35"", ""6.37"", ""18"", ""18.66"", ""58.31""]"
20260530,20260525,j1,2026,パスレシーブ.html,チャンスビルディングポイント パスレシーブポイント ランキング,リーグサマリー:2026 J1百年構想リーグ チャンスビルディングポイント パスレシーブポイント ランキング | データによってサッカーはもっと輝く | Football LAB,チャンスビルディングポイント パスレシーブポイント ランキング,1,佐藤 恵允,佐藤恵允,"[""パスレシーブポイント"", ""90分平均"", ""最近5試合"", ""出場試合"", ""攻撃CBP"", ""奪取P""]","["""", ""22.61"", ""1.41"", ""5.85"", ""18"", ""19.13"", ""110.12""]"
20260530,20260525,j1,2026,パスレシーブ.html,チャンスビルディングポイント パスレシーブポイント ランキング,リーグサマリー:2026 J1百年構想リーグ チャンスビルディングポイント パスレシーブポイント ランキング | データによってサッカーはもっと輝く | Football LAB,チャンスビルディングポイント パスレシーブポイント ランキング,1,マテウス サヴィオ,マテウスサヴィオ,"[""パスレシーブポイント"", ""90分平均"", ""最近5試合"", ""出場試合"", ""攻撃CBP"", ""奪取P""]","["""", ""22.55"", ""1.51"", ""4.69"", ""17"", ""27.40"", ""158.47""]"
20260530,20260525,j1,2026,パスレシーブ.html,チャンスビルディングポイント パスレシーブポイント ランキング,リーグサマリー:2026 J1百年構想リーグ チャンスビルディングポイント パスレシーブポイント ランキング | データによってサッカーはもっと輝く | Football LAB,チャンスビルディングポイント パスレシーブポイント ランキング,1,山下 諒也,山下諒也,"[""パスレシーブポイント"", ""90分平均"", ""最近5試合"", ""出場試合"", ""攻撃CBP"", ""奪取P""]","["""", ""22.54"", ""1.55"", ""6.07"", ""17"", ""24.75"", ""118.28""]"
20260530,20260525,j1,2026,パスレシーブ.html,チャンスビルディングポイント パスレシーブポイント ランキング,リーグサマリー:2026 J1百年構想リーグ チャンスビルディングポイント パスレシーブポイント ランキング | データによってサッカーはもっと輝く | Football LAB,チャンスビルディングポイント パスレシーブポイント ランキング,1,中川 敦瑛,中川敦瑛,"[""パスレシーブポイント"", ""90分平均"", ""最近5試合"", ""出場試合"", ""攻撃CBP"", ""奪取P""]","["""", ""22.42"", ""1.30"", ""5.06"", ""18"", ""28.42"", ""232.10""]"
20260530,20260525,j1,2026,パスレシーブ.html,チャンスビルディングポイント パスレシーブポイント ランキング,リーグサマリー:2026 J1百年構想リーグ チャンスビルディングポイント パスレシーブポイント ランキング | データによってサッカーはもっと輝く | Football LAB,チャンスビルディングポイント パスレシーブポイント ランキング,1,中山 克広,中山克広,"[""パスレシーブポイント"", ""90分平均"", ""最近5試合"", ""出場試合"", ""攻撃CBP"", ""奪取P""]","["""", ""22.40"", ""1.41"", ""6.12"", ""17"", ""29.68"", ""162.17""]"
20260530,20260525,j1,2026,パスレシーブ.html,チャンスビルディングポイント パスレシーブポイント ランキング,リーグサマリー:2026 J1百年構想リーグ チャンスビルディングポイント パスレシーブポイント ランキング | データによってサッカーはもっと輝く | Football LAB,チャンスビルディングポイント パスレシーブポイント ランキング,1,鈴木 章斗,鈴木章斗,"[""パスレシーブポイント"", ""90分平均"", ""最近5試合"", ""出場試合"", ""攻撃CBP"", ""奪取P""]","["""", ""22.20"", ""1.79"", ""4.25"", ""18"", ""17.08"", ""89.03""]"
20260530,20260525,j1,2026,パスレシーブ.html,チャンスビルディングポイント パスレシーブポイント ランキング,リーグサマリー:2026 J1百年構想リーグ チャンスビルディングポイント パスレシーブポイント ランキング | データによってサッカーはもっと輝く | Football LAB,チャンスビルディングポイント パスレシーブポイント ランキング,1,金子 拓郎,金子拓郎,"[""パスレシーブポイント"", ""90分平均"", ""最近5試合"", ""出場試合"", ""攻撃CBP"", ""奪取P""]","["""", ""22.03"", ""1.47"", ""6.16"", ""18"", ""30.54"", ""88.26""]"
20260530,20260525,j1,2026,パスレシーブ.html,チャンスビルディングポイント パスレシーブポイント ランキング,リーグサマリー:2026 J1百年構想リーグ チャンスビルディングポイント パスレシーブポイント ランキング | データによってサッカーはもっと輝く | Football LAB,チャンスビルディングポイント パスレシーブポイント ランキング,1,渡邊 凌磨,渡邊凌磨,"[""パスレシーブポイント"", ""90分平均"", ""最近5試合"", ""出場試合"", ""攻撃CBP"", ""奪取P""]","["""", ""21.98"", ""1.30"", ""6.04"", ""17"", ""21.14"", ""131.63""]"
20260530,20260525,j1,2026,パスレシーブ.html,チャンスビルディングポイント パスレシーブポイント ランキング,リーグサマリー:2026 J1百年構想リーグ チャンスビルディングポイント パスレシーブポイント ランキング | データによってサッカーはもっと輝く | Football LAB,チャンスビルディングポイント パスレシーブポイント ランキング,1,マルコ トゥーリオ,マルコトゥーリオ,"[""パスレシーブポイント"", ""90分平均"", ""最近5試合"", ""出場試合"", ""攻撃CBP"", ""奪取P""]","["""", ""21.59"", ""1.77"", ""0.00"", ""13"", ""20.36"", ""57.69""]"
20260530,20260525,j1,2026,パスレシーブ.html,チャンスビルディングポイント パスレシーブポイント ランキング,リーグサマリー:2026 J1百年構想リーグ チャンスビルディングポイント パスレシーブポイント ランキング | データによってサッカーはもっと輝く | Football LAB,チャンスビルディングポイント パスレシーブポイント ランキング,1,渡邉 新太,渡邉新太,"[""パスレシーブポイント"", ""90分平均"", ""最近5試合"", ""出場試合"", ""攻撃CBP"", ""奪取P""]","["""", ""21.11"", ""1.64"", ""3.70"", ""16"", ""14.45"", ""79.35""]"
20260530,20260525,j1,2026,パスレシーブ.html,チャンスビルディングポイント パスレシーブポイント ランキング,リーグサマリー:2026 J1百年構想リーグ チャンスビルディングポイント パスレシーブポイント ランキング | データによってサッカーはもっと輝く | Football LAB,チャンスビルディングポイント パスレシーブポイント ランキング,1,久保 藤次郎,久保藤次郎,"[""パスレシーブポイント"", ""90分平均"", ""最近5試合"", ""出場試合"", ""攻撃CBP"", ""奪取P""]","["""", ""20.78"", ""1.55"", ""7.06"", ""15"", ""30.56"", ""113.00""]"
20260530,20260525,j1,2026,パスレシーブ.html,チャンスビルディングポイント パスレシーブポイント ランキング,リーグサマリー:2026 J1百年構想リーグ チャンスビルディングポイント パスレシーブポイント ランキング | データによってサッカーはもっと輝く | Football LAB,チャンスビルディングポイント パスレシーブポイント ランキング,1,山本 悠樹,山本悠樹,"[""パスレシーブポイント"", ""90分平均"", ""最近5試合"", ""出場試合"", ""攻撃CBP"", ""奪取P""]","["""", ""20.60"", ""1.48"", ""7.40"", ""18"", ""29.63"", ""171.10""]"
20260530,20260525,j1,2026,パスレシーブ.html,チャンスビルディングポイント パスレシーブポイント ランキング,リーグサマリー:2026 J1百年構想リーグ チャンスビルディングポイント パスレシーブポイント ランキング | データによってサッカーはもっと輝く | Football LAB,チャンスビルディングポイント パスレシーブポイント ランキング,1,テテ イェンギ,テテイェンギ,"[""パスレシーブポイント"", ""90分平均"", ""最近5試合"", ""出場試合"", ""攻撃CBP"", ""奪取P""]","["""", ""20.50"", ""1.92"", ""5.62"", ""15"", ""10.37"", ""26.83""]"
20260530,20260525,j1,2026,パスレシーブ.html,チャンスビルディングポイント パスレシーブポイント ランキング,リーグサマリー:2026 J1百年構想リーグ チャンスビルディングポイント パスレシーブポイント ランキング | データによってサッカーはもっと輝く | Football LAB,チャンスビルディングポイント パスレシーブポイント ランキング,1,マテウス ジェズス,マテウスジェズス,"[""パスレシーブポイント"", ""90分平均"", ""最近5試合"", ""出場試合"", ""攻撃CBP"", ""奪取P""]","["""", ""20.39"", ""1.56"", ""4.20"", ""16"", ""19.08"", ""111.67""]"
20260530,20260525,j1,2026,パスレシーブ.html,チャンスビルディングポイント パスレシーブポイント ランキング,リーグサマリー:2026 J1百年構想リーグ チャンスビルディングポイント パスレシーブポイント ランキング | データによってサッカーはもっと輝く | Football LAB,チャンスビルディングポイント パスレシーブポイント ランキング,1,武藤 嘉紀,武藤嘉紀,"[""パスレシーブポイント"", ""90分平均"", ""最近5試合"", ""出場試合"", ""攻撃CBP"", ""奪取P""]","["""", ""20.24"", ""1.68"", ""6.62"", ""13"", ""24.42"", ""80.20""]"
20260530,20260525,j1,2026,パスレシーブ.html,チャンスビルディングポイント パスレシーブポイント ランキング,リーグサマリー:2026 J1百年構想リーグ チャンスビルディングポイント パスレシーブポイント ランキング | データによってサッカーはもっと輝く | Football LAB,チャンスビルディングポイント パスレシーブポイント ランキング,1,大迫 勇也,大迫勇也,"[""パスレシーブポイント"", ""90分平均"", ""最近5試合"", ""出場試合"", ""攻撃CBP"", ""奪取P""]","["""", ""19.64"", ""2.33"", ""12.23"", ""13"", ""14.26"", ""28.63""]"
20260530,20260525,j1,2026,パスレシーブ.html,チャンスビルディングポイント パスレシーブポイント ランキング,リーグサマリー:2026 J1百年構想リーグ チャンスビルディングポイント パスレシーブポイント ランキング | データによってサッカーはもっと輝く | Football LAB,チャンスビルディングポイント パスレシーブポイント ランキング,1,デニス ヒュメット,デニスヒュメット,"[""パスレシーブポイント"", ""90分平均"", ""最近5試合"", ""出場試合"", ""攻撃CBP"", ""奪取P""]","["""", ""19.45"", ""1.50"", ""4.69"", ""17"", ""12.27"", ""60.06""]"
20260530,20260525,j1,2026,パスレシーブ.html,チャンスビルディングポイント パスレシーブポイント ランキング,リーグサマリー:2026 J1百年構想リーグ チャンスビルディングポイント パスレシーブポイント ランキング | データによってサッカーはもっと輝く | Football LAB,チャンスビルディングポイント パスレシーブポイント ランキング,1,伊藤 達哉,伊藤達哉,"[""パスレシーブポイント"", ""90分平均"", ""最近5試合"", ""出場試合"", ""攻撃CBP"", ""奪取P""]","["""", ""18.76"", ""1.64"", ""5.19"", ""17"", ""22.01"", ""61.96""]"
20260530,20260525,j1,2026,パスレシーブ.html,チャンスビルディングポイント パスレシーブポイント ランキング,リーグサマリー:2026 J1百年構想リーグ チャンスビルディングポイント パスレシーブポイント ランキング | データによってサッカーはもっと輝く | Football LAB,チャンスビルディングポイント パスレシーブポイント ランキング,1,真瀬 拓海,真瀬拓海,"[""パスレシーブポイント"", ""90分平均"", ""最近5試合"", ""出場試合"", ""攻撃CBP"", ""奪取P""]","["""", ""18.53"", ""1.41"", ""3.73"", ""15"", ""16.60"", ""122.83""]"
20260530,20260525,j1,2026,パスレシーブ.html,チャンスビルディングポイント パスレシーブポイント ランキング,リーグサマリー:2026 J1百年構想リーグ チャンスビルディングポイント パスレシーブポイント ランキング | データによってサッカーはもっと輝く | Football LAB,チャンスビルディングポイント パスレシーブポイント ランキング,1,三竿 健斗,三竿健斗,"[""パスレシーブポイント"", ""90分平均"", ""最近5試合"", ""出場試合"", ""攻撃CBP"", ""奪取P""]","["""", ""18.40"", ""1.29"", ""5.32"", ""16"", ""22.29"", ""203.86""]"
20260530,20260525,j1,2026,ロングカウンター.html,ロングカウンター (チームスタイル指標),リーグサマリー:2026 J1百年構想リーグ ロングカウンター (チームスタイル指標) | データによってサッカーはもっと輝く | Football LAB,ロングカウンターのサマリー,1,岡山,岡山,"[""指数"", ""ゴール率"", ""シュート率"", ""ドリブル使用率"", ""ロングパス使用率"", ""空中戦使用率"", ""コンビネーション使用率"", ""20km/h以上の走行平均人数"", ""20km/h以上の走行一人当たりの平均距離""]","[""76"", ""1.6%"", ""13.3%"", ""14.8%"", ""55.5%"", ""3.9%"", ""0.8%"", ""3.7人"", ""27.1m""]"
20260530,20260525,j1,2026,ロングカウンター.html,ロングカウンター (チームスタイル指標),リーグサマリー:2026 J1百年構想リーグ ロングカウンター (チームスタイル指標) | データによってサッカーはもっと輝く | Football LAB,ロングカウンターのサマリー,1,広島,広島,"[""指数"", ""ゴール率"", ""シュート率"", ""ドリブル使用率"", ""ロングパス使用率"", ""空中戦使用率"", ""コンビネーション使用率"", ""20km/h以上の走行平均人数"", ""20km/h以上の走行一人当たりの平均距離""]","[""70"", ""3.4%"", ""15.1%"", ""15.1%"", ""61.3%"", ""5.0%"", ""1.7%"", ""3.2人"", ""28.3m""]"
20260530,20260525,j1,2026,ロングカウンター.html,ロングカウンター (チームスタイル指標),リーグサマリー:2026 J1百年構想リーグ ロングカウンター (チームスタイル指標) | データによってサッカーはもっと輝く | Football LAB,ロングカウンターのサマリー,1,名古屋,名古屋,"[""指数"", ""ゴール率"", ""シュート率"", ""ドリブル使用率"", ""ロングパス使用率"", ""空中戦使用率"", ""コンビネーション使用率"", ""20km/h以上の走行平均人数"", ""20km/h以上の走行一人当たりの平均距離""]","[""57"", ""1.0%"", ""21.6%"", ""19.6%"", ""50.5%"", ""4.1%"", ""2.1%"", ""4.1人"", ""33.7m""]"
20260530,20260525,j1,2026,ロングカウンター.html,ロングカウンター (チームスタイル指標),リーグサマリー:2026 J1百年構想リーグ ロングカウンター (チームスタイル指標) | データによってサッカーはもっと輝く | Football LAB,ロングカウンターのサマリー,1,Ｇ大阪,Ｇ大阪,"[""指数"", ""ゴール率"", ""シュート率"", ""ドリブル使用率"", ""ロングパス使用率"", ""空中戦使用率"", ""コンビネーション使用率"", ""20km/h以上の走行平均人数"", ""20km/h以上の走行一人当たりの平均距離""]","[""56"", ""2.1%"", ""17.9%"", ""18.9%"", ""51.6%"", ""3.2%"", ""3.2%"", ""3.7人"", ""29.4m""]"
20260530,20260525,j1,2026,ロングカウンター.html,ロングカウンター (チームスタイル指標),リーグサマリー:2026 J1百年構想リーグ ロングカウンター (チームスタイル指標) | データによってサッカーはもっと輝く | Football LAB,ロングカウンターのサマリー,1,FC東京,FC東京,"[""指数"", ""ゴール率"", ""シュート率"", ""ドリブル使用率"", ""ロングパス使用率"", ""空中戦使用率"", ""コンビネーション使用率"", ""20km/h以上の走行平均人数"", ""20km/h以上の走行一人当たりの平均距離""]","[""55"", ""5.3%"", ""23.4%"", ""18.1%"", ""45.7%"", ""3.2%"", ""2.1%"", ""4.5人"", ""33.3m""]"
20260530,20260525,j1,2026,ロングカウンター.html,ロングカウンター (チームスタイル指標),リーグサマリー:2026 J1百年構想リーグ ロングカウンター (チームスタイル指標) | データによってサッカーはもっと輝く | Football LAB,ロングカウンターのサマリー,1,京都,京都,"[""指数"", ""ゴール率"", ""シュート率"", ""ドリブル使用率"", ""ロングパス使用率"", ""空中戦使用率"", ""コンビネーション使用率"", ""20km/h以上の走行平均人数"", ""20km/h以上の走行一人当たりの平均距離""]","[""53"", ""1.1%"", ""18.7%"", ""9.9%"", ""44.0%"", ""1.1%"", ""1.1%"", ""4.7人"", ""34.7m""]"
20260530,20260525,j1,2026,ロングカウンター.html,ロングカウンター (チームスタイル指標),リーグサマリー:2026 J1百年構想リーグ ロングカウンター (チームスタイル指標) | データによってサッカーはもっと輝く | Football LAB,ロングカウンターのサマリー,1,Ｃ大阪,Ｃ大阪,"[""指数"", ""ゴール率"", ""シュート率"", ""ドリブル使用率"", ""ロングパス使用率"", ""空中戦使用率"", ""コンビネーション使用率"", ""20km/h以上の走行平均人数"", ""20km/h以上の走行一人当たりの平均距離""]","[""53"", ""3.3%"", ""16.7%"", ""28.9%"", ""50.0%"", ""2.2%"", ""5.6%"", ""4.1人"", ""29.4m""]"
20260530,20260525,j1,2026,ロングカウンター.html,ロングカウンター (チームスタイル指標),リーグサマリー:2026 J1百年構想リーグ ロングカウンター (チームスタイル指標) | データによってサッカーはもっと輝く | Football LAB,ロングカウンターのサマリー,1,長崎,長崎,"[""指数"", ""ゴール率"", ""シュート率"", ""ドリブル使用率"", ""ロングパス使用率"", ""空中戦使用率"", ""コンビネーション使用率"", ""20km/h以上の走行平均人数"", ""20km/h以上の走行一人当たりの平均距離""]","[""52"", ""2.2%"", ""18.0%"", ""11.2%"", ""52.8%"", ""4.5%"", ""3.4%"", ""3.7人"", ""31.0m""]"
20260530,20260525,j1,2026,ロングカウンター.html,ロングカウンター (チームスタイル指標),リーグサマリー:2026 J1百年構想リーグ ロングカウンター (チームスタイル指標) | データによってサッカーはもっと輝く | Football LAB,ロングカウンターのサマリー,1,清水,清水,"[""指数"", ""ゴール率"", ""シュート率"", ""ドリブル使用率"", ""ロングパス使用率"", ""空中戦使用率"", ""コンビネーション使用率"", ""20km/h以上の走行平均人数"", ""20km/h以上の走行一人当たりの平均距離""]","[""50"", ""1.2%"", ""7.1%"", ""7.1%"", ""47.1%"", ""4.7%"", ""1.2%"", ""3.4人"", ""31.1m""]"
20260530,20260525,j1,2026,ロングカウンター.html,ロングカウンター (チームスタイル指標),リーグサマリー:2026 J1百年構想リーグ ロングカウンター (チームスタイル指標) | データによってサッカーはもっと輝く | Football LAB,ロングカウンターのサマリー,1,千葉,千葉,"[""指数"", ""ゴール率"", ""シュート率"", ""ドリブル使用率"", ""ロングパス使用率"", ""空中戦使用率"", ""コンビネーション使用率"", ""20km/h以上の走行平均人数"", ""20km/h以上の走行一人当たりの平均距離""]","[""49"", ""1.2%"", ""18.1%"", ""21.7%"", ""51.8%"", ""7.2%"", ""2.4%"", ""3.9人"", ""28.4m""]"
20260530,20260525,j1,2026,ロングカウンター.html,ロングカウンター (チームスタイル指標),リーグサマリー:2026 J1百年構想リーグ ロングカウンター (チームスタイル指標) | データによってサッカーはもっと輝く | Football LAB,ロングカウンターのサマリー,1,神戸,神戸,"[""指数"", ""ゴール率"", ""シュート率"", ""ドリブル使用率"", ""ロングパス使用率"", ""空中戦使用率"", ""コンビネーション使用率"", ""20km/h以上の走行平均人数"", ""20km/h以上の走行一人当たりの平均距離""]","[""48"", ""0.0%"", ""14.6%"", ""8.5%"", ""53.7%"", ""8.5%"", ""1.2%"", ""4.7人"", ""31.0m""]"
20260530,20260525,j1,2026,ロングカウンター.html,ロングカウンター (チームスタイル指標),リーグサマリー:2026 J1百年構想リーグ ロングカウンター (チームスタイル指標) | データによってサッカーはもっと輝く | Football LAB,ロングカウンターのサマリー,1,浦和,浦和,"[""指数"", ""ゴール率"", ""シュート率"", ""ドリブル使用率"", ""ロングパス使用率"", ""空中戦使用率"", ""コンビネーション使用率"", ""20km/h以上の走行平均人数"", ""20km/h以上の走行一人当たりの平均距離""]","[""47"", ""3.7%"", ""17.3%"", ""14.8%"", ""53.1%"", ""2.5%"", ""1.2%"", ""3.4人"", ""34.5m""]"
20260530,20260525,j1,2026,ロングカウンター.html,ロングカウンター (チームスタイル指標),リーグサマリー:2026 J1百年構想リーグ ロングカウンター (チームスタイル指標) | データによってサッカーはもっと輝く | Football LAB,ロングカウンターのサマリー,1,町田,町田,"[""指数"", ""ゴール率"", ""シュート率"", ""ドリブル使用率"", ""ロングパス使用率"", ""空中戦使用率"", ""コンビネーション使用率"", ""20km/h以上の走行平均人数"", ""20km/h以上の走行一人当たりの平均距離""]","[""46"", ""0.0%"", ""12.7%"", ""22.8%"", ""60.8%"", ""3.8%"", ""2.5%"", ""3.1人"", ""28.6m""]"
20260530,20260525,j1,2026,ロングカウンター.html,ロングカウンター (チームスタイル指標),リーグサマリー:2026 J1百年構想リーグ ロングカウンター (チームスタイル指標) | データによってサッカーはもっと輝く | Football LAB,ロングカウンターのサマリー,1,柏,柏,"[""指数"", ""ゴール率"", ""シュート率"", ""ドリブル使用率"", ""ロングパス使用率"", ""空中戦使用率"", ""コンビネーション使用率"", ""20km/h以上の走行平均人数"", ""20km/h以上の走行一人当たりの平均距離""]","[""45"", ""2.6%"", ""16.7%"", ""16.7%"", ""39.7%"", ""0.0%"", ""2.6%"", ""3.7人"", ""29.1m""]"
20260530,20260525,j1,2026,ロングカウンター.html,ロングカウンター (チームスタイル指標),リーグサマリー:2026 J1百年構想リーグ ロングカウンター (チームスタイル指標) | データによってサッカーはもっと輝く | Football LAB,ロングカウンターのサマリー,1,福岡,福岡,"[""指数"", ""ゴール率"", ""シュート率"", ""ドリブル使用率"", ""ロングパス使用率"", ""空中戦使用率"", ""コンビネーション使用率"", ""20km/h以上の走行平均人数"", ""20km/h以上の走行一人当たりの平均距離""]","[""45"", ""0.0%"", ""6.4%"", ""11.5%"", ""62.8%"", ""10.3%"", ""0.0%"", ""2.9人"", ""27.8m""]"
20260530,20260525,j1,2026,ロングカウンター.html,ロングカウンター (チームスタイル指標),リーグサマリー:2026 J1百年構想リーグ ロングカウンター (チームスタイル指標) | データによってサッカーはもっと輝く | Football LAB,ロングカウンターのサマリー,1,川崎Ｆ,川崎Ｆ,"[""指数"", ""ゴール率"", ""シュート率"", ""ドリブル使用率"", ""ロングパス使用率"", ""空中戦使用率"", ""コンビネーション使用率"", ""20km/h以上の走行平均人数"", ""20km/h以上の走行一人当たりの平均距離""]","[""45"", ""3.8%"", ""24.4%"", ""20.5%"", ""43.6%"", ""0.0%"", ""3.8%"", ""3.7人"", ""31.4m""]"
20260530,20260525,j1,2026,ロングカウンター.html,ロングカウンター (チームスタイル指標),リーグサマリー:2026 J1百年構想リーグ ロングカウンター (チームスタイル指標) | データによってサッカーはもっと輝く | Football LAB,ロングカウンターのサマリー,1,横浜FM,横浜FM,"[""指数"", ""ゴール率"", ""シュート率"", ""ドリブル使用率"", ""ロングパス使用率"", ""空中戦使用率"", ""コンビネーション使用率"", ""20km/h以上の走行平均人数"", ""20km/h以上の走行一人当たりの平均距離""]","[""44"", ""5.3%"", ""17.1%"", ""17.1%"", ""55.3%"", ""6.6%"", ""1.3%"", ""3.3人"", ""28.3m""]"
20260530,20260525,j1,2026,ロングカウンター.html,ロングカウンター (チームスタイル指標),リーグサマリー:2026 J1百年構想リーグ ロングカウンター (チームスタイル指標) | データによってサッカーはもっと輝く | Football LAB,ロングカウンターのサマリー,1,水戸,水戸,"[""指数"", ""ゴール率"", ""シュート率"", ""ドリブル使用率"", ""ロングパス使用率"", ""空中戦使用率"", ""コンビネーション使用率"", ""20km/h以上の走行平均人数"", ""20km/h以上の走行一人当たりの平均距離""]","[""42"", ""0.0%"", ""15.3%"", ""19.4%"", ""54.2%"", ""8.3%"", ""1.4%"", ""3.2人"", ""25.7m""]"
20260530,20260525,j1,2026,ロングカウンター.html,ロングカウンター (チームスタイル指標),リーグサマリー:2026 J1百年構想リーグ ロングカウンター (チームスタイル指標) | データによってサッカーはもっと輝く | Football LAB,ロングカウンターのサマリー,1,鹿島,鹿島,"[""指数"", ""ゴール率"", ""シュート率"", ""ドリブル使用率"", ""ロングパス使用率"", ""空中戦使用率"", ""コンビネーション使用率"", ""20km/h以上の走行平均人数"", ""20km/h以上の走行一人当たりの平均距離""]","[""35"", ""3.3%"", ""16.4%"", ""19.7%"", ""59.0%"", ""3.3%"", ""4.9%"", ""3.9人"", ""33.0m""]"
20260530,20260525,j1,2026,ロングカウンター.html,ロングカウンター (チームスタイル指標),リーグサマリー:2026 J1百年構想リーグ ロングカウンター (チームスタイル指標) | データによってサッカーはもっと輝く | Football LAB,ロングカウンターのサマリー,1,東京Ｖ,東京Ｖ,"[""指数"", ""ゴール率"", ""シュート率"", ""ドリブル使用率"", ""ロングパス使用率"", ""空中戦使用率"", ""コンビネーション使用率"", ""20km/h以上の走行平均人数"", ""20km/h以上の走行一人当たりの平均距離""]","[""30"", ""3.8%"", ""24.5%"", ""5.7%"", ""49.1%"", ""3.8%"", ""3.8%"", ""3.2人"", ""27.8m""]"
20260530,20260525,j1,2026,ロングカウンター.html,ロングカウンター (チームスタイル指標),リーグサマリー:2026 J1百年構想リーグ ロングカウンター (チームスタイル指標) | データによってサッカーはもっと輝く | Football LAB,ロングカウンター (チームスタイル指標),2,鹿島,鹿島,"[""攻撃セットプレー"", ""左サイド攻撃"", ""中央攻撃"", ""右サイド攻撃"", ""ショートカウンター"", ""ロングカウンター"", ""敵陣ポゼッション"", ""自陣ポゼッション""]","[""52"", ""37"", ""51"", ""48"", ""35"", ""35"", ""51"", ""66""]"
20260530,20260525,j1,2026,ロングカウンター.html,ロングカウンター (チームスタイル指標),リーグサマリー:2026 J1百年構想リーグ ロングカウンター (チームスタイル指標) | データによってサッカーはもっと輝く | Football LAB,ロングカウンター (チームスタイル指標),2,FC東京,FC東京,"[""攻撃セットプレー"", ""左サイド攻撃"", ""中央攻撃"", ""右サイド攻撃"", ""ショートカウンター"", ""ロングカウンター"", ""敵陣ポゼッション"", ""自陣ポゼッション""]","[""52"", ""55"", ""60"", ""37"", ""42"", ""55"", ""49"", ""64""]"
20260530,20260525,j1,2026,ロングカウンター.html,ロングカウンター (チームスタイル指標),リーグサマリー:2026 J1百年構想リーグ ロングカウンター (チームスタイル指標) | データによってサッカーはもっと輝く | Football LAB,ロングカウンター (チームスタイル指標),2,町田,町田,"[""攻撃セットプレー"", ""左サイド攻撃"", ""中央攻撃"", ""右サイド攻撃"", ""ショートカウンター"", ""ロングカウンター"", ""敵陣ポゼッション"", ""自陣ポゼッション""]","[""38"", ""49"", ""39"", ""52"", ""47"", ""46"", ""54"", ""50""]"
20260530,20260525,j1,2026,ロングカウンター.html,ロングカウンター (チームスタイル指標),リーグサマリー:2026 J1百年構想リーグ ロングカウンター (チームスタイル指標) | データによってサッカーはもっと輝く | Football LAB,ロングカウンター (チームスタイル指標),2,川崎Ｆ,川崎Ｆ,"[""攻撃セットプレー"", ""左サイド攻撃"", ""中央攻撃"", ""右サイド攻撃"", ""ショートカウンター"", ""ロングカウンター"", ""敵陣ポゼッション"", ""自陣ポゼッション""]","[""39"", ""65"", ""49"", ""39"", ""38"", ""45"", ""69"", ""53""]"
20260530,20260525,j1,2026,ロングカウンター.html,ロングカウンター (チームスタイル指標),リーグサマリー:2026 J1百年構想リーグ ロングカウンター (チームスタイル指標) | データによってサッカーはもっと輝く | Football LAB,ロングカウンター (チームスタイル指標),2,東京Ｖ,東京Ｖ,"[""攻撃セットプレー"", ""左サイド攻撃"", ""中央攻撃"", ""右サイド攻撃"", ""ショートカウンター"", ""ロングカウンター"", ""敵陣ポゼッション"", ""自陣ポゼッション""]","[""47"", ""43"", ""50"", ""45"", ""59"", ""30"", ""36"", ""51""]"
20260530,20260525,j1,2026,ロングカウンター.html,ロングカウンター (チームスタイル指標),リーグサマリー:2026 J1百年構想リーグ ロングカウンター (チームスタイル指標) | データによってサッカーはもっと輝く | Football LAB,ロングカウンター (チームスタイル指標),2,浦和,浦和,"[""攻撃セットプレー"", ""左サイド攻撃"", ""中央攻撃"", ""右サイド攻撃"", ""ショートカウンター"", ""ロングカウンター"", ""敵陣ポゼッション"", ""自陣ポゼッション""]","[""50"", ""37"", ""38"", ""64"", ""37"", ""47"", ""59"", ""51""]"
20260530,20260525,j1,2026,ロングカウンター.html,ロングカウンター (チームスタイル指標),リーグサマリー:2026 J1百年構想リーグ ロングカウンター (チームスタイル指標) | データによってサッカーはもっと輝く | Football LAB,ロングカウンター (チームスタイル指標),2,横浜FM,横浜FM,"[""攻撃セットプレー"", ""左サイド攻撃"", ""中央攻撃"", ""右サイド攻撃"", ""ショートカウンター"", ""ロングカウンター"", ""敵陣ポゼッション"", ""自陣ポゼッション""]","[""55"", ""61"", ""46"", ""55"", ""57"", ""44"", ""43"", ""48""]"
20260530,20260525,j1,2026,ロングカウンター.html,ロングカウンター (チームスタイル指標),リーグサマリー:2026 J1百年構想リーグ ロングカウンター (チームスタイル指標) | データによってサッカーはもっと輝く | Football LAB,ロングカウンター (チームスタイル指標),2,柏,柏,"[""攻撃セットプレー"", ""左サイド攻撃"", ""中央攻撃"", ""右サイド攻撃"", ""ショートカウンター"", ""ロングカウンター"", ""敵陣ポゼッション"", ""自陣ポゼッション""]","[""45"", ""43"", ""55"", ""74"", ""40"", ""45"", ""70"", ""67""]"
20260530,20260525,j1,2026,ロングカウンター.html,ロングカウンター (チームスタイル指標),リーグサマリー:2026 J1百年構想リーグ ロングカウンター (チームスタイル指標) | データによってサッカーはもっと輝く | Football LAB,ロングカウンター (チームスタイル指標),2,水戸,水戸,"[""攻撃セットプレー"", ""左サイド攻撃"", ""中央攻撃"", ""右サイド攻撃"", ""ショートカウンター"", ""ロングカウンター"", ""敵陣ポゼッション"", ""自陣ポゼッション""]","[""38"", ""34"", ""57"", ""48"", ""54"", ""42"", ""51"", ""64""]"
20260530,20260525,j1,2026,ロングカウンター.html,ロングカウンター (チームスタイル指標),リーグサマリー:2026 J1百年構想リーグ ロングカウンター (チームスタイル指標) | データによってサッカーはもっと輝く | Football LAB,ロングカウンター (チームスタイル指標),2,千葉,千葉,"[""攻撃セットプレー"", ""左サイド攻撃"", ""中央攻撃"", ""右サイド攻撃"", ""ショートカウンター"", ""ロングカウンター"", ""敵陣ポゼッション"", ""自陣ポゼッション""]","[""39"", ""51"", ""31"", ""40"", ""34"", ""49"", ""40"", ""59""]"
20260530,20260525,j1,2026,ロングカウンター.html,ロングカウンター (チームスタイル指標),リーグサマリー:2026 J1百年構想リーグ ロングカウンター (チームスタイル指標) | データによってサッカーはもっと輝く | Football LAB,ロングカウンター (チームスタイル指標),2,神戸,神戸,"[""攻撃セットプレー"", ""左サイド攻撃"", ""中央攻撃"", ""右サイド攻撃"", ""ショートカウンター"", ""ロングカウンター"", ""敵陣ポゼッション"", ""自陣ポゼッション""]","[""57"", ""58"", ""57"", ""52"", ""54"", ""48"", ""55"", ""43""]"
20260530,20260525,j1,2026,ロングカウンター.html,ロングカウンター (チームスタイル指標),リーグサマリー:2026 J1百年構想リーグ ロングカウンター (チームスタイル指標) | データによってサッカーはもっと輝く | Football LAB,ロングカウンター (チームスタイル指標),2,Ｃ大阪,Ｃ大阪,"[""攻撃セットプレー"", ""左サイド攻撃"", ""中央攻撃"", ""右サイド攻撃"", ""ショートカウンター"", ""ロングカウンター"", ""敵陣ポゼッション"", ""自陣ポゼッション""]","[""35"", ""44"", ""60"", ""51"", ""50"", ""53"", ""47"", ""52""]"
20260530,20260525,j1,2026,ロングカウンター.html,ロングカウンター (チームスタイル指標),リーグサマリー:2026 J1百年構想リーグ ロングカウンター (チームスタイル指標) | データによってサッカーはもっと輝く | Football LAB,ロングカウンター (チームスタイル指標),2,名古屋,名古屋,"[""攻撃セットプレー"", ""左サイド攻撃"", ""中央攻撃"", ""右サイド攻撃"", ""ショートカウンター"", ""ロングカウンター"", ""敵陣ポゼッション"", ""自陣ポゼッション""]","[""49"", ""46"", ""60"", ""41"", ""57"", ""57"", ""50"", ""53""]"
20260530,20260525,j1,2026,ロングカウンター.html,ロングカウンター (チームスタイル指標),リーグサマリー:2026 J1百年構想リーグ ロングカウンター (チームスタイル指標) | データによってサッカーはもっと輝く | Football LAB,ロングカウンター (チームスタイル指標),2,広島,広島,"[""攻撃セットプレー"", ""左サイド攻撃"", ""中央攻撃"", ""右サイド攻撃"", ""ショートカウンター"", ""ロングカウンター"", ""敵陣ポゼッション"", ""自陣ポゼッション""]","[""78"", ""50"", ""67"", ""63"", ""70"", ""70"", ""58"", ""40""]"
20260530,20260525,j1,2026,ロングカウンター.html,ロングカウンター (チームスタイル指標),リーグサマリー:2026 J1百年構想リーグ ロングカウンター (チームスタイル指標) | データによってサッカーはもっと輝く | Football LAB,ロングカウンター (チームスタイル指標),2,Ｇ大阪,Ｇ大阪,"[""攻撃セットプレー"", ""左サイド攻撃"", ""中央攻撃"", ""右サイド攻撃"", ""ショートカウンター"", ""ロングカウンター"", ""敵陣ポゼッション"", ""自陣ポゼッション""]","[""47"", ""43"", ""60"", ""50"", ""50"", ""56"", ""64"", ""43""]"
20260530,20260525,j1,2026,ロングカウンター.html,ロングカウンター (チームスタイル指標),リーグサマリー:2026 J1百年構想リーグ ロングカウンター (チームスタイル指標) | データによってサッカーはもっと輝く | Football LAB,ロングカウンター (チームスタイル指標),2,岡山,岡山,"[""攻撃セットプレー"", ""左サイド攻撃"", ""中央攻撃"", ""右サイド攻撃"", ""ショートカウンター"", ""ロングカウンター"", ""敵陣ポゼッション"", ""自陣ポゼッション""]","[""53"", ""66"", ""33"", ""50"", ""61"", ""76"", ""34"", ""33""]"
20260530,20260525,j1,2026,ロングカウンター.html,ロングカウンター (チームスタイル指標),リーグサマリー:2026 J1百年構想リーグ ロングカウンター (チームスタイル指標) | データによってサッカーはもっと輝く | Football LAB,ロングカウンター (チームスタイル指標),2,清水,清水,"[""攻撃セットプレー"", ""左サイド攻撃"", ""中央攻撃"", ""右サイド攻撃"", ""ショートカウンター"", ""ロングカウンター"", ""敵陣ポゼッション"", ""自陣ポゼッション""]","[""58"", ""71"", ""51"", ""53"", ""61"", ""50"", ""46"", ""35""]"
20260530,20260525,j1,2026,ロングカウンター.html,ロングカウンター (チームスタイル指標),リーグサマリー:2026 J1百年構想リーグ ロングカウンター (チームスタイル指標) | データによってサッカーはもっと輝く | Football LAB,ロングカウンター (チームスタイル指標),2,京都,京都,"[""攻撃セットプレー"", ""左サイド攻撃"", ""中央攻撃"", ""右サイド攻撃"", ""ショートカウンター"", ""ロングカウンター"", ""敵陣ポゼッション"", ""自陣ポゼッション""]","[""66"", ""50"", ""58"", ""64"", ""61"", ""53"", ""39"", ""41""]"
20260530,20260525,j1,2026,ロングカウンター.html,ロングカウンター (チームスタイル指標),リーグサマリー:2026 J1百年構想リーグ ロングカウンター (チームスタイル指標) | データによってサッカーはもっと輝く | Football LAB,ロングカウンター (チームスタイル指標),2,長崎,長崎,"[""攻撃セットプレー"", ""左サイド攻撃"", ""中央攻撃"", ""右サイド攻撃"", ""ショートカウンター"", ""ロングカウンター"", ""敵陣ポゼッション"", ""自陣ポゼッション""]","[""50"", ""45"", ""42"", ""39"", ""42"", ""52"", ""43"", ""47""]"
20260530,20260525,j1,2026,ロングカウンター.html,ロングカウンター (チームスタイル指標),リーグサマリー:2026 J1百年構想リーグ ロングカウンター (チームスタイル指標) | データによってサッカーはもっと輝く | Football LAB,ロングカウンター (チームスタイル指標),2,福岡,福岡,"[""攻撃セットプレー"", ""左サイド攻撃"", ""中央攻撃"", ""右サイド攻撃"", ""ショートカウンター"", ""ロングカウンター"", ""敵陣ポゼッション"", ""自陣ポゼッション""]","[""52"", ""53"", ""37"", ""35"", ""50"", ""45"", ""45"", ""38""]"
20260530,20260525,j1,2026,ロングカウンター.html,ロングカウンター (チームスタイル指標),リーグサマリー:2026 J1百年構想リーグ ロングカウンター (チームスタイル指標) | データによってサッカーはもっと輝く | Football LAB,ロングカウンター (チームスタイル指標),3,鹿島,鹿島,"[""攻撃セットプレー"", ""左サイド攻撃"", ""中央攻撃"", ""右サイド攻撃"", ""ショートカウンター"", ""ロングカウンター"", ""敵陣ポゼッション"", ""自陣ポゼッション""]","[""27.3%"", ""7.0%"", ""33.9%"", ""14.5%"", ""21.3%"", ""16.4%"", ""17.7%"", ""6.5%""]"
20260530,20260525,j1,2026,ロングカウンター.html,ロングカウンター (チームスタイル指標),リーグサマリー:2026 J1百年構想リーグ ロングカウンター (チームスタイル指標) | データによってサッカーはもっと輝く | Football LAB,ロングカウンター (チームスタイル指標),3,FC東京,FC東京,"[""攻撃セットプレー"", ""左サイド攻撃"", ""中央攻撃"", ""右サイド攻撃"", ""ショートカウンター"", ""ロングカウンター"", ""敵陣ポゼッション"", ""自陣ポゼッション""]","[""27.6%"", ""15.2%"", ""43.1%"", ""14.3%"", ""24.8%"", ""23.4%"", ""23.3%"", ""9.7%""]"
20260530,20260525,j1,2026,ロングカウンター.html,ロングカウンター (チームスタイル指標),リーグサマリー:2026 J1百年構想リーグ ロングカウンター (チームスタイル指標) | データによってサッカーはもっと輝く | Football LAB,ロングカウンター (チームスタイル指標),3,町田,町田,"[""攻撃セットプレー"", ""左サイド攻撃"", ""中央攻撃"", ""右サイド攻撃"", ""ショートカウンター"", ""ロングカウンター"", ""敵陣ポゼッション"", ""自陣ポゼッション""]","[""29.8%"", ""14.0%"", ""29.5%"", ""11.4%"", ""16.9%"", ""12.7%"", ""24.3%"", ""7.1%""]"
20260530,20260525,j1,2026,ロングカウンター.html,ロングカウンター (チームスタイル指標),リーグサマリー:2026 J1百年構想リーグ ロングカウンター (チームスタイル指標) | データによってサッカーはもっと輝く | Football LAB,ロングカウンター (チームスタイル指標),3,川崎Ｆ,川崎Ｆ,"[""攻撃セットプレー"", ""左サイド攻撃"", ""中央攻撃"", ""右サイド攻撃"", ""ショートカウンター"", ""ロングカウンター"", ""敵陣ポゼッション"", ""自陣ポゼッション""]","[""27.6%"", ""13.7%"", ""34.1%"", ""12.4%"", ""20.1%"", ""24.4%"", ""17.9%"", ""8.9%""]"
20260530,20260525,j1,2026,ロングカウンター.html,ロングカウンター (チームスタイル指標),リーグサマリー:2026 J1百年構想リーグ ロングカウンター (チームスタイル指標) | データによってサッカーはもっと輝く | Football LAB,ロングカウンター (チームスタイル指標),3,東京Ｖ,東京Ｖ,"[""攻撃セットプレー"", ""左サイド攻撃"", ""中央攻撃"", ""右サイド攻撃"", ""ショートカウンター"", ""ロングカウンター"", ""敵陣ポゼッション"", ""自陣ポゼッション""]","[""19.2%"", ""11.8%"", ""31.0%"", ""11.6%"", ""20.5%"", ""24.5%"", ""16.7%"", ""5.4%""]"
20260530,20260525,j1,2026,ロングカウンター.html,ロングカウンター (チームスタイル指標),リーグサマリー:2026 J1百年構想リーグ ロングカウンター (チームスタイル指標) | データによってサッカーはもっと輝く | Football LAB,ロングカウンター (チームスタイル指標),3,浦和,浦和,"[""攻撃セットプレー"", ""左サイド攻撃"", ""中央攻撃"", ""右サイド攻撃"", ""ショートカウンター"", ""ロングカウンター"", ""敵陣ポゼッション"", ""自陣ポゼッション""]","[""28.9%"", ""16.2%"", ""40.8%"", ""15.3%"", ""19.6%"", ""17.3%"", ""26.3%"", ""11.3%""]"
20260530,20260525,j1,2026,ロングカウンター.html,ロングカウンター (チームスタイル指標),リーグサマリー:2026 J1百年構想リーグ ロングカウンター (チームスタイル指標) | データによってサッカーはもっと輝く | Football LAB,ロングカウンター (チームスタイル指標),3,横浜FM,横浜FM,"[""攻撃セットプレー"", ""左サイド攻撃"", ""中央攻撃"", ""右サイド攻撃"", ""ショートカウンター"", ""ロングカウンター"", ""敵陣ポゼッション"", ""自陣ポゼッション""]","[""22.1%"", ""13.6%"", ""36.7%"", ""9.9%"", ""19.4%"", ""17.1%"", ""16.4%"", ""6.0%""]"
20260530,20260525,j1,2026,ロングカウンター.html,ロングカウンター (チームスタイル指標),リーグサマリー:2026 J1百年構想リーグ ロングカウンター (チームスタイル指標) | データによってサッカーはもっと輝く | Football LAB,ロングカウンター (チームスタイル指標),3,柏,柏,"[""攻撃セットプレー"", ""左サイド攻撃"", ""中央攻撃"", ""右サイド攻撃"", ""ショートカウンター"", ""ロングカウンター"", ""敵陣ポゼッション"", ""自陣ポゼッション""]","[""19.1%"", ""11.9%"", ""37.4%"", ""13.5%"", ""21.5%"", ""16.7%"", ""19.7%"", ""8.4%""]"
20260530,20260525,j1,2026,ロングカウンター.html,ロングカウンター (チームスタイル指標),リーグサマリー:2026 J1百年構想リーグ ロングカウンター (チームスタイル指標) | データによってサッカーはもっと輝く | Football LAB,ロングカウンター (チームスタイル指標),3,水戸,水戸,"[""攻撃セットプレー"", ""左サイド攻撃"", ""中央攻撃"", ""右サイド攻撃"", ""ショートカウンター"", ""ロングカウンター"", ""敵陣ポゼッション"", ""自陣ポゼッション""]","[""21.5%"", ""19.4%"", ""32.1%"", ""8.1%"", ""20.8%"", ""15.3%"", ""24.2%"", ""6.4%""]"
20260530,20260525,j1,2026,ロングカウンター.html,ロングカウンター (チームスタイル指標),リーグサマリー:2026 J1百年構想リーグ ロングカウンター (チームスタイル指標) | データによってサッカーはもっと輝く | Football LAB,ロングカウンター (チームスタイル指標),3,千葉,千葉,"[""攻撃セットプレー"", ""左サイド攻撃"", ""中央攻撃"", ""右サイド攻撃"", ""ショートカウンター"", ""ロングカウンター"", ""敵陣ポゼッション"", ""自陣ポゼッション""]","[""27.3%"", ""14.1%"", ""35.6%"", ""15.4%"", ""21.5%"", ""18.1%"", ""21.5%"", ""5.2%""]"
20260530,20260525,j1,2026,ロングカウンター.html,ロングカウンター (チームスタイル指標),リーグサマリー:2026 J1百年構想リーグ ロングカウンター (チームスタイル指標) | データによってサッカーはもっと輝く | Football LAB,ロングカウンター (チームスタイル指標),3,神戸,神戸,"[""攻撃セットプレー"", ""左サイド攻撃"", ""中央攻撃"", ""右サイド攻撃"", ""ショートカウンター"", ""ロングカウンター"", ""敵陣ポゼッション"", ""自陣ポゼッション""]","[""30.9%"", ""12.6%"", ""25.3%"", ""10.9%"", ""15.2%"", ""14.6%"", ""18.7%"", ""5.8%""]"
20260530,20260525,j1,2026,ロングカウンター.html,ロングカウンター (チームスタイル指標),リーグサマリー:2026 J1百年構想リーグ ロングカウンター (チームスタイル指標) | データによってサッカーはもっと輝く | Football LAB,ロングカウンター (チームスタイル指標),3,Ｃ大阪,Ｃ大阪,"[""攻撃セットプレー"", ""左サイド攻撃"", ""中央攻撃"", ""右サイド攻撃"", ""ショートカウンター"", ""ロングカウンター"", ""敵陣ポゼッション"", ""自陣ポゼッション""]","[""20.9%"", ""14.5%"", ""43.4%"", ""13.9%"", ""24.7%"", ""16.7%"", ""22.6%"", ""3.9%""]"
20260530,20260525,j1,2026,ロングカウンター.html,ロングカウンター (チームスタイル指標),リーグサマリー:2026 J1百年構想リーグ ロングカウンター (チームスタイル指標) | データによってサッカーはもっと輝く | Football LAB,ロングカウンター (チームスタイル指標),3,名古屋,名古屋,"[""攻撃セットプレー"", ""左サイド攻撃"", ""中央攻撃"", ""右サイド攻撃"", ""ショートカウンター"", ""ロングカウンター"", ""敵陣ポゼッション"", ""自陣ポゼッション""]","[""27.9%"", ""19.3%"", ""31.5%"", ""13.8%"", ""15.6%"", ""21.6%"", ""23.4%"", ""6.9%""]"
20260530,20260525,j1,2026,ロングカウンター.html,ロングカウンター (チームスタイル指標),リーグサマリー:2026 J1百年構想リーグ ロングカウンター (チームスタイル指標) | データによってサッカーはもっと輝く | Football LAB,ロングカウンター (チームスタイル指標),3,広島,広島,"[""攻撃セットプレー"", ""左サイド攻撃"", ""中央攻撃"", ""右サイド攻撃"", ""ショートカウンター"", ""ロングカウンター"", ""敵陣ポゼッション"", ""自陣ポゼッション""]","[""27.6%"", ""16.0%"", ""32.2%"", ""15.6%"", ""15.9%"", ""15.1%"", ""30.2%"", ""7.0%""]"
20260530,20260525,j1,2026,ロングカウンター.html,ロングカウンター (チームスタイル指標),リーグサマリー:2026 J1百年構想リーグ ロングカウンター (チームスタイル指標) | データによってサッカーはもっと輝く | Football LAB,ロングカウンター (チームスタイル指標),3,Ｇ大阪,Ｇ大阪,"[""攻撃セットプレー"", ""左サイド攻撃"", ""中央攻撃"", ""右サイド攻撃"", ""ショートカウンター"", ""ロングカウンター"", ""敵陣ポゼッション"", ""自陣ポゼッション""]","[""23.5%"", ""17.5%"", ""33.5%"", ""10.6%"", ""18.3%"", ""17.9%"", ""25.0%"", ""10.5%""]"
20260530,20260525,j1,2026,ロングカウンター.html,ロングカウンター (チームスタイル指標),リーグサマリー:2026 J1百年構想リーグ ロングカウンター (チームスタイル指標) | データによってサッカーはもっと輝く | Football LAB,ロングカウンター (チームスタイル指標),3,岡山,岡山,"[""攻撃セットプレー"", ""左サイド攻撃"", ""中央攻撃"", ""右サイド攻撃"", ""ショートカウンター"", ""ロングカウンター"", ""敵陣ポゼッション"", ""自陣ポゼッション""]","[""25.8%"", ""13.0%"", ""28.1%"", ""12.4%"", ""14.6%"", ""13.3%"", ""18.4%"", ""18.0%""]"
20260530,20260525,j1,2026,ロングカウンター.html,ロングカウンター (チームスタイル指標),リーグサマリー:2026 J1百年構想リーグ ロングカウンター (チームスタイル指標) | データによってサッカーはもっと輝く | Football LAB,ロングカウンター (チームスタイル指標),3,清水,清水,"[""攻撃セットプレー"", ""左サイド攻撃"", ""中央攻撃"", ""右サイド攻撃"", ""ショートカウンター"", ""ロングカウンター"", ""敵陣ポゼッション"", ""自陣ポゼッション""]","[""19.8%"", ""9.8%"", ""32.2%"", ""5.9%"", ""12.5%"", ""7.1%"", ""19.3%"", ""5.0%""]"
20260530,20260525,j1,2026,ロングカウンター.html,ロングカウンター (チームスタイル指標),リーグサマリー:2026 J1百年構想リーグ ロングカウンター (チームスタイル指標) | データによってサッカーはもっと輝く | Football LAB,ロングカウンター (チームスタイル指標),3,京都,京都,"[""攻撃セットプレー"", ""左サイド攻撃"", ""中央攻撃"", ""右サイド攻撃"", ""ショートカウンター"", ""ロングカウンター"", ""敵陣ポゼッション"", ""自陣ポゼッション""]","[""21.8%"", ""10.9%"", ""36.5%"", ""13.6%"", ""16.0%"", ""18.7%"", ""25.0%"", ""7.8%""]"
20260530,20260525,j1,2026,ロングカウンター.html,ロングカウンター (チームスタイル指標),リーグサマリー:2026 J1百年構想リーグ ロングカウンター (チームスタイル指標) | データによってサッカーはもっと輝く | Football LAB,ロングカウンター (チームスタイル指標),3,長崎,長崎,"[""攻撃セットプレー"", ""左サイド攻撃"", ""中央攻撃"", ""右サイド攻撃"", ""ショートカウンター"", ""ロングカウンター"", ""敵陣ポゼッション"", ""自陣ポゼッション""]","[""21.5%"", ""13.9%"", ""37.6%"", ""7.6%"", ""19.8%"", ""18.0%"", ""21.6%"", ""6.4%""]"
20260530,20260525,j1,2026,ロングカウンター.html,ロングカウンター (チームスタイル指標),リーグサマリー:2026 J1百年構想リーグ ロングカウンター (チームスタイル指標) | データによってサッカーはもっと輝く | Football LAB,ロングカウンター (チームスタイル指標),3,福岡,福岡,"[""攻撃セットプレー"", ""左サイド攻撃"", ""中央攻撃"", ""右サイド攻撃"", ""ショートカウンター"", ""ロングカウンター"", ""敵陣ポゼッション"", ""自陣ポゼッション""]","[""26.1%"", ""8.4%"", ""34.9%"", ""9.9%"", ""17.9%"", ""6.4%"", ""21.5%"", ""2.7%""]"
20260530,20260525,j1,2026,中央攻撃.html,中央攻撃 (チームスタイル指標),リーグサマリー:2026 J1百年構想リーグ 中央攻撃 (チームスタイル指標) | データによってサッカーはもっと輝く | Football LAB,中央攻撃のサマリー,1,広島,広島,"[""指数"", ""ゴール率"", ""シュート率"", ""ドリブル使用率"", ""ロングパス使用率"", ""空中戦使用率"", ""コンビネーション使用率"", ""20km/h以上の走行平均人数"", ""20km/h以上の走行一人当たりの平均距離""]","[""67"", ""4.7%"", ""32.2%"", ""16.8%"", ""21.5%"", ""16.4%"", ""10.7%"", ""2.6人"", ""20.2m""]"
20260530,20260525,j1,2026,中央攻撃.html,中央攻撃 (チームスタイル指標),リーグサマリー:2026 J1百年構想リーグ 中央攻撃 (チームスタイル指標) | データによってサッカーはもっと輝く | Football LAB,中央攻撃のサマリー,1,Ｃ大阪,Ｃ大阪,"[""指数"", ""ゴール率"", ""シュート率"", ""ドリブル使用率"", ""ロングパス使用率"", ""空中戦使用率"", ""コンビネーション使用率"", ""20km/h以上の走行平均人数"", ""20km/h以上の走行一人当たりの平均距離""]","[""60"", ""3.5%"", ""43.4%"", ""21.2%"", ""15.2%"", ""9.1%"", ""9.6%"", ""3.2人"", ""24.2m""]"
20260530,20260525,j1,2026,中央攻撃.html,中央攻撃 (チームスタイル指標),リーグサマリー:2026 J1百年構想リーグ 中央攻撃 (チームスタイル指標) | データによってサッカーはもっと輝く | Football LAB,中央攻撃のサマリー,1,FC東京,FC東京,"[""指数"", ""ゴール率"", ""シュート率"", ""ドリブル使用率"", ""ロングパス使用率"", ""空中戦使用率"", ""コンビネーション使用率"", ""20km/h以上の走行平均人数"", ""20km/h以上の走行一人当たりの平均距離""]","[""60"", ""6.6%"", ""43.1%"", ""21.3%"", ""24.9%"", ""10.2%"", ""8.6%"", ""3.6人"", ""25.4m""]"
20260530,20260525,j1,2026,中央攻撃.html,中央攻撃 (チームスタイル指標),リーグサマリー:2026 J1百年構想リーグ 中央攻撃 (チームスタイル指標) | データによってサッカーはもっと輝く | Football LAB,中央攻撃のサマリー,1,名古屋,名古屋,"[""指数"", ""ゴール率"", ""シュート率"", ""ドリブル使用率"", ""ロングパス使用率"", ""空中戦使用率"", ""コンビネーション使用率"", ""20km/h以上の走行平均人数"", ""20km/h以上の走行一人当たりの平均距離""]","[""60"", ""5.6%"", ""31.5%"", ""13.7%"", ""29.4%"", ""16.2%"", ""8.1%"", ""3.1人"", ""22.7m""]"
20260530,20260525,j1,2026,中央攻撃.html,中央攻撃 (チームスタイル指標),リーグサマリー:2026 J1百年構想リーグ 中央攻撃 (チームスタイル指標) | データによってサッカーはもっと輝く | Football LAB,中央攻撃のサマリー,1,Ｇ大阪,Ｇ大阪,"[""指数"", ""ゴール率"", ""シュート率"", ""ドリブル使用率"", ""ロングパス使用率"", ""空中戦使用率"", ""コンビネーション使用率"", ""20km/h以上の走行平均人数"", ""20km/h以上の走行一人当たりの平均距離""]","[""60"", ""5.1%"", ""33.5%"", ""20.8%"", ""23.4%"", ""6.6%"", ""11.7%"", ""2.5人"", ""21.1m""]"
20260530,20260525,j1,2026,中央攻撃.html,中央攻撃 (チームスタイル指標),リーグサマリー:2026 J1百年構想リーグ 中央攻撃 (チームスタイル指標) | データによってサッカーはもっと輝く | Football LAB,中央攻撃のサマリー,1,京都,京都,"[""指数"", ""ゴール率"", ""シュート率"", ""ドリブル使用率"", ""ロングパス使用率"", ""空中戦使用率"", ""コンビネーション使用率"", ""20km/h以上の走行平均人数"", ""20km/h以上の走行一人当たりの平均距離""]","[""58"", ""3.6%"", ""36.5%"", ""13.5%"", ""24.0%"", ""12.5%"", ""4.2%"", ""3.1人"", ""26.8m""]"
20260530,20260525,j1,2026,中央攻撃.html,中央攻撃 (チームスタイル指標),リーグサマリー:2026 J1百年構想リーグ 中央攻撃 (チームスタイル指標) | データによってサッカーはもっと輝く | Football LAB,中央攻撃のサマリー,1,水戸,水戸,"[""指数"", ""ゴール率"", ""シュート率"", ""ドリブル使用率"", ""ロングパス使用率"", ""空中戦使用率"", ""コンビネーション使用率"", ""20km/h以上の走行平均人数"", ""20km/h以上の走行一人当たりの平均距離""]","[""57"", ""3.2%"", ""32.1%"", ""23.7%"", ""23.7%"", ""14.2%"", ""5.8%"", ""2.3人"", ""21.7m""]"
20260530,20260525,j1,2026,中央攻撃.html,中央攻撃 (チームスタイル指標),リーグサマリー:2026 J1百年構想リーグ 中央攻撃 (チームスタイル指標) | データによってサッカーはもっと輝く | Football LAB,中央攻撃のサマリー,1,神戸,神戸,"[""指数"", ""ゴール率"", ""シュート率"", ""ドリブル使用率"", ""ロングパス使用率"", ""空中戦使用率"", ""コンビネーション使用率"", ""20km/h以上の走行平均人数"", ""20km/h以上の走行一人当たりの平均距離""]","[""57"", ""1.6%"", ""25.3%"", ""5.8%"", ""30.0%"", ""16.8%"", ""4.7%"", ""2.8人"", ""20.8m""]"
20260530,20260525,j1,2026,中央攻撃.html,中央攻撃 (チームスタイル指標),リーグサマリー:2026 J1百年構想リーグ 中央攻撃 (チームスタイル指標) | データによってサッカーはもっと輝く | Football LAB,中央攻撃のサマリー,1,柏,柏,"[""指数"", ""ゴール率"", ""シュート率"", ""ドリブル使用率"", ""ロングパス使用率"", ""空中戦使用率"", ""コンビネーション使用率"", ""20km/h以上の走行平均人数"", ""20km/h以上の走行一人当たりの平均距離""]","[""55"", ""3.7%"", ""37.4%"", ""21.4%"", ""12.3%"", ""4.8%"", ""8.0%"", ""3.1人"", ""22.4m""]"
20260530,20260525,j1,2026,中央攻撃.html,中央攻撃 (チームスタイル指標),リーグサマリー:2026 J1百年構想リーグ 中央攻撃 (チームスタイル指標) | データによってサッカーはもっと輝く | Football LAB,中央攻撃のサマリー,1,鹿島,鹿島,"[""指数"", ""ゴール率"", ""シュート率"", ""ドリブル使用率"", ""ロングパス使用率"", ""空中戦使用率"", ""コンビネーション使用率"", ""20km/h以上の走行平均人数"", ""20km/h以上の走行一人当たりの平均距離""]","[""51"", ""4.0%"", ""33.9%"", ""17.5%"", ""20.3%"", ""12.4%"", ""11.9%"", ""3.2人"", ""22.3m""]"
20260530,20260525,j1,2026,中央攻撃.html,中央攻撃 (チームスタイル指標),リーグサマリー:2026 J1百年構想リーグ 中央攻撃 (チームスタイル指標) | データによってサッカーはもっと輝く | Football LAB,中央攻撃のサマリー,1,清水,清水,"[""指数"", ""ゴール率"", ""シュート率"", ""ドリブル使用率"", ""ロングパス使用率"", ""空中戦使用率"", ""コンビネーション使用率"", ""20km/h以上の走行平均人数"", ""20km/h以上の走行一人当たりの平均距離""]","[""51"", ""2.3%"", ""32.2%"", ""16.4%"", ""23.2%"", ""16.4%"", ""7.9%"", ""2.7人"", ""20.4m""]"
20260530,20260525,j1,2026,中央攻撃.html,中央攻撃 (チームスタイル指標),リーグサマリー:2026 J1百年構想リーグ 中央攻撃 (チームスタイル指標) | データによってサッカーはもっと輝く | Football LAB,中央攻撃のサマリー,1,東京Ｖ,東京Ｖ,"[""指数"", ""ゴール率"", ""シュート率"", ""ドリブル使用率"", ""ロングパス使用率"", ""空中戦使用率"", ""コンビネーション使用率"", ""20km/h以上の走行平均人数"", ""20km/h以上の走行一人当たりの平均距離""]","[""50"", ""4.0%"", ""31.0%"", ""10.9%"", ""28.2%"", ""19.0%"", ""4.6%"", ""2.6人"", ""20.5m""]"
20260530,20260525,j1,2026,中央攻撃.html,中央攻撃 (チームスタイル指標),リーグサマリー:2026 J1百年構想リーグ 中央攻撃 (チームスタイル指標) | データによってサッカーはもっと輝く | Football LAB,中央攻撃のサマリー,1,川崎Ｆ,川崎Ｆ,"[""指数"", ""ゴール率"", ""シュート率"", ""ドリブル使用率"", ""ロングパス使用率"", ""空中戦使用率"", ""コンビネーション使用率"", ""20km/h以上の走行平均人数"", ""20km/h以上の走行一人当たりの平均距離""]","[""49"", ""4.0%"", ""34.1%"", ""19.7%"", ""18.5%"", ""7.5%"", ""13.9%"", ""3.0人"", ""22.7m""]"
20260530,20260525,j1,2026,中央攻撃.html,中央攻撃 (チームスタイル指標),リーグサマリー:2026 J1百年構想リーグ 中央攻撃 (チームスタイル指標) | データによってサッカーはもっと輝く | Football LAB,中央攻撃のサマリー,1,横浜FM,横浜FM,"[""指数"", ""ゴール率"", ""シュート率"", ""ドリブル使用率"", ""ロングパス使用率"", ""空中戦使用率"", ""コンビネーション使用率"", ""20km/h以上の走行平均人数"", ""20km/h以上の走行一人当たりの平均距離""]","[""46"", ""7.2%"", ""36.7%"", ""18.1%"", ""29.5%"", ""18.7%"", ""3.0%"", ""2.8人"", ""21.8m""]"
20260530,20260525,j1,2026,中央攻撃.html,中央攻撃 (チームスタイル指標),リーグサマリー:2026 J1百年構想リーグ 中央攻撃 (チームスタイル指標) | データによってサッカーはもっと輝く | Football LAB,中央攻撃のサマリー,1,長崎,長崎,"[""指数"", ""ゴール率"", ""シュート率"", ""ドリブル使用率"", ""ロングパス使用率"", ""空中戦使用率"", ""コンビネーション使用率"", ""20km/h以上の走行平均人数"", ""20km/h以上の走行一人当たりの平均距離""]","[""42"", ""5.1%"", ""37.6%"", ""18.5%"", ""24.2%"", ""8.3%"", ""7.0%"", ""2.7人"", ""21.6m""]"
20260530,20260525,j1,2026,中央攻撃.html,中央攻撃 (チームスタイル指標),リーグサマリー:2026 J1百年構想リーグ 中央攻撃 (チームスタイル指標) | データによってサッカーはもっと輝く | Football LAB,中央攻撃のサマリー,1,町田,町田,"[""指数"", ""ゴール率"", ""シュート率"", ""ドリブル使用率"", ""ロングパス使用率"", ""空中戦使用率"", ""コンビネーション使用率"", ""20km/h以上の走行平均人数"", ""20km/h以上の走行一人当たりの平均距離""]","[""39"", ""2.0%"", ""29.5%"", ""16.8%"", ""32.9%"", ""11.4%"", ""10.1%"", ""2.8人"", ""21.5m""]"
20260530,20260525,j1,2026,中央攻撃.html,中央攻撃 (チームスタイル指標),リーグサマリー:2026 J1百年構想リーグ 中央攻撃 (チームスタイル指標) | データによってサッカーはもっと輝く | Football LAB,中央攻撃のサマリー,1,浦和,浦和,"[""指数"", ""ゴール率"", ""シュート率"", ""ドリブル使用率"", ""ロングパス使用率"", ""空中戦使用率"", ""コンビネーション使用率"", ""20km/h以上の走行平均人数"", ""20km/h以上の走行一人当たりの平均距離""]","[""38"", ""6.1%"", ""40.8%"", ""24.5%"", ""23.1%"", ""9.5%"", ""4.8%"", ""3.2人"", ""24.5m""]"
20260530,20260525,j1,2026,中央攻撃.html,中央攻撃 (チームスタイル指標),リーグサマリー:2026 J1百年構想リーグ 中央攻撃 (チームスタイル指標) | データによってサッカーはもっと輝く | Football LAB,中央攻撃のサマリー,1,福岡,福岡,"[""指数"", ""ゴール率"", ""シュート率"", ""ドリブル使用率"", ""ロングパス使用率"", ""空中戦使用率"", ""コンビネーション使用率"", ""20km/h以上の走行平均人数"", ""20km/h以上の走行一人当たりの平均距離""]","[""37"", ""4.1%"", ""34.9%"", ""27.4%"", ""18.5%"", ""8.9%"", ""7.5%"", ""2.4人"", ""18.5m""]"
20260530,20260525,j1,2026,中央攻撃.html,中央攻撃 (チームスタイル指標),リーグサマリー:2026 J1百年構想リーグ 中央攻撃 (チームスタイル指標) | データによってサッカーはもっと輝く | Football LAB,中央攻撃のサマリー,1,岡山,岡山,"[""指数"", ""ゴール率"", ""シュート率"", ""ドリブル使用率"", ""ロングパス使用率"", ""空中戦使用率"", ""コンビネーション使用率"", ""20km/h以上の走行平均人数"", ""20km/h以上の走行一人当たりの平均距離""]","[""33"", ""1.5%"", ""28.1%"", ""14.1%"", ""28.9%"", ""17.0%"", ""5.9%"", ""2.5人"", ""22.7m""]"
20260530,20260525,j1,2026,中央攻撃.html,中央攻撃 (チームスタイル指標),リーグサマリー:2026 J1百年構想リーグ 中央攻撃 (チームスタイル指標) | データによってサッカーはもっと輝く | Football LAB,中央攻撃のサマリー,1,千葉,千葉,"[""指数"", ""ゴール率"", ""シュート率"", ""ドリブル使用率"", ""ロングパス使用率"", ""空中戦使用率"", ""コンビネーション使用率"", ""20km/h以上の走行平均人数"", ""20km/h以上の走行一人当たりの平均距離""]","[""31"", ""2.3%"", ""35.6%"", ""19.7%"", ""20.5%"", ""16.7%"", ""6.1%"", ""2.9人"", ""20.3m""]"
20260530,20260525,j1,2026,中央攻撃.html,中央攻撃 (チームスタイル指標),リーグサマリー:2026 J1百年構想リーグ 中央攻撃 (チームスタイル指標) | データによってサッカーはもっと輝く | Football LAB,中央攻撃 (チームスタイル指標),2,鹿島,鹿島,"[""攻撃セットプレー"", ""左サイド攻撃"", ""中央攻撃"", ""右サイド攻撃"", ""ショートカウンター"", ""ロングカウンター"", ""敵陣ポゼッション"", ""自陣ポゼッション""]","[""52"", ""37"", ""51"", ""48"", ""35"", ""35"", ""51"", ""66""]"
20260530,20260525,j1,2026,中央攻撃.html,中央攻撃 (チームスタイル指標),リーグサマリー:2026 J1百年構想リーグ 中央攻撃 (チームスタイル指標) | データによってサッカーはもっと輝く | Football LAB,中央攻撃 (チームスタイル指標),2,FC東京,FC東京,"[""攻撃セットプレー"", ""左サイド攻撃"", ""中央攻撃"", ""右サイド攻撃"", ""ショートカウンター"", ""ロングカウンター"", ""敵陣ポゼッション"", ""自陣ポゼッション""]","[""52"", ""55"", ""60"", ""37"", ""42"", ""55"", ""49"", ""64""]"
20260530,20260525,j1,2026,中央攻撃.html,中央攻撃 (チームスタイル指標),リーグサマリー:2026 J1百年構想リーグ 中央攻撃 (チームスタイル指標) | データによってサッカーはもっと輝く | Football LAB,中央攻撃 (チームスタイル指標),2,町田,町田,"[""攻撃セットプレー"", ""左サイド攻撃"", ""中央攻撃"", ""右サイド攻撃"", ""ショートカウンター"", ""ロングカウンター"", ""敵陣ポゼッション"", ""自陣ポゼッション""]","[""38"", ""49"", ""39"", ""52"", ""47"", ""46"", ""54"", ""50""]"
20260530,20260525,j1,2026,中央攻撃.html,中央攻撃 (チームスタイル指標),リーグサマリー:2026 J1百年構想リーグ 中央攻撃 (チームスタイル指標) | データによってサッカーはもっと輝く | Football LAB,中央攻撃 (チームスタイル指標),2,川崎Ｆ,川崎Ｆ,"[""攻撃セットプレー"", ""左サイド攻撃"", ""中央攻撃"", ""右サイド攻撃"", ""ショートカウンター"", ""ロングカウンター"", ""敵陣ポゼッション"", ""自陣ポゼッション""]","[""39"", ""65"", ""49"", ""39"", ""38"", ""45"", ""69"", ""53""]"
20260530,20260525,j1,2026,中央攻撃.html,中央攻撃 (チームスタイル指標),リーグサマリー:2026 J1百年構想リーグ 中央攻撃 (チームスタイル指標) | データによってサッカーはもっと輝く | Football LAB,中央攻撃 (チームスタイル指標),2,東京Ｖ,東京Ｖ,"[""攻撃セットプレー"", ""左サイド攻撃"", ""中央攻撃"", ""右サイド攻撃"", ""ショートカウンター"", ""ロングカウンター"", ""敵陣ポゼッション"", ""自陣ポゼッション""]","[""47"", ""43"", ""50"", ""45"", ""59"", ""30"", ""36"", ""51""]"
20260530,20260525,j1,2026,中央攻撃.html,中央攻撃 (チームスタイル指標),リーグサマリー:2026 J1百年構想リーグ 中央攻撃 (チームスタイル指標) | データによってサッカーはもっと輝く | Football LAB,中央攻撃 (チームスタイル指標),2,浦和,浦和,"[""攻撃セットプレー"", ""左サイド攻撃"", ""中央攻撃"", ""右サイド攻撃"", ""ショートカウンター"", ""ロングカウンター"", ""敵陣ポゼッション"", ""自陣ポゼッション""]","[""50"", ""37"", ""38"", ""64"", ""37"", ""47"", ""59"", ""51""]"
20260530,20260525,j1,2026,中央攻撃.html,中央攻撃 (チームスタイル指標),リーグサマリー:2026 J1百年構想リーグ 中央攻撃 (チームスタイル指標) | データによってサッカーはもっと輝く | Football LAB,中央攻撃 (チームスタイル指標),2,横浜FM,横浜FM,"[""攻撃セットプレー"", ""左サイド攻撃"", ""中央攻撃"", ""右サイド攻撃"", ""ショートカウンター"", ""ロングカウンター"", ""敵陣ポゼッション"", ""自陣ポゼッション""]","[""55"", ""61"", ""46"", ""55"", ""57"", ""44"", ""43"", ""48""]"
20260530,20260525,j1,2026,中央攻撃.html,中央攻撃 (チームスタイル指標),リーグサマリー:2026 J1百年構想リーグ 中央攻撃 (チームスタイル指標) | データによってサッカーはもっと輝く | Football LAB,中央攻撃 (チームスタイル指標),2,柏,柏,"[""攻撃セットプレー"", ""左サイド攻撃"", ""中央攻撃"", ""右サイド攻撃"", ""ショートカウンター"", ""ロングカウンター"", ""敵陣ポゼッション"", ""自陣ポゼッション""]","[""45"", ""43"", ""55"", ""74"", ""40"", ""45"", ""70"", ""67""]"
20260530,20260525,j1,2026,中央攻撃.html,中央攻撃 (チームスタイル指標),リーグサマリー:2026 J1百年構想リーグ 中央攻撃 (チームスタイル指標) | データによってサッカーはもっと輝く | Football LAB,中央攻撃 (チームスタイル指標),2,水戸,水戸,"[""攻撃セットプレー"", ""左サイド攻撃"", ""中央攻撃"", ""右サイド攻撃"", ""ショートカウンター"", ""ロングカウンター"", ""敵陣ポゼッション"", ""自陣ポゼッション""]","[""38"", ""34"", ""57"", ""48"", ""54"", ""42"", ""51"", ""64""]"
20260530,20260525,j1,2026,中央攻撃.html,中央攻撃 (チームスタイル指標),リーグサマリー:2026 J1百年構想リーグ 中央攻撃 (チームスタイル指標) | データによってサッカーはもっと輝く | Football LAB,中央攻撃 (チームスタイル指標),2,千葉,千葉,"[""攻撃セットプレー"", ""左サイド攻撃"", ""中央攻撃"", ""右サイド攻撃"", ""ショートカウンター"", ""ロングカウンター"", ""敵陣ポゼッション"", ""自陣ポゼッション""]","[""39"", ""51"", ""31"", ""40"", ""34"", ""49"", ""40"", ""59""]"
20260530,20260525,j1,2026,中央攻撃.html,中央攻撃 (チームスタイル指標),リーグサマリー:2026 J1百年構想リーグ 中央攻撃 (チームスタイル指標) | データによってサッカーはもっと輝く | Football LAB,中央攻撃 (チームスタイル指標),2,神戸,神戸,"[""攻撃セットプレー"", ""左サイド攻撃"", ""中央攻撃"", ""右サイド攻撃"", ""ショートカウンター"", ""ロングカウンター"", ""敵陣ポゼッション"", ""自陣ポゼッション""]","[""57"", ""58"", ""57"", ""52"", ""54"", ""48"", ""55"", ""43""]"
20260530,20260525,j1,2026,中央攻撃.html,中央攻撃 (チームスタイル指標),リーグサマリー:2026 J1百年構想リーグ 中央攻撃 (チームスタイル指標) | データによってサッカーはもっと輝く | Football LAB,中央攻撃 (チームスタイル指標),2,Ｃ大阪,Ｃ大阪,"[""攻撃セットプレー"", ""左サイド攻撃"", ""中央攻撃"", ""右サイド攻撃"", ""ショートカウンター"", ""ロングカウンター"", ""敵陣ポゼッション"", ""自陣ポゼッション""]","[""35"", ""44"", ""60"", ""51"", ""50"", ""53"", ""47"", ""52""]"
20260530,20260525,j1,2026,中央攻撃.html,中央攻撃 (チームスタイル指標),リーグサマリー:2026 J1百年構想リーグ 中央攻撃 (チームスタイル指標) | データによってサッカーはもっと輝く | Football LAB,中央攻撃 (チームスタイル指標),2,名古屋,名古屋,"[""攻撃セットプレー"", ""左サイド攻撃"", ""中央攻撃"", ""右サイド攻撃"", ""ショートカウンター"", ""ロングカウンター"", ""敵陣ポゼッション"", ""自陣ポゼッション""]","[""49"", ""46"", ""60"", ""41"", ""57"", ""57"", ""50"", ""53""]"
20260530,20260525,j1,2026,中央攻撃.html,中央攻撃 (チームスタイル指標),リーグサマリー:2026 J1百年構想リーグ 中央攻撃 (チームスタイル指標) | データによってサッカーはもっと輝く | Football LAB,中央攻撃 (チームスタイル指標),2,広島,広島,"[""攻撃セットプレー"", ""左サイド攻撃"", ""中央攻撃"", ""右サイド攻撃"", ""ショートカウンター"", ""ロングカウンター"", ""敵陣ポゼッション"", ""自陣ポゼッション""]","[""78"", ""50"", ""67"", ""63"", ""70"", ""70"", ""58"", ""40""]"
20260530,20260525,j1,2026,中央攻撃.html,中央攻撃 (チームスタイル指標),リーグサマリー:2026 J1百年構想リーグ 中央攻撃 (チームスタイル指標) | データによってサッカーはもっと輝く | Football LAB,中央攻撃 (チームスタイル指標),2,Ｇ大阪,Ｇ大阪,"[""攻撃セットプレー"", ""左サイド攻撃"", ""中央攻撃"", ""右サイド攻撃"", ""ショートカウンター"", ""ロングカウンター"", ""敵陣ポゼッション"", ""自陣ポゼッション""]","[""47"", ""43"", ""60"", ""50"", ""50"", ""56"", ""64"", ""43""]"
20260530,20260525,j1,2026,中央攻撃.html,中央攻撃 (チームスタイル指標),リーグサマリー:2026 J1百年構想リーグ 中央攻撃 (チームスタイル指標) | データによってサッカーはもっと輝く | Football LAB,中央攻撃 (チームスタイル指標),2,岡山,岡山,"[""攻撃セットプレー"", ""左サイド攻撃"", ""中央攻撃"", ""右サイド攻撃"", ""ショートカウンター"", ""ロングカウンター"", ""敵陣ポゼッション"", ""自陣ポゼッション""]","[""53"", ""66"", ""33"", ""50"", ""61"", ""76"", ""34"", ""33""]"
20260530,20260525,j1,2026,中央攻撃.html,中央攻撃 (チームスタイル指標),リーグサマリー:2026 J1百年構想リーグ 中央攻撃 (チームスタイル指標) | データによってサッカーはもっと輝く | Football LAB,中央攻撃 (チームスタイル指標),2,清水,清水,"[""攻撃セットプレー"", ""左サイド攻撃"", ""中央攻撃"", ""右サイド攻撃"", ""ショートカウンター"", ""ロングカウンター"", ""敵陣ポゼッション"", ""自陣ポゼッション""]","[""58"", ""71"", ""51"", ""53"", ""61"", ""50"", ""46"", ""35""]"
20260530,20260525,j1,2026,中央攻撃.html,中央攻撃 (チームスタイル指標),リーグサマリー:2026 J1百年構想リーグ 中央攻撃 (チームスタイル指標) | データによってサッカーはもっと輝く | Football LAB,中央攻撃 (チームスタイル指標),2,京都,京都,"[""攻撃セットプレー"", ""左サイド攻撃"", ""中央攻撃"", ""右サイド攻撃"", ""ショートカウンター"", ""ロングカウンター"", ""敵陣ポゼッション"", ""自陣ポゼッション""]","[""66"", ""50"", ""58"", ""64"", ""61"", ""53"", ""39"", ""41""]"
20260530,20260525,j1,2026,中央攻撃.html,中央攻撃 (チームスタイル指標),リーグサマリー:2026 J1百年構想リーグ 中央攻撃 (チームスタイル指標) | データによってサッカーはもっと輝く | Football LAB,中央攻撃 (チームスタイル指標),2,長崎,長崎,"[""攻撃セットプレー"", ""左サイド攻撃"", ""中央攻撃"", ""右サイド攻撃"", ""ショートカウンター"", ""ロングカウンター"", ""敵陣ポゼッション"", ""自陣ポゼッション""]","[""50"", ""45"", ""42"", ""39"", ""42"", ""52"", ""43"", ""47""]"
20260530,20260525,j1,2026,中央攻撃.html,中央攻撃 (チームスタイル指標),リーグサマリー:2026 J1百年構想リーグ 中央攻撃 (チームスタイル指標) | データによってサッカーはもっと輝く | Football LAB,中央攻撃 (チームスタイル指標),2,福岡,福岡,"[""攻撃セットプレー"", ""左サイド攻撃"", ""中央攻撃"", ""右サイド攻撃"", ""ショートカウンター"", ""ロングカウンター"", ""敵陣ポゼッション"", ""自陣ポゼッション""]","[""52"", ""53"", ""37"", ""35"", ""50"", ""45"", ""45"", ""38""]"
20260530,20260525,j1,2026,中央攻撃.html,中央攻撃 (チームスタイル指標),リーグサマリー:2026 J1百年構想リーグ 中央攻撃 (チームスタイル指標) | データによってサッカーはもっと輝く | Football LAB,中央攻撃 (チームスタイル指標),3,鹿島,鹿島,"[""攻撃セットプレー"", ""左サイド攻撃"", ""中央攻撃"", ""右サイド攻撃"", ""ショートカウンター"", ""ロングカウンター"", ""敵陣ポゼッション"", ""自陣ポゼッション""]","[""27.3%"", ""7.0%"", ""33.9%"", ""14.5%"", ""21.3%"", ""16.4%"", ""17.7%"", ""6.5%""]"
20260530,20260525,j1,2026,中央攻撃.html,中央攻撃 (チームスタイル指標),リーグサマリー:2026 J1百年構想リーグ 中央攻撃 (チームスタイル指標) | データによってサッカーはもっと輝く | Football LAB,中央攻撃 (チームスタイル指標),3,FC東京,FC東京,"[""攻撃セットプレー"", ""左サイド攻撃"", ""中央攻撃"", ""右サイド攻撃"", ""ショートカウンター"", ""ロングカウンター"", ""敵陣ポゼッション"", ""自陣ポゼッション""]","[""27.6%"", ""15.2%"", ""43.1%"", ""14.3%"", ""24.8%"", ""23.4%"", ""23.3%"", ""9.7%""]"
20260530,20260525,j1,2026,中央攻撃.html,中央攻撃 (チームスタイル指標),リーグサマリー:2026 J1百年構想リーグ 中央攻撃 (チームスタイル指標) | データによってサッカーはもっと輝く | Football LAB,中央攻撃 (チームスタイル指標),3,町田,町田,"[""攻撃セットプレー"", ""左サイド攻撃"", ""中央攻撃"", ""右サイド攻撃"", ""ショートカウンター"", ""ロングカウンター"", ""敵陣ポゼッション"", ""自陣ポゼッション""]","[""29.8%"", ""14.0%"", ""29.5%"", ""11.4%"", ""16.9%"", ""12.7%"", ""24.3%"", ""7.1%""]"
20260530,20260525,j1,2026,中央攻撃.html,中央攻撃 (チームスタイル指標),リーグサマリー:2026 J1百年構想リーグ 中央攻撃 (チームスタイル指標) | データによってサッカーはもっと輝く | Football LAB,中央攻撃 (チームスタイル指標),3,川崎Ｆ,川崎Ｆ,"[""攻撃セットプレー"", ""左サイド攻撃"", ""中央攻撃"", ""右サイド攻撃"", ""ショートカウンター"", ""ロングカウンター"", ""敵陣ポゼッション"", ""自陣ポゼッション""]","[""27.6%"", ""13.7%"", ""34.1%"", ""12.4%"", ""20.1%"", ""24.4%"", ""17.9%"", ""8.9%""]"
20260530,20260525,j1,2026,中央攻撃.html,中央攻撃 (チームスタイル指標),リーグサマリー:2026 J1百年構想リーグ 中央攻撃 (チームスタイル指標) | データによってサッカーはもっと輝く | Football LAB,中央攻撃 (チームスタイル指標),3,東京Ｖ,東京Ｖ,"[""攻撃セットプレー"", ""左サイド攻撃"", ""中央攻撃"", ""右サイド攻撃"", ""ショートカウンター"", ""ロングカウンター"", ""敵陣ポゼッション"", ""自陣ポゼッション""]","[""19.2%"", ""11.8%"", ""31.0%"", ""11.6%"", ""20.5%"", ""24.5%"", ""16.7%"", ""5.4%""]"
20260530,20260525,j1,2026,中央攻撃.html,中央攻撃 (チームスタイル指標),リーグサマリー:2026 J1百年構想リーグ 中央攻撃 (チームスタイル指標) | データによってサッカーはもっと輝く | Football LAB,中央攻撃 (チームスタイル指標),3,浦和,浦和,"[""攻撃セットプレー"", ""左サイド攻撃"", ""中央攻撃"", ""右サイド攻撃"", ""ショートカウンター"", ""ロングカウンター"", ""敵陣ポゼッション"", ""自陣ポゼッション""]","[""28.9%"", ""16.2%"", ""40.8%"", ""15.3%"", ""19.6%"", ""17.3%"", ""26.3%"", ""11.3%""]"
20260530,20260525,j1,2026,中央攻撃.html,中央攻撃 (チームスタイル指標),リーグサマリー:2026 J1百年構想リーグ 中央攻撃 (チームスタイル指標) | データによってサッカーはもっと輝く | Football LAB,中央攻撃 (チームスタイル指標),3,横浜FM,横浜FM,"[""攻撃セットプレー"", ""左サイド攻撃"", ""中央攻撃"", ""右サイド攻撃"", ""ショートカウンター"", ""ロングカウンター"", ""敵陣ポゼッション"", ""自陣ポゼッション""]","[""22.1%"", ""13.6%"", ""36.7%"", ""9.9%"", ""19.4%"", ""17.1%"", ""16.4%"", ""6.0%""]"
20260530,20260525,j1,2026,中央攻撃.html,中央攻撃 (チームスタイル指標),リーグサマリー:2026 J1百年構想リーグ 中央攻撃 (チームスタイル指標) | データによってサッカーはもっと輝く | Football LAB,中央攻撃 (チームスタイル指標),3,柏,柏,"[""攻撃セットプレー"", ""左サイド攻撃"", ""中央攻撃"", ""右サイド攻撃"", ""ショートカウンター"", ""ロングカウンター"", ""敵陣ポゼッション"", ""自陣ポゼッション""]","[""19.1%"", ""11.9%"", ""37.4%"", ""13.5%"", ""21.5%"", ""16.7%"", ""19.7%"", ""8.4%""]"
20260530,20260525,j1,2026,中央攻撃.html,中央攻撃 (チームスタイル指標),リーグサマリー:2026 J1百年構想リーグ 中央攻撃 (チームスタイル指標) | データによってサッカーはもっと輝く | Football LAB,中央攻撃 (チームスタイル指標),3,水戸,水戸,"[""攻撃セットプレー"", ""左サイド攻撃"", ""中央攻撃"", ""右サイド攻撃"", ""ショートカウンター"", ""ロングカウンター"", ""敵陣ポゼッション"", ""自陣ポゼッション""]","[""21.5%"", ""19.4%"", ""32.1%"", ""8.1%"", ""20.8%"", ""15.3%"", ""24.2%"", ""6.4%""]"
20260530,20260525,j1,2026,中央攻撃.html,中央攻撃 (チームスタイル指標),リーグサマリー:2026 J1百年構想リーグ 中央攻撃 (チームスタイル指標) | データによってサッカーはもっと輝く | Football LAB,中央攻撃 (チームスタイル指標),3,千葉,千葉,"[""攻撃セットプレー"", ""左サイド攻撃"", ""中央攻撃"", ""右サイド攻撃"", ""ショートカウンター"", ""ロングカウンター"", ""敵陣ポゼッション"", ""自陣ポゼッション""]","[""27.3%"", ""14.1%"", ""35.6%"", ""15.4%"", ""21.5%"", ""18.1%"", ""21.5%"", ""5.2%""]"
20260530,20260525,j1,2026,中央攻撃.html,中央攻撃 (チームスタイル指標),リーグサマリー:2026 J1百年構想リーグ 中央攻撃 (チームスタイル指標) | データによってサッカーはもっと輝く | Football LAB,中央攻撃 (チームスタイル指標),3,神戸,神戸,"[""攻撃セットプレー"", ""左サイド攻撃"", ""中央攻撃"", ""右サイド攻撃"", ""ショートカウンター"", ""ロングカウンター"", ""敵陣ポゼッション"", ""自陣ポゼッション""]","[""30.9%"", ""12.6%"", ""25.3%"", ""10.9%"", ""15.2%"", ""14.6%"", ""18.7%"", ""5.8%""]"
20260530,20260525,j1,2026,中央攻撃.html,中央攻撃 (チームスタイル指標),リーグサマリー:2026 J1百年構想リーグ 中央攻撃 (チームスタイル指標) | データによってサッカーはもっと輝く | Football LAB,中央攻撃 (チームスタイル指標),3,Ｃ大阪,Ｃ大阪,"[""攻撃セットプレー"", ""左サイド攻撃"", ""中央攻撃"", ""右サイド攻撃"", ""ショートカウンター"", ""ロングカウンター"", ""敵陣ポゼッション"", ""自陣ポゼッション""]","[""20.9%"", ""14.5%"", ""43.4%"", ""13.9%"", ""24.7%"", ""16.7%"", ""22.6%"", ""3.9%""]"
20260530,20260525,j1,2026,中央攻撃.html,中央攻撃 (チームスタイル指標),リーグサマリー:2026 J1百年構想リーグ 中央攻撃 (チームスタイル指標) | データによってサッカーはもっと輝く | Football LAB,中央攻撃 (チームスタイル指標),3,名古屋,名古屋,"[""攻撃セットプレー"", ""左サイド攻撃"", ""中央攻撃"", ""右サイド攻撃"", ""ショートカウンター"", ""ロングカウンター"", ""敵陣ポゼッション"", ""自陣ポゼッション""]","[""27.9%"", ""19.3%"", ""31.5%"", ""13.8%"", ""15.6%"", ""21.6%"", ""23.4%"", ""6.9%""]"
20260530,20260525,j1,2026,中央攻撃.html,中央攻撃 (チームスタイル指標),リーグサマリー:2026 J1百年構想リーグ 中央攻撃 (チームスタイル指標) | データによってサッカーはもっと輝く | Football LAB,中央攻撃 (チームスタイル指標),3,広島,広島,"[""攻撃セットプレー"", ""左サイド攻撃"", ""中央攻撃"", ""右サイド攻撃"", ""ショートカウンター"", ""ロングカウンター"", ""敵陣ポゼッション"", ""自陣ポゼッション""]","[""27.6%"", ""16.0%"", ""32.2%"", ""15.6%"", ""15.9%"", ""15.1%"", ""30.2%"", ""7.0%""]"
20260530,20260525,j1,2026,中央攻撃.html,中央攻撃 (チームスタイル指標),リーグサマリー:2026 J1百年構想リーグ 中央攻撃 (チームスタイル指標) | データによってサッカーはもっと輝く | Football LAB,中央攻撃 (チームスタイル指標),3,Ｇ大阪,Ｇ大阪,"[""攻撃セットプレー"", ""左サイド攻撃"", ""中央攻撃"", ""右サイド攻撃"", ""ショートカウンター"", ""ロングカウンター"", ""敵陣ポゼッション"", ""自陣ポゼッション""]","[""23.5%"", ""17.5%"", ""33.5%"", ""10.6%"", ""18.3%"", ""17.9%"", ""25.0%"", ""10.5%""]"
20260530,20260525,j1,2026,中央攻撃.html,中央攻撃 (チームスタイル指標),リーグサマリー:2026 J1百年構想リーグ 中央攻撃 (チームスタイル指標) | データによってサッカーはもっと輝く | Football LAB,中央攻撃 (チームスタイル指標),3,岡山,岡山,"[""攻撃セットプレー"", ""左サイド攻撃"", ""中央攻撃"", ""右サイド攻撃"", ""ショートカウンター"", ""ロングカウンター"", ""敵陣ポゼッション"", ""自陣ポゼッション""]","[""25.8%"", ""13.0%"", ""28.1%"", ""12.4%"", ""14.6%"", ""13.3%"", ""18.4%"", ""18.0%""]"
20260530,20260525,j1,2026,中央攻撃.html,中央攻撃 (チームスタイル指標),リーグサマリー:2026 J1百年構想リーグ 中央攻撃 (チームスタイル指標) | データによってサッカーはもっと輝く | Football LAB,中央攻撃 (チームスタイル指標),3,清水,清水,"[""攻撃セットプレー"", ""左サイド攻撃"", ""中央攻撃"", ""右サイド攻撃"", ""ショートカウンター"", ""ロングカウンター"", ""敵陣ポゼッション"", ""自陣ポゼッション""]","[""19.8%"", ""9.8%"", ""32.2%"", ""5.9%"", ""12.5%"", ""7.1%"", ""19.3%"", ""5.0%""]"
20260530,20260525,j1,2026,中央攻撃.html,中央攻撃 (チームスタイル指標),リーグサマリー:2026 J1百年構想リーグ 中央攻撃 (チームスタイル指標) | データによってサッカーはもっと輝く | Football LAB,中央攻撃 (チームスタイル指標),3,京都,京都,"[""攻撃セットプレー"", ""左サイド攻撃"", ""中央攻撃"", ""右サイド攻撃"", ""ショートカウンター"", ""ロングカウンター"", ""敵陣ポゼッション"", ""自陣ポゼッション""]","[""21.8%"", ""10.9%"", ""36.5%"", ""13.6%"", ""16.0%"", ""18.7%"", ""25.0%"", ""7.8%""]"
20260530,20260525,j1,2026,中央攻撃.html,中央攻撃 (チームスタイル指標),リーグサマリー:2026 J1百年構想リーグ 中央攻撃 (チームスタイル指標) | データによってサッカーはもっと輝く | Football LAB,中央攻撃 (チームスタイル指標),3,長崎,長崎,"[""攻撃セットプレー"", ""左サイド攻撃"", ""中央攻撃"", ""右サイド攻撃"", ""ショートカウンター"", ""ロングカウンター"", ""敵陣ポゼッション"", ""自陣ポゼッション""]","[""21.5%"", ""13.9%"", ""37.6%"", ""7.6%"", ""19.8%"", ""18.0%"", ""21.6%"", ""6.4%""]"
20260530,20260525,j1,2026,中央攻撃.html,中央攻撃 (チームスタイル指標),リーグサマリー:2026 J1百年構想リーグ 中央攻撃 (チームスタイル指標) | データによってサッカーはもっと輝く | Football LAB,中央攻撃 (チームスタイル指標),3,福岡,福岡,"[""攻撃セットプレー"", ""左サイド攻撃"", ""中央攻撃"", ""右サイド攻撃"", ""ショートカウンター"", ""ロングカウンター"", ""敵陣ポゼッション"", ""自陣ポゼッション""]","[""26.1%"", ""8.4%"", ""34.9%"", ""9.9%"", ""17.9%"", ""6.4%"", ""21.5%"", ""2.7%""]"
20260530,20260525,j1,2026,右サイド攻撃.html,右サイド攻撃 (チームスタイル指標),リーグサマリー:2026 J1百年構想リーグ 右サイド攻撃 (チームスタイル指標) | データによってサッカーはもっと輝く | Football LAB,右サイド攻撃のサマリー,1,柏,柏,"[""指数"", ""ゴール率"", ""シュート率"", ""ドリブル使用率"", ""ロングパス使用率"", ""空中戦使用率"", ""コンビネーション使用率"", ""20km/h以上の走行平均人数"", ""20km/h以上の走行一人当たりの平均距離""]","[""74"", ""0.8%"", ""13.5%"", ""19.9%"", ""19.1%"", ""5.2%"", ""12.7%"", ""3.0人"", ""20.2m""]"
20260530,20260525,j1,2026,右サイド攻撃.html,右サイド攻撃 (チームスタイル指標),リーグサマリー:2026 J1百年構想リーグ 右サイド攻撃 (チームスタイル指標) | データによってサッカーはもっと輝く | Football LAB,右サイド攻撃のサマリー,1,浦和,浦和,"[""指数"", ""ゴール率"", ""シュート率"", ""ドリブル使用率"", ""ロングパス使用率"", ""空中戦使用率"", ""コンビネーション使用率"", ""20km/h以上の走行平均人数"", ""20km/h以上の走行一人当たりの平均距離""]","[""64"", ""1.4%"", ""15.3%"", ""21.2%"", ""28.8%"", ""14.9%"", ""6.3%"", ""2.9人"", ""22.2m""]"
20260530,20260525,j1,2026,右サイド攻撃.html,右サイド攻撃 (チームスタイル指標),リーグサマリー:2026 J1百年構想リーグ 右サイド攻撃 (チームスタイル指標) | データによってサッカーはもっと輝く | Football LAB,右サイド攻撃のサマリー,1,京都,京都,"[""指数"", ""ゴール率"", ""シュート率"", ""ドリブル使用率"", ""ロングパス使用率"", ""空中戦使用率"", ""コンビネーション使用率"", ""20km/h以上の走行平均人数"", ""20km/h以上の走行一人当たりの平均距離""]","[""64"", ""1.4%"", ""13.6%"", ""9.5%"", ""25.0%"", ""10.5%"", ""7.7%"", ""2.7人"", ""23.6m""]"
20260530,20260525,j1,2026,右サイド攻撃.html,右サイド攻撃 (チームスタイル指標),リーグサマリー:2026 J1百年構想リーグ 右サイド攻撃 (チームスタイル指標) | データによってサッカーはもっと輝く | Football LAB,右サイド攻撃のサマリー,1,広島,広島,"[""指数"", ""ゴール率"", ""シュート率"", ""ドリブル使用率"", ""ロングパス使用率"", ""空中戦使用率"", ""コンビネーション使用率"", ""20km/h以上の走行平均人数"", ""20km/h以上の走行一人当たりの平均距離""]","[""63"", ""0.9%"", ""15.6%"", ""9.2%"", ""28.0%"", ""8.7%"", ""10.6%"", ""2.4人"", ""20.3m""]"
20260530,20260525,j1,2026,右サイド攻撃.html,右サイド攻撃 (チームスタイル指標),リーグサマリー:2026 J1百年構想リーグ 右サイド攻撃 (チームスタイル指標) | データによってサッカーはもっと輝く | Football LAB,右サイド攻撃のサマリー,1,横浜FM,横浜FM,"[""指数"", ""ゴール率"", ""シュート率"", ""ドリブル使用率"", ""ロングパス使用率"", ""空中戦使用率"", ""コンビネーション使用率"", ""20km/h以上の走行平均人数"", ""20km/h以上の走行一人当たりの平均距離""]","[""55"", ""0.5%"", ""9.9%"", ""13.5%"", ""29.7%"", ""9.9%"", ""6.3%"", ""2.5人"", ""19.5m""]"
20260530,20260525,j1,2026,右サイド攻撃.html,右サイド攻撃 (チームスタイル指標),リーグサマリー:2026 J1百年構想リーグ 右サイド攻撃 (チームスタイル指標) | データによってサッカーはもっと輝く | Football LAB,右サイド攻撃のサマリー,1,清水,清水,"[""指数"", ""ゴール率"", ""シュート率"", ""ドリブル使用率"", ""ロングパス使用率"", ""空中戦使用率"", ""コンビネーション使用率"", ""20km/h以上の走行平均人数"", ""20km/h以上の走行一人当たりの平均距離""]","[""53"", ""0.5%"", ""5.9%"", ""12.9%"", ""29.6%"", ""18.3%"", ""6.5%"", ""2.2人"", ""19.4m""]"
20260530,20260525,j1,2026,右サイド攻撃.html,右サイド攻撃 (チームスタイル指標),リーグサマリー:2026 J1百年構想リーグ 右サイド攻撃 (チームスタイル指標) | データによってサッカーはもっと輝く | Football LAB,右サイド攻撃のサマリー,1,町田,町田,"[""指数"", ""ゴール率"", ""シュート率"", ""ドリブル使用率"", ""ロングパス使用率"", ""空中戦使用率"", ""コンビネーション使用率"", ""20km/h以上の走行平均人数"", ""20km/h以上の走行一人当たりの平均距離""]","[""52"", ""0.5%"", ""11.4%"", ""16.3%"", ""23.4%"", ""16.8%"", ""9.2%"", ""2.3人"", ""20.4m""]"
20260530,20260525,j1,2026,右サイド攻撃.html,右サイド攻撃 (チームスタイル指標),リーグサマリー:2026 J1百年構想リーグ 右サイド攻撃 (チームスタイル指標) | データによってサッカーはもっと輝く | Football LAB,右サイド攻撃のサマリー,1,神戸,神戸,"[""指数"", ""ゴール率"", ""シュート率"", ""ドリブル使用率"", ""ロングパス使用率"", ""空中戦使用率"", ""コンビネーション使用率"", ""20km/h以上の走行平均人数"", ""20km/h以上の走行一人当たりの平均距離""]","[""52"", ""2.7%"", ""10.9%"", ""10.9%"", ""20.7%"", ""19.6%"", ""13.6%"", ""2.7人"", ""21.4m""]"
20260530,20260525,j1,2026,右サイド攻撃.html,右サイド攻撃 (チームスタイル指標),リーグサマリー:2026 J1百年構想リーグ 右サイド攻撃 (チームスタイル指標) | データによってサッカーはもっと輝く | Football LAB,右サイド攻撃のサマリー,1,Ｃ大阪,Ｃ大阪,"[""指数"", ""ゴール率"", ""シュート率"", ""ドリブル使用率"", ""ロングパス使用率"", ""空中戦使用率"", ""コンビネーション使用率"", ""20km/h以上の走行平均人数"", ""20km/h以上の走行一人当たりの平均距離""]","[""51"", ""3.9%"", ""13.9%"", ""15.6%"", ""20.0%"", ""6.1%"", ""9.4%"", ""2.9人"", ""22.0m""]"
20260530,20260525,j1,2026,右サイド攻撃.html,右サイド攻撃 (チームスタイル指標),リーグサマリー:2026 J1百年構想リーグ 右サイド攻撃 (チームスタイル指標) | データによってサッカーはもっと輝く | Football LAB,右サイド攻撃のサマリー,1,Ｇ大阪,Ｇ大阪,"[""指数"", ""ゴール率"", ""シュート率"", ""ドリブル使用率"", ""ロングパス使用率"", ""空中戦使用率"", ""コンビネーション使用率"", ""20km/h以上の走行平均人数"", ""20km/h以上の走行一人当たりの平均距離""]","[""50"", ""2.2%"", ""10.6%"", ""18.4%"", ""22.3%"", ""10.6%"", ""8.4%"", ""2.3人"", ""21.3m""]"
20260530,20260525,j1,2026,右サイド攻撃.html,右サイド攻撃 (チームスタイル指標),リーグサマリー:2026 J1百年構想リーグ 右サイド攻撃 (チームスタイル指標) | データによってサッカーはもっと輝く | Football LAB,右サイド攻撃のサマリー,1,岡山,岡山,"[""指数"", ""ゴール率"", ""シュート率"", ""ドリブル使用率"", ""ロングパス使用率"", ""空中戦使用率"", ""コンビネーション使用率"", ""20km/h以上の走行平均人数"", ""20km/h以上の走行一人当たりの平均距離""]","[""50"", ""0.6%"", ""12.4%"", ""17.4%"", ""29.8%"", ""16.9%"", ""5.6%"", ""2.5人"", ""22.4m""]"
20260530,20260525,j1,2026,右サイド攻撃.html,右サイド攻撃 (チームスタイル指標),リーグサマリー:2026 J1百年構想リーグ 右サイド攻撃 (チームスタイル指標) | データによってサッカーはもっと輝く | Football LAB,右サイド攻撃のサマリー,1,鹿島,鹿島,"[""指数"", ""ゴール率"", ""シュート率"", ""ドリブル使用率"", ""ロングパス使用率"", ""空中戦使用率"", ""コンビネーション使用率"", ""20km/h以上の走行平均人数"", ""20km/h以上の走行一人当たりの平均距離""]","[""48"", ""1.2%"", ""14.5%"", ""11.0%"", ""22.0%"", ""7.5%"", ""8.7%"", ""3.2人"", ""22.7m""]"
20260530,20260525,j1,2026,右サイド攻撃.html,右サイド攻撃 (チームスタイル指標),リーグサマリー:2026 J1百年構想リーグ 右サイド攻撃 (チームスタイル指標) | データによってサッカーはもっと輝く | Football LAB,右サイド攻撃のサマリー,1,水戸,水戸,"[""指数"", ""ゴール率"", ""シュート率"", ""ドリブル使用率"", ""ロングパス使用率"", ""空中戦使用率"", ""コンビネーション使用率"", ""20km/h以上の走行平均人数"", ""20km/h以上の走行一人当たりの平均距離""]","[""48"", ""0.6%"", ""8.1%"", ""16.9%"", ""22.1%"", ""11.0%"", ""3.5%"", ""2.7人"", ""22.7m""]"
20260530,20260525,j1,2026,右サイド攻撃.html,右サイド攻撃 (チームスタイル指標),リーグサマリー:2026 J1百年構想リーグ 右サイド攻撃 (チームスタイル指標) | データによってサッカーはもっと輝く | Football LAB,右サイド攻撃のサマリー,1,東京Ｖ,東京Ｖ,"[""指数"", ""ゴール率"", ""シュート率"", ""ドリブル使用率"", ""ロングパス使用率"", ""空中戦使用率"", ""コンビネーション使用率"", ""20km/h以上の走行平均人数"", ""20km/h以上の走行一人当たりの平均距離""]","[""45"", ""1.2%"", ""11.6%"", ""15.2%"", ""21.3%"", ""10.4%"", ""7.3%"", ""2.6人"", ""20.4m""]"
20260530,20260525,j1,2026,右サイド攻撃.html,右サイド攻撃 (チームスタイル指標),リーグサマリー:2026 J1百年構想リーグ 右サイド攻撃 (チームスタイル指標) | データによってサッカーはもっと輝く | Football LAB,右サイド攻撃のサマリー,1,名古屋,名古屋,"[""指数"", ""ゴール率"", ""シュート率"", ""ドリブル使用率"", ""ロングパス使用率"", ""空中戦使用率"", ""コンビネーション使用率"", ""20km/h以上の走行平均人数"", ""20km/h以上の走行一人当たりの平均距離""]","[""41"", ""1.3%"", ""13.8%"", ""18.4%"", ""21.7%"", ""6.6%"", ""9.2%"", ""2.8人"", ""21.1m""]"
20260530,20260525,j1,2026,右サイド攻撃.html,右サイド攻撃 (チームスタイル指標),リーグサマリー:2026 J1百年構想リーグ 右サイド攻撃 (チームスタイル指標) | データによってサッカーはもっと輝く | Football LAB,右サイド攻撃のサマリー,1,千葉,千葉,"[""指数"", ""ゴール率"", ""シュート率"", ""ドリブル使用率"", ""ロングパス使用率"", ""空中戦使用率"", ""コンビネーション使用率"", ""20km/h以上の走行平均人数"", ""20km/h以上の走行一人当たりの平均距離""]","[""40"", ""0.7%"", ""15.4%"", ""25.5%"", ""24.8%"", ""6.0%"", ""3.4%"", ""2.9人"", ""20.8m""]"
20260530,20260525,j1,2026,右サイド攻撃.html,右サイド攻撃 (チームスタイル指標),リーグサマリー:2026 J1百年構想リーグ 右サイド攻撃 (チームスタイル指標) | データによってサッカーはもっと輝く | Football LAB,右サイド攻撃のサマリー,1,川崎Ｆ,川崎Ｆ,"[""指数"", ""ゴール率"", ""シュート率"", ""ドリブル使用率"", ""ロングパス使用率"", ""空中戦使用率"", ""コンビネーション使用率"", ""20km/h以上の走行平均人数"", ""20km/h以上の走行一人当たりの平均距離""]","[""39"", ""1.4%"", ""12.4%"", ""19.3%"", ""26.2%"", ""6.2%"", ""11.0%"", ""2.4人"", ""19.3m""]"
20260530,20260525,j1,2026,右サイド攻撃.html,右サイド攻撃 (チームスタイル指標),リーグサマリー:2026 J1百年構想リーグ 右サイド攻撃 (チームスタイル指標) | データによってサッカーはもっと輝く | Football LAB,右サイド攻撃のサマリー,1,長崎,長崎,"[""指数"", ""ゴール率"", ""シュート率"", ""ドリブル使用率"", ""ロングパス使用率"", ""空中戦使用率"", ""コンビネーション使用率"", ""20km/h以上の走行平均人数"", ""20km/h以上の走行一人当たりの平均距離""]","[""39"", ""0.0%"", ""7.6%"", ""9.7%"", ""20.8%"", ""13.2%"", ""10.4%"", ""2.0人"", ""17.8m""]"
20260530,20260525,j1,2026,右サイド攻撃.html,右サイド攻撃 (チームスタイル指標),リーグサマリー:2026 J1百年構想リーグ 右サイド攻撃 (チームスタイル指標) | データによってサッカーはもっと輝く | Football LAB,右サイド攻撃のサマリー,1,FC東京,FC東京,"[""指数"", ""ゴール率"", ""シュート率"", ""ドリブル使用率"", ""ロングパス使用率"", ""空中戦使用率"", ""コンビネーション使用率"", ""20km/h以上の走行平均人数"", ""20km/h以上の走行一人当たりの平均距離""]","[""37"", ""0.7%"", ""14.3%"", ""16.4%"", ""19.3%"", ""9.3%"", ""10.7%"", ""3.6人"", ""23.1m""]"
20260530,20260525,j1,2026,右サイド攻撃.html,右サイド攻撃 (チームスタイル指標),リーグサマリー:2026 J1百年構想リーグ 右サイド攻撃 (チームスタイル指標) | データによってサッカーはもっと輝く | Football LAB,右サイド攻撃のサマリー,1,福岡,福岡,"[""指数"", ""ゴール率"", ""シュート率"", ""ドリブル使用率"", ""ロングパス使用率"", ""空中戦使用率"", ""コンビネーション使用率"", ""20km/h以上の走行平均人数"", ""20km/h以上の走行一人当たりの平均距離""]","[""35"", ""0.0%"", ""9.9%"", ""16.0%"", ""28.2%"", ""13.7%"", ""6.9%"", ""2.0人"", ""20.4m""]"
20260530,20260525,j1,2026,右サイド攻撃.html,右サイド攻撃 (チームスタイル指標),リーグサマリー:2026 J1百年構想リーグ 右サイド攻撃 (チームスタイル指標) | データによってサッカーはもっと輝く | Football LAB,右サイド攻撃 (チームスタイル指標),2,鹿島,鹿島,"[""攻撃セットプレー"", ""左サイド攻撃"", ""中央攻撃"", ""右サイド攻撃"", ""ショートカウンター"", ""ロングカウンター"", ""敵陣ポゼッション"", ""自陣ポゼッション""]","[""52"", ""37"", ""51"", ""48"", ""35"", ""35"", ""51"", ""66""]"
20260530,20260525,j1,2026,右サイド攻撃.html,右サイド攻撃 (チームスタイル指標),リーグサマリー:2026 J1百年構想リーグ 右サイド攻撃 (チームスタイル指標) | データによってサッカーはもっと輝く | Football LAB,右サイド攻撃 (チームスタイル指標),2,FC東京,FC東京,"[""攻撃セットプレー"", ""左サイド攻撃"", ""中央攻撃"", ""右サイド攻撃"", ""ショートカウンター"", ""ロングカウンター"", ""敵陣ポゼッション"", ""自陣ポゼッション""]","[""52"", ""55"", ""60"", ""37"", ""42"", ""55"", ""49"", ""64""]"
20260530,20260525,j1,2026,右サイド攻撃.html,右サイド攻撃 (チームスタイル指標),リーグサマリー:2026 J1百年構想リーグ 右サイド攻撃 (チームスタイル指標) | データによってサッカーはもっと輝く | Football LAB,右サイド攻撃 (チームスタイル指標),2,町田,町田,"[""攻撃セットプレー"", ""左サイド攻撃"", ""中央攻撃"", ""右サイド攻撃"", ""ショートカウンター"", ""ロングカウンター"", ""敵陣ポゼッション"", ""自陣ポゼッション""]","[""38"", ""49"", ""39"", ""52"", ""47"", ""46"", ""54"", ""50""]"
20260530,20260525,j1,2026,右サイド攻撃.html,右サイド攻撃 (チームスタイル指標),リーグサマリー:2026 J1百年構想リーグ 右サイド攻撃 (チームスタイル指標) | データによってサッカーはもっと輝く | Football LAB,右サイド攻撃 (チームスタイル指標),2,川崎Ｆ,川崎Ｆ,"[""攻撃セットプレー"", ""左サイド攻撃"", ""中央攻撃"", ""右サイド攻撃"", ""ショートカウンター"", ""ロングカウンター"", ""敵陣ポゼッション"", ""自陣ポゼッション""]","[""39"", ""65"", ""49"", ""39"", ""38"", ""45"", ""69"", ""53""]"
20260530,20260525,j1,2026,右サイド攻撃.html,右サイド攻撃 (チームスタイル指標),リーグサマリー:2026 J1百年構想リーグ 右サイド攻撃 (チームスタイル指標) | データによってサッカーはもっと輝く | Football LAB,右サイド攻撃 (チームスタイル指標),2,東京Ｖ,東京Ｖ,"[""攻撃セットプレー"", ""左サイド攻撃"", ""中央攻撃"", ""右サイド攻撃"", ""ショートカウンター"", ""ロングカウンター"", ""敵陣ポゼッション"", ""自陣ポゼッション""]","[""47"", ""43"", ""50"", ""45"", ""59"", ""30"", ""36"", ""51""]"
20260530,20260525,j1,2026,右サイド攻撃.html,右サイド攻撃 (チームスタイル指標),リーグサマリー:2026 J1百年構想リーグ 右サイド攻撃 (チームスタイル指標) | データによってサッカーはもっと輝く | Football LAB,右サイド攻撃 (チームスタイル指標),2,浦和,浦和,"[""攻撃セットプレー"", ""左サイド攻撃"", ""中央攻撃"", ""右サイド攻撃"", ""ショートカウンター"", ""ロングカウンター"", ""敵陣ポゼッション"", ""自陣ポゼッション""]","[""50"", ""37"", ""38"", ""64"", ""37"", ""47"", ""59"", ""51""]"
20260530,20260525,j1,2026,右サイド攻撃.html,右サイド攻撃 (チームスタイル指標),リーグサマリー:2026 J1百年構想リーグ 右サイド攻撃 (チームスタイル指標) | データによってサッカーはもっと輝く | Football LAB,右サイド攻撃 (チームスタイル指標),2,横浜FM,横浜FM,"[""攻撃セットプレー"", ""左サイド攻撃"", ""中央攻撃"", ""右サイド攻撃"", ""ショートカウンター"", ""ロングカウンター"", ""敵陣ポゼッション"", ""自陣ポゼッション""]","[""55"", ""61"", ""46"", ""55"", ""57"", ""44"", ""43"", ""48""]"
20260530,20260525,j1,2026,右サイド攻撃.html,右サイド攻撃 (チームスタイル指標),リーグサマリー:2026 J1百年構想リーグ 右サイド攻撃 (チームスタイル指標) | データによってサッカーはもっと輝く | Football LAB,右サイド攻撃 (チームスタイル指標),2,柏,柏,"[""攻撃セットプレー"", ""左サイド攻撃"", ""中央攻撃"", ""右サイド攻撃"", ""ショートカウンター"", ""ロングカウンター"", ""敵陣ポゼッション"", ""自陣ポゼッション""]","[""45"", ""43"", ""55"", ""74"", ""40"", ""45"", ""70"", ""67""]"
20260530,20260525,j1,2026,右サイド攻撃.html,右サイド攻撃 (チームスタイル指標),リーグサマリー:2026 J1百年構想リーグ 右サイド攻撃 (チームスタイル指標) | データによってサッカーはもっと輝く | Football LAB,右サイド攻撃 (チームスタイル指標),2,水戸,水戸,"[""攻撃セットプレー"", ""左サイド攻撃"", ""中央攻撃"", ""右サイド攻撃"", ""ショートカウンター"", ""ロングカウンター"", ""敵陣ポゼッション"", ""自陣ポゼッション""]","[""38"", ""34"", ""57"", ""48"", ""54"", ""42"", ""51"", ""64""]"
20260530,20260525,j1,2026,右サイド攻撃.html,右サイド攻撃 (チームスタイル指標),リーグサマリー:2026 J1百年構想リーグ 右サイド攻撃 (チームスタイル指標) | データによってサッカーはもっと輝く | Football LAB,右サイド攻撃 (チームスタイル指標),2,千葉,千葉,"[""攻撃セットプレー"", ""左サイド攻撃"", ""中央攻撃"", ""右サイド攻撃"", ""ショートカウンター"", ""ロングカウンター"", ""敵陣ポゼッション"", ""自陣ポゼッション""]","[""39"", ""51"", ""31"", ""40"", ""34"", ""49"", ""40"", ""59""]"
20260530,20260525,j1,2026,右サイド攻撃.html,右サイド攻撃 (チームスタイル指標),リーグサマリー:2026 J1百年構想リーグ 右サイド攻撃 (チームスタイル指標) | データによってサッカーはもっと輝く | Football LAB,右サイド攻撃 (チームスタイル指標),2,神戸,神戸,"[""攻撃セットプレー"", ""左サイド攻撃"", ""中央攻撃"", ""右サイド攻撃"", ""ショートカウンター"", ""ロングカウンター"", ""敵陣ポゼッション"", ""自陣ポゼッション""]","[""57"", ""58"", ""57"", ""52"", ""54"", ""48"", ""55"", ""43""]"
20260530,20260525,j1,2026,右サイド攻撃.html,右サイド攻撃 (チームスタイル指標),リーグサマリー:2026 J1百年構想リーグ 右サイド攻撃 (チームスタイル指標) | データによってサッカーはもっと輝く | Football LAB,右サイド攻撃 (チームスタイル指標),2,Ｃ大阪,Ｃ大阪,"[""攻撃セットプレー"", ""左サイド攻撃"", ""中央攻撃"", ""右サイド攻撃"", ""ショートカウンター"", ""ロングカウンター"", ""敵陣ポゼッション"", ""自陣ポゼッション""]","[""35"", ""44"", ""60"", ""51"", ""50"", ""53"", ""47"", ""52""]"
20260530,20260525,j1,2026,右サイド攻撃.html,右サイド攻撃 (チームスタイル指標),リーグサマリー:2026 J1百年構想リーグ 右サイド攻撃 (チームスタイル指標) | データによってサッカーはもっと輝く | Football LAB,右サイド攻撃 (チームスタイル指標),2,名古屋,名古屋,"[""攻撃セットプレー"", ""左サイド攻撃"", ""中央攻撃"", ""右サイド攻撃"", ""ショートカウンター"", ""ロングカウンター"", ""敵陣ポゼッション"", ""自陣ポゼッション""]","[""49"", ""46"", ""60"", ""41"", ""57"", ""57"", ""50"", ""53""]"
20260530,20260525,j1,2026,右サイド攻撃.html,右サイド攻撃 (チームスタイル指標),リーグサマリー:2026 J1百年構想リーグ 右サイド攻撃 (チームスタイル指標) | データによってサッカーはもっと輝く | Football LAB,右サイド攻撃 (チームスタイル指標),2,広島,広島,"[""攻撃セットプレー"", ""左サイド攻撃"", ""中央攻撃"", ""右サイド攻撃"", ""ショートカウンター"", ""ロングカウンター"", ""敵陣ポゼッション"", ""自陣ポゼッション""]","[""78"", ""50"", ""67"", ""63"", ""70"", ""70"", ""58"", ""40""]"
20260530,20260525,j1,2026,右サイド攻撃.html,右サイド攻撃 (チームスタイル指標),リーグサマリー:2026 J1百年構想リーグ 右サイド攻撃 (チームスタイル指標) | データによってサッカーはもっと輝く | Football LAB,右サイド攻撃 (チームスタイル指標),2,Ｇ大阪,Ｇ大阪,"[""攻撃セットプレー"", ""左サイド攻撃"", ""中央攻撃"", ""右サイド攻撃"", ""ショートカウンター"", ""ロングカウンター"", ""敵陣ポゼッション"", ""自陣ポゼッション""]","[""47"", ""43"", ""60"", ""50"", ""50"", ""56"", ""64"", ""43""]"
20260530,20260525,j1,2026,右サイド攻撃.html,右サイド攻撃 (チームスタイル指標),リーグサマリー:2026 J1百年構想リーグ 右サイド攻撃 (チームスタイル指標) | データによってサッカーはもっと輝く | Football LAB,右サイド攻撃 (チームスタイル指標),2,岡山,岡山,"[""攻撃セットプレー"", ""左サイド攻撃"", ""中央攻撃"", ""右サイド攻撃"", ""ショートカウンター"", ""ロングカウンター"", ""敵陣ポゼッション"", ""自陣ポゼッション""]","[""53"", ""66"", ""33"", ""50"", ""61"", ""76"", ""34"", ""33""]"
20260530,20260525,j1,2026,右サイド攻撃.html,右サイド攻撃 (チームスタイル指標),リーグサマリー:2026 J1百年構想リーグ 右サイド攻撃 (チームスタイル指標) | データによってサッカーはもっと輝く | Football LAB,右サイド攻撃 (チームスタイル指標),2,清水,清水,"[""攻撃セットプレー"", ""左サイド攻撃"", ""中央攻撃"", ""右サイド攻撃"", ""ショートカウンター"", ""ロングカウンター"", ""敵陣ポゼッション"", ""自陣ポゼッション""]","[""58"", ""71"", ""51"", ""53"", ""61"", ""50"", ""46"", ""35""]"
20260530,20260525,j1,2026,右サイド攻撃.html,右サイド攻撃 (チームスタイル指標),リーグサマリー:2026 J1百年構想リーグ 右サイド攻撃 (チームスタイル指標) | データによってサッカーはもっと輝く | Football LAB,右サイド攻撃 (チームスタイル指標),2,京都,京都,"[""攻撃セットプレー"", ""左サイド攻撃"", ""中央攻撃"", ""右サイド攻撃"", ""ショートカウンター"", ""ロングカウンター"", ""敵陣ポゼッション"", ""自陣ポゼッション""]","[""66"", ""50"", ""58"", ""64"", ""61"", ""53"", ""39"", ""41""]"
20260530,20260525,j1,2026,右サイド攻撃.html,右サイド攻撃 (チームスタイル指標),リーグサマリー:2026 J1百年構想リーグ 右サイド攻撃 (チームスタイル指標) | データによってサッカーはもっと輝く | Football LAB,右サイド攻撃 (チームスタイル指標),2,長崎,長崎,"[""攻撃セットプレー"", ""左サイド攻撃"", ""中央攻撃"", ""右サイド攻撃"", ""ショートカウンター"", ""ロングカウンター"", ""敵陣ポゼッション"", ""自陣ポゼッション""]","[""50"", ""45"", ""42"", ""39"", ""42"", ""52"", ""43"", ""47""]"
20260530,20260525,j1,2026,右サイド攻撃.html,右サイド攻撃 (チームスタイル指標),リーグサマリー:2026 J1百年構想リーグ 右サイド攻撃 (チームスタイル指標) | データによってサッカーはもっと輝く | Football LAB,右サイド攻撃 (チームスタイル指標),2,福岡,福岡,"[""攻撃セットプレー"", ""左サイド攻撃"", ""中央攻撃"", ""右サイド攻撃"", ""ショートカウンター"", ""ロングカウンター"", ""敵陣ポゼッション"", ""自陣ポゼッション""]","[""52"", ""53"", ""37"", ""35"", ""50"", ""45"", ""45"", ""38""]"
20260530,20260525,j1,2026,右サイド攻撃.html,右サイド攻撃 (チームスタイル指標),リーグサマリー:2026 J1百年構想リーグ 右サイド攻撃 (チームスタイル指標) | データによってサッカーはもっと輝く | Football LAB,右サイド攻撃 (チームスタイル指標),3,鹿島,鹿島,"[""攻撃セットプレー"", ""左サイド攻撃"", ""中央攻撃"", ""右サイド攻撃"", ""ショートカウンター"", ""ロングカウンター"", ""敵陣ポゼッション"", ""自陣ポゼッション""]","[""27.3%"", ""7.0%"", ""33.9%"", ""14.5%"", ""21.3%"", ""16.4%"", ""17.7%"", ""6.5%""]"
20260530,20260525,j1,2026,右サイド攻撃.html,右サイド攻撃 (チームスタイル指標),リーグサマリー:2026 J1百年構想リーグ 右サイド攻撃 (チームスタイル指標) | データによってサッカーはもっと輝く | Football LAB,右サイド攻撃 (チームスタイル指標),3,FC東京,FC東京,"[""攻撃セットプレー"", ""左サイド攻撃"", ""中央攻撃"", ""右サイド攻撃"", ""ショートカウンター"", ""ロングカウンター"", ""敵陣ポゼッション"", ""自陣ポゼッション""]","[""27.6%"", ""15.2%"", ""43.1%"", ""14.3%"", ""24.8%"", ""23.4%"", ""23.3%"", ""9.7%""]"
20260530,20260525,j1,2026,右サイド攻撃.html,右サイド攻撃 (チームスタイル指標),リーグサマリー:2026 J1百年構想リーグ 右サイド攻撃 (チームスタイル指標) | データによってサッカーはもっと輝く | Football LAB,右サイド攻撃 (チームスタイル指標),3,町田,町田,"[""攻撃セットプレー"", ""左サイド攻撃"", ""中央攻撃"", ""右サイド攻撃"", ""ショートカウンター"", ""ロングカウンター"", ""敵陣ポゼッション"", ""自陣ポゼッション""]","[""29.8%"", ""14.0%"", ""29.5%"", ""11.4%"", ""16.9%"", ""12.7%"", ""24.3%"", ""7.1%""]"
20260530,20260525,j1,2026,右サイド攻撃.html,右サイド攻撃 (チームスタイル指標),リーグサマリー:2026 J1百年構想リーグ 右サイド攻撃 (チームスタイル指標) | データによってサッカーはもっと輝く | Football LAB,右サイド攻撃 (チームスタイル指標),3,川崎Ｆ,川崎Ｆ,"[""攻撃セットプレー"", ""左サイド攻撃"", ""中央攻撃"", ""右サイド攻撃"", ""ショートカウンター"", ""ロングカウンター"", ""敵陣ポゼッション"", ""自陣ポゼッション""]","[""27.6%"", ""13.7%"", ""34.1%"", ""12.4%"", ""20.1%"", ""24.4%"", ""17.9%"", ""8.9%""]"
20260530,20260525,j1,2026,右サイド攻撃.html,右サイド攻撃 (チームスタイル指標),リーグサマリー:2026 J1百年構想リーグ 右サイド攻撃 (チームスタイル指標) | データによってサッカーはもっと輝く | Football LAB,右サイド攻撃 (チームスタイル指標),3,東京Ｖ,東京Ｖ,"[""攻撃セットプレー"", ""左サイド攻撃"", ""中央攻撃"", ""右サイド攻撃"", ""ショートカウンター"", ""ロングカウンター"", ""敵陣ポゼッション"", ""自陣ポゼッション""]","[""19.2%"", ""11.8%"", ""31.0%"", ""11.6%"", ""20.5%"", ""24.5%"", ""16.7%"", ""5.4%""]"
20260530,20260525,j1,2026,右サイド攻撃.html,右サイド攻撃 (チームスタイル指標),リーグサマリー:2026 J1百年構想リーグ 右サイド攻撃 (チームスタイル指標) | データによってサッカーはもっと輝く | Football LAB,右サイド攻撃 (チームスタイル指標),3,浦和,浦和,"[""攻撃セットプレー"", ""左サイド攻撃"", ""中央攻撃"", ""右サイド攻撃"", ""ショートカウンター"", ""ロングカウンター"", ""敵陣ポゼッション"", ""自陣ポゼッション""]","[""28.9%"", ""16.2%"", ""40.8%"", ""15.3%"", ""19.6%"", ""17.3%"", ""26.3%"", ""11.3%""]"
20260530,20260525,j1,2026,右サイド攻撃.html,右サイド攻撃 (チームスタイル指標),リーグサマリー:2026 J1百年構想リーグ 右サイド攻撃 (チームスタイル指標) | データによってサッカーはもっと輝く | Football LAB,右サイド攻撃 (チームスタイル指標),3,横浜FM,横浜FM,"[""攻撃セットプレー"", ""左サイド攻撃"", ""中央攻撃"", ""右サイド攻撃"", ""ショートカウンター"", ""ロングカウンター"", ""敵陣ポゼッション"", ""自陣ポゼッション""]","[""22.1%"", ""13.6%"", ""36.7%"", ""9.9%"", ""19.4%"", ""17.1%"", ""16.4%"", ""6.0%""]"
20260530,20260525,j1,2026,右サイド攻撃.html,右サイド攻撃 (チームスタイル指標),リーグサマリー:2026 J1百年構想リーグ 右サイド攻撃 (チームスタイル指標) | データによってサッカーはもっと輝く | Football LAB,右サイド攻撃 (チームスタイル指標),3,柏,柏,"[""攻撃セットプレー"", ""左サイド攻撃"", ""中央攻撃"", ""右サイド攻撃"", ""ショートカウンター"", ""ロングカウンター"", ""敵陣ポゼッション"", ""自陣ポゼッション""]","[""19.1%"", ""11.9%"", ""37.4%"", ""13.5%"", ""21.5%"", ""16.7%"", ""19.7%"", ""8.4%""]"
20260530,20260525,j1,2026,右サイド攻撃.html,右サイド攻撃 (チームスタイル指標),リーグサマリー:2026 J1百年構想リーグ 右サイド攻撃 (チームスタイル指標) | データによってサッカーはもっと輝く | Football LAB,右サイド攻撃 (チームスタイル指標),3,水戸,水戸,"[""攻撃セットプレー"", ""左サイド攻撃"", ""中央攻撃"", ""右サイド攻撃"", ""ショートカウンター"", ""ロングカウンター"", ""敵陣ポゼッション"", ""自陣ポゼッション""]","[""21.5%"", ""19.4%"", ""32.1%"", ""8.1%"", ""20.8%"", ""15.3%"", ""24.2%"", ""6.4%""]"
20260530,20260525,j1,2026,右サイド攻撃.html,右サイド攻撃 (チームスタイル指標),リーグサマリー:2026 J1百年構想リーグ 右サイド攻撃 (チームスタイル指標) | データによってサッカーはもっと輝く | Football LAB,右サイド攻撃 (チームスタイル指標),3,千葉,千葉,"[""攻撃セットプレー"", ""左サイド攻撃"", ""中央攻撃"", ""右サイド攻撃"", ""ショートカウンター"", ""ロングカウンター"", ""敵陣ポゼッション"", ""自陣ポゼッション""]","[""27.3%"", ""14.1%"", ""35.6%"", ""15.4%"", ""21.5%"", ""18.1%"", ""21.5%"", ""5.2%""]"
20260530,20260525,j1,2026,右サイド攻撃.html,右サイド攻撃 (チームスタイル指標),リーグサマリー:2026 J1百年構想リーグ 右サイド攻撃 (チームスタイル指標) | データによってサッカーはもっと輝く | Football LAB,右サイド攻撃 (チームスタイル指標),3,神戸,神戸,"[""攻撃セットプレー"", ""左サイド攻撃"", ""中央攻撃"", ""右サイド攻撃"", ""ショートカウンター"", ""ロングカウンター"", ""敵陣ポゼッション"", ""自陣ポゼッション""]","[""30.9%"", ""12.6%"", ""25.3%"", ""10.9%"", ""15.2%"", ""14.6%"", ""18.7%"", ""5.8%""]"
20260530,20260525,j1,2026,右サイド攻撃.html,右サイド攻撃 (チームスタイル指標),リーグサマリー:2026 J1百年構想リーグ 右サイド攻撃 (チームスタイル指標) | データによってサッカーはもっと輝く | Football LAB,右サイド攻撃 (チームスタイル指標),3,Ｃ大阪,Ｃ大阪,"[""攻撃セットプレー"", ""左サイド攻撃"", ""中央攻撃"", ""右サイド攻撃"", ""ショートカウンター"", ""ロングカウンター"", ""敵陣ポゼッション"", ""自陣ポゼッション""]","[""20.9%"", ""14.5%"", ""43.4%"", ""13.9%"", ""24.7%"", ""16.7%"", ""22.6%"", ""3.9%""]"
20260530,20260525,j1,2026,右サイド攻撃.html,右サイド攻撃 (チームスタイル指標),リーグサマリー:2026 J1百年構想リーグ 右サイド攻撃 (チームスタイル指標) | データによってサッカーはもっと輝く | Football LAB,右サイド攻撃 (チームスタイル指標),3,名古屋,名古屋,"[""攻撃セットプレー"", ""左サイド攻撃"", ""中央攻撃"", ""右サイド攻撃"", ""ショートカウンター"", ""ロングカウンター"", ""敵陣ポゼッション"", ""自陣ポゼッション""]","[""27.9%"", ""19.3%"", ""31.5%"", ""13.8%"", ""15.6%"", ""21.6%"", ""23.4%"", ""6.9%""]"
20260530,20260525,j1,2026,右サイド攻撃.html,右サイド攻撃 (チームスタイル指標),リーグサマリー:2026 J1百年構想リーグ 右サイド攻撃 (チームスタイル指標) | データによってサッカーはもっと輝く | Football LAB,右サイド攻撃 (チームスタイル指標),3,広島,広島,"[""攻撃セットプレー"", ""左サイド攻撃"", ""中央攻撃"", ""右サイド攻撃"", ""ショートカウンター"", ""ロングカウンター"", ""敵陣ポゼッション"", ""自陣ポゼッション""]","[""27.6%"", ""16.0%"", ""32.2%"", ""15.6%"", ""15.9%"", ""15.1%"", ""30.2%"", ""7.0%""]"
20260530,20260525,j1,2026,右サイド攻撃.html,右サイド攻撃 (チームスタイル指標),リーグサマリー:2026 J1百年構想リーグ 右サイド攻撃 (チームスタイル指標) | データによってサッカーはもっと輝く | Football LAB,右サイド攻撃 (チームスタイル指標),3,Ｇ大阪,Ｇ大阪,"[""攻撃セットプレー"", ""左サイド攻撃"", ""中央攻撃"", ""右サイド攻撃"", ""ショートカウンター"", ""ロングカウンター"", ""敵陣ポゼッション"", ""自陣ポゼッション""]","[""23.5%"", ""17.5%"", ""33.5%"", ""10.6%"", ""18.3%"", ""17.9%"", ""25.0%"", ""10.5%""]"
20260530,20260525,j1,2026,右サイド攻撃.html,右サイド攻撃 (チームスタイル指標),リーグサマリー:2026 J1百年構想リーグ 右サイド攻撃 (チームスタイル指標) | データによってサッカーはもっと輝く | Football LAB,右サイド攻撃 (チームスタイル指標),3,岡山,岡山,"[""攻撃セットプレー"", ""左サイド攻撃"", ""中央攻撃"", ""右サイド攻撃"", ""ショートカウンター"", ""ロングカウンター"", ""敵陣ポゼッション"", ""自陣ポゼッション""]","[""25.8%"", ""13.0%"", ""28.1%"", ""12.4%"", ""14.6%"", ""13.3%"", ""18.4%"", ""18.0%""]"
20260530,20260525,j1,2026,右サイド攻撃.html,右サイド攻撃 (チームスタイル指標),リーグサマリー:2026 J1百年構想リーグ 右サイド攻撃 (チームスタイル指標) | データによってサッカーはもっと輝く | Football LAB,右サイド攻撃 (チームスタイル指標),3,清水,清水,"[""攻撃セットプレー"", ""左サイド攻撃"", ""中央攻撃"", ""右サイド攻撃"", ""ショートカウンター"", ""ロングカウンター"", ""敵陣ポゼッション"", ""自陣ポゼッション""]","[""19.8%"", ""9.8%"", ""32.2%"", ""5.9%"", ""12.5%"", ""7.1%"", ""19.3%"", ""5.0%""]"
20260530,20260525,j1,2026,右サイド攻撃.html,右サイド攻撃 (チームスタイル指標),リーグサマリー:2026 J1百年構想リーグ 右サイド攻撃 (チームスタイル指標) | データによってサッカーはもっと輝く | Football LAB,右サイド攻撃 (チームスタイル指標),3,京都,京都,"[""攻撃セットプレー"", ""左サイド攻撃"", ""中央攻撃"", ""右サイド攻撃"", ""ショートカウンター"", ""ロングカウンター"", ""敵陣ポゼッション"", ""自陣ポゼッション""]","[""21.8%"", ""10.9%"", ""36.5%"", ""13.6%"", ""16.0%"", ""18.7%"", ""25.0%"", ""7.8%""]"
20260530,20260525,j1,2026,右サイド攻撃.html,右サイド攻撃 (チームスタイル指標),リーグサマリー:2026 J1百年構想リーグ 右サイド攻撃 (チームスタイル指標) | データによってサッカーはもっと輝く | Football LAB,右サイド攻撃 (チームスタイル指標),3,長崎,長崎,"[""攻撃セットプレー"", ""左サイド攻撃"", ""中央攻撃"", ""右サイド攻撃"", ""ショートカウンター"", ""ロングカウンター"", ""敵陣ポゼッション"", ""自陣ポゼッション""]","[""21.5%"", ""13.9%"", ""37.6%"", ""7.6%"", ""19.8%"", ""18.0%"", ""21.6%"", ""6.4%""]"
20260530,20260525,j1,2026,右サイド攻撃.html,右サイド攻撃 (チームスタイル指標),リーグサマリー:2026 J1百年構想リーグ 右サイド攻撃 (チームスタイル指標) | データによってサッカーはもっと輝く | Football LAB,右サイド攻撃 (チームスタイル指標),3,福岡,福岡,"[""攻撃セットプレー"", ""左サイド攻撃"", ""中央攻撃"", ""右サイド攻撃"", ""ショートカウンター"", ""ロングカウンター"", ""敵陣ポゼッション"", ""自陣ポゼッション""]","[""26.1%"", ""8.4%"", ""34.9%"", ""9.9%"", ""17.9%"", ""6.4%"", ""21.5%"", ""2.7%""]"
20260530,20260525,j1,2026,奪取.html,チャンスビルディングポイント 奪取ポイント ランキング,リーグサマリー:2026 J1百年構想リーグ チャンスビルディングポイント 奪取ポイント ランキング | データによってサッカーはもっと輝く | Football LAB,チャンスビルディングポイント 奪取ポイント ランキング,1,清水,清水,"[""奪取ポイント"", ""試合平均"", ""最近5試合"", ""順位"", ""勝点"", ""得点"", ""失点""]","[""1,790.62"", ""99.48"", ""413.17"", ""7"", ""24"", ""19"", ""21""]"
20260530,20260525,j1,2026,奪取.html,チャンスビルディングポイント 奪取ポイント ランキング,リーグサマリー:2026 J1百年構想リーグ チャンスビルディングポイント 奪取ポイント ランキング | データによってサッカーはもっと輝く | Football LAB,チャンスビルディングポイント 奪取ポイント ランキング,1,神戸,神戸,"[""奪取ポイント"", ""試合平均"", ""最近5試合"", ""順位"", ""勝点"", ""得点"", ""失点""]","[""1,698.62"", ""94.37"", ""429.24"", ""1"", ""35"", ""27"", ""21""]"
20260530,20260525,j1,2026,奪取.html,チャンスビルディングポイント 奪取ポイント ランキング,リーグサマリー:2026 J1百年構想リーグ チャンスビルディングポイント 奪取ポイント ランキング | データによってサッカーはもっと輝く | Football LAB,チャンスビルディングポイント 奪取ポイント ランキング,1,広島,広島,"[""奪取ポイント"", ""試合平均"", ""最近5試合"", ""順位"", ""勝点"", ""得点"", ""失点""]","[""1,696.14"", ""94.23"", ""512.76"", ""4"", ""30"", ""29"", ""21""]"
20260530,20260525,j1,2026,奪取.html,チャンスビルディングポイント 奪取ポイント ランキング,リーグサマリー:2026 J1百年構想リーグ チャンスビルディングポイント 奪取ポイント ランキング | データによってサッカーはもっと輝く | Football LAB,チャンスビルディングポイント 奪取ポイント ランキング,1,東京Ｖ,東京Ｖ,"[""奪取ポイント"", ""試合平均"", ""最近5試合"", ""順位"", ""勝点"", ""得点"", ""失点""]","[""1,686.08"", ""93.67"", ""415.80"", ""5"", ""28"", ""19"", ""25""]"
20260530,20260525,j1,2026,奪取.html,チャンスビルディングポイント 奪取ポイント ランキング,リーグサマリー:2026 J1百年構想リーグ チャンスビルディングポイント 奪取ポイント ランキング | データによってサッカーはもっと輝く | Football LAB,チャンスビルディングポイント 奪取ポイント ランキング,1,Ｇ大阪,Ｇ大阪,"[""奪取ポイント"", ""試合平均"", ""最近5試合"", ""順位"", ""勝点"", ""得点"", ""失点""]","[""1,678.32"", ""93.24"", ""538.52"", ""5"", ""28"", ""26"", ""22""]"
20260530,20260525,j1,2026,奪取.html,チャンスビルディングポイント 奪取ポイント ランキング,リーグサマリー:2026 J1百年構想リーグ チャンスビルディングポイント 奪取ポイント ランキング | データによってサッカーはもっと輝く | Football LAB,チャンスビルディングポイント 奪取ポイント ランキング,1,京都,京都,"[""奪取ポイント"", ""試合平均"", ""最近5試合"", ""順位"", ""勝点"", ""得点"", ""失点""]","[""1,621.96"", ""90.11"", ""448.33"", ""8"", ""23"", ""19"", ""26""]"
20260530,20260525,j1,2026,奪取.html,チャンスビルディングポイント 奪取ポイント ランキング,リーグサマリー:2026 J1百年構想リーグ チャンスビルディングポイント 奪取ポイント ランキング | データによってサッカーはもっと輝く | Football LAB,チャンスビルディングポイント 奪取ポイント ランキング,1,水戸,水戸,"[""奪取ポイント"", ""試合平均"", ""最近5試合"", ""順位"", ""勝点"", ""得点"", ""失点""]","[""1,600.61"", ""88.92"", ""383.90"", ""9"", ""18"", ""19"", ""35""]"
20260530,20260525,j1,2026,奪取.html,チャンスビルディングポイント 奪取ポイント ランキング,リーグサマリー:2026 J1百年構想リーグ チャンスビルディングポイント 奪取ポイント ランキング | データによってサッカーはもっと輝く | Football LAB,チャンスビルディングポイント 奪取ポイント ランキング,1,町田,町田,"[""奪取ポイント"", ""試合平均"", ""最近5試合"", ""順位"", ""勝点"", ""得点"", ""失点""]","[""1,581.30"", ""87.85"", ""415.81"", ""3"", ""37"", ""23"", ""19""]"
20260530,20260525,j1,2026,奪取.html,チャンスビルディングポイント 奪取ポイント ランキング,リーグサマリー:2026 J1百年構想リーグ チャンスビルディングポイント 奪取ポイント ランキング | データによってサッカーはもっと輝く | Football LAB,チャンスビルディングポイント 奪取ポイント ランキング,1,柏,柏,"[""奪取ポイント"", ""試合平均"", ""最近5試合"", ""順位"", ""勝点"", ""得点"", ""失点""]","[""1,559.01"", ""86.61"", ""448.06"", ""8"", ""20"", ""21"", ""24""]"
20260530,20260525,j1,2026,奪取.html,チャンスビルディングポイント 奪取ポイント ランキング,リーグサマリー:2026 J1百年構想リーグ チャンスビルディングポイント 奪取ポイント ランキング | データによってサッカーはもっと輝く | Football LAB,チャンスビルディングポイント 奪取ポイント ランキング,1,長崎,長崎,"[""奪取ポイント"", ""試合平均"", ""最近5試合"", ""順位"", ""勝点"", ""得点"", ""失点""]","[""1,551.58"", ""86.20"", ""425.23"", ""9"", ""21"", ""20"", ""28""]"
20260530,20260525,j1,2026,奪取.html,チャンスビルディングポイント 奪取ポイント ランキング,リーグサマリー:2026 J1百年構想リーグ チャンスビルディングポイント 奪取ポイント ランキング | データによってサッカーはもっと輝く | Football LAB,チャンスビルディングポイント 奪取ポイント ランキング,1,名古屋,名古屋,"[""奪取ポイント"", ""試合平均"", ""最近5試合"", ""順位"", ""勝点"", ""得点"", ""失点""]","[""1,546.99"", ""85.94"", ""433.62"", ""3"", ""31"", ""31"", ""28""]"
20260530,20260525,j1,2026,奪取.html,チャンスビルディングポイント 奪取ポイント ランキング,リーグサマリー:2026 J1百年構想リーグ チャンスビルディングポイント 奪取ポイント ランキング | データによってサッカーはもっと輝く | Football LAB,チャンスビルディングポイント 奪取ポイント ランキング,1,岡山,岡山,"[""奪取ポイント"", ""試合平均"", ""最近5試合"", ""順位"", ""勝点"", ""得点"", ""失点""]","[""1,526.51"", ""84.81"", ""475.21"", ""6"", ""26"", ""24"", ""25""]"
20260530,20260525,j1,2026,奪取.html,チャンスビルディングポイント 奪取ポイント ランキング,リーグサマリー:2026 J1百年構想リーグ チャンスビルディングポイント 奪取ポイント ランキング | データによってサッカーはもっと輝く | Football LAB,チャンスビルディングポイント 奪取ポイント ランキング,1,FC東京,FC東京,"[""奪取ポイント"", ""試合平均"", ""最近5試合"", ""順位"", ""勝点"", ""得点"", ""失点""]","[""1,522.44"", ""84.58"", ""415.77"", ""2"", ""37"", ""28"", ""16""]"
20260530,20260525,j1,2026,奪取.html,チャンスビルディングポイント 奪取ポイント ランキング,リーグサマリー:2026 J1百年構想リーグ チャンスビルディングポイント 奪取ポイント ランキング | データによってサッカーはもっと輝く | Football LAB,チャンスビルディングポイント 奪取ポイント ランキング,1,浦和,浦和,"[""奪取ポイント"", ""試合平均"", ""最近5試合"", ""順位"", ""勝点"", ""得点"", ""失点""]","[""1,505.32"", ""83.63"", ""387.95"", ""6"", ""25"", ""25"", ""18""]"
20260530,20260525,j1,2026,奪取.html,チャンスビルディングポイント 奪取ポイント ランキング,リーグサマリー:2026 J1百年構想リーグ チャンスビルディングポイント 奪取ポイント ランキング | データによってサッカーはもっと輝く | Football LAB,チャンスビルディングポイント 奪取ポイント ランキング,1,Ｃ大阪,Ｃ大阪,"[""奪取ポイント"", ""試合平均"", ""最近5試合"", ""順位"", ""勝点"", ""得点"", ""失点""]","[""1,486.08"", ""82.56"", ""401.75"", ""2"", ""31"", ""26"", ""19""]"
20260530,20260525,j1,2026,奪取.html,チャンスビルディングポイント 奪取ポイント ランキング,リーグサマリー:2026 J1百年構想リーグ チャンスビルディングポイント 奪取ポイント ランキング | データによってサッカーはもっと輝く | Football LAB,チャンスビルディングポイント 奪取ポイント ランキング,1,福岡,福岡,"[""奪取ポイント"", ""試合平均"", ""最近5試合"", ""順位"", ""勝点"", ""得点"", ""失点""]","[""1,435.50"", ""79.75"", ""417.03"", ""10"", ""21"", ""17"", ""27""]"
20260530,20260525,j1,2026,奪取.html,チャンスビルディングポイント 奪取ポイント ランキング,リーグサマリー:2026 J1百年構想リーグ チャンスビルディングポイント 奪取ポイント ランキング | データによってサッカーはもっと輝く | Football LAB,チャンスビルディングポイント 奪取ポイント ランキング,1,横浜FM,横浜FM,"[""奪取ポイント"", ""試合平均"", ""最近5試合"", ""順位"", ""勝点"", ""得点"", ""失点""]","[""1,433.09"", ""79.62"", ""413.63"", ""7"", ""20"", ""28"", ""29""]"
20260530,20260525,j1,2026,奪取.html,チャンスビルディングポイント 奪取ポイント ランキング,リーグサマリー:2026 J1百年構想リーグ チャンスビルディングポイント 奪取ポイント ランキング | データによってサッカーはもっと輝く | Football LAB,チャンスビルディングポイント 奪取ポイント ランキング,1,千葉,千葉,"[""奪取ポイント"", ""試合平均"", ""最近5試合"", ""順位"", ""勝点"", ""得点"", ""失点""]","[""1,416.19"", ""78.68"", ""398.86"", ""10"", ""12"", ""18"", ""31""]"
20260530,20260525,j1,2026,奪取.html,チャンスビルディングポイント 奪取ポイント ランキング,リーグサマリー:2026 J1百年構想リーグ チャンスビルディングポイント 奪取ポイント ランキング | データによってサッカーはもっと輝く | Football LAB,チャンスビルディングポイント 奪取ポイント ランキング,1,鹿島,鹿島,"[""奪取ポイント"", ""試合平均"", ""最近5試合"", ""順位"", ""勝点"", ""得点"", ""失点""]","[""1,398.09"", ""77.67"", ""384.48"", ""1"", ""45"", ""29"", ""9""]"
20260530,20260525,j1,2026,奪取.html,チャンスビルディングポイント 奪取ポイント ランキング,リーグサマリー:2026 J1百年構想リーグ チャンスビルディングポイント 奪取ポイント ランキング | データによってサッカーはもっと輝く | Football LAB,チャンスビルディングポイント 奪取ポイント ランキング,1,川崎Ｆ,川崎Ｆ,"[""奪取ポイント"", ""試合平均"", ""最近5試合"", ""順位"", ""勝点"", ""得点"", ""失点""]","[""1,376.82"", ""76.49"", ""434.85"", ""4"", ""28"", ""23"", ""27""]"
20260530,20260525,j1,2026,奪取.html,チャンスビルディングポイント 奪取ポイント ランキング,リーグサマリー:2026 J1百年構想リーグ チャンスビルディングポイント 奪取ポイント ランキング | データによってサッカーはもっと輝く | Football LAB,チャンスビルディングポイント 奪取ポイント ランキング,2,平川 怜,平川怜,"[""奪取ポイント"", ""90分平均"", ""最近5試合"", ""出場試合"", ""攻撃CBP"", ""守備P""]","["""", ""264.72"", ""17.14"", ""61.04"", ""18"", ""14.39"", ""15.12""]"
20260530,20260525,j1,2026,奪取.html,チャンスビルディングポイント 奪取ポイント ランキング,リーグサマリー:2026 J1百年構想リーグ チャンスビルディングポイント 奪取ポイント ランキング | データによってサッカーはもっと輝く | Football LAB,チャンスビルディングポイント 奪取ポイント ランキング,2,ジョアン ペドロ,ジョアンペドロ,"[""奪取ポイント"", ""90分平均"", ""最近5試合"", ""出場試合"", ""攻撃CBP"", ""守備P""]","["""", ""247.83"", ""16.04"", ""50.89"", ""16"", ""25.50"", ""10.89""]"
20260530,20260525,j1,2026,奪取.html,チャンスビルディングポイント 奪取ポイント ランキング,リーグサマリー:2026 J1百年構想リーグ チャンスビルディングポイント 奪取ポイント ランキング | データによってサッカーはもっと輝く | Football LAB,チャンスビルディングポイント 奪取ポイント ランキング,2,中川 敦瑛,中川敦瑛,"[""奪取ポイント"", ""90分平均"", ""最近5試合"", ""出場試合"", ""攻撃CBP"", ""守備P""]","["""", ""232.10"", ""13.44"", ""64.25"", ""18"", ""28.42"", ""20.03""]"
20260530,20260525,j1,2026,奪取.html,チャンスビルディングポイント 奪取ポイント ランキング,リーグサマリー:2026 J1百年構想リーグ チャンスビルディングポイント 奪取ポイント ランキング | データによってサッカーはもっと輝く | Football LAB,チャンスビルディングポイント 奪取ポイント ランキング,2,森田 晃樹,森田晃樹,"[""奪取ポイント"", ""90分平均"", ""最近5試合"", ""出場試合"", ""攻撃CBP"", ""守備P""]","["""", ""231.91"", ""13.90"", ""42.74"", ""18"", ""19.35"", ""10.94""]"
20260530,20260525,j1,2026,奪取.html,チャンスビルディングポイント 奪取ポイント ランキング,リーグサマリー:2026 J1百年構想リーグ チャンスビルディングポイント 奪取ポイント ランキング | データによってサッカーはもっと輝く | Football LAB,チャンスビルディングポイント 奪取ポイント ランキング,2,マテウス ブエノ,マテウスブエノ,"[""奪取ポイント"", ""90分平均"", ""最近5試合"", ""出場試合"", ""攻撃CBP"", ""守備P""]","["""", ""227.07"", ""13.76"", ""48.26"", ""17"", ""30.33"", ""16.36""]"
20260530,20260525,j1,2026,奪取.html,チャンスビルディングポイント 奪取ポイント ランキング,リーグサマリー:2026 J1百年構想リーグ チャンスビルディングポイント 奪取ポイント ランキング | データによってサッカーはもっと輝く | Football LAB,チャンスビルディングポイント 奪取ポイント ランキング,2,大崎 航詩,大崎航詩,"[""奪取ポイント"", ""90分平均"", ""最近5試合"", ""出場試合"", ""攻撃CBP"", ""守備P""]","["""", ""225.01"", ""13.91"", ""44.30"", ""17"", ""22.93"", ""16.91""]"
20260530,20260525,j1,2026,奪取.html,チャンスビルディングポイント 奪取ポイント ランキング,リーグサマリー:2026 J1百年構想リーグ チャンスビルディングポイント 奪取ポイント ランキング | データによってサッカーはもっと輝く | Football LAB,チャンスビルディングポイント 奪取ポイント ランキング,2,宇野 禅斗,宇野禅斗,"[""奪取ポイント"", ""90分平均"", ""最近5試合"", ""出場試合"", ""攻撃CBP"", ""守備P""]","["""", ""219.04"", ""17.35"", ""59.72"", ""17"", ""12.66"", ""12.37""]"
20260530,20260525,j1,2026,奪取.html,チャンスビルディングポイント 奪取ポイント ランキング,リーグサマリー:2026 J1百年構想リーグ チャンスビルディングポイント 奪取ポイント ランキング | データによってサッカーはもっと輝く | Football LAB,チャンスビルディングポイント 奪取ポイント ランキング,2,尹 星俊,尹星俊,"[""奪取ポイント"", ""90分平均"", ""最近5試合"", ""出場試合"", ""攻撃CBP"", ""守備P""]","["""", ""211.77"", ""14.72"", ""65.06"", ""16"", ""17.58"", ""21.73""]"
20260530,20260525,j1,2026,奪取.html,チャンスビルディングポイント 奪取ポイント ランキング,リーグサマリー:2026 J1百年構想リーグ チャンスビルディングポイント 奪取ポイント ランキング | データによってサッカーはもっと輝く | Football LAB,チャンスビルディングポイント 奪取ポイント ランキング,2,宮本 英治,宮本英治,"[""奪取ポイント"", ""90分平均"", ""最近5試合"", ""出場試合"", ""攻撃CBP"", ""守備P""]","["""", ""206.73"", ""15.11"", ""61.01"", ""15"", ""12.67"", ""15.89""]"
20260530,20260525,j1,2026,奪取.html,チャンスビルディングポイント 奪取ポイント ランキング,リーグサマリー:2026 J1百年構想リーグ チャンスビルディングポイント 奪取ポイント ランキング | データによってサッカーはもっと輝く | Football LAB,チャンスビルディングポイント 奪取ポイント ランキング,2,三竿 健斗,三竿健斗,"[""奪取ポイント"", ""90分平均"", ""最近5試合"", ""出場試合"", ""攻撃CBP"", ""守備P""]","["""", ""203.86"", ""14.35"", ""62.24"", ""16"", ""22.29"", ""17.57""]"
20260530,20260525,j1,2026,奪取.html,チャンスビルディングポイント 奪取ポイント ランキング,リーグサマリー:2026 J1百年構想リーグ チャンスビルディングポイント 奪取ポイント ランキング | データによってサッカーはもっと輝く | Football LAB,チャンスビルディングポイント 奪取ポイント ランキング,2,石渡 ネルソン,石渡ネルソン,"[""奪取ポイント"", ""90分平均"", ""最近5試合"", ""出場試合"", ""攻撃CBP"", ""守備P""]","["""", ""203.15"", ""15.42"", ""55.46"", ""16"", ""18.52"", ""22.92""]"
20260530,20260525,j1,2026,奪取.html,チャンスビルディングポイント 奪取ポイント ランキング,リーグサマリー:2026 J1百年構想リーグ チャンスビルディングポイント 奪取ポイント ランキング | データによってサッカーはもっと輝く | Football LAB,チャンスビルディングポイント 奪取ポイント ランキング,2,藤井 陽也,藤井陽也,"[""奪取ポイント"", ""90分平均"", ""最近5試合"", ""出場試合"", ""攻撃CBP"", ""守備P""]","["""", ""199.11"", ""11.71"", ""47.19"", ""17"", ""23.16"", ""50.85""]"
20260530,20260525,j1,2026,奪取.html,チャンスビルディングポイント 奪取ポイント ランキング,リーグサマリー:2026 J1百年構想リーグ チャンスビルディングポイント 奪取ポイント ランキング | データによってサッカーはもっと輝く | Football LAB,チャンスビルディングポイント 奪取ポイント ランキング,2,橘田 健人,橘田健人,"[""奪取ポイント"", ""90分平均"", ""最近5試合"", ""出場試合"", ""攻撃CBP"", ""守備P""]","["""", ""198.97"", ""13.87"", ""80.35"", ""18"", ""21.18"", ""17.95""]"
20260530,20260525,j1,2026,奪取.html,チャンスビルディングポイント 奪取ポイント ランキング,リーグサマリー:2026 J1百年構想リーグ チャンスビルディングポイント 奪取ポイント ランキング | データによってサッカーはもっと輝く | Football LAB,チャンスビルディングポイント 奪取ポイント ランキング,2,山根 陸,山根陸,"[""奪取ポイント"", ""90分平均"", ""最近5試合"", ""出場試合"", ""攻撃CBP"", ""守備P""]","["""", ""195.06"", ""11.11"", ""65.38"", ""18"", ""18.79"", ""10.98""]"
20260530,20260525,j1,2026,奪取.html,チャンスビルディングポイント 奪取ポイント ランキング,リーグサマリー:2026 J1百年構想リーグ チャンスビルディングポイント 奪取ポイント ランキング | データによってサッカーはもっと輝く | Football LAB,チャンスビルディングポイント 奪取ポイント ランキング,2,住吉 ジェラニレショーン,住吉ジェラニレショーン,"[""奪取ポイント"", ""90分平均"", ""最近5試合"", ""出場試合"", ""攻撃CBP"", ""守備P""]","["""", ""194.21"", ""12.87"", ""57.90"", ""16"", ""10.81"", ""35.93""]"
20260530,20260525,j1,2026,奪取.html,チャンスビルディングポイント 奪取ポイント ランキング,リーグサマリー:2026 J1百年構想リーグ チャンスビルディングポイント 奪取ポイント ランキング | データによってサッカーはもっと輝く | Football LAB,チャンスビルディングポイント 奪取ポイント ランキング,2,安居 海渡,安居海渡,"[""奪取ポイント"", ""90分平均"", ""最近5試合"", ""出場試合"", ""攻撃CBP"", ""守備P""]","["""", ""193.72"", ""13.14"", ""48.77"", ""16"", ""15.66"", ""16.77""]"
20260530,20260525,j1,2026,奪取.html,チャンスビルディングポイント 奪取ポイント ランキング,リーグサマリー:2026 J1百年構想リーグ チャンスビルディングポイント 奪取ポイント ランキング | データによってサッカーはもっと輝く | Football LAB,チャンスビルディングポイント 奪取ポイント ランキング,2,ネタ ラヴィ,ネタラヴィ,"[""奪取ポイント"", ""90分平均"", ""最近5試合"", ""出場試合"", ""攻撃CBP"", ""守備P""]","["""", ""192.88"", ""18.79"", ""19.86"", ""13"", ""11.88"", ""9.48""]"
20260530,20260525,j1,2026,奪取.html,チャンスビルディングポイント 奪取ポイント ランキング,リーグサマリー:2026 J1百年構想リーグ チャンスビルディングポイント 奪取ポイント ランキング | データによってサッカーはもっと輝く | Football LAB,チャンスビルディングポイント 奪取ポイント ランキング,2,高嶺 朋樹,高嶺朋樹,"[""奪取ポイント"", ""90分平均"", ""最近5試合"", ""出場試合"", ""攻撃CBP"", ""守備P""]","["""", ""189.61"", ""11.19"", ""52.34"", ""17"", ""28.55"", ""18.35""]"
20260530,20260525,j1,2026,奪取.html,チャンスビルディングポイント 奪取ポイント ランキング,リーグサマリー:2026 J1百年構想リーグ チャンスビルディングポイント 奪取ポイント ランキング | データによってサッカーはもっと輝く | Football LAB,チャンスビルディングポイント 奪取ポイント ランキング,2,鈴木 海音,鈴木海音,"[""奪取ポイント"", ""90分平均"", ""最近5試合"", ""出場試合"", ""攻撃CBP"", ""守備P""]","["""", ""184.54"", ""11.31"", ""41.15"", ""17"", ""12.59"", ""32.83""]"
20260530,20260525,j1,2026,奪取.html,チャンスビルディングポイント 奪取ポイント ランキング,リーグサマリー:2026 J1百年構想リーグ チャンスビルディングポイント 奪取ポイント ランキング | データによってサッカーはもっと輝く | Football LAB,チャンスビルディングポイント 奪取ポイント ランキング,2,塩谷 司,塩谷司,"[""奪取ポイント"", ""90分平均"", ""最近5試合"", ""出場試合"", ""攻撃CBP"", ""守備P""]","["""", ""184.37"", ""11.37"", ""71.66"", ""18"", ""30.65"", ""25.85""]"
20260530,20260525,j1,2026,奪取.html,チャンスビルディングポイント 奪取ポイント ランキング,リーグサマリー:2026 J1百年構想リーグ チャンスビルディングポイント 奪取ポイント ランキング | データによってサッカーはもっと輝く | Football LAB,チャンスビルディングポイント 奪取ポイント ランキング,2,仙波 大志,仙波大志,"[""奪取ポイント"", ""90分平均"", ""最近5試合"", ""出場試合"", ""攻撃CBP"", ""守備P""]","["""", ""182.53"", ""13.76"", ""32.77"", ""17"", ""18.33"", ""10.45""]"
20260530,20260525,j1,2026,奪取.html,チャンスビルディングポイント 奪取ポイント ランキング,リーグサマリー:2026 J1百年構想リーグ チャンスビルディングポイント 奪取ポイント ランキング | データによってサッカーはもっと輝く | Football LAB,チャンスビルディングポイント 奪取ポイント ランキング,2,鈴木 徳真,鈴木徳真,"[""奪取ポイント"", ""90分平均"", ""最近5試合"", ""出場試合"", ""攻撃CBP"", ""守備P""]","["""", ""181.01"", ""17.26"", ""63.19"", ""14"", ""18.05"", ""17.96""]"
20260530,20260525,j1,2026,奪取.html,チャンスビルディングポイント 奪取ポイント ランキング,リーグサマリー:2026 J1百年構想リーグ チャンスビルディングポイント 奪取ポイント ランキング | データによってサッカーはもっと輝く | Football LAB,チャンスビルディングポイント 奪取ポイント ランキング,2,橋本 拳人,橋本拳人,"[""奪取ポイント"", ""90分平均"", ""最近5試合"", ""出場試合"", ""攻撃CBP"", ""守備P""]","["""", ""179.81"", ""13.26"", ""51.23"", ""17"", ""15.32"", ""9.37""]"
20260530,20260525,j1,2026,奪取.html,チャンスビルディングポイント 奪取ポイント ランキング,リーグサマリー:2026 J1百年構想リーグ チャンスビルディングポイント 奪取ポイント ランキング | データによってサッカーはもっと輝く | Football LAB,チャンスビルディングポイント 奪取ポイント ランキング,2,井手口 陽介,井手口陽介,"[""奪取ポイント"", ""90分平均"", ""最近5試合"", ""出場試合"", ""攻撃CBP"", ""守備P""]","["""", ""179.77"", ""11.24"", ""52.40"", ""17"", ""21.29"", ""19.73""]"
20260530,20260525,j1,2026,奪取.html,チャンスビルディングポイント 奪取ポイント ランキング,リーグサマリー:2026 J1百年構想リーグ チャンスビルディングポイント 奪取ポイント ランキング | データによってサッカーはもっと輝く | Football LAB,チャンスビルディングポイント 奪取ポイント ランキング,2,田中 駿汰,田中駿汰,"[""奪取ポイント"", ""90分平均"", ""最近5試合"", ""出場試合"", ""攻撃CBP"", ""守備P""]","["""", ""177.47"", ""10.41"", ""54.89"", ""18"", ""20.30"", ""27.37""]"
20260530,20260525,j1,2026,奪取.html,チャンスビルディングポイント 奪取ポイント ランキング,リーグサマリー:2026 J1百年構想リーグ チャンスビルディングポイント 奪取ポイント ランキング | データによってサッカーはもっと輝く | Football LAB,チャンスビルディングポイント 奪取ポイント ランキング,2,川辺 駿,川辺駿,"[""奪取ポイント"", ""90分平均"", ""最近5試合"", ""出場試合"", ""攻撃CBP"", ""守備P""]","["""", ""176.82"", ""12.54"", ""77.63"", ""16"", ""22.89"", ""11.94""]"
20260530,20260525,j1,2026,奪取.html,チャンスビルディングポイント 奪取ポイント ランキング,リーグサマリー:2026 J1百年構想リーグ チャンスビルディングポイント 奪取ポイント ランキング | データによってサッカーはもっと輝く | Football LAB,チャンスビルディングポイント 奪取ポイント ランキング,2,板倉 健太,板倉健太,"[""奪取ポイント"", ""90分平均"", ""最近5試合"", ""出場試合"", ""攻撃CBP"", ""守備P""]","["""", ""175.63"", ""9.81"", ""37.24"", ""18"", ""17.01"", ""46.42""]"
20260530,20260525,j1,2026,奪取.html,チャンスビルディングポイント 奪取ポイント ランキング,リーグサマリー:2026 J1百年構想リーグ チャンスビルディングポイント 奪取ポイント ランキング | データによってサッカーはもっと輝く | Football LAB,チャンスビルディングポイント 奪取ポイント ランキング,2,常盤 亨太,常盤亨太,"[""奪取ポイント"", ""90分平均"", ""最近5試合"", ""出場試合"", ""攻撃CBP"", ""守備P""]","["""", ""174.54"", ""11.71"", ""40.73"", ""18"", ""14.81"", ""16.18""]"
20260530,20260525,j1,2026,奪取.html,チャンスビルディングポイント 奪取ポイント ランキング,リーグサマリー:2026 J1百年構想リーグ チャンスビルディングポイント 奪取ポイント ランキング | データによってサッカーはもっと輝く | Football LAB,チャンスビルディングポイント 奪取ポイント ランキング,2,稲垣 祥,稲垣祥,"[""奪取ポイント"", ""90分平均"", ""最近5試合"", ""出場試合"", ""攻撃CBP"", ""守備P""]","["""", ""173.00"", ""11.56"", ""10.16"", ""15"", ""19.13"", ""20.08""]"
20260530,20260525,j1,2026,奪取.html,チャンスビルディングポイント 奪取ポイント ランキング,リーグサマリー:2026 J1百年構想リーグ チャンスビルディングポイント 奪取ポイント ランキング | データによってサッカーはもっと輝く | Football LAB,チャンスビルディングポイント 奪取ポイント ランキング,2,美藤 倫,美藤倫,"[""奪取ポイント"", ""90分平均"", ""最近5試合"", ""出場試合"", ""攻撃CBP"", ""守備P""]","["""", ""172.94"", ""16.16"", ""80.31"", ""14"", ""14.18"", ""16.47""]"
20260530,20260525,j1,2026,守備.html,チャンスビルディングポイント 守備ポイント ランキング,リーグサマリー:2026 J1百年構想リーグ チャンスビルディングポイント 守備ポイント ランキング | データによってサッカーはもっと輝く | Football LAB,チャンスビルディングポイント 守備ポイント ランキング,1,Ｃ大阪,Ｃ大阪,"[""守備ポイント"", ""試合平均"", ""最近5試合"", ""順位"", ""勝点"", ""得点"", ""失点""]","[""279.65"", ""15.54"", ""67.14"", ""2"", ""31"", ""26"", ""19""]"
20260530,20260525,j1,2026,守備.html,チャンスビルディングポイント 守備ポイント ランキング,リーグサマリー:2026 J1百年構想リーグ チャンスビルディングポイント 守備ポイント ランキング | データによってサッカーはもっと輝く | Football LAB,チャンスビルディングポイント 守備ポイント ランキング,1,岡山,岡山,"[""守備ポイント"", ""試合平均"", ""最近5試合"", ""順位"", ""勝点"", ""得点"", ""失点""]","[""258.92"", ""14.38"", ""69.41"", ""6"", ""26"", ""24"", ""25""]"
20260530,20260525,j1,2026,守備.html,チャンスビルディングポイント 守備ポイント ランキング,リーグサマリー:2026 J1百年構想リーグ チャンスビルディングポイント 守備ポイント ランキング | データによってサッカーはもっと輝く | Football LAB,チャンスビルディングポイント 守備ポイント ランキング,1,福岡,福岡,"[""守備ポイント"", ""試合平均"", ""最近5試合"", ""順位"", ""勝点"", ""得点"", ""失点""]","[""251.80"", ""13.99"", ""68.60"", ""10"", ""21"", ""17"", ""27""]"
20260530,20260525,j1,2026,守備.html,チャンスビルディングポイント 守備ポイント ランキング,リーグサマリー:2026 J1百年構想リーグ チャンスビルディングポイント 守備ポイント ランキング | データによってサッカーはもっと輝く | Football LAB,チャンスビルディングポイント 守備ポイント ランキング,1,Ｇ大阪,Ｇ大阪,"[""守備ポイント"", ""試合平均"", ""最近5試合"", ""順位"", ""勝点"", ""得点"", ""失点""]","[""250.52"", ""13.92"", ""75.35"", ""5"", ""28"", ""26"", ""22""]"
20260530,20260525,j1,2026,守備.html,チャンスビルディングポイント 守備ポイント ランキング,リーグサマリー:2026 J1百年構想リーグ チャンスビルディングポイント 守備ポイント ランキング | データによってサッカーはもっと輝く | Football LAB,チャンスビルディングポイント 守備ポイント ランキング,1,長崎,長崎,"[""守備ポイント"", ""試合平均"", ""最近5試合"", ""順位"", ""勝点"", ""得点"", ""失点""]","[""250.18"", ""13.90"", ""67.78"", ""9"", ""21"", ""20"", ""28""]"
20260530,20260525,j1,2026,守備.html,チャンスビルディングポイント 守備ポイント ランキング,リーグサマリー:2026 J1百年構想リーグ チャンスビルディングポイント 守備ポイント ランキング | データによってサッカーはもっと輝く | Football LAB,チャンスビルディングポイント 守備ポイント ランキング,1,名古屋,名古屋,"[""守備ポイント"", ""試合平均"", ""最近5試合"", ""順位"", ""勝点"", ""得点"", ""失点""]","[""248.23"", ""13.79"", ""73.48"", ""3"", ""31"", ""31"", ""28""]"
20260530,20260525,j1,2026,守備.html,チャンスビルディングポイント 守備ポイント ランキング,リーグサマリー:2026 J1百年構想リーグ チャンスビルディングポイント 守備ポイント ランキング | データによってサッカーはもっと輝く | Football LAB,チャンスビルディングポイント 守備ポイント ランキング,1,京都,京都,"[""守備ポイント"", ""試合平均"", ""最近5試合"", ""順位"", ""勝点"", ""得点"", ""失点""]","[""244.01"", ""13.56"", ""70.87"", ""8"", ""23"", ""19"", ""26""]"
20260530,20260525,j1,2026,守備.html,チャンスビルディングポイント 守備ポイント ランキング,リーグサマリー:2026 J1百年構想リーグ チャンスビルディングポイント 守備ポイント ランキング | データによってサッカーはもっと輝く | Football LAB,チャンスビルディングポイント 守備ポイント ランキング,1,千葉,千葉,"[""守備ポイント"", ""試合平均"", ""最近5試合"", ""順位"", ""勝点"", ""得点"", ""失点""]","[""243.87"", ""13.55"", ""59.45"", ""10"", ""12"", ""18"", ""31""]"
20260530,20260525,j1,2026,守備.html,チャンスビルディングポイント 守備ポイント ランキング,リーグサマリー:2026 J1百年構想リーグ チャンスビルディングポイント 守備ポイント ランキング | データによってサッカーはもっと輝く | Football LAB,チャンスビルディングポイント 守備ポイント ランキング,1,東京Ｖ,東京Ｖ,"[""守備ポイント"", ""試合平均"", ""最近5試合"", ""順位"", ""勝点"", ""得点"", ""失点""]","[""236.81"", ""13.16"", ""69.78"", ""5"", ""28"", ""19"", ""25""]"
20260530,20260525,j1,2026,守備.html,チャンスビルディングポイント 守備ポイント ランキング,リーグサマリー:2026 J1百年構想リーグ チャンスビルディングポイント 守備ポイント ランキング | データによってサッカーはもっと輝く | Football LAB,チャンスビルディングポイント 守備ポイント ランキング,1,横浜FM,横浜FM,"[""守備ポイント"", ""試合平均"", ""最近5試合"", ""順位"", ""勝点"", ""得点"", ""失点""]","[""232.60"", ""12.92"", ""59.35"", ""7"", ""20"", ""28"", ""29""]"
20260530,20260525,j1,2026,守備.html,チャンスビルディングポイント 守備ポイント ランキング,リーグサマリー:2026 J1百年構想リーグ チャンスビルディングポイント 守備ポイント ランキング | データによってサッカーはもっと輝く | Football LAB,チャンスビルディングポイント 守備ポイント ランキング,1,神戸,神戸,"[""守備ポイント"", ""試合平均"", ""最近5試合"", ""順位"", ""勝点"", ""得点"", ""失点""]","[""228.48"", ""12.69"", ""66.25"", ""1"", ""35"", ""27"", ""21""]"
20260530,20260525,j1,2026,守備.html,チャンスビルディングポイント 守備ポイント ランキング,リーグサマリー:2026 J1百年構想リーグ チャンスビルディングポイント 守備ポイント ランキング | データによってサッカーはもっと輝く | Football LAB,チャンスビルディングポイント 守備ポイント ランキング,1,町田,町田,"[""守備ポイント"", ""試合平均"", ""最近5試合"", ""順位"", ""勝点"", ""得点"", ""失点""]","[""226.20"", ""12.57"", ""61.95"", ""3"", ""37"", ""23"", ""19""]"
20260530,20260525,j1,2026,守備.html,チャンスビルディングポイント 守備ポイント ランキング,リーグサマリー:2026 J1百年構想リーグ チャンスビルディングポイント 守備ポイント ランキング | データによってサッカーはもっと輝く | Football LAB,チャンスビルディングポイント 守備ポイント ランキング,1,浦和,浦和,"[""守備ポイント"", ""試合平均"", ""最近5試合"", ""順位"", ""勝点"", ""得点"", ""失点""]","[""224.86"", ""12.49"", ""56.22"", ""6"", ""25"", ""25"", ""18""]"
20260530,20260525,j1,2026,守備.html,チャンスビルディングポイント 守備ポイント ランキング,リーグサマリー:2026 J1百年構想リーグ チャンスビルディングポイント 守備ポイント ランキング | データによってサッカーはもっと輝く | Football LAB,チャンスビルディングポイント 守備ポイント ランキング,1,水戸,水戸,"[""守備ポイント"", ""試合平均"", ""最近5試合"", ""順位"", ""勝点"", ""得点"", ""失点""]","[""224.68"", ""12.48"", ""57.68"", ""9"", ""18"", ""19"", ""35""]"
20260530,20260525,j1,2026,守備.html,チャンスビルディングポイント 守備ポイント ランキング,リーグサマリー:2026 J1百年構想リーグ チャンスビルディングポイント 守備ポイント ランキング | データによってサッカーはもっと輝く | Football LAB,チャンスビルディングポイント 守備ポイント ランキング,1,鹿島,鹿島,"[""守備ポイント"", ""試合平均"", ""最近5試合"", ""順位"", ""勝点"", ""得点"", ""失点""]","[""224.27"", ""12.46"", ""53.85"", ""1"", ""45"", ""29"", ""9""]"
20260530,20260525,j1,2026,守備.html,チャンスビルディングポイント 守備ポイント ランキング,リーグサマリー:2026 J1百年構想リーグ チャンスビルディングポイント 守備ポイント ランキング | データによってサッカーはもっと輝く | Football LAB,チャンスビルディングポイント 守備ポイント ランキング,1,清水,清水,"[""守備ポイント"", ""試合平均"", ""最近5試合"", ""順位"", ""勝点"", ""得点"", ""失点""]","[""224.06"", ""12.45"", ""49.62"", ""7"", ""24"", ""19"", ""21""]"
20260530,20260525,j1,2026,守備.html,チャンスビルディングポイント 守備ポイント ランキング,リーグサマリー:2026 J1百年構想リーグ チャンスビルディングポイント 守備ポイント ランキング | データによってサッカーはもっと輝く | Football LAB,チャンスビルディングポイント 守備ポイント ランキング,1,川崎Ｆ,川崎Ｆ,"[""守備ポイント"", ""試合平均"", ""最近5試合"", ""順位"", ""勝点"", ""得点"", ""失点""]","[""216.94"", ""12.05"", ""52.04"", ""4"", ""28"", ""23"", ""27""]"
20260530,20260525,j1,2026,守備.html,チャンスビルディングポイント 守備ポイント ランキング,リーグサマリー:2026 J1百年構想リーグ チャンスビルディングポイント 守備ポイント ランキング | データによってサッカーはもっと輝く | Football LAB,チャンスビルディングポイント 守備ポイント ランキング,1,広島,広島,"[""守備ポイント"", ""試合平均"", ""最近5試合"", ""順位"", ""勝点"", ""得点"", ""失点""]","[""212.79"", ""11.82"", ""65.72"", ""4"", ""30"", ""29"", ""21""]"
20260530,20260525,j1,2026,守備.html,チャンスビルディングポイント 守備ポイント ランキング,リーグサマリー:2026 J1百年構想リーグ チャンスビルディングポイント 守備ポイント ランキング | データによってサッカーはもっと輝く | Football LAB,チャンスビルディングポイント 守備ポイント ランキング,1,FC東京,FC東京,"[""守備ポイント"", ""試合平均"", ""最近5試合"", ""順位"", ""勝点"", ""得点"", ""失点""]","[""203.44"", ""11.30"", ""53.72"", ""2"", ""37"", ""28"", ""16""]"
20260530,20260525,j1,2026,守備.html,チャンスビルディングポイント 守備ポイント ランキング,リーグサマリー:2026 J1百年構想リーグ チャンスビルディングポイント 守備ポイント ランキング | データによってサッカーはもっと輝く | Football LAB,チャンスビルディングポイント 守備ポイント ランキング,1,柏,柏,"[""守備ポイント"", ""試合平均"", ""最近5試合"", ""順位"", ""勝点"", ""得点"", ""失点""]","[""203.19"", ""11.29"", ""67.19"", ""8"", ""20"", ""21"", ""24""]"
20260530,20260525,j1,2026,守備.html,チャンスビルディングポイント 守備ポイント ランキング,リーグサマリー:2026 J1百年構想リーグ チャンスビルディングポイント 守備ポイント ランキング | データによってサッカーはもっと輝く | Football LAB,チャンスビルディングポイント 守備ポイント ランキング,2,立田 悠悟,立田悠悟,"[""守備ポイント"", ""90分平均"", ""最近5試合"", ""出場試合"", ""攻撃CBP"", ""奪取P""]","["""", ""53.46"", ""2.97"", ""17.47"", ""18"", ""14.69"", ""141.01""]"
20260530,20260525,j1,2026,守備.html,チャンスビルディングポイント 守備ポイント ランキング,リーグサマリー:2026 J1百年構想リーグ チャンスビルディングポイント 守備ポイント ランキング | データによってサッカーはもっと輝く | Football LAB,チャンスビルディングポイント 守備ポイント ランキング,2,藤井 陽也,藤井陽也,"[""守備ポイント"", ""90分平均"", ""最近5試合"", ""出場試合"", ""攻撃CBP"", ""奪取P""]","["""", ""50.85"", ""2.99"", ""11.31"", ""17"", ""23.16"", ""199.11""]"
20260530,20260525,j1,2026,守備.html,チャンスビルディングポイント 守備ポイント ランキング,リーグサマリー:2026 J1百年構想リーグ チャンスビルディングポイント 守備ポイント ランキング | データによってサッカーはもっと輝く | Football LAB,チャンスビルディングポイント 守備ポイント ランキング,2,古賀 太陽,古賀太陽,"[""守備ポイント"", ""90分平均"", ""最近5試合"", ""出場試合"", ""攻撃CBP"", ""奪取P""]","["""", ""49.16"", ""2.73"", ""15.19"", ""18"", ""27.16"", ""151.53""]"
20260530,20260525,j1,2026,守備.html,チャンスビルディングポイント 守備ポイント ランキング,リーグサマリー:2026 J1百年構想リーグ チャンスビルディングポイント 守備ポイント ランキング | データによってサッカーはもっと輝く | Football LAB,チャンスビルディングポイント 守備ポイント ランキング,2,板倉 健太,板倉健太,"[""守備ポイント"", ""90分平均"", ""最近5試合"", ""出場試合"", ""攻撃CBP"", ""奪取P""]","["""", ""46.42"", ""2.59"", ""13.71"", ""18"", ""17.01"", ""175.63""]"
20260530,20260525,j1,2026,守備.html,チャンスビルディングポイント 守備ポイント ランキング,リーグサマリー:2026 J1百年構想リーグ チャンスビルディングポイント 守備ポイント ランキング | データによってサッカーはもっと輝く | Football LAB,チャンスビルディングポイント 守備ポイント ランキング,2,畠中 槙之輔,畠中槙之輔,"[""守備ポイント"", ""90分平均"", ""最近5試合"", ""出場試合"", ""攻撃CBP"", ""奪取P""]","["""", ""46.16"", ""3.13"", ""13.24"", ""16"", ""13.17"", ""139.77""]"
20260530,20260525,j1,2026,守備.html,チャンスビルディングポイント 守備ポイント ランキング,リーグサマリー:2026 J1百年構想リーグ チャンスビルディングポイント 守備ポイント ランキング | データによってサッカーはもっと輝く | Football LAB,チャンスビルディングポイント 守備ポイント ランキング,2,河野 貴志,河野貴志,"[""守備ポイント"", ""90分平均"", ""最近5試合"", ""出場試合"", ""攻撃CBP"", ""奪取P""]","["""", ""45.40"", ""2.67"", ""14.26"", ""17"", ""21.61"", ""121.12""]"
20260530,20260525,j1,2026,守備.html,チャンスビルディングポイント 守備ポイント ランキング,リーグサマリー:2026 J1百年構想リーグ チャンスビルディングポイント 守備ポイント ランキング | データによってサッカーはもっと輝く | Football LAB,チャンスビルディングポイント 守備ポイント ランキング,2,岡村 大八,岡村大八,"[""守備ポイント"", ""90分平均"", ""最近5試合"", ""出場試合"", ""攻撃CBP"", ""奪取P""]","["""", ""40.85"", ""2.72"", ""14.57"", ""15"", ""12.25"", ""162.45""]"
20260530,20260525,j1,2026,守備.html,チャンスビルディングポイント 守備ポイント ランキング,リーグサマリー:2026 J1百年構想リーグ チャンスビルディングポイント 守備ポイント ランキング | データによってサッカーはもっと輝く | Football LAB,チャンスビルディングポイント 守備ポイント ランキング,2,中谷 進之介,中谷進之介,"[""守備ポイント"", ""90分平均"", ""最近5試合"", ""出場試合"", ""攻撃CBP"", ""奪取P""]","["""", ""40.70"", ""2.26"", ""13.91"", ""18"", ""19.43"", ""128.50""]"
20260530,20260525,j1,2026,守備.html,チャンスビルディングポイント 守備ポイント ランキング,リーグサマリー:2026 J1百年構想リーグ チャンスビルディングポイント 守備ポイント ランキング | データによってサッカーはもっと輝く | Football LAB,チャンスビルディングポイント 守備ポイント ランキング,2,鈴木 義宜,鈴木義宜,"[""守備ポイント"", ""90分平均"", ""最近5試合"", ""出場試合"", ""攻撃CBP"", ""奪取P""]","["""", ""40.11"", ""2.23"", ""12.92"", ""18"", ""9.61"", ""156.03""]"
20260530,20260525,j1,2026,守備.html,チャンスビルディングポイント 守備ポイント ランキング,リーグサマリー:2026 J1百年構想リーグ チャンスビルディングポイント 守備ポイント ランキング | データによってサッカーはもっと輝く | Football LAB,チャンスビルディングポイント 守備ポイント ランキング,2,エンリケ トレヴィザン,エンリケトレヴィザン,"[""守備ポイント"", ""90分平均"", ""最近5試合"", ""出場試合"", ""攻撃CBP"", ""奪取P""]","["""", ""38.82"", ""3.21"", ""13.30"", ""14"", ""9.82"", ""112.22""]"
20260530,20260525,j1,2026,守備.html,チャンスビルディングポイント 守備ポイント ランキング,リーグサマリー:2026 J1百年構想リーグ チャンスビルディングポイント 守備ポイント ランキング | データによってサッカーはもっと輝く | Football LAB,チャンスビルディングポイント 守備ポイント ランキング,2,ジェイソン キニョーネス,ジェイソンキニョーネス,"[""守備ポイント"", ""90分平均"", ""最近5試合"", ""出場試合"", ""攻撃CBP"", ""奪取P""]","["""", ""38.57"", ""2.80"", ""9.35"", ""16"", ""14.05"", ""165.73""]"
20260530,20260525,j1,2026,守備.html,チャンスビルディングポイント 守備ポイント ランキング,リーグサマリー:2026 J1百年構想リーグ チャンスビルディングポイント 守備ポイント ランキング | データによってサッカーはもっと輝く | Football LAB,チャンスビルディングポイント 守備ポイント ランキング,2,三浦 弦太,三浦弦太,"[""守備ポイント"", ""90分平均"", ""最近5試合"", ""出場試合"", ""攻撃CBP"", ""奪取P""]","["""", ""37.14"", ""2.48"", ""11.38"", ""15"", ""15.96"", ""142.32""]"
20260530,20260525,j1,2026,守備.html,チャンスビルディングポイント 守備ポイント ランキング,リーグサマリー:2026 J1百年構想リーグ チャンスビルディングポイント 守備ポイント ランキング | データによってサッカーはもっと輝く | Football LAB,チャンスビルディングポイント 守備ポイント ランキング,2,住吉 ジェラニレショーン,住吉ジェラニレショーン,"[""守備ポイント"", ""90分平均"", ""最近5試合"", ""出場試合"", ""攻撃CBP"", ""奪取P""]","["""", ""35.93"", ""2.38"", ""8.91"", ""16"", ""10.81"", ""194.21""]"
20260530,20260525,j1,2026,守備.html,チャンスビルディングポイント 守備ポイント ランキング,リーグサマリー:2026 J1百年構想リーグ チャンスビルディングポイント 守備ポイント ランキング | データによってサッカーはもっと輝く | Football LAB,チャンスビルディングポイント 守備ポイント ランキング,2,マテウス トゥーレル,マテウストゥーレル,"[""守備ポイント"", ""90分平均"", ""最近5試合"", ""出場試合"", ""攻撃CBP"", ""奪取P""]","["""", ""35.89"", ""2.32"", ""13.37"", ""16"", ""14.76"", ""136.87""]"
20260530,20260525,j1,2026,守備.html,チャンスビルディングポイント 守備ポイント ランキング,リーグサマリー:2026 J1百年構想リーグ チャンスビルディングポイント 守備ポイント ランキング | データによってサッカーはもっと輝く | Football LAB,チャンスビルディングポイント 守備ポイント ランキング,2,根本 健太,根本健太,"[""守備ポイント"", ""90分平均"", ""最近5試合"", ""出場試合"", ""攻撃CBP"", ""奪取P""]","["""", ""34.27"", ""1.90"", ""7.33"", ""18"", ""18.49"", ""110.41""]"
20260530,20260525,j1,2026,守備.html,チャンスビルディングポイント 守備ポイント ランキング,リーグサマリー:2026 J1百年構想リーグ チャンスビルディングポイント 守備ポイント ランキング | データによってサッカーはもっと輝く | Football LAB,チャンスビルディングポイント 守備ポイント ランキング,2,キム テヒョン,キムテヒョン,"[""守備ポイント"", ""90分平均"", ""最近5試合"", ""出場試合"", ""攻撃CBP"", ""奪取P""]","["""", ""33.96"", ""2.26"", ""8.38"", ""15"", ""17.35"", ""88.83""]"
20260530,20260525,j1,2026,守備.html,チャンスビルディングポイント 守備ポイント ランキング,リーグサマリー:2026 J1百年構想リーグ チャンスビルディングポイント 守備ポイント ランキング | データによってサッカーはもっと輝く | Football LAB,チャンスビルディングポイント 守備ポイント ランキング,2,ディオン クールズ,ディオンクールズ,"[""守備ポイント"", ""90分平均"", ""最近5試合"", ""出場試合"", ""攻撃CBP"", ""奪取P""]","["""", ""33.21"", ""2.63"", ""10.32"", ""17"", ""16.97"", ""146.42""]"
20260530,20260525,j1,2026,守備.html,チャンスビルディングポイント 守備ポイント ランキング,リーグサマリー:2026 J1百年構想リーグ チャンスビルディングポイント 守備ポイント ランキング | データによってサッカーはもっと輝く | Football LAB,チャンスビルディングポイント 守備ポイント ランキング,2,岡 哲平,岡哲平,"[""守備ポイント"", ""90分平均"", ""最近5試合"", ""出場試合"", ""攻撃CBP"", ""奪取P""]","["""", ""32.93"", ""2.06"", ""5.39"", ""17"", ""12.46"", ""141.45""]"
20260530,20260525,j1,2026,守備.html,チャンスビルディングポイント 守備ポイント ランキング,リーグサマリー:2026 J1百年構想リーグ チャンスビルディングポイント 守備ポイント ランキング | データによってサッカーはもっと輝く | Football LAB,チャンスビルディングポイント 守備ポイント ランキング,2,宮本 優太,宮本優太,"[""守備ポイント"", ""90分平均"", ""最近5試合"", ""出場試合"", ""攻撃CBP"", ""奪取P""]","["""", ""32.92"", ""2.35"", ""11.28"", ""14"", ""20.96"", ""103.70""]"
20260530,20260525,j1,2026,守備.html,チャンスビルディングポイント 守備ポイント ランキング,リーグサマリー:2026 J1百年構想リーグ チャンスビルディングポイント 守備ポイント ランキング | データによってサッカーはもっと輝く | Football LAB,チャンスビルディングポイント 守備ポイント ランキング,2,鈴木 海音,鈴木海音,"[""守備ポイント"", ""90分平均"", ""最近5試合"", ""出場試合"", ""攻撃CBP"", ""奪取P""]","["""", ""32.83"", ""2.01"", ""7.10"", ""17"", ""12.59"", ""184.54""]"
20260530,20260525,j1,2026,守備.html,チャンスビルディングポイント 守備ポイント ランキング,リーグサマリー:2026 J1百年構想リーグ チャンスビルディングポイント 守備ポイント ランキング | データによってサッカーはもっと輝く | Football LAB,チャンスビルディングポイント 守備ポイント ランキング,2,植田 直通,植田直通,"[""守備ポイント"", ""90分平均"", ""最近5試合"", ""出場試合"", ""攻撃CBP"", ""奪取P""]","["""", ""32.40"", ""1.80"", ""10.97"", ""18"", ""21.01"", ""84.10""]"
20260530,20260525,j1,2026,守備.html,チャンスビルディングポイント 守備ポイント ランキング,リーグサマリー:2026 J1百年構想リーグ チャンスビルディングポイント 守備ポイント ランキング | データによってサッカーはもっと輝く | Football LAB,チャンスビルディングポイント 守備ポイント ランキング,2,松長根 悠仁,松長根悠仁,"[""守備ポイント"", ""90分平均"", ""最近5試合"", ""出場試合"", ""攻撃CBP"", ""奪取P""]","["""", ""31.07"", ""2.24"", ""5.75"", ""14"", ""14.08"", ""80.43""]"
20260530,20260525,j1,2026,守備.html,チャンスビルディングポイント 守備ポイント ランキング,リーグサマリー:2026 J1百年構想リーグ チャンスビルディングポイント 守備ポイント ランキング | データによってサッカーはもっと輝く | Football LAB,チャンスビルディングポイント 守備ポイント ランキング,2,角田 涼太朗,角田涼太朗,"[""守備ポイント"", ""90分平均"", ""最近5試合"", ""出場試合"", ""攻撃CBP"", ""奪取P""]","["""", ""30.99"", ""2.93"", ""4.82"", ""11"", ""12.57"", ""149.90""]"
20260530,20260525,j1,2026,守備.html,チャンスビルディングポイント 守備ポイント ランキング,リーグサマリー:2026 J1百年構想リーグ チャンスビルディングポイント 守備ポイント ランキング | データによってサッカーはもっと輝く | Football LAB,チャンスビルディングポイント 守備ポイント ランキング,2,井上 黎生人,井上黎生人,"[""守備ポイント"", ""90分平均"", ""最近5試合"", ""出場試合"", ""攻撃CBP"", ""奪取P""]","["""", ""30.85"", ""2.04"", ""7.34"", ""16"", ""12.90"", ""109.32""]"
20260530,20260525,j1,2026,守備.html,チャンスビルディングポイント 守備ポイント ランキング,リーグサマリー:2026 J1百年構想リーグ チャンスビルディングポイント 守備ポイント ランキング | データによってサッカーはもっと輝く | Football LAB,チャンスビルディングポイント 守備ポイント ランキング,2,濃野 公人,濃野公人,"[""守備ポイント"", ""90分平均"", ""最近5試合"", ""出場試合"", ""攻撃CBP"", ""奪取P""]","["""", ""30.85"", ""1.92"", ""5.50"", ""17"", ""23.15"", ""130.44""]"
20260530,20260525,j1,2026,守備.html,チャンスビルディングポイント 守備ポイント ランキング,リーグサマリー:2026 J1百年構想リーグ チャンスビルディングポイント 守備ポイント ランキング | データによってサッカーはもっと輝く | Football LAB,チャンスビルディングポイント 守備ポイント ランキング,2,井上 竜太,井上竜太,"[""守備ポイント"", ""90分平均"", ""最近5試合"", ""出場試合"", ""攻撃CBP"", ""奪取P""]","["""", ""30.18"", ""2.26"", ""5.74"", ""16"", ""9.68"", ""121.65""]"
20260530,20260525,j1,2026,守備.html,チャンスビルディングポイント 守備ポイント ランキング,リーグサマリー:2026 J1百年構想リーグ チャンスビルディングポイント 守備ポイント ランキング | データによってサッカーはもっと輝く | Football LAB,チャンスビルディングポイント 守備ポイント ランキング,2,稲村 隼翔,稲村隼翔,"[""守備ポイント"", ""90分平均"", ""最近5試合"", ""出場試合"", ""攻撃CBP"", ""奪取P""]","["""", ""29.54"", ""2.11"", ""9.19"", ""15"", ""21.14"", ""114.71""]"
20260530,20260525,j1,2026,守備.html,チャンスビルディングポイント 守備ポイント ランキング,リーグサマリー:2026 J1百年構想リーグ チャンスビルディングポイント 守備ポイント ランキング | データによってサッカーはもっと輝く | Football LAB,チャンスビルディングポイント 守備ポイント ランキング,2,西川 幸之介,西川幸之介,"[""守備ポイント"", ""90分平均"", ""最近5試合"", ""出場試合"", ""攻撃CBP"", ""奪取P""]","["""", ""28.94"", ""1.70"", ""8.90"", ""17"", ""9.22"", ""30.87""]"
20260530,20260525,j1,2026,守備.html,チャンスビルディングポイント 守備ポイント ランキング,リーグサマリー:2026 J1百年構想リーグ チャンスビルディングポイント 守備ポイント ランキング | データによってサッカーはもっと輝く | Football LAB,チャンスビルディングポイント 守備ポイント ランキング,2,谷 晃生,谷晃生,"[""守備ポイント"", ""90分平均"", ""最近5試合"", ""出場試合"", ""攻撃CBP"", ""奪取P""]","["""", ""28.52"", ""1.58"", ""5.37"", ""18"", ""8.67"", ""28.32""]"
20260530,20260525,j1,2026,守備.html,チャンスビルディングポイント 守備ポイント ランキング,リーグサマリー:2026 J1百年構想リーグ チャンスビルディングポイント 守備ポイント ランキング | データによってサッカーはもっと輝く | Football LAB,チャンスビルディングポイント 守備ポイント ランキング,2,アレクサンダー ショルツ,アレクサンダーショルツ,"[""守備ポイント"", ""90分平均"", ""最近5試合"", ""出場試合"", ""攻撃CBP"", ""奪取P""]","["""", ""28.28"", ""1.91"", ""6.28"", ""15"", ""23.61"", ""142.28""]"
20260530,20260525,j1,2026,左サイド攻撃.html,左サイド攻撃 (チームスタイル指標),リーグサマリー:2026 J1百年構想リーグ 左サイド攻撃 (チームスタイル指標) | データによってサッカーはもっと輝く | Football LAB,左サイド攻撃のサマリー,1,清水,清水,"[""指数"", ""ゴール率"", ""シュート率"", ""ドリブル使用率"", ""ロングパス使用率"", ""空中戦使用率"", ""コンビネーション使用率"", ""20km/h以上の走行平均人数"", ""20km/h以上の走行一人当たりの平均距離""]","[""71"", ""2.5%"", ""9.8%"", ""9.4%"", ""28.7%"", ""15.6%"", ""4.5%"", ""2.3人"", ""21.7m""]"
20260530,20260525,j1,2026,左サイド攻撃.html,左サイド攻撃 (チームスタイル指標),リーグサマリー:2026 J1百年構想リーグ 左サイド攻撃 (チームスタイル指標) | データによってサッカーはもっと輝く | Football LAB,左サイド攻撃のサマリー,1,岡山,岡山,"[""指数"", ""ゴール率"", ""シュート率"", ""ドリブル使用率"", ""ロングパス使用率"", ""空中戦使用率"", ""コンビネーション使用率"", ""20km/h以上の走行平均人数"", ""20km/h以上の走行一人当たりの平均距離""]","[""66"", ""2.2%"", ""13.0%"", ""18.2%"", ""23.8%"", ""13.0%"", ""7.8%"", ""2.5人"", ""21.8m""]"
20260530,20260525,j1,2026,左サイド攻撃.html,左サイド攻撃 (チームスタイル指標),リーグサマリー:2026 J1百年構想リーグ 左サイド攻撃 (チームスタイル指標) | データによってサッカーはもっと輝く | Football LAB,左サイド攻撃のサマリー,1,川崎Ｆ,川崎Ｆ,"[""指数"", ""ゴール率"", ""シュート率"", ""ドリブル使用率"", ""ロングパス使用率"", ""空中戦使用率"", ""コンビネーション使用率"", ""20km/h以上の走行平均人数"", ""20km/h以上の走行一人当たりの平均距離""]","[""65"", ""1.8%"", ""13.7%"", ""15.9%"", ""18.5%"", ""5.7%"", ""9.7%"", ""2.7人"", ""22.0m""]"
20260530,20260525,j1,2026,左サイド攻撃.html,左サイド攻撃 (チームスタイル指標),リーグサマリー:2026 J1百年構想リーグ 左サイド攻撃 (チームスタイル指標) | データによってサッカーはもっと輝く | Football LAB,左サイド攻撃のサマリー,1,横浜FM,横浜FM,"[""指数"", ""ゴール率"", ""シュート率"", ""ドリブル使用率"", ""ロングパス使用率"", ""空中戦使用率"", ""コンビネーション使用率"", ""20km/h以上の走行平均人数"", ""20km/h以上の走行一人当たりの平均距離""]","[""61"", ""1.9%"", ""13.6%"", ""20.1%"", ""22.0%"", ""7.5%"", ""6.5%"", ""2.5人"", ""20.3m""]"
20260530,20260525,j1,2026,左サイド攻撃.html,左サイド攻撃 (チームスタイル指標),リーグサマリー:2026 J1百年構想リーグ 左サイド攻撃 (チームスタイル指標) | データによってサッカーはもっと輝く | Football LAB,左サイド攻撃のサマリー,1,神戸,神戸,"[""指数"", ""ゴール率"", ""シュート率"", ""ドリブル使用率"", ""ロングパス使用率"", ""空中戦使用率"", ""コンビネーション使用率"", ""20km/h以上の走行平均人数"", ""20km/h以上の走行一人当たりの平均距離""]","[""58"", ""2.4%"", ""12.6%"", ""16.9%"", ""27.1%"", ""14.0%"", ""9.2%"", ""2.8人"", ""20.7m""]"
20260530,20260525,j1,2026,左サイド攻撃.html,左サイド攻撃 (チームスタイル指標),リーグサマリー:2026 J1百年構想リーグ 左サイド攻撃 (チームスタイル指標) | データによってサッカーはもっと輝く | Football LAB,左サイド攻撃のサマリー,1,FC東京,FC東京,"[""指数"", ""ゴール率"", ""シュート率"", ""ドリブル使用率"", ""ロングパス使用率"", ""空中戦使用率"", ""コンビネーション使用率"", ""20km/h以上の走行平均人数"", ""20km/h以上の走行一人当たりの平均距離""]","[""55"", ""1.0%"", ""15.2%"", ""28.3%"", ""20.7%"", ""6.6%"", ""8.1%"", ""3.2人"", ""24.7m""]"
20260530,20260525,j1,2026,左サイド攻撃.html,左サイド攻撃 (チームスタイル指標),リーグサマリー:2026 J1百年構想リーグ 左サイド攻撃 (チームスタイル指標) | データによってサッカーはもっと輝く | Football LAB,左サイド攻撃のサマリー,1,福岡,福岡,"[""指数"", ""ゴール率"", ""シュート率"", ""ドリブル使用率"", ""ロングパス使用率"", ""空中戦使用率"", ""コンビネーション使用率"", ""20km/h以上の走行平均人数"", ""20km/h以上の走行一人当たりの平均距離""]","[""53"", ""1.0%"", ""8.4%"", ""20.9%"", ""26.2%"", ""9.4%"", ""6.8%"", ""2.4人"", ""21.0m""]"
20260530,20260525,j1,2026,左サイド攻撃.html,左サイド攻撃 (チームスタイル指標),リーグサマリー:2026 J1百年構想リーグ 左サイド攻撃 (チームスタイル指標) | データによってサッカーはもっと輝く | Football LAB,左サイド攻撃のサマリー,1,千葉,千葉,"[""指数"", ""ゴール率"", ""シュート率"", ""ドリブル使用率"", ""ロングパス使用率"", ""空中戦使用率"", ""コンビネーション使用率"", ""20km/h以上の走行平均人数"", ""20km/h以上の走行一人当たりの平均距離""]","[""51"", ""1.1%"", ""14.1%"", ""28.6%"", ""21.1%"", ""4.3%"", ""4.3%"", ""2.8人"", ""20.6m""]"
20260530,20260525,j1,2026,左サイド攻撃.html,左サイド攻撃 (チームスタイル指標),リーグサマリー:2026 J1百年構想リーグ 左サイド攻撃 (チームスタイル指標) | データによってサッカーはもっと輝く | Football LAB,左サイド攻撃のサマリー,1,京都,京都,"[""指数"", ""ゴール率"", ""シュート率"", ""ドリブル使用率"", ""ロングパス使用率"", ""空中戦使用率"", ""コンビネーション使用率"", ""20km/h以上の走行平均人数"", ""20km/h以上の走行一人当たりの平均距離""]","[""50"", ""0.0%"", ""10.9%"", ""15.3%"", ""19.1%"", ""12.0%"", ""3.8%"", ""2.6人"", ""23.8m""]"
20260530,20260525,j1,2026,左サイド攻撃.html,左サイド攻撃 (チームスタイル指標),リーグサマリー:2026 J1百年構想リーグ 左サイド攻撃 (チームスタイル指標) | データによってサッカーはもっと輝く | Football LAB,左サイド攻撃のサマリー,1,広島,広島,"[""指数"", ""ゴール率"", ""シュート率"", ""ドリブル使用率"", ""ロングパス使用率"", ""空中戦使用率"", ""コンビネーション使用率"", ""20km/h以上の走行平均人数"", ""20km/h以上の走行一人当たりの平均距離""]","[""50"", ""2.2%"", ""16.0%"", ""14.4%"", ""18.8%"", ""8.8%"", ""9.9%"", ""2.7人"", ""23.2m""]"
20260530,20260525,j1,2026,左サイド攻撃.html,左サイド攻撃 (チームスタイル指標),リーグサマリー:2026 J1百年構想リーグ 左サイド攻撃 (チームスタイル指標) | データによってサッカーはもっと輝く | Football LAB,左サイド攻撃のサマリー,1,町田,町田,"[""指数"", ""ゴール率"", ""シュート率"", ""ドリブル使用率"", ""ロングパス使用率"", ""空中戦使用率"", ""コンビネーション使用率"", ""20km/h以上の走行平均人数"", ""20km/h以上の走行一人当たりの平均距離""]","[""49"", ""2.2%"", ""14.0%"", ""29.6%"", ""26.8%"", ""6.1%"", ""11.2%"", ""2.6人"", ""20.3m""]"
20260530,20260525,j1,2026,左サイド攻撃.html,左サイド攻撃 (チームスタイル指標),リーグサマリー:2026 J1百年構想リーグ 左サイド攻撃 (チームスタイル指標) | データによってサッカーはもっと輝く | Football LAB,左サイド攻撃のサマリー,1,名古屋,名古屋,"[""指数"", ""ゴール率"", ""シュート率"", ""ドリブル使用率"", ""ロングパス使用率"", ""空中戦使用率"", ""コンビネーション使用率"", ""20km/h以上の走行平均人数"", ""20km/h以上の走行一人当たりの平均距離""]","[""46"", ""2.9%"", ""19.3%"", ""22.8%"", ""26.9%"", ""6.4%"", ""11.1%"", ""3.2人"", ""22.6m""]"
20260530,20260525,j1,2026,左サイド攻撃.html,左サイド攻撃 (チームスタイル指標),リーグサマリー:2026 J1百年構想リーグ 左サイド攻撃 (チームスタイル指標) | データによってサッカーはもっと輝く | Football LAB,左サイド攻撃のサマリー,1,長崎,長崎,"[""指数"", ""ゴール率"", ""シュート率"", ""ドリブル使用率"", ""ロングパス使用率"", ""空中戦使用率"", ""コンビネーション使用率"", ""20km/h以上の走行平均人数"", ""20km/h以上の走行一人当たりの平均距離""]","[""45"", ""1.2%"", ""13.9%"", ""25.3%"", ""28.9%"", ""8.4%"", ""10.8%"", ""2.7人"", ""23.4m""]"
20260530,20260525,j1,2026,左サイド攻撃.html,左サイド攻撃 (チームスタイル指標),リーグサマリー:2026 J1百年構想リーグ 左サイド攻撃 (チームスタイル指標) | データによってサッカーはもっと輝く | Football LAB,左サイド攻撃のサマリー,1,Ｃ大阪,Ｃ大阪,"[""指数"", ""ゴール率"", ""シュート率"", ""ドリブル使用率"", ""ロングパス使用率"", ""空中戦使用率"", ""コンビネーション使用率"", ""20km/h以上の走行平均人数"", ""20km/h以上の走行一人当たりの平均距離""]","[""44"", ""0.6%"", ""14.5%"", ""21.8%"", ""23.0%"", ""7.9%"", ""7.9%"", ""2.8人"", ""22.7m""]"
20260530,20260525,j1,2026,左サイド攻撃.html,左サイド攻撃 (チームスタイル指標),リーグサマリー:2026 J1百年構想リーグ 左サイド攻撃 (チームスタイル指標) | データによってサッカーはもっと輝く | Football LAB,左サイド攻撃のサマリー,1,東京Ｖ,東京Ｖ,"[""指数"", ""ゴール率"", ""シュート率"", ""ドリブル使用率"", ""ロングパス使用率"", ""空中戦使用率"", ""コンビネーション使用率"", ""20km/h以上の走行平均人数"", ""20km/h以上の走行一人当たりの平均距離""]","[""43"", ""1.9%"", ""11.8%"", ""22.4%"", ""18.6%"", ""11.2%"", ""5.6%"", ""2.5人"", ""21.8m""]"
20260530,20260525,j1,2026,左サイド攻撃.html,左サイド攻撃 (チームスタイル指標),リーグサマリー:2026 J1百年構想リーグ 左サイド攻撃 (チームスタイル指標) | データによってサッカーはもっと輝く | Football LAB,左サイド攻撃のサマリー,1,柏,柏,"[""指数"", ""ゴール率"", ""シュート率"", ""ドリブル使用率"", ""ロングパス使用率"", ""空中戦使用率"", ""コンビネーション使用率"", ""20km/h以上の走行平均人数"", ""20km/h以上の走行一人当たりの平均距離""]","[""43"", ""1.3%"", ""11.9%"", ""20.6%"", ""20.0%"", ""5.6%"", ""11.3%"", ""3.4人"", ""21.7m""]"
20260530,20260525,j1,2026,左サイド攻撃.html,左サイド攻撃 (チームスタイル指標),リーグサマリー:2026 J1百年構想リーグ 左サイド攻撃 (チームスタイル指標) | データによってサッカーはもっと輝く | Football LAB,左サイド攻撃のサマリー,1,Ｇ大阪,Ｇ大阪,"[""指数"", ""ゴール率"", ""シュート率"", ""ドリブル使用率"", ""ロングパス使用率"", ""空中戦使用率"", ""コンビネーション使用率"", ""20km/h以上の走行平均人数"", ""20km/h以上の走行一人当たりの平均距離""]","[""43"", ""1.9%"", ""17.5%"", ""23.1%"", ""26.3%"", ""5.0%"", ""11.3%"", ""2.7人"", ""20.7m""]"
20260530,20260525,j1,2026,左サイド攻撃.html,左サイド攻撃 (チームスタイル指標),リーグサマリー:2026 J1百年構想リーグ 左サイド攻撃 (チームスタイル指標) | データによってサッカーはもっと輝く | Football LAB,左サイド攻撃のサマリー,1,浦和,浦和,"[""指数"", ""ゴール率"", ""シュート率"", ""ドリブル使用率"", ""ロングパス使用率"", ""空中戦使用率"", ""コンビネーション使用率"", ""20km/h以上の走行平均人数"", ""20km/h以上の走行一人当たりの平均距離""]","[""37"", ""2.1%"", ""16.2%"", ""22.5%"", ""28.9%"", ""7.0%"", ""14.1%"", ""3.4人"", ""23.6m""]"
20260530,20260525,j1,2026,左サイド攻撃.html,左サイド攻撃 (チームスタイル指標),リーグサマリー:2026 J1百年構想リーグ 左サイド攻撃 (チームスタイル指標) | データによってサッカーはもっと輝く | Football LAB,左サイド攻撃のサマリー,1,鹿島,鹿島,"[""指数"", ""ゴール率"", ""シュート率"", ""ドリブル使用率"", ""ロングパス使用率"", ""空中戦使用率"", ""コンビネーション使用率"", ""20km/h以上の走行平均人数"", ""20km/h以上の走行一人当たりの平均距離""]","[""37"", ""0.0%"", ""7.0%"", ""19.0%"", ""23.9%"", ""9.2%"", ""7.0%"", ""3.3人"", ""21.8m""]"
20260530,20260525,j1,2026,左サイド攻撃.html,左サイド攻撃 (チームスタイル指標),リーグサマリー:2026 J1百年構想リーグ 左サイド攻撃 (チームスタイル指標) | データによってサッカーはもっと輝く | Football LAB,左サイド攻撃のサマリー,1,水戸,水戸,"[""指数"", ""ゴール率"", ""シュート率"", ""ドリブル使用率"", ""ロングパス使用率"", ""空中戦使用率"", ""コンビネーション使用率"", ""20km/h以上の走行平均人数"", ""20km/h以上の走行一人当たりの平均距離""]","[""34"", ""1.5%"", ""19.4%"", ""26.9%"", ""29.1%"", ""8.2%"", ""9.7%"", ""2.6人"", ""21.7m""]"
20260530,20260525,j1,2026,左サイド攻撃.html,左サイド攻撃 (チームスタイル指標),リーグサマリー:2026 J1百年構想リーグ 左サイド攻撃 (チームスタイル指標) | データによってサッカーはもっと輝く | Football LAB,左サイド攻撃 (チームスタイル指標),2,鹿島,鹿島,"[""攻撃セットプレー"", ""左サイド攻撃"", ""中央攻撃"", ""右サイド攻撃"", ""ショートカウンター"", ""ロングカウンター"", ""敵陣ポゼッション"", ""自陣ポゼッション""]","[""52"", ""37"", ""51"", ""48"", ""35"", ""35"", ""51"", ""66""]"
20260530,20260525,j1,2026,左サイド攻撃.html,左サイド攻撃 (チームスタイル指標),リーグサマリー:2026 J1百年構想リーグ 左サイド攻撃 (チームスタイル指標) | データによってサッカーはもっと輝く | Football LAB,左サイド攻撃 (チームスタイル指標),2,FC東京,FC東京,"[""攻撃セットプレー"", ""左サイド攻撃"", ""中央攻撃"", ""右サイド攻撃"", ""ショートカウンター"", ""ロングカウンター"", ""敵陣ポゼッション"", ""自陣ポゼッション""]","[""52"", ""55"", ""60"", ""37"", ""42"", ""55"", ""49"", ""64""]"
20260530,20260525,j1,2026,左サイド攻撃.html,左サイド攻撃 (チームスタイル指標),リーグサマリー:2026 J1百年構想リーグ 左サイド攻撃 (チームスタイル指標) | データによってサッカーはもっと輝く | Football LAB,左サイド攻撃 (チームスタイル指標),2,町田,町田,"[""攻撃セットプレー"", ""左サイド攻撃"", ""中央攻撃"", ""右サイド攻撃"", ""ショートカウンター"", ""ロングカウンター"", ""敵陣ポゼッション"", ""自陣ポゼッション""]","[""38"", ""49"", ""39"", ""52"", ""47"", ""46"", ""54"", ""50""]"
20260530,20260525,j1,2026,左サイド攻撃.html,左サイド攻撃 (チームスタイル指標),リーグサマリー:2026 J1百年構想リーグ 左サイド攻撃 (チームスタイル指標) | データによってサッカーはもっと輝く | Football LAB,左サイド攻撃 (チームスタイル指標),2,川崎Ｆ,川崎Ｆ,"[""攻撃セットプレー"", ""左サイド攻撃"", ""中央攻撃"", ""右サイド攻撃"", ""ショートカウンター"", ""ロングカウンター"", ""敵陣ポゼッション"", ""自陣ポゼッション""]","[""39"", ""65"", ""49"", ""39"", ""38"", ""45"", ""69"", ""53""]"
20260530,20260525,j1,2026,左サイド攻撃.html,左サイド攻撃 (チームスタイル指標),リーグサマリー:2026 J1百年構想リーグ 左サイド攻撃 (チームスタイル指標) | データによってサッカーはもっと輝く | Football LAB,左サイド攻撃 (チームスタイル指標),2,東京Ｖ,東京Ｖ,"[""攻撃セットプレー"", ""左サイド攻撃"", ""中央攻撃"", ""右サイド攻撃"", ""ショートカウンター"", ""ロングカウンター"", ""敵陣ポゼッション"", ""自陣ポゼッション""]","[""47"", ""43"", ""50"", ""45"", ""59"", ""30"", ""36"", ""51""]"
20260530,20260525,j1,2026,左サイド攻撃.html,左サイド攻撃 (チームスタイル指標),リーグサマリー:2026 J1百年構想リーグ 左サイド攻撃 (チームスタイル指標) | データによってサッカーはもっと輝く | Football LAB,左サイド攻撃 (チームスタイル指標),2,浦和,浦和,"[""攻撃セットプレー"", ""左サイド攻撃"", ""中央攻撃"", ""右サイド攻撃"", ""ショートカウンター"", ""ロングカウンター"", ""敵陣ポゼッション"", ""自陣ポゼッション""]","[""50"", ""37"", ""38"", ""64"", ""37"", ""47"", ""59"", ""51""]"
20260530,20260525,j1,2026,左サイド攻撃.html,左サイド攻撃 (チームスタイル指標),リーグサマリー:2026 J1百年構想リーグ 左サイド攻撃 (チームスタイル指標) | データによってサッカーはもっと輝く | Football LAB,左サイド攻撃 (チームスタイル指標),2,横浜FM,横浜FM,"[""攻撃セットプレー"", ""左サイド攻撃"", ""中央攻撃"", ""右サイド攻撃"", ""ショートカウンター"", ""ロングカウンター"", ""敵陣ポゼッション"", ""自陣ポゼッション""]","[""55"", ""61"", ""46"", ""55"", ""57"", ""44"", ""43"", ""48""]"
20260530,20260525,j1,2026,左サイド攻撃.html,左サイド攻撃 (チームスタイル指標),リーグサマリー:2026 J1百年構想リーグ 左サイド攻撃 (チームスタイル指標) | データによってサッカーはもっと輝く | Football LAB,左サイド攻撃 (チームスタイル指標),2,柏,柏,"[""攻撃セットプレー"", ""左サイド攻撃"", ""中央攻撃"", ""右サイド攻撃"", ""ショートカウンター"", ""ロングカウンター"", ""敵陣ポゼッション"", ""自陣ポゼッション""]","[""45"", ""43"", ""55"", ""74"", ""40"", ""45"", ""70"", ""67""]"
20260530,20260525,j1,2026,左サイド攻撃.html,左サイド攻撃 (チームスタイル指標),リーグサマリー:2026 J1百年構想リーグ 左サイド攻撃 (チームスタイル指標) | データによってサッカーはもっと輝く | Football LAB,左サイド攻撃 (チームスタイル指標),2,水戸,水戸,"[""攻撃セットプレー"", ""左サイド攻撃"", ""中央攻撃"", ""右サイド攻撃"", ""ショートカウンター"", ""ロングカウンター"", ""敵陣ポゼッション"", ""自陣ポゼッション""]","[""38"", ""34"", ""57"", ""48"", ""54"", ""42"", ""51"", ""64""]"
20260530,20260525,j1,2026,左サイド攻撃.html,左サイド攻撃 (チームスタイル指標),リーグサマリー:2026 J1百年構想リーグ 左サイド攻撃 (チームスタイル指標) | データによってサッカーはもっと輝く | Football LAB,左サイド攻撃 (チームスタイル指標),2,千葉,千葉,"[""攻撃セットプレー"", ""左サイド攻撃"", ""中央攻撃"", ""右サイド攻撃"", ""ショートカウンター"", ""ロングカウンター"", ""敵陣ポゼッション"", ""自陣ポゼッション""]","[""39"", ""51"", ""31"", ""40"", ""34"", ""49"", ""40"", ""59""]"
20260530,20260525,j1,2026,左サイド攻撃.html,左サイド攻撃 (チームスタイル指標),リーグサマリー:2026 J1百年構想リーグ 左サイド攻撃 (チームスタイル指標) | データによってサッカーはもっと輝く | Football LAB,左サイド攻撃 (チームスタイル指標),2,神戸,神戸,"[""攻撃セットプレー"", ""左サイド攻撃"", ""中央攻撃"", ""右サイド攻撃"", ""ショートカウンター"", ""ロングカウンター"", ""敵陣ポゼッション"", ""自陣ポゼッション""]","[""57"", ""58"", ""57"", ""52"", ""54"", ""48"", ""55"", ""43""]"
20260530,20260525,j1,2026,左サイド攻撃.html,左サイド攻撃 (チームスタイル指標),リーグサマリー:2026 J1百年構想リーグ 左サイド攻撃 (チームスタイル指標) | データによってサッカーはもっと輝く | Football LAB,左サイド攻撃 (チームスタイル指標),2,Ｃ大阪,Ｃ大阪,"[""攻撃セットプレー"", ""左サイド攻撃"", ""中央攻撃"", ""右サイド攻撃"", ""ショートカウンター"", ""ロングカウンター"", ""敵陣ポゼッション"", ""自陣ポゼッション""]","[""35"", ""44"", ""60"", ""51"", ""50"", ""53"", ""47"", ""52""]"
20260530,20260525,j1,2026,左サイド攻撃.html,左サイド攻撃 (チームスタイル指標),リーグサマリー:2026 J1百年構想リーグ 左サイド攻撃 (チームスタイル指標) | データによってサッカーはもっと輝く | Football LAB,左サイド攻撃 (チームスタイル指標),2,名古屋,名古屋,"[""攻撃セットプレー"", ""左サイド攻撃"", ""中央攻撃"", ""右サイド攻撃"", ""ショートカウンター"", ""ロングカウンター"", ""敵陣ポゼッション"", ""自陣ポゼッション""]","[""49"", ""46"", ""60"", ""41"", ""57"", ""57"", ""50"", ""53""]"
20260530,20260525,j1,2026,左サイド攻撃.html,左サイド攻撃 (チームスタイル指標),リーグサマリー:2026 J1百年構想リーグ 左サイド攻撃 (チームスタイル指標) | データによってサッカーはもっと輝く | Football LAB,左サイド攻撃 (チームスタイル指標),2,広島,広島,"[""攻撃セットプレー"", ""左サイド攻撃"", ""中央攻撃"", ""右サイド攻撃"", ""ショートカウンター"", ""ロングカウンター"", ""敵陣ポゼッション"", ""自陣ポゼッション""]","[""78"", ""50"", ""67"", ""63"", ""70"", ""70"", ""58"", ""40""]"
20260530,20260525,j1,2026,左サイド攻撃.html,左サイド攻撃 (チームスタイル指標),リーグサマリー:2026 J1百年構想リーグ 左サイド攻撃 (チームスタイル指標) | データによってサッカーはもっと輝く | Football LAB,左サイド攻撃 (チームスタイル指標),2,Ｇ大阪,Ｇ大阪,"[""攻撃セットプレー"", ""左サイド攻撃"", ""中央攻撃"", ""右サイド攻撃"", ""ショートカウンター"", ""ロングカウンター"", ""敵陣ポゼッション"", ""自陣ポゼッション""]","[""47"", ""43"", ""60"", ""50"", ""50"", ""56"", ""64"", ""43""]"
20260530,20260525,j1,2026,左サイド攻撃.html,左サイド攻撃 (チームスタイル指標),リーグサマリー:2026 J1百年構想リーグ 左サイド攻撃 (チームスタイル指標) | データによってサッカーはもっと輝く | Football LAB,左サイド攻撃 (チームスタイル指標),2,岡山,岡山,"[""攻撃セットプレー"", ""左サイド攻撃"", ""中央攻撃"", ""右サイド攻撃"", ""ショートカウンター"", ""ロングカウンター"", ""敵陣ポゼッション"", ""自陣ポゼッション""]","[""53"", ""66"", ""33"", ""50"", ""61"", ""76"", ""34"", ""33""]"
20260530,20260525,j1,2026,左サイド攻撃.html,左サイド攻撃 (チームスタイル指標),リーグサマリー:2026 J1百年構想リーグ 左サイド攻撃 (チームスタイル指標) | データによってサッカーはもっと輝く | Football LAB,左サイド攻撃 (チームスタイル指標),2,清水,清水,"[""攻撃セットプレー"", ""左サイド攻撃"", ""中央攻撃"", ""右サイド攻撃"", ""ショートカウンター"", ""ロングカウンター"", ""敵陣ポゼッション"", ""自陣ポゼッション""]","[""58"", ""71"", ""51"", ""53"", ""61"", ""50"", ""46"", ""35""]"
20260530,20260525,j1,2026,左サイド攻撃.html,左サイド攻撃 (チームスタイル指標),リーグサマリー:2026 J1百年構想リーグ 左サイド攻撃 (チームスタイル指標) | データによってサッカーはもっと輝く | Football LAB,左サイド攻撃 (チームスタイル指標),2,京都,京都,"[""攻撃セットプレー"", ""左サイド攻撃"", ""中央攻撃"", ""右サイド攻撃"", ""ショートカウンター"", ""ロングカウンター"", ""敵陣ポゼッション"", ""自陣ポゼッション""]","[""66"", ""50"", ""58"", ""64"", ""61"", ""53"", ""39"", ""41""]"
20260530,20260525,j1,2026,左サイド攻撃.html,左サイド攻撃 (チームスタイル指標),リーグサマリー:2026 J1百年構想リーグ 左サイド攻撃 (チームスタイル指標) | データによってサッカーはもっと輝く | Football LAB,左サイド攻撃 (チームスタイル指標),2,長崎,長崎,"[""攻撃セットプレー"", ""左サイド攻撃"", ""中央攻撃"", ""右サイド攻撃"", ""ショートカウンター"", ""ロングカウンター"", ""敵陣ポゼッション"", ""自陣ポゼッション""]","[""50"", ""45"", ""42"", ""39"", ""42"", ""52"", ""43"", ""47""]"
20260530,20260525,j1,2026,左サイド攻撃.html,左サイド攻撃 (チームスタイル指標),リーグサマリー:2026 J1百年構想リーグ 左サイド攻撃 (チームスタイル指標) | データによってサッカーはもっと輝く | Football LAB,左サイド攻撃 (チームスタイル指標),2,福岡,福岡,"[""攻撃セットプレー"", ""左サイド攻撃"", ""中央攻撃"", ""右サイド攻撃"", ""ショートカウンター"", ""ロングカウンター"", ""敵陣ポゼッション"", ""自陣ポゼッション""]","[""52"", ""53"", ""37"", ""35"", ""50"", ""45"", ""45"", ""38""]"
20260530,20260525,j1,2026,左サイド攻撃.html,左サイド攻撃 (チームスタイル指標),リーグサマリー:2026 J1百年構想リーグ 左サイド攻撃 (チームスタイル指標) | データによってサッカーはもっと輝く | Football LAB,左サイド攻撃 (チームスタイル指標),3,鹿島,鹿島,"[""攻撃セットプレー"", ""左サイド攻撃"", ""中央攻撃"", ""右サイド攻撃"", ""ショートカウンター"", ""ロングカウンター"", ""敵陣ポゼッション"", ""自陣ポゼッション""]","[""27.3%"", ""7.0%"", ""33.9%"", ""14.5%"", ""21.3%"", ""16.4%"", ""17.7%"", ""6.5%""]"
20260530,20260525,j1,2026,左サイド攻撃.html,左サイド攻撃 (チームスタイル指標),リーグサマリー:2026 J1百年構想リーグ 左サイド攻撃 (チームスタイル指標) | データによってサッカーはもっと輝く | Football LAB,左サイド攻撃 (チームスタイル指標),3,FC東京,FC東京,"[""攻撃セットプレー"", ""左サイド攻撃"", ""中央攻撃"", ""右サイド攻撃"", ""ショートカウンター"", ""ロングカウンター"", ""敵陣ポゼッション"", ""自陣ポゼッション""]","[""27.6%"", ""15.2%"", ""43.1%"", ""14.3%"", ""24.8%"", ""23.4%"", ""23.3%"", ""9.7%""]"
20260530,20260525,j1,2026,左サイド攻撃.html,左サイド攻撃 (チームスタイル指標),リーグサマリー:2026 J1百年構想リーグ 左サイド攻撃 (チームスタイル指標) | データによってサッカーはもっと輝く | Football LAB,左サイド攻撃 (チームスタイル指標),3,町田,町田,"[""攻撃セットプレー"", ""左サイド攻撃"", ""中央攻撃"", ""右サイド攻撃"", ""ショートカウンター"", ""ロングカウンター"", ""敵陣ポゼッション"", ""自陣ポゼッション""]","[""29.8%"", ""14.0%"", ""29.5%"", ""11.4%"", ""16.9%"", ""12.7%"", ""24.3%"", ""7.1%""]"
20260530,20260525,j1,2026,左サイド攻撃.html,左サイド攻撃 (チームスタイル指標),リーグサマリー:2026 J1百年構想リーグ 左サイド攻撃 (チームスタイル指標) | データによってサッカーはもっと輝く | Football LAB,左サイド攻撃 (チームスタイル指標),3,川崎Ｆ,川崎Ｆ,"[""攻撃セットプレー"", ""左サイド攻撃"", ""中央攻撃"", ""右サイド攻撃"", ""ショートカウンター"", ""ロングカウンター"", ""敵陣ポゼッション"", ""自陣ポゼッション""]","[""27.6%"", ""13.7%"", ""34.1%"", ""12.4%"", ""20.1%"", ""24.4%"", ""17.9%"", ""8.9%""]"
20260530,20260525,j1,2026,左サイド攻撃.html,左サイド攻撃 (チームスタイル指標),リーグサマリー:2026 J1百年構想リーグ 左サイド攻撃 (チームスタイル指標) | データによってサッカーはもっと輝く | Football LAB,左サイド攻撃 (チームスタイル指標),3,東京Ｖ,東京Ｖ,"[""攻撃セットプレー"", ""左サイド攻撃"", ""中央攻撃"", ""右サイド攻撃"", ""ショートカウンター"", ""ロングカウンター"", ""敵陣ポゼッション"", ""自陣ポゼッション""]","[""19.2%"", ""11.8%"", ""31.0%"", ""11.6%"", ""20.5%"", ""24.5%"", ""16.7%"", ""5.4%""]"
20260530,20260525,j1,2026,左サイド攻撃.html,左サイド攻撃 (チームスタイル指標),リーグサマリー:2026 J1百年構想リーグ 左サイド攻撃 (チームスタイル指標) | データによってサッカーはもっと輝く | Football LAB,左サイド攻撃 (チームスタイル指標),3,浦和,浦和,"[""攻撃セットプレー"", ""左サイド攻撃"", ""中央攻撃"", ""右サイド攻撃"", ""ショートカウンター"", ""ロングカウンター"", ""敵陣ポゼッション"", ""自陣ポゼッション""]","[""28.9%"", ""16.2%"", ""40.8%"", ""15.3%"", ""19.6%"", ""17.3%"", ""26.3%"", ""11.3%""]"
20260530,20260525,j1,2026,左サイド攻撃.html,左サイド攻撃 (チームスタイル指標),リーグサマリー:2026 J1百年構想リーグ 左サイド攻撃 (チームスタイル指標) | データによってサッカーはもっと輝く | Football LAB,左サイド攻撃 (チームスタイル指標),3,横浜FM,横浜FM,"[""攻撃セットプレー"", ""左サイド攻撃"", ""中央攻撃"", ""右サイド攻撃"", ""ショートカウンター"", ""ロングカウンター"", ""敵陣ポゼッション"", ""自陣ポゼッション""]","[""22.1%"", ""13.6%"", ""36.7%"", ""9.9%"", ""19.4%"", ""17.1%"", ""16.4%"", ""6.0%""]"
20260530,20260525,j1,2026,左サイド攻撃.html,左サイド攻撃 (チームスタイル指標),リーグサマリー:2026 J1百年構想リーグ 左サイド攻撃 (チームスタイル指標) | データによってサッカーはもっと輝く | Football LAB,左サイド攻撃 (チームスタイル指標),3,柏,柏,"[""攻撃セットプレー"", ""左サイド攻撃"", ""中央攻撃"", ""右サイド攻撃"", ""ショートカウンター"", ""ロングカウンター"", ""敵陣ポゼッション"", ""自陣ポゼッション""]","[""19.1%"", ""11.9%"", ""37.4%"", ""13.5%"", ""21.5%"", ""16.7%"", ""19.7%"", ""8.4%""]"
20260530,20260525,j1,2026,左サイド攻撃.html,左サイド攻撃 (チームスタイル指標),リーグサマリー:2026 J1百年構想リーグ 左サイド攻撃 (チームスタイル指標) | データによってサッカーはもっと輝く | Football LAB,左サイド攻撃 (チームスタイル指標),3,水戸,水戸,"[""攻撃セットプレー"", ""左サイド攻撃"", ""中央攻撃"", ""右サイド攻撃"", ""ショートカウンター"", ""ロングカウンター"", ""敵陣ポゼッション"", ""自陣ポゼッション""]","[""21.5%"", ""19.4%"", ""32.1%"", ""8.1%"", ""20.8%"", ""15.3%"", ""24.2%"", ""6.4%""]"
20260530,20260525,j1,2026,左サイド攻撃.html,左サイド攻撃 (チームスタイル指標),リーグサマリー:2026 J1百年構想リーグ 左サイド攻撃 (チームスタイル指標) | データによってサッカーはもっと輝く | Football LAB,左サイド攻撃 (チームスタイル指標),3,千葉,千葉,"[""攻撃セットプレー"", ""左サイド攻撃"", ""中央攻撃"", ""右サイド攻撃"", ""ショートカウンター"", ""ロングカウンター"", ""敵陣ポゼッション"", ""自陣ポゼッション""]","[""27.3%"", ""14.1%"", ""35.6%"", ""15.4%"", ""21.5%"", ""18.1%"", ""21.5%"", ""5.2%""]"
20260530,20260525,j1,2026,左サイド攻撃.html,左サイド攻撃 (チームスタイル指標),リーグサマリー:2026 J1百年構想リーグ 左サイド攻撃 (チームスタイル指標) | データによってサッカーはもっと輝く | Football LAB,左サイド攻撃 (チームスタイル指標),3,神戸,神戸,"[""攻撃セットプレー"", ""左サイド攻撃"", ""中央攻撃"", ""右サイド攻撃"", ""ショートカウンター"", ""ロングカウンター"", ""敵陣ポゼッション"", ""自陣ポゼッション""]","[""30.9%"", ""12.6%"", ""25.3%"", ""10.9%"", ""15.2%"", ""14.6%"", ""18.7%"", ""5.8%""]"
20260530,20260525,j1,2026,左サイド攻撃.html,左サイド攻撃 (チームスタイル指標),リーグサマリー:2026 J1百年構想リーグ 左サイド攻撃 (チームスタイル指標) | データによってサッカーはもっと輝く | Football LAB,左サイド攻撃 (チームスタイル指標),3,Ｃ大阪,Ｃ大阪,"[""攻撃セットプレー"", ""左サイド攻撃"", ""中央攻撃"", ""右サイド攻撃"", ""ショートカウンター"", ""ロングカウンター"", ""敵陣ポゼッション"", ""自陣ポゼッション""]","[""20.9%"", ""14.5%"", ""43.4%"", ""13.9%"", ""24.7%"", ""16.7%"", ""22.6%"", ""3.9%""]"
20260530,20260525,j1,2026,左サイド攻撃.html,左サイド攻撃 (チームスタイル指標),リーグサマリー:2026 J1百年構想リーグ 左サイド攻撃 (チームスタイル指標) | データによってサッカーはもっと輝く | Football LAB,左サイド攻撃 (チームスタイル指標),3,名古屋,名古屋,"[""攻撃セットプレー"", ""左サイド攻撃"", ""中央攻撃"", ""右サイド攻撃"", ""ショートカウンター"", ""ロングカウンター"", ""敵陣ポゼッション"", ""自陣ポゼッション""]","[""27.9%"", ""19.3%"", ""31.5%"", ""13.8%"", ""15.6%"", ""21.6%"", ""23.4%"", ""6.9%""]"
20260530,20260525,j1,2026,左サイド攻撃.html,左サイド攻撃 (チームスタイル指標),リーグサマリー:2026 J1百年構想リーグ 左サイド攻撃 (チームスタイル指標) | データによってサッカーはもっと輝く | Football LAB,左サイド攻撃 (チームスタイル指標),3,広島,広島,"[""攻撃セットプレー"", ""左サイド攻撃"", ""中央攻撃"", ""右サイド攻撃"", ""ショートカウンター"", ""ロングカウンター"", ""敵陣ポゼッション"", ""自陣ポゼッション""]","[""27.6%"", ""16.0%"", ""32.2%"", ""15.6%"", ""15.9%"", ""15.1%"", ""30.2%"", ""7.0%""]"
20260530,20260525,j1,2026,左サイド攻撃.html,左サイド攻撃 (チームスタイル指標),リーグサマリー:2026 J1百年構想リーグ 左サイド攻撃 (チームスタイル指標) | データによってサッカーはもっと輝く | Football LAB,左サイド攻撃 (チームスタイル指標),3,Ｇ大阪,Ｇ大阪,"[""攻撃セットプレー"", ""左サイド攻撃"", ""中央攻撃"", ""右サイド攻撃"", ""ショートカウンター"", ""ロングカウンター"", ""敵陣ポゼッション"", ""自陣ポゼッション""]","[""23.5%"", ""17.5%"", ""33.5%"", ""10.6%"", ""18.3%"", ""17.9%"", ""25.0%"", ""10.5%""]"
20260530,20260525,j1,2026,左サイド攻撃.html,左サイド攻撃 (チームスタイル指標),リーグサマリー:2026 J1百年構想リーグ 左サイド攻撃 (チームスタイル指標) | データによってサッカーはもっと輝く | Football LAB,左サイド攻撃 (チームスタイル指標),3,岡山,岡山,"[""攻撃セットプレー"", ""左サイド攻撃"", ""中央攻撃"", ""右サイド攻撃"", ""ショートカウンター"", ""ロングカウンター"", ""敵陣ポゼッション"", ""自陣ポゼッション""]","[""25.8%"", ""13.0%"", ""28.1%"", ""12.4%"", ""14.6%"", ""13.3%"", ""18.4%"", ""18.0%""]"
20260530,20260525,j1,2026,左サイド攻撃.html,左サイド攻撃 (チームスタイル指標),リーグサマリー:2026 J1百年構想リーグ 左サイド攻撃 (チームスタイル指標) | データによってサッカーはもっと輝く | Football LAB,左サイド攻撃 (チームスタイル指標),3,清水,清水,"[""攻撃セットプレー"", ""左サイド攻撃"", ""中央攻撃"", ""右サイド攻撃"", ""ショートカウンター"", ""ロングカウンター"", ""敵陣ポゼッション"", ""自陣ポゼッション""]","[""19.8%"", ""9.8%"", ""32.2%"", ""5.9%"", ""12.5%"", ""7.1%"", ""19.3%"", ""5.0%""]"
20260530,20260525,j1,2026,左サイド攻撃.html,左サイド攻撃 (チームスタイル指標),リーグサマリー:2026 J1百年構想リーグ 左サイド攻撃 (チームスタイル指標) | データによってサッカーはもっと輝く | Football LAB,左サイド攻撃 (チームスタイル指標),3,京都,京都,"[""攻撃セットプレー"", ""左サイド攻撃"", ""中央攻撃"", ""右サイド攻撃"", ""ショートカウンター"", ""ロングカウンター"", ""敵陣ポゼッション"", ""自陣ポゼッション""]","[""21.8%"", ""10.9%"", ""36.5%"", ""13.6%"", ""16.0%"", ""18.7%"", ""25.0%"", ""7.8%""]"
20260530,20260525,j1,2026,左サイド攻撃.html,左サイド攻撃 (チームスタイル指標),リーグサマリー:2026 J1百年構想リーグ 左サイド攻撃 (チームスタイル指標) | データによってサッカーはもっと輝く | Football LAB,左サイド攻撃 (チームスタイル指標),3,長崎,長崎,"[""攻撃セットプレー"", ""左サイド攻撃"", ""中央攻撃"", ""右サイド攻撃"", ""ショートカウンター"", ""ロングカウンター"", ""敵陣ポゼッション"", ""自陣ポゼッション""]","[""21.5%"", ""13.9%"", ""37.6%"", ""7.6%"", ""19.8%"", ""18.0%"", ""21.6%"", ""6.4%""]"
20260530,20260525,j1,2026,左サイド攻撃.html,左サイド攻撃 (チームスタイル指標),リーグサマリー:2026 J1百年構想リーグ 左サイド攻撃 (チームスタイル指標) | データによってサッカーはもっと輝く | Football LAB,左サイド攻撃 (チームスタイル指標),3,福岡,福岡,"[""攻撃セットプレー"", ""左サイド攻撃"", ""中央攻撃"", ""右サイド攻撃"", ""ショートカウンター"", ""ロングカウンター"", ""敵陣ポゼッション"", ""自陣ポゼッション""]","[""26.1%"", ""8.4%"", ""34.9%"", ""9.9%"", ""17.9%"", ""6.4%"", ""21.5%"", ""2.7%""]"
20260530,20260525,j1,2026,攻撃.html,チャンスビルディングポイント 攻撃ポイント ランキング,リーグサマリー:2026 J1百年構想リーグ チャンスビルディングポイント 攻撃ポイント ランキング | データによってサッカーはもっと輝く | Football LAB,チャンスビルディングポイント 攻撃ポイント ランキング,1,柏,柏,"[""攻撃ポイント"", ""試合平均"", ""最近5試合"", ""順位"", ""勝点"", ""得点"", ""失点""]","[""323.47"", ""17.97"", ""84.96"", ""8"", ""20"", ""21"", ""24""]"
20260530,20260525,j1,2026,攻撃.html,チャンスビルディングポイント 攻撃ポイント ランキング,リーグサマリー:2026 J1百年構想リーグ チャンスビルディングポイント 攻撃ポイント ランキング | データによってサッカーはもっと輝く | Football LAB,チャンスビルディングポイント 攻撃ポイント ランキング,1,Ｇ大阪,Ｇ大阪,"[""攻撃ポイント"", ""試合平均"", ""最近5試合"", ""順位"", ""勝点"", ""得点"", ""失点""]","[""281.24"", ""15.62"", ""64.73"", ""5"", ""28"", ""26"", ""22""]"
20260530,20260525,j1,2026,攻撃.html,チャンスビルディングポイント 攻撃ポイント ランキング,リーグサマリー:2026 J1百年構想リーグ チャンスビルディングポイント 攻撃ポイント ランキング | データによってサッカーはもっと輝く | Football LAB,チャンスビルディングポイント 攻撃ポイント ランキング,1,広島,広島,"[""攻撃ポイント"", ""試合平均"", ""最近5試合"", ""順位"", ""勝点"", ""得点"", ""失点""]","[""278.08"", ""15.45"", ""71.54"", ""4"", ""30"", ""29"", ""21""]"
20260530,20260525,j1,2026,攻撃.html,チャンスビルディングポイント 攻撃ポイント ランキング,リーグサマリー:2026 J1百年構想リーグ チャンスビルディングポイント 攻撃ポイント ランキング | データによってサッカーはもっと輝く | Football LAB,チャンスビルディングポイント 攻撃ポイント ランキング,1,川崎Ｆ,川崎Ｆ,"[""攻撃ポイント"", ""試合平均"", ""最近5試合"", ""順位"", ""勝点"", ""得点"", ""失点""]","[""276.80"", ""15.38"", ""80.44"", ""4"", ""28"", ""23"", ""27""]"
20260530,20260525,j1,2026,攻撃.html,チャンスビルディングポイント 攻撃ポイント ランキング,リーグサマリー:2026 J1百年構想リーグ チャンスビルディングポイント 攻撃ポイント ランキング | データによってサッカーはもっと輝く | Football LAB,チャンスビルディングポイント 攻撃ポイント ランキング,1,名古屋,名古屋,"[""攻撃ポイント"", ""試合平均"", ""最近5試合"", ""順位"", ""勝点"", ""得点"", ""失点""]","[""271.07"", ""15.06"", ""75.52"", ""3"", ""31"", ""31"", ""28""]"
20260530,20260525,j1,2026,攻撃.html,チャンスビルディングポイント 攻撃ポイント ランキング,リーグサマリー:2026 J1百年構想リーグ チャンスビルディングポイント 攻撃ポイント ランキング | データによってサッカーはもっと輝く | Football LAB,チャンスビルディングポイント 攻撃ポイント ランキング,1,鹿島,鹿島,"[""攻撃ポイント"", ""試合平均"", ""最近5試合"", ""順位"", ""勝点"", ""得点"", ""失点""]","[""270.18"", ""15.01"", ""76.45"", ""1"", ""45"", ""29"", ""9""]"
20260530,20260525,j1,2026,攻撃.html,チャンスビルディングポイント 攻撃ポイント ランキング,リーグサマリー:2026 J1百年構想リーグ チャンスビルディングポイント 攻撃ポイント ランキング | データによってサッカーはもっと輝く | Football LAB,チャンスビルディングポイント 攻撃ポイント ランキング,1,神戸,神戸,"[""攻撃ポイント"", ""試合平均"", ""最近5試合"", ""順位"", ""勝点"", ""得点"", ""失点""]","[""268.66"", ""14.93"", ""74.80"", ""1"", ""35"", ""27"", ""21""]"
20260530,20260525,j1,2026,攻撃.html,チャンスビルディングポイント 攻撃ポイント ランキング,リーグサマリー:2026 J1百年構想リーグ チャンスビルディングポイント 攻撃ポイント ランキング | データによってサッカーはもっと輝く | Football LAB,チャンスビルディングポイント 攻撃ポイント ランキング,1,FC東京,FC東京,"[""攻撃ポイント"", ""試合平均"", ""最近5試合"", ""順位"", ""勝点"", ""得点"", ""失点""]","[""257.30"", ""14.29"", ""76.27"", ""2"", ""37"", ""28"", ""16""]"
20260530,20260525,j1,2026,攻撃.html,チャンスビルディングポイント 攻撃ポイント ランキング,リーグサマリー:2026 J1百年構想リーグ チャンスビルディングポイント 攻撃ポイント ランキング | データによってサッカーはもっと輝く | Football LAB,チャンスビルディングポイント 攻撃ポイント ランキング,1,Ｃ大阪,Ｃ大阪,"[""攻撃ポイント"", ""試合平均"", ""最近5試合"", ""順位"", ""勝点"", ""得点"", ""失点""]","[""256.36"", ""14.24"", ""75.03"", ""2"", ""31"", ""26"", ""19""]"
20260530,20260525,j1,2026,攻撃.html,チャンスビルディングポイント 攻撃ポイント ランキング,リーグサマリー:2026 J1百年構想リーグ チャンスビルディングポイント 攻撃ポイント ランキング | データによってサッカーはもっと輝く | Football LAB,チャンスビルディングポイント 攻撃ポイント ランキング,1,浦和,浦和,"[""攻撃ポイント"", ""試合平均"", ""最近5試合"", ""順位"", ""勝点"", ""得点"", ""失点""]","[""249.94"", ""13.89"", ""81.63"", ""6"", ""25"", ""25"", ""18""]"
20260530,20260525,j1,2026,攻撃.html,チャンスビルディングポイント 攻撃ポイント ランキング,リーグサマリー:2026 J1百年構想リーグ チャンスビルディングポイント 攻撃ポイント ランキング | データによってサッカーはもっと輝く | Football LAB,チャンスビルディングポイント 攻撃ポイント ランキング,1,水戸,水戸,"[""攻撃ポイント"", ""試合平均"", ""最近5試合"", ""順位"", ""勝点"", ""得点"", ""失点""]","[""235.02"", ""13.06"", ""62.58"", ""9"", ""18"", ""19"", ""35""]"
20260530,20260525,j1,2026,攻撃.html,チャンスビルディングポイント 攻撃ポイント ランキング,リーグサマリー:2026 J1百年構想リーグ チャンスビルディングポイント 攻撃ポイント ランキング | データによってサッカーはもっと輝く | Football LAB,チャンスビルディングポイント 攻撃ポイント ランキング,1,町田,町田,"[""攻撃ポイント"", ""試合平均"", ""最近5試合"", ""順位"", ""勝点"", ""得点"", ""失点""]","[""226.29"", ""12.57"", ""62.07"", ""3"", ""37"", ""23"", ""19""]"
20260530,20260525,j1,2026,攻撃.html,チャンスビルディングポイント 攻撃ポイント ランキング,リーグサマリー:2026 J1百年構想リーグ チャンスビルディングポイント 攻撃ポイント ランキング | データによってサッカーはもっと輝く | Football LAB,チャンスビルディングポイント 攻撃ポイント ランキング,1,清水,清水,"[""攻撃ポイント"", ""試合平均"", ""最近5試合"", ""順位"", ""勝点"", ""得点"", ""失点""]","[""226.28"", ""12.57"", ""71.92"", ""7"", ""24"", ""19"", ""21""]"
20260530,20260525,j1,2026,攻撃.html,チャンスビルディングポイント 攻撃ポイント ランキング,リーグサマリー:2026 J1百年構想リーグ チャンスビルディングポイント 攻撃ポイント ランキング | データによってサッカーはもっと輝く | Football LAB,チャンスビルディングポイント 攻撃ポイント ランキング,1,京都,京都,"[""攻撃ポイント"", ""試合平均"", ""最近5試合"", ""順位"", ""勝点"", ""得点"", ""失点""]","[""224.98"", ""12.50"", ""65.12"", ""8"", ""23"", ""19"", ""26""]"
20260530,20260525,j1,2026,攻撃.html,チャンスビルディングポイント 攻撃ポイント ランキング,リーグサマリー:2026 J1百年構想リーグ チャンスビルディングポイント 攻撃ポイント ランキング | データによってサッカーはもっと輝く | Football LAB,チャンスビルディングポイント 攻撃ポイント ランキング,1,横浜FM,横浜FM,"[""攻撃ポイント"", ""試合平均"", ""最近5試合"", ""順位"", ""勝点"", ""得点"", ""失点""]","[""210.41"", ""11.69"", ""57.27"", ""7"", ""20"", ""28"", ""29""]"
20260530,20260525,j1,2026,攻撃.html,チャンスビルディングポイント 攻撃ポイント ランキング,リーグサマリー:2026 J1百年構想リーグ チャンスビルディングポイント 攻撃ポイント ランキング | データによってサッカーはもっと輝く | Football LAB,チャンスビルディングポイント 攻撃ポイント ランキング,1,長崎,長崎,"[""攻撃ポイント"", ""試合平均"", ""最近5試合"", ""順位"", ""勝点"", ""得点"", ""失点""]","[""209.35"", ""11.63"", ""52.97"", ""9"", ""21"", ""20"", ""28""]"
20260530,20260525,j1,2026,攻撃.html,チャンスビルディングポイント 攻撃ポイント ランキング,リーグサマリー:2026 J1百年構想リーグ チャンスビルディングポイント 攻撃ポイント ランキング | データによってサッカーはもっと輝く | Football LAB,チャンスビルディングポイント 攻撃ポイント ランキング,1,千葉,千葉,"[""攻撃ポイント"", ""試合平均"", ""最近5試合"", ""順位"", ""勝点"", ""得点"", ""失点""]","[""201.39"", ""11.19"", ""49.07"", ""10"", ""12"", ""18"", ""31""]"
20260530,20260525,j1,2026,攻撃.html,チャンスビルディングポイント 攻撃ポイント ランキング,リーグサマリー:2026 J1百年構想リーグ チャンスビルディングポイント 攻撃ポイント ランキング | データによってサッカーはもっと輝く | Football LAB,チャンスビルディングポイント 攻撃ポイント ランキング,1,福岡,福岡,"[""攻撃ポイント"", ""試合平均"", ""最近5試合"", ""順位"", ""勝点"", ""得点"", ""失点""]","[""195.90"", ""10.88"", ""48.20"", ""10"", ""21"", ""17"", ""27""]"
20260530,20260525,j1,2026,攻撃.html,チャンスビルディングポイント 攻撃ポイント ランキング,リーグサマリー:2026 J1百年構想リーグ チャンスビルディングポイント 攻撃ポイント ランキング | データによってサッカーはもっと輝く | Football LAB,チャンスビルディングポイント 攻撃ポイント ランキング,1,岡山,岡山,"[""攻撃ポイント"", ""試合平均"", ""最近5試合"", ""順位"", ""勝点"", ""得点"", ""失点""]","[""191.13"", ""10.62"", ""49.54"", ""6"", ""26"", ""24"", ""25""]"
20260530,20260525,j1,2026,攻撃.html,チャンスビルディングポイント 攻撃ポイント ランキング,リーグサマリー:2026 J1百年構想リーグ チャンスビルディングポイント 攻撃ポイント ランキング | データによってサッカーはもっと輝く | Football LAB,チャンスビルディングポイント 攻撃ポイント ランキング,1,東京Ｖ,東京Ｖ,"[""攻撃ポイント"", ""試合平均"", ""最近5試合"", ""順位"", ""勝点"", ""得点"", ""失点""]","[""176.90"", ""9.83"", ""43.25"", ""5"", ""28"", ""19"", ""25""]"
20260530,20260525,j1,2026,攻撃.html,チャンスビルディングポイント 攻撃ポイント ランキング,リーグサマリー:2026 J1百年構想リーグ チャンスビルディングポイント 攻撃ポイント ランキング | データによってサッカーはもっと輝く | Football LAB,チャンスビルディングポイント 攻撃ポイント ランキング,2,小泉 佳穂,小泉佳穂,"[""攻撃ポイント"", ""90分平均"", ""最近5試合"", ""出場試合"", ""ゴール"", ""奪取P""]","["""", ""35.16"", ""2.33"", ""11.93"", ""17"", ""2"", ""105.08""]"
20260530,20260525,j1,2026,攻撃.html,チャンスビルディングポイント 攻撃ポイント ランキング,リーグサマリー:2026 J1百年構想リーグ チャンスビルディングポイント 攻撃ポイント ランキング | データによってサッカーはもっと輝く | Football LAB,チャンスビルディングポイント 攻撃ポイント ランキング,2,柴山 昌也,柴山昌也,"[""攻撃ポイント"", ""90分平均"", ""最近5試合"", ""出場試合"", ""ゴール"", ""奪取P""]","["""", ""33.12"", ""2.70"", ""9.33"", ""17"", ""0"", ""52.32""]"
20260530,20260525,j1,2026,攻撃.html,チャンスビルディングポイント 攻撃ポイント ランキング,リーグサマリー:2026 J1百年構想リーグ チャンスビルディングポイント 攻撃ポイント ランキング | データによってサッカーはもっと輝く | Football LAB,チャンスビルディングポイント 攻撃ポイント ランキング,2,鈴木 優磨,鈴木優磨,"[""攻撃ポイント"", ""90分平均"", ""最近5試合"", ""出場試合"", ""ゴール"", ""奪取P""]","["""", ""30.98"", ""1.81"", ""9.19"", ""18"", ""6"", ""68.96""]"
20260530,20260525,j1,2026,攻撃.html,チャンスビルディングポイント 攻撃ポイント ランキング,リーグサマリー:2026 J1百年構想リーグ チャンスビルディングポイント 攻撃ポイント ランキング | データによってサッカーはもっと輝く | Football LAB,チャンスビルディングポイント 攻撃ポイント ランキング,2,塩谷 司,塩谷司,"[""攻撃ポイント"", ""90分平均"", ""最近5試合"", ""出場試合"", ""ゴール"", ""奪取P""]","["""", ""30.65"", ""1.89"", ""6.78"", ""18"", ""0"", ""184.37""]"
20260530,20260525,j1,2026,攻撃.html,チャンスビルディングポイント 攻撃ポイント ランキング,リーグサマリー:2026 J1百年構想リーグ チャンスビルディングポイント 攻撃ポイント ランキング | データによってサッカーはもっと輝く | Football LAB,チャンスビルディングポイント 攻撃ポイント ランキング,2,久保 藤次郎,久保藤次郎,"[""攻撃ポイント"", ""90分平均"", ""最近5試合"", ""出場試合"", ""ゴール"", ""奪取P""]","["""", ""30.56"", ""2.28"", ""10.56"", ""15"", ""1"", ""113.00""]"
20260530,20260525,j1,2026,攻撃.html,チャンスビルディングポイント 攻撃ポイント ランキング,リーグサマリー:2026 J1百年構想リーグ チャンスビルディングポイント 攻撃ポイント ランキング | データによってサッカーはもっと輝く | Football LAB,チャンスビルディングポイント 攻撃ポイント ランキング,2,金子 拓郎,金子拓郎,"[""攻撃ポイント"", ""90分平均"", ""最近5試合"", ""出場試合"", ""ゴール"", ""奪取P""]","["""", ""30.54"", ""2.04"", ""9.27"", ""18"", ""2"", ""88.26""]"
20260530,20260525,j1,2026,攻撃.html,チャンスビルディングポイント 攻撃ポイント ランキング,リーグサマリー:2026 J1百年構想リーグ チャンスビルディングポイント 攻撃ポイント ランキング | データによってサッカーはもっと輝く | Football LAB,チャンスビルディングポイント 攻撃ポイント ランキング,2,マテウス ブエノ,マテウスブエノ,"[""攻撃ポイント"", ""90分平均"", ""最近5試合"", ""出場試合"", ""ゴール"", ""奪取P""]","["""", ""30.33"", ""1.84"", ""9.06"", ""17"", ""1"", ""227.07""]"
20260530,20260525,j1,2026,攻撃.html,チャンスビルディングポイント 攻撃ポイント ランキング,リーグサマリー:2026 J1百年構想リーグ チャンスビルディングポイント 攻撃ポイント ランキング | データによってサッカーはもっと輝く | Football LAB,チャンスビルディングポイント 攻撃ポイント ランキング,2,三浦 颯太,三浦颯太,"[""攻撃ポイント"", ""90分平均"", ""最近5試合"", ""出場試合"", ""ゴール"", ""奪取P""]","["""", ""29.69"", ""1.77"", ""9.28"", ""18"", ""0"", ""163.72""]"
20260530,20260525,j1,2026,攻撃.html,チャンスビルディングポイント 攻撃ポイント ランキング,リーグサマリー:2026 J1百年構想リーグ チャンスビルディングポイント 攻撃ポイント ランキング | データによってサッカーはもっと輝く | Football LAB,チャンスビルディングポイント 攻撃ポイント ランキング,2,中山 克広,中山克広,"[""攻撃ポイント"", ""90分平均"", ""最近5試合"", ""出場試合"", ""ゴール"", ""奪取P""]","["""", ""29.68"", ""1.87"", ""8.55"", ""17"", ""0"", ""162.17""]"
20260530,20260525,j1,2026,攻撃.html,チャンスビルディングポイント 攻撃ポイント ランキング,リーグサマリー:2026 J1百年構想リーグ チャンスビルディングポイント 攻撃ポイント ランキング | データによってサッカーはもっと輝く | Football LAB,チャンスビルディングポイント 攻撃ポイント ランキング,2,山本 悠樹,山本悠樹,"[""攻撃ポイント"", ""90分平均"", ""最近5試合"", ""出場試合"", ""ゴール"", ""奪取P""]","["""", ""29.63"", ""2.13"", ""10.47"", ""18"", ""1"", ""171.10""]"
20260530,20260525,j1,2026,攻撃.html,チャンスビルディングポイント 攻撃ポイント ランキング,リーグサマリー:2026 J1百年構想リーグ チャンスビルディングポイント 攻撃ポイント ランキング | データによってサッカーはもっと輝く | Football LAB,チャンスビルディングポイント 攻撃ポイント ランキング,2,高嶺 朋樹,高嶺朋樹,"[""攻撃ポイント"", ""90分平均"", ""最近5試合"", ""出場試合"", ""ゴール"", ""奪取P""]","["""", ""28.55"", ""1.68"", ""7.67"", ""17"", ""0"", ""189.61""]"
20260530,20260525,j1,2026,攻撃.html,チャンスビルディングポイント 攻撃ポイント ランキング,リーグサマリー:2026 J1百年構想リーグ チャンスビルディングポイント 攻撃ポイント ランキング | データによってサッカーはもっと輝く | Football LAB,チャンスビルディングポイント 攻撃ポイント ランキング,2,中川 敦瑛,中川敦瑛,"[""攻撃ポイント"", ""90分平均"", ""最近5試合"", ""出場試合"", ""ゴール"", ""奪取P""]","["""", ""28.42"", ""1.65"", ""8.14"", ""18"", ""2"", ""232.10""]"
20260530,20260525,j1,2026,攻撃.html,チャンスビルディングポイント 攻撃ポイント ランキング,リーグサマリー:2026 J1百年構想リーグ チャンスビルディングポイント 攻撃ポイント ランキング | データによってサッカーはもっと輝く | Football LAB,チャンスビルディングポイント 攻撃ポイント ランキング,2,山原 怜音,山原怜音,"[""攻撃ポイント"", ""90分平均"", ""最近5試合"", ""出場試合"", ""ゴール"", ""奪取P""]","["""", ""27.87"", ""1.56"", ""8.22"", ""18"", ""1"", ""124.03""]"
20260530,20260525,j1,2026,攻撃.html,チャンスビルディングポイント 攻撃ポイント ランキング,リーグサマリー:2026 J1百年構想リーグ チャンスビルディングポイント 攻撃ポイント ランキング | データによってサッカーはもっと輝く | Football LAB,チャンスビルディングポイント 攻撃ポイント ランキング,2,マテウス サヴィオ,マテウスサヴィオ,"[""攻撃ポイント"", ""90分平均"", ""最近5試合"", ""出場試合"", ""ゴール"", ""奪取P""]","["""", ""27.40"", ""1.84"", ""5.68"", ""17"", ""2"", ""158.47""]"
20260530,20260525,j1,2026,攻撃.html,チャンスビルディングポイント 攻撃ポイント ランキング,リーグサマリー:2026 J1百年構想リーグ チャンスビルディングポイント 攻撃ポイント ランキング | データによってサッカーはもっと輝く | Football LAB,チャンスビルディングポイント 攻撃ポイント ランキング,2,古賀 太陽,古賀太陽,"[""攻撃ポイント"", ""90分平均"", ""最近5試合"", ""出場試合"", ""ゴール"", ""奪取P""]","["""", ""27.16"", ""1.51"", ""7.11"", ""18"", ""1"", ""151.53""]"
20260530,20260525,j1,2026,攻撃.html,チャンスビルディングポイント 攻撃ポイント ランキング,リーグサマリー:2026 J1百年構想リーグ チャンスビルディングポイント 攻撃ポイント ランキング | データによってサッカーはもっと輝く | Football LAB,チャンスビルディングポイント 攻撃ポイント ランキング,2,ジョアン ペドロ,ジョアンペドロ,"[""攻撃ポイント"", ""90分平均"", ""最近5試合"", ""出場試合"", ""ゴール"", ""奪取P""]","["""", ""25.50"", ""1.65"", ""6.55"", ""16"", ""2"", ""247.83""]"
20260530,20260525,j1,2026,攻撃.html,チャンスビルディングポイント 攻撃ポイント ランキング,リーグサマリー:2026 J1百年構想リーグ チャンスビルディングポイント 攻撃ポイント ランキング | データによってサッカーはもっと輝く | Football LAB,チャンスビルディングポイント 攻撃ポイント ランキング,2,初瀬 亮,初瀬亮,"[""攻撃ポイント"", ""90分平均"", ""最近5試合"", ""出場試合"", ""ゴール"", ""奪取P""]","["""", ""25.28"", ""1.94"", ""7.12"", ""15"", ""0"", ""67.01""]"
20260530,20260525,j1,2026,攻撃.html,チャンスビルディングポイント 攻撃ポイント ランキング,リーグサマリー:2026 J1百年構想リーグ チャンスビルディングポイント 攻撃ポイント ランキング | データによってサッカーはもっと輝く | Football LAB,チャンスビルディングポイント 攻撃ポイント ランキング,2,東 俊希,東俊希,"[""攻撃ポイント"", ""90分平均"", ""最近5試合"", ""出場試合"", ""ゴール"", ""奪取P""]","["""", ""25.24"", ""2.29"", ""10.26"", ""16"", ""3"", ""56.52""]"
20260530,20260525,j1,2026,攻撃.html,チャンスビルディングポイント 攻撃ポイント ランキング,リーグサマリー:2026 J1百年構想リーグ チャンスビルディングポイント 攻撃ポイント ランキング | データによってサッカーはもっと輝く | Football LAB,チャンスビルディングポイント 攻撃ポイント ランキング,2,山下 諒也,山下諒也,"[""攻撃ポイント"", ""90分平均"", ""最近5試合"", ""出場試合"", ""ゴール"", ""奪取P""]","["""", ""24.75"", ""1.71"", ""7.40"", ""17"", ""1"", ""118.28""]"
20260530,20260525,j1,2026,攻撃.html,チャンスビルディングポイント 攻撃ポイント ランキング,リーグサマリー:2026 J1百年構想リーグ チャンスビルディングポイント 攻撃ポイント ランキング | データによってサッカーはもっと輝く | Football LAB,チャンスビルディングポイント 攻撃ポイント ランキング,2,武藤 嘉紀,武藤嘉紀,"[""攻撃ポイント"", ""90分平均"", ""最近5試合"", ""出場試合"", ""ゴール"", ""奪取P""]","["""", ""24.42"", ""2.03"", ""9.50"", ""13"", ""4"", ""80.20""]"
20260530,20260525,j1,2026,攻撃.html,チャンスビルディングポイント 攻撃ポイント ランキング,リーグサマリー:2026 J1百年構想リーグ チャンスビルディングポイント 攻撃ポイント ランキング | データによってサッカーはもっと輝く | Football LAB,チャンスビルディングポイント 攻撃ポイント ランキング,2,佐々木 大樹,佐々木大樹,"[""攻撃ポイント"", ""90分平均"", ""最近5試合"", ""出場試合"", ""ゴール"", ""奪取P""]","["""", ""23.78"", ""1.93"", ""7.00"", ""14"", ""2"", ""107.50""]"
20260530,20260525,j1,2026,攻撃.html,チャンスビルディングポイント 攻撃ポイント ランキング,リーグサマリー:2026 J1百年構想リーグ チャンスビルディングポイント 攻撃ポイント ランキング | データによってサッカーはもっと輝く | Football LAB,チャンスビルディングポイント 攻撃ポイント ランキング,2,アレクサンダー ショルツ,アレクサンダーショルツ,"[""攻撃ポイント"", ""90分平均"", ""最近5試合"", ""出場試合"", ""ゴール"", ""奪取P""]","["""", ""23.61"", ""1.60"", ""5.87"", ""15"", ""1"", ""142.28""]"
20260530,20260525,j1,2026,攻撃.html,チャンスビルディングポイント 攻撃ポイント ランキング,リーグサマリー:2026 J1百年構想リーグ チャンスビルディングポイント 攻撃ポイント ランキング | データによってサッカーはもっと輝く | Football LAB,チャンスビルディングポイント 攻撃ポイント ランキング,2,藤井 陽也,藤井陽也,"[""攻撃ポイント"", ""90分平均"", ""最近5試合"", ""出場試合"", ""ゴール"", ""奪取P""]","["""", ""23.16"", ""1.36"", ""5.13"", ""17"", ""0"", ""199.11""]"
20260530,20260525,j1,2026,攻撃.html,チャンスビルディングポイント 攻撃ポイント ランキング,リーグサマリー:2026 J1百年構想リーグ チャンスビルディングポイント 攻撃ポイント ランキング | データによってサッカーはもっと輝く | Football LAB,チャンスビルディングポイント 攻撃ポイント ランキング,2,新井 直人,新井直人,"[""攻撃ポイント"", ""90分平均"", ""最近5試合"", ""出場試合"", ""ゴール"", ""奪取P""]","["""", ""23.15"", ""2.02"", ""4.75"", ""15"", ""1"", ""113.68""]"
20260530,20260525,j1,2026,攻撃.html,チャンスビルディングポイント 攻撃ポイント ランキング,リーグサマリー:2026 J1百年構想リーグ チャンスビルディングポイント 攻撃ポイント ランキング | データによってサッカーはもっと輝く | Football LAB,チャンスビルディングポイント 攻撃ポイント ランキング,2,濃野 公人,濃野公人,"[""攻撃ポイント"", ""90分平均"", ""最近5試合"", ""出場試合"", ""ゴール"", ""奪取P""]","["""", ""23.15"", ""1.44"", ""5.42"", ""17"", ""2"", ""130.44""]"
20260530,20260525,j1,2026,攻撃.html,チャンスビルディングポイント 攻撃ポイント ランキング,リーグサマリー:2026 J1百年構想リーグ チャンスビルディングポイント 攻撃ポイント ランキング | データによってサッカーはもっと輝く | Football LAB,チャンスビルディングポイント 攻撃ポイント ランキング,2,脇坂 泰斗,脇坂泰斗,"[""攻撃ポイント"", ""90分平均"", ""最近5試合"", ""出場試合"", ""ゴール"", ""奪取P""]","["""", ""23.10"", ""1.41"", ""8.23"", ""17"", ""5"", ""53.90""]"
20260530,20260525,j1,2026,攻撃.html,チャンスビルディングポイント 攻撃ポイント ランキング,リーグサマリー:2026 J1百年構想リーグ チャンスビルディングポイント 攻撃ポイント ランキング | データによってサッカーはもっと輝く | Football LAB,チャンスビルディングポイント 攻撃ポイント ランキング,2,永戸 勝也,永戸勝也,"[""攻撃ポイント"", ""90分平均"", ""最近5試合"", ""出場試合"", ""ゴール"", ""奪取P""]","["""", ""22.95"", ""1.61"", ""2.67"", ""17"", ""3"", ""147.61""]"
20260530,20260525,j1,2026,攻撃.html,チャンスビルディングポイント 攻撃ポイント ランキング,リーグサマリー:2026 J1百年構想リーグ チャンスビルディングポイント 攻撃ポイント ランキング | データによってサッカーはもっと輝く | Football LAB,チャンスビルディングポイント 攻撃ポイント ランキング,2,大崎 航詩,大崎航詩,"[""攻撃ポイント"", ""90分平均"", ""最近5試合"", ""出場試合"", ""ゴール"", ""奪取P""]","["""", ""22.93"", ""1.42"", ""4.55"", ""17"", ""0"", ""225.01""]"
20260530,20260525,j1,2026,攻撃.html,チャンスビルディングポイント 攻撃ポイント ランキング,リーグサマリー:2026 J1百年構想リーグ チャンスビルディングポイント 攻撃ポイント ランキング | データによってサッカーはもっと輝く | Football LAB,チャンスビルディングポイント 攻撃ポイント ランキング,2,川辺 駿,川辺駿,"[""攻撃ポイント"", ""90分平均"", ""最近5試合"", ""出場試合"", ""ゴール"", ""奪取P""]","["""", ""22.89"", ""1.62"", ""7.46"", ""16"", ""2"", ""176.82""]"
20260530,20260525,j1,2026,攻撃.html,チャンスビルディングポイント 攻撃ポイント ランキング,リーグサマリー:2026 J1百年構想リーグ チャンスビルディングポイント 攻撃ポイント ランキング | データによってサッカーはもっと輝く | Football LAB,チャンスビルディングポイント 攻撃ポイント ランキング,2,津久井 匠海,津久井匠海,"[""攻撃ポイント"", ""90分平均"", ""最近5試合"", ""出場試合"", ""ゴール"", ""奪取P""]","["""", ""22.86"", ""1.68"", ""3.75"", ""17"", ""2"", ""129.56""]"
20260530,20260525,j1,2026,敵陣ポゼッション.html,敵陣ポゼッション (チームスタイル指標),リーグサマリー:2026 J1百年構想リーグ 敵陣ポゼッション (チームスタイル指標) | データによってサッカーはもっと輝く | Football LAB,敵陣ポゼッションのサマリー,1,柏,柏,"[""指数"", ""ゴール率"", ""シュート率"", ""ドリブル使用率"", ""ロングパス使用率"", ""空中戦使用率"", ""コンビネーション使用率"", ""20km/h以上の走行平均人数"", ""20km/h以上の走行一人当たりの平均距離""]","[""70"", ""1.4%"", ""19.7%"", ""28.6%"", ""17.7%"", ""6.8%"", ""28.6%"", ""3.7人"", ""20.3m""]"
20260530,20260525,j1,2026,敵陣ポゼッション.html,敵陣ポゼッション (チームスタイル指標),リーグサマリー:2026 J1百年構想リーグ 敵陣ポゼッション (チームスタイル指標) | データによってサッカーはもっと輝く | Football LAB,敵陣ポゼッションのサマリー,1,川崎Ｆ,川崎Ｆ,"[""指数"", ""ゴール率"", ""シュート率"", ""ドリブル使用率"", ""ロングパス使用率"", ""空中戦使用率"", ""コンビネーション使用率"", ""20km/h以上の走行平均人数"", ""20km/h以上の走行一人当たりの平均距離""]","[""69"", ""1.4%"", ""17.9%"", ""20.7%"", ""29.0%"", ""3.4%"", ""25.5%"", ""3.4人"", ""20.3m""]"
20260530,20260525,j1,2026,敵陣ポゼッション.html,敵陣ポゼッション (チームスタイル指標),リーグサマリー:2026 J1百年構想リーグ 敵陣ポゼッション (チームスタイル指標) | データによってサッカーはもっと輝く | Football LAB,敵陣ポゼッションのサマリー,1,Ｇ大阪,Ｇ大阪,"[""指数"", ""ゴール率"", ""シュート率"", ""ドリブル使用率"", ""ロングパス使用率"", ""空中戦使用率"", ""コンビネーション使用率"", ""20km/h以上の走行平均人数"", ""20km/h以上の走行一人当たりの平均距離""]","[""64"", ""3.0%"", ""25.0%"", ""28.0%"", ""31.1%"", ""6.8%"", ""29.5%"", ""3.5人"", ""20.2m""]"
20260530,20260525,j1,2026,敵陣ポゼッション.html,敵陣ポゼッション (チームスタイル指標),リーグサマリー:2026 J1百年構想リーグ 敵陣ポゼッション (チームスタイル指標) | データによってサッカーはもっと輝く | Football LAB,敵陣ポゼッションのサマリー,1,浦和,浦和,"[""指数"", ""ゴール率"", ""シュート率"", ""ドリブル使用率"", ""ロングパス使用率"", ""空中戦使用率"", ""コンビネーション使用率"", ""20km/h以上の走行平均人数"", ""20km/h以上の走行一人当たりの平均距離""]","[""59"", ""2.5%"", ""26.3%"", ""28.0%"", ""39.0%"", ""7.6%"", ""22.0%"", ""4.2人"", ""22.0m""]"
20260530,20260525,j1,2026,敵陣ポゼッション.html,敵陣ポゼッション (チームスタイル指標),リーグサマリー:2026 J1百年構想リーグ 敵陣ポゼッション (チームスタイル指標) | データによってサッカーはもっと輝く | Football LAB,敵陣ポゼッションのサマリー,1,広島,広島,"[""指数"", ""ゴール率"", ""シュート率"", ""ドリブル使用率"", ""ロングパス使用率"", ""空中戦使用率"", ""コンビネーション使用率"", ""20km/h以上の走行平均人数"", ""20km/h以上の走行一人当たりの平均距離""]","[""58"", ""1.7%"", ""30.2%"", ""14.7%"", ""36.2%"", ""12.9%"", ""36.2%"", ""3.7人"", ""19.9m""]"
20260530,20260525,j1,2026,敵陣ポゼッション.html,敵陣ポゼッション (チームスタイル指標),リーグサマリー:2026 J1百年構想リーグ 敵陣ポゼッション (チームスタイル指標) | データによってサッカーはもっと輝く | Football LAB,敵陣ポゼッションのサマリー,1,神戸,神戸,"[""指数"", ""ゴール率"", ""シュート率"", ""ドリブル使用率"", ""ロングパス使用率"", ""空中戦使用率"", ""コンビネーション使用率"", ""20km/h以上の走行平均人数"", ""20km/h以上の走行一人当たりの平均距離""]","[""55"", ""3.7%"", ""18.7%"", ""14.0%"", ""30.8%"", ""14.0%"", ""24.3%"", ""3.7人"", ""18.6m""]"
20260530,20260525,j1,2026,敵陣ポゼッション.html,敵陣ポゼッション (チームスタイル指標),リーグサマリー:2026 J1百年構想リーグ 敵陣ポゼッション (チームスタイル指標) | データによってサッカーはもっと輝く | Football LAB,敵陣ポゼッションのサマリー,1,町田,町田,"[""指数"", ""ゴール率"", ""シュート率"", ""ドリブル使用率"", ""ロングパス使用率"", ""空中戦使用率"", ""コンビネーション使用率"", ""20km/h以上の走行平均人数"", ""20km/h以上の走行一人当たりの平均距離""]","[""54"", ""2.9%"", ""24.3%"", ""34.0%"", ""35.0%"", ""6.8%"", ""35.0%"", ""3.9人"", ""19.3m""]"
20260530,20260525,j1,2026,敵陣ポゼッション.html,敵陣ポゼッション (チームスタイル指標),リーグサマリー:2026 J1百年構想リーグ 敵陣ポゼッション (チームスタイル指標) | データによってサッカーはもっと輝く | Football LAB,敵陣ポゼッションのサマリー,1,鹿島,鹿島,"[""指数"", ""ゴール率"", ""シュート率"", ""ドリブル使用率"", ""ロングパス使用率"", ""空中戦使用率"", ""コンビネーション使用率"", ""20km/h以上の走行平均人数"", ""20km/h以上の走行一人当たりの平均距離""]","[""51"", ""0.0%"", ""17.7%"", ""16.7%"", ""30.2%"", ""7.3%"", ""29.2%"", ""4.4人"", ""21.2m""]"
20260530,20260525,j1,2026,敵陣ポゼッション.html,敵陣ポゼッション (チームスタイル指標),リーグサマリー:2026 J1百年構想リーグ 敵陣ポゼッション (チームスタイル指標) | データによってサッカーはもっと輝く | Football LAB,敵陣ポゼッションのサマリー,1,水戸,水戸,"[""指数"", ""ゴール率"", ""シュート率"", ""ドリブル使用率"", ""ロングパス使用率"", ""空中戦使用率"", ""コンビネーション使用率"", ""20km/h以上の走行平均人数"", ""20km/h以上の走行一人当たりの平均距離""]","[""51"", ""2.1%"", ""24.2%"", ""32.6%"", ""35.8%"", ""12.6%"", ""24.2%"", ""3.9人"", ""20.3m""]"
20260530,20260525,j1,2026,敵陣ポゼッション.html,敵陣ポゼッション (チームスタイル指標),リーグサマリー:2026 J1百年構想リーグ 敵陣ポゼッション (チームスタイル指標) | データによってサッカーはもっと輝く | Football LAB,敵陣ポゼッションのサマリー,1,名古屋,名古屋,"[""指数"", ""ゴール率"", ""シュート率"", ""ドリブル使用率"", ""ロングパス使用率"", ""空中戦使用率"", ""コンビネーション使用率"", ""20km/h以上の走行平均人数"", ""20km/h以上の走行一人当たりの平均距離""]","[""50"", ""2.1%"", ""23.4%"", ""28.7%"", ""46.8%"", ""14.9%"", ""29.8%"", ""3.9人"", ""19.3m""]"
20260530,20260525,j1,2026,敵陣ポゼッション.html,敵陣ポゼッション (チームスタイル指標),リーグサマリー:2026 J1百年構想リーグ 敵陣ポゼッション (チームスタイル指標) | データによってサッカーはもっと輝く | Football LAB,敵陣ポゼッションのサマリー,1,FC東京,FC東京,"[""指数"", ""ゴール率"", ""シュート率"", ""ドリブル使用率"", ""ロングパス使用率"", ""空中戦使用率"", ""コンビネーション使用率"", ""20km/h以上の走行平均人数"", ""20km/h以上の走行一人当たりの平均距離""]","[""49"", ""4.4%"", ""23.3%"", ""34.4%"", ""35.6%"", ""5.6%"", ""26.7%"", ""4.4人"", ""21.7m""]"
20260530,20260525,j1,2026,敵陣ポゼッション.html,敵陣ポゼッション (チームスタイル指標),リーグサマリー:2026 J1百年構想リーグ 敵陣ポゼッション (チームスタイル指標) | データによってサッカーはもっと輝く | Football LAB,敵陣ポゼッションのサマリー,1,Ｃ大阪,Ｃ大阪,"[""指数"", ""ゴール率"", ""シュート率"", ""ドリブル使用率"", ""ロングパス使用率"", ""空中戦使用率"", ""コンビネーション使用率"", ""20km/h以上の走行平均人数"", ""20km/h以上の走行一人当たりの平均距離""]","[""47"", ""0.0%"", ""22.6%"", ""25.0%"", ""28.6%"", ""2.4%"", ""29.8%"", ""4.0人"", ""22.5m""]"
20260530,20260525,j1,2026,敵陣ポゼッション.html,敵陣ポゼッション (チームスタイル指標),リーグサマリー:2026 J1百年構想リーグ 敵陣ポゼッション (チームスタイル指標) | データによってサッカーはもっと輝く | Football LAB,敵陣ポゼッションのサマリー,1,清水,清水,"[""指数"", ""ゴール率"", ""シュート率"", ""ドリブル使用率"", ""ロングパス使用率"", ""空中戦使用率"", ""コンビネーション使用率"", ""20km/h以上の走行平均人数"", ""20km/h以上の走行一人当たりの平均距離""]","[""46"", ""2.4%"", ""19.3%"", ""13.3%"", ""44.6%"", ""18.1%"", ""25.3%"", ""3.5人"", ""18.5m""]"
20260530,20260525,j1,2026,敵陣ポゼッション.html,敵陣ポゼッション (チームスタイル指標),リーグサマリー:2026 J1百年構想リーグ 敵陣ポゼッション (チームスタイル指標) | データによってサッカーはもっと輝く | Football LAB,敵陣ポゼッションのサマリー,1,福岡,福岡,"[""指数"", ""ゴール率"", ""シュート率"", ""ドリブル使用率"", ""ロングパス使用率"", ""空中戦使用率"", ""コンビネーション使用率"", ""20km/h以上の走行平均人数"", ""20km/h以上の走行一人当たりの平均距離""]","[""45"", ""3.8%"", ""21.5%"", ""30.4%"", ""29.1%"", ""11.4%"", ""21.5%"", ""3.5人"", ""20.1m""]"
20260530,20260525,j1,2026,敵陣ポゼッション.html,敵陣ポゼッション (チームスタイル指標),リーグサマリー:2026 J1百年構想リーグ 敵陣ポゼッション (チームスタイル指標) | データによってサッカーはもっと輝く | Football LAB,敵陣ポゼッションのサマリー,1,長崎,長崎,"[""指数"", ""ゴール率"", ""シュート率"", ""ドリブル使用率"", ""ロングパス使用率"", ""空中戦使用率"", ""コンビネーション使用率"", ""20km/h以上の走行平均人数"", ""20km/h以上の走行一人当たりの平均距離""]","[""43"", ""1.4%"", ""21.6%"", ""29.7%"", ""47.3%"", ""6.8%"", ""28.4%"", ""3.5人"", ""20.8m""]"
20260530,20260525,j1,2026,敵陣ポゼッション.html,敵陣ポゼッション (チームスタイル指標),リーグサマリー:2026 J1百年構想リーグ 敵陣ポゼッション (チームスタイル指標) | データによってサッカーはもっと輝く | Football LAB,敵陣ポゼッションのサマリー,1,横浜FM,横浜FM,"[""指数"", ""ゴール率"", ""シュート率"", ""ドリブル使用率"", ""ロングパス使用率"", ""空中戦使用率"", ""コンビネーション使用率"", ""20km/h以上の走行平均人数"", ""20km/h以上の走行一人当たりの平均距離""]","[""43"", ""1.4%"", ""16.4%"", ""32.9%"", ""39.7%"", ""5.5%"", ""20.5%"", ""4.2人"", ""20.1m""]"
20260530,20260525,j1,2026,敵陣ポゼッション.html,敵陣ポゼッション (チームスタイル指標),リーグサマリー:2026 J1百年構想リーグ 敵陣ポゼッション (チームスタイル指標) | データによってサッカーはもっと輝く | Football LAB,敵陣ポゼッションのサマリー,1,千葉,千葉,"[""指数"", ""ゴール率"", ""シュート率"", ""ドリブル使用率"", ""ロングパス使用率"", ""空中戦使用率"", ""コンビネーション使用率"", ""20km/h以上の走行平均人数"", ""20km/h以上の走行一人当たりの平均距離""]","[""40"", ""3.1%"", ""21.5%"", ""29.2%"", ""29.2%"", ""3.1%"", ""18.5%"", ""3.8人"", ""18.2m""]"
20260530,20260525,j1,2026,敵陣ポゼッション.html,敵陣ポゼッション (チームスタイル指標),リーグサマリー:2026 J1百年構想リーグ 敵陣ポゼッション (チームスタイル指標) | データによってサッカーはもっと輝く | Football LAB,敵陣ポゼッションのサマリー,1,京都,京都,"[""指数"", ""ゴール率"", ""シュート率"", ""ドリブル使用率"", ""ロングパス使用率"", ""空中戦使用率"", ""コンビネーション使用率"", ""20km/h以上の走行平均人数"", ""20km/h以上の走行一人当たりの平均距離""]","[""39"", ""3.1%"", ""25.0%"", ""29.7%"", ""25.0%"", ""10.9%"", ""23.4%"", ""4.2人"", ""22.5m""]"
20260530,20260525,j1,2026,敵陣ポゼッション.html,敵陣ポゼッション (チームスタイル指標),リーグサマリー:2026 J1百年構想リーグ 敵陣ポゼッション (チームスタイル指標) | データによってサッカーはもっと輝く | Football LAB,敵陣ポゼッションのサマリー,1,東京Ｖ,東京Ｖ,"[""指数"", ""ゴール率"", ""シュート率"", ""ドリブル使用率"", ""ロングパス使用率"", ""空中戦使用率"", ""コンビネーション使用率"", ""20km/h以上の走行平均人数"", ""20km/h以上の走行一人当たりの平均距離""]","[""36"", ""0.0%"", ""16.7%"", ""35.2%"", ""29.6%"", ""11.1%"", ""24.1%"", ""4.4人"", ""23.5m""]"
20260530,20260525,j1,2026,敵陣ポゼッション.html,敵陣ポゼッション (チームスタイル指標),リーグサマリー:2026 J1百年構想リーグ 敵陣ポゼッション (チームスタイル指標) | データによってサッカーはもっと輝く | Football LAB,敵陣ポゼッションのサマリー,1,岡山,岡山,"[""指数"", ""ゴール率"", ""シュート率"", ""ドリブル使用率"", ""ロングパス使用率"", ""空中戦使用率"", ""コンビネーション使用率"", ""20km/h以上の走行平均人数"", ""20km/h以上の走行一人当たりの平均距離""]","[""34"", ""4.1%"", ""18.4%"", ""32.7%"", ""42.9%"", ""12.2%"", ""38.8%"", ""3.8人"", ""19.7m""]"
20260530,20260525,j1,2026,敵陣ポゼッション.html,敵陣ポゼッション (チームスタイル指標),リーグサマリー:2026 J1百年構想リーグ 敵陣ポゼッション (チームスタイル指標) | データによってサッカーはもっと輝く | Football LAB,敵陣ポゼッション (チームスタイル指標),2,鹿島,鹿島,"[""攻撃セットプレー"", ""左サイド攻撃"", ""中央攻撃"", ""右サイド攻撃"", ""ショートカウンター"", ""ロングカウンター"", ""敵陣ポゼッション"", ""自陣ポゼッション""]","[""52"", ""37"", ""51"", ""48"", ""35"", ""35"", ""51"", ""66""]"
20260530,20260525,j1,2026,敵陣ポゼッション.html,敵陣ポゼッション (チームスタイル指標),リーグサマリー:2026 J1百年構想リーグ 敵陣ポゼッション (チームスタイル指標) | データによってサッカーはもっと輝く | Football LAB,敵陣ポゼッション (チームスタイル指標),2,FC東京,FC東京,"[""攻撃セットプレー"", ""左サイド攻撃"", ""中央攻撃"", ""右サイド攻撃"", ""ショートカウンター"", ""ロングカウンター"", ""敵陣ポゼッション"", ""自陣ポゼッション""]","[""52"", ""55"", ""60"", ""37"", ""42"", ""55"", ""49"", ""64""]"
20260530,20260525,j1,2026,敵陣ポゼッション.html,敵陣ポゼッション (チームスタイル指標),リーグサマリー:2026 J1百年構想リーグ 敵陣ポゼッション (チームスタイル指標) | データによってサッカーはもっと輝く | Football LAB,敵陣ポゼッション (チームスタイル指標),2,町田,町田,"[""攻撃セットプレー"", ""左サイド攻撃"", ""中央攻撃"", ""右サイド攻撃"", ""ショートカウンター"", ""ロングカウンター"", ""敵陣ポゼッション"", ""自陣ポゼッション""]","[""38"", ""49"", ""39"", ""52"", ""47"", ""46"", ""54"", ""50""]"
20260530,20260525,j1,2026,敵陣ポゼッション.html,敵陣ポゼッション (チームスタイル指標),リーグサマリー:2026 J1百年構想リーグ 敵陣ポゼッション (チームスタイル指標) | データによってサッカーはもっと輝く | Football LAB,敵陣ポゼッション (チームスタイル指標),2,川崎Ｆ,川崎Ｆ,"[""攻撃セットプレー"", ""左サイド攻撃"", ""中央攻撃"", ""右サイド攻撃"", ""ショートカウンター"", ""ロングカウンター"", ""敵陣ポゼッション"", ""自陣ポゼッション""]","[""39"", ""65"", ""49"", ""39"", ""38"", ""45"", ""69"", ""53""]"
20260530,20260525,j1,2026,敵陣ポゼッション.html,敵陣ポゼッション (チームスタイル指標),リーグサマリー:2026 J1百年構想リーグ 敵陣ポゼッション (チームスタイル指標) | データによってサッカーはもっと輝く | Football LAB,敵陣ポゼッション (チームスタイル指標),2,東京Ｖ,東京Ｖ,"[""攻撃セットプレー"", ""左サイド攻撃"", ""中央攻撃"", ""右サイド攻撃"", ""ショートカウンター"", ""ロングカウンター"", ""敵陣ポゼッション"", ""自陣ポゼッション""]","[""47"", ""43"", ""50"", ""45"", ""59"", ""30"", ""36"", ""51""]"
20260530,20260525,j1,2026,敵陣ポゼッション.html,敵陣ポゼッション (チームスタイル指標),リーグサマリー:2026 J1百年構想リーグ 敵陣ポゼッション (チームスタイル指標) | データによってサッカーはもっと輝く | Football LAB,敵陣ポゼッション (チームスタイル指標),2,浦和,浦和,"[""攻撃セットプレー"", ""左サイド攻撃"", ""中央攻撃"", ""右サイド攻撃"", ""ショートカウンター"", ""ロングカウンター"", ""敵陣ポゼッション"", ""自陣ポゼッション""]","[""50"", ""37"", ""38"", ""64"", ""37"", ""47"", ""59"", ""51""]"
20260530,20260525,j1,2026,敵陣ポゼッション.html,敵陣ポゼッション (チームスタイル指標),リーグサマリー:2026 J1百年構想リーグ 敵陣ポゼッション (チームスタイル指標) | データによってサッカーはもっと輝く | Football LAB,敵陣ポゼッション (チームスタイル指標),2,横浜FM,横浜FM,"[""攻撃セットプレー"", ""左サイド攻撃"", ""中央攻撃"", ""右サイド攻撃"", ""ショートカウンター"", ""ロングカウンター"", ""敵陣ポゼッション"", ""自陣ポゼッション""]","[""55"", ""61"", ""46"", ""55"", ""57"", ""44"", ""43"", ""48""]"
20260530,20260525,j1,2026,敵陣ポゼッション.html,敵陣ポゼッション (チームスタイル指標),リーグサマリー:2026 J1百年構想リーグ 敵陣ポゼッション (チームスタイル指標) | データによってサッカーはもっと輝く | Football LAB,敵陣ポゼッション (チームスタイル指標),2,柏,柏,"[""攻撃セットプレー"", ""左サイド攻撃"", ""中央攻撃"", ""右サイド攻撃"", ""ショートカウンター"", ""ロングカウンター"", ""敵陣ポゼッション"", ""自陣ポゼッション""]","[""45"", ""43"", ""55"", ""74"", ""40"", ""45"", ""70"", ""67""]"
20260530,20260525,j1,2026,敵陣ポゼッション.html,敵陣ポゼッション (チームスタイル指標),リーグサマリー:2026 J1百年構想リーグ 敵陣ポゼッション (チームスタイル指標) | データによってサッカーはもっと輝く | Football LAB,敵陣ポゼッション (チームスタイル指標),2,水戸,水戸,"[""攻撃セットプレー"", ""左サイド攻撃"", ""中央攻撃"", ""右サイド攻撃"", ""ショートカウンター"", ""ロングカウンター"", ""敵陣ポゼッション"", ""自陣ポゼッション""]","[""38"", ""34"", ""57"", ""48"", ""54"", ""42"", ""51"", ""64""]"
20260530,20260525,j1,2026,敵陣ポゼッション.html,敵陣ポゼッション (チームスタイル指標),リーグサマリー:2026 J1百年構想リーグ 敵陣ポゼッション (チームスタイル指標) | データによってサッカーはもっと輝く | Football LAB,敵陣ポゼッション (チームスタイル指標),2,千葉,千葉,"[""攻撃セットプレー"", ""左サイド攻撃"", ""中央攻撃"", ""右サイド攻撃"", ""ショートカウンター"", ""ロングカウンター"", ""敵陣ポゼッション"", ""自陣ポゼッション""]","[""39"", ""51"", ""31"", ""40"", ""34"", ""49"", ""40"", ""59""]"
20260530,20260525,j1,2026,敵陣ポゼッション.html,敵陣ポゼッション (チームスタイル指標),リーグサマリー:2026 J1百年構想リーグ 敵陣ポゼッション (チームスタイル指標) | データによってサッカーはもっと輝く | Football LAB,敵陣ポゼッション (チームスタイル指標),2,神戸,神戸,"[""攻撃セットプレー"", ""左サイド攻撃"", ""中央攻撃"", ""右サイド攻撃"", ""ショートカウンター"", ""ロングカウンター"", ""敵陣ポゼッション"", ""自陣ポゼッション""]","[""57"", ""58"", ""57"", ""52"", ""54"", ""48"", ""55"", ""43""]"
20260530,20260525,j1,2026,敵陣ポゼッション.html,敵陣ポゼッション (チームスタイル指標),リーグサマリー:2026 J1百年構想リーグ 敵陣ポゼッション (チームスタイル指標) | データによってサッカーはもっと輝く | Football LAB,敵陣ポゼッション (チームスタイル指標),2,Ｃ大阪,Ｃ大阪,"[""攻撃セットプレー"", ""左サイド攻撃"", ""中央攻撃"", ""右サイド攻撃"", ""ショートカウンター"", ""ロングカウンター"", ""敵陣ポゼッション"", ""自陣ポゼッション""]","[""35"", ""44"", ""60"", ""51"", ""50"", ""53"", ""47"", ""52""]"
20260530,20260525,j1,2026,敵陣ポゼッション.html,敵陣ポゼッション (チームスタイル指標),リーグサマリー:2026 J1百年構想リーグ 敵陣ポゼッション (チームスタイル指標) | データによってサッカーはもっと輝く | Football LAB,敵陣ポゼッション (チームスタイル指標),2,名古屋,名古屋,"[""攻撃セットプレー"", ""左サイド攻撃"", ""中央攻撃"", ""右サイド攻撃"", ""ショートカウンター"", ""ロングカウンター"", ""敵陣ポゼッション"", ""自陣ポゼッション""]","[""49"", ""46"", ""60"", ""41"", ""57"", ""57"", ""50"", ""53""]"
20260530,20260525,j1,2026,敵陣ポゼッション.html,敵陣ポゼッション (チームスタイル指標),リーグサマリー:2026 J1百年構想リーグ 敵陣ポゼッション (チームスタイル指標) | データによってサッカーはもっと輝く | Football LAB,敵陣ポゼッション (チームスタイル指標),2,広島,広島,"[""攻撃セットプレー"", ""左サイド攻撃"", ""中央攻撃"", ""右サイド攻撃"", ""ショートカウンター"", ""ロングカウンター"", ""敵陣ポゼッション"", ""自陣ポゼッション""]","[""78"", ""50"", ""67"", ""63"", ""70"", ""70"", ""58"", ""40""]"
20260530,20260525,j1,2026,敵陣ポゼッション.html,敵陣ポゼッション (チームスタイル指標),リーグサマリー:2026 J1百年構想リーグ 敵陣ポゼッション (チームスタイル指標) | データによってサッカーはもっと輝く | Football LAB,敵陣ポゼッション (チームスタイル指標),2,Ｇ大阪,Ｇ大阪,"[""攻撃セットプレー"", ""左サイド攻撃"", ""中央攻撃"", ""右サイド攻撃"", ""ショートカウンター"", ""ロングカウンター"", ""敵陣ポゼッション"", ""自陣ポゼッション""]","[""47"", ""43"", ""60"", ""50"", ""50"", ""56"", ""64"", ""43""]"
20260530,20260525,j1,2026,敵陣ポゼッション.html,敵陣ポゼッション (チームスタイル指標),リーグサマリー:2026 J1百年構想リーグ 敵陣ポゼッション (チームスタイル指標) | データによってサッカーはもっと輝く | Football LAB,敵陣ポゼッション (チームスタイル指標),2,岡山,岡山,"[""攻撃セットプレー"", ""左サイド攻撃"", ""中央攻撃"", ""右サイド攻撃"", ""ショートカウンター"", ""ロングカウンター"", ""敵陣ポゼッション"", ""自陣ポゼッション""]","[""53"", ""66"", ""33"", ""50"", ""61"", ""76"", ""34"", ""33""]"
20260530,20260525,j1,2026,敵陣ポゼッション.html,敵陣ポゼッション (チームスタイル指標),リーグサマリー:2026 J1百年構想リーグ 敵陣ポゼッション (チームスタイル指標) | データによってサッカーはもっと輝く | Football LAB,敵陣ポゼッション (チームスタイル指標),2,清水,清水,"[""攻撃セットプレー"", ""左サイド攻撃"", ""中央攻撃"", ""右サイド攻撃"", ""ショートカウンター"", ""ロングカウンター"", ""敵陣ポゼッション"", ""自陣ポゼッション""]","[""58"", ""71"", ""51"", ""53"", ""61"", ""50"", ""46"", ""35""]"
20260530,20260525,j1,2026,敵陣ポゼッション.html,敵陣ポゼッション (チームスタイル指標),リーグサマリー:2026 J1百年構想リーグ 敵陣ポゼッション (チームスタイル指標) | データによってサッカーはもっと輝く | Football LAB,敵陣ポゼッション (チームスタイル指標),2,京都,京都,"[""攻撃セットプレー"", ""左サイド攻撃"", ""中央攻撃"", ""右サイド攻撃"", ""ショートカウンター"", ""ロングカウンター"", ""敵陣ポゼッション"", ""自陣ポゼッション""]","[""66"", ""50"", ""58"", ""64"", ""61"", ""53"", ""39"", ""41""]"
20260530,20260525,j1,2026,敵陣ポゼッション.html,敵陣ポゼッション (チームスタイル指標),リーグサマリー:2026 J1百年構想リーグ 敵陣ポゼッション (チームスタイル指標) | データによってサッカーはもっと輝く | Football LAB,敵陣ポゼッション (チームスタイル指標),2,長崎,長崎,"[""攻撃セットプレー"", ""左サイド攻撃"", ""中央攻撃"", ""右サイド攻撃"", ""ショートカウンター"", ""ロングカウンター"", ""敵陣ポゼッション"", ""自陣ポゼッション""]","[""50"", ""45"", ""42"", ""39"", ""42"", ""52"", ""43"", ""47""]"
20260530,20260525,j1,2026,敵陣ポゼッション.html,敵陣ポゼッション (チームスタイル指標),リーグサマリー:2026 J1百年構想リーグ 敵陣ポゼッション (チームスタイル指標) | データによってサッカーはもっと輝く | Football LAB,敵陣ポゼッション (チームスタイル指標),2,福岡,福岡,"[""攻撃セットプレー"", ""左サイド攻撃"", ""中央攻撃"", ""右サイド攻撃"", ""ショートカウンター"", ""ロングカウンター"", ""敵陣ポゼッション"", ""自陣ポゼッション""]","[""52"", ""53"", ""37"", ""35"", ""50"", ""45"", ""45"", ""38""]"
20260530,20260525,j1,2026,敵陣ポゼッション.html,敵陣ポゼッション (チームスタイル指標),リーグサマリー:2026 J1百年構想リーグ 敵陣ポゼッション (チームスタイル指標) | データによってサッカーはもっと輝く | Football LAB,敵陣ポゼッション (チームスタイル指標),3,鹿島,鹿島,"[""攻撃セットプレー"", ""左サイド攻撃"", ""中央攻撃"", ""右サイド攻撃"", ""ショートカウンター"", ""ロングカウンター"", ""敵陣ポゼッション"", ""自陣ポゼッション""]","[""27.3%"", ""7.0%"", ""33.9%"", ""14.5%"", ""21.3%"", ""16.4%"", ""17.7%"", ""6.5%""]"
20260530,20260525,j1,2026,敵陣ポゼッション.html,敵陣ポゼッション (チームスタイル指標),リーグサマリー:2026 J1百年構想リーグ 敵陣ポゼッション (チームスタイル指標) | データによってサッカーはもっと輝く | Football LAB,敵陣ポゼッション (チームスタイル指標),3,FC東京,FC東京,"[""攻撃セットプレー"", ""左サイド攻撃"", ""中央攻撃"", ""右サイド攻撃"", ""ショートカウンター"", ""ロングカウンター"", ""敵陣ポゼッション"", ""自陣ポゼッション""]","[""27.6%"", ""15.2%"", ""43.1%"", ""14.3%"", ""24.8%"", ""23.4%"", ""23.3%"", ""9.7%""]"
20260530,20260525,j1,2026,敵陣ポゼッション.html,敵陣ポゼッション (チームスタイル指標),リーグサマリー:2026 J1百年構想リーグ 敵陣ポゼッション (チームスタイル指標) | データによってサッカーはもっと輝く | Football LAB,敵陣ポゼッション (チームスタイル指標),3,町田,町田,"[""攻撃セットプレー"", ""左サイド攻撃"", ""中央攻撃"", ""右サイド攻撃"", ""ショートカウンター"", ""ロングカウンター"", ""敵陣ポゼッション"", ""自陣ポゼッション""]","[""29.8%"", ""14.0%"", ""29.5%"", ""11.4%"", ""16.9%"", ""12.7%"", ""24.3%"", ""7.1%""]"
20260530,20260525,j1,2026,敵陣ポゼッション.html,敵陣ポゼッション (チームスタイル指標),リーグサマリー:2026 J1百年構想リーグ 敵陣ポゼッション (チームスタイル指標) | データによってサッカーはもっと輝く | Football LAB,敵陣ポゼッション (チームスタイル指標),3,川崎Ｆ,川崎Ｆ,"[""攻撃セットプレー"", ""左サイド攻撃"", ""中央攻撃"", ""右サイド攻撃"", ""ショートカウンター"", ""ロングカウンター"", ""敵陣ポゼッション"", ""自陣ポゼッション""]","[""27.6%"", ""13.7%"", ""34.1%"", ""12.4%"", ""20.1%"", ""24.4%"", ""17.9%"", ""8.9%""]"
20260530,20260525,j1,2026,敵陣ポゼッション.html,敵陣ポゼッション (チームスタイル指標),リーグサマリー:2026 J1百年構想リーグ 敵陣ポゼッション (チームスタイル指標) | データによってサッカーはもっと輝く | Football LAB,敵陣ポゼッション (チームスタイル指標),3,東京Ｖ,東京Ｖ,"[""攻撃セットプレー"", ""左サイド攻撃"", ""中央攻撃"", ""右サイド攻撃"", ""ショートカウンター"", ""ロングカウンター"", ""敵陣ポゼッション"", ""自陣ポゼッション""]","[""19.2%"", ""11.8%"", ""31.0%"", ""11.6%"", ""20.5%"", ""24.5%"", ""16.7%"", ""5.4%""]"
20260530,20260525,j1,2026,敵陣ポゼッション.html,敵陣ポゼッション (チームスタイル指標),リーグサマリー:2026 J1百年構想リーグ 敵陣ポゼッション (チームスタイル指標) | データによってサッカーはもっと輝く | Football LAB,敵陣ポゼッション (チームスタイル指標),3,浦和,浦和,"[""攻撃セットプレー"", ""左サイド攻撃"", ""中央攻撃"", ""右サイド攻撃"", ""ショートカウンター"", ""ロングカウンター"", ""敵陣ポゼッション"", ""自陣ポゼッション""]","[""28.9%"", ""16.2%"", ""40.8%"", ""15.3%"", ""19.6%"", ""17.3%"", ""26.3%"", ""11.3%""]"
20260530,20260525,j1,2026,敵陣ポゼッション.html,敵陣ポゼッション (チームスタイル指標),リーグサマリー:2026 J1百年構想リーグ 敵陣ポゼッション (チームスタイル指標) | データによってサッカーはもっと輝く | Football LAB,敵陣ポゼッション (チームスタイル指標),3,横浜FM,横浜FM,"[""攻撃セットプレー"", ""左サイド攻撃"", ""中央攻撃"", ""右サイド攻撃"", ""ショートカウンター"", ""ロングカウンター"", ""敵陣ポゼッション"", ""自陣ポゼッション""]","[""22.1%"", ""13.6%"", ""36.7%"", ""9.9%"", ""19.4%"", ""17.1%"", ""16.4%"", ""6.0%""]"
20260530,20260525,j1,2026,敵陣ポゼッション.html,敵陣ポゼッション (チームスタイル指標),リーグサマリー:2026 J1百年構想リーグ 敵陣ポゼッション (チームスタイル指標) | データによってサッカーはもっと輝く | Football LAB,敵陣ポゼッション (チームスタイル指標),3,柏,柏,"[""攻撃セットプレー"", ""左サイド攻撃"", ""中央攻撃"", ""右サイド攻撃"", ""ショートカウンター"", ""ロングカウンター"", ""敵陣ポゼッション"", ""自陣ポゼッション""]","[""19.1%"", ""11.9%"", ""37.4%"", ""13.5%"", ""21.5%"", ""16.7%"", ""19.7%"", ""8.4%""]"
20260530,20260525,j1,2026,敵陣ポゼッション.html,敵陣ポゼッション (チームスタイル指標),リーグサマリー:2026 J1百年構想リーグ 敵陣ポゼッション (チームスタイル指標) | データによってサッカーはもっと輝く | Football LAB,敵陣ポゼッション (チームスタイル指標),3,水戸,水戸,"[""攻撃セットプレー"", ""左サイド攻撃"", ""中央攻撃"", ""右サイド攻撃"", ""ショートカウンター"", ""ロングカウンター"", ""敵陣ポゼッション"", ""自陣ポゼッション""]","[""21.5%"", ""19.4%"", ""32.1%"", ""8.1%"", ""20.8%"", ""15.3%"", ""24.2%"", ""6.4%""]"
20260530,20260525,j1,2026,敵陣ポゼッション.html,敵陣ポゼッション (チームスタイル指標),リーグサマリー:2026 J1百年構想リーグ 敵陣ポゼッション (チームスタイル指標) | データによってサッカーはもっと輝く | Football LAB,敵陣ポゼッション (チームスタイル指標),3,千葉,千葉,"[""攻撃セットプレー"", ""左サイド攻撃"", ""中央攻撃"", ""右サイド攻撃"", ""ショートカウンター"", ""ロングカウンター"", ""敵陣ポゼッション"", ""自陣ポゼッション""]","[""27.3%"", ""14.1%"", ""35.6%"", ""15.4%"", ""21.5%"", ""18.1%"", ""21.5%"", ""5.2%""]"
20260530,20260525,j1,2026,敵陣ポゼッション.html,敵陣ポゼッション (チームスタイル指標),リーグサマリー:2026 J1百年構想リーグ 敵陣ポゼッション (チームスタイル指標) | データによってサッカーはもっと輝く | Football LAB,敵陣ポゼッション (チームスタイル指標),3,神戸,神戸,"[""攻撃セットプレー"", ""左サイド攻撃"", ""中央攻撃"", ""右サイド攻撃"", ""ショートカウンター"", ""ロングカウンター"", ""敵陣ポゼッション"", ""自陣ポゼッション""]","[""30.9%"", ""12.6%"", ""25.3%"", ""10.9%"", ""15.2%"", ""14.6%"", ""18.7%"", ""5.8%""]"
20260530,20260525,j1,2026,敵陣ポゼッション.html,敵陣ポゼッション (チームスタイル指標),リーグサマリー:2026 J1百年構想リーグ 敵陣ポゼッション (チームスタイル指標) | データによってサッカーはもっと輝く | Football LAB,敵陣ポゼッション (チームスタイル指標),3,Ｃ大阪,Ｃ大阪,"[""攻撃セットプレー"", ""左サイド攻撃"", ""中央攻撃"", ""右サイド攻撃"", ""ショートカウンター"", ""ロングカウンター"", ""敵陣ポゼッション"", ""自陣ポゼッション""]","[""20.9%"", ""14.5%"", ""43.4%"", ""13.9%"", ""24.7%"", ""16.7%"", ""22.6%"", ""3.9%""]"
20260530,20260525,j1,2026,敵陣ポゼッション.html,敵陣ポゼッション (チームスタイル指標),リーグサマリー:2026 J1百年構想リーグ 敵陣ポゼッション (チームスタイル指標) | データによってサッカーはもっと輝く | Football LAB,敵陣ポゼッション (チームスタイル指標),3,名古屋,名古屋,"[""攻撃セットプレー"", ""左サイド攻撃"", ""中央攻撃"", ""右サイド攻撃"", ""ショートカウンター"", ""ロングカウンター"", ""敵陣ポゼッション"", ""自陣ポゼッション""]","[""27.9%"", ""19.3%"", ""31.5%"", ""13.8%"", ""15.6%"", ""21.6%"", ""23.4%"", ""6.9%""]"
20260530,20260525,j1,2026,敵陣ポゼッション.html,敵陣ポゼッション (チームスタイル指標),リーグサマリー:2026 J1百年構想リーグ 敵陣ポゼッション (チームスタイル指標) | データによってサッカーはもっと輝く | Football LAB,敵陣ポゼッション (チームスタイル指標),3,広島,広島,"[""攻撃セットプレー"", ""左サイド攻撃"", ""中央攻撃"", ""右サイド攻撃"", ""ショートカウンター"", ""ロングカウンター"", ""敵陣ポゼッション"", ""自陣ポゼッション""]","[""27.6%"", ""16.0%"", ""32.2%"", ""15.6%"", ""15.9%"", ""15.1%"", ""30.2%"", ""7.0%""]"
20260530,20260525,j1,2026,敵陣ポゼッション.html,敵陣ポゼッション (チームスタイル指標),リーグサマリー:2026 J1百年構想リーグ 敵陣ポゼッション (チームスタイル指標) | データによってサッカーはもっと輝く | Football LAB,敵陣ポゼッション (チームスタイル指標),3,Ｇ大阪,Ｇ大阪,"[""攻撃セットプレー"", ""左サイド攻撃"", ""中央攻撃"", ""右サイド攻撃"", ""ショートカウンター"", ""ロングカウンター"", ""敵陣ポゼッション"", ""自陣ポゼッション""]","[""23.5%"", ""17.5%"", ""33.5%"", ""10.6%"", ""18.3%"", ""17.9%"", ""25.0%"", ""10.5%""]"
20260530,20260525,j1,2026,敵陣ポゼッション.html,敵陣ポゼッション (チームスタイル指標),リーグサマリー:2026 J1百年構想リーグ 敵陣ポゼッション (チームスタイル指標) | データによってサッカーはもっと輝く | Football LAB,敵陣ポゼッション (チームスタイル指標),3,岡山,岡山,"[""攻撃セットプレー"", ""左サイド攻撃"", ""中央攻撃"", ""右サイド攻撃"", ""ショートカウンター"", ""ロングカウンター"", ""敵陣ポゼッション"", ""自陣ポゼッション""]","[""25.8%"", ""13.0%"", ""28.1%"", ""12.4%"", ""14.6%"", ""13.3%"", ""18.4%"", ""18.0%""]"
20260530,20260525,j1,2026,敵陣ポゼッション.html,敵陣ポゼッション (チームスタイル指標),リーグサマリー:2026 J1百年構想リーグ 敵陣ポゼッション (チームスタイル指標) | データによってサッカーはもっと輝く | Football LAB,敵陣ポゼッション (チームスタイル指標),3,清水,清水,"[""攻撃セットプレー"", ""左サイド攻撃"", ""中央攻撃"", ""右サイド攻撃"", ""ショートカウンター"", ""ロングカウンター"", ""敵陣ポゼッション"", ""自陣ポゼッション""]","[""19.8%"", ""9.8%"", ""32.2%"", ""5.9%"", ""12.5%"", ""7.1%"", ""19.3%"", ""5.0%""]"
20260530,20260525,j1,2026,敵陣ポゼッション.html,敵陣ポゼッション (チームスタイル指標),リーグサマリー:2026 J1百年構想リーグ 敵陣ポゼッション (チームスタイル指標) | データによってサッカーはもっと輝く | Football LAB,敵陣ポゼッション (チームスタイル指標),3,京都,京都,"[""攻撃セットプレー"", ""左サイド攻撃"", ""中央攻撃"", ""右サイド攻撃"", ""ショートカウンター"", ""ロングカウンター"", ""敵陣ポゼッション"", ""自陣ポゼッション""]","[""21.8%"", ""10.9%"", ""36.5%"", ""13.6%"", ""16.0%"", ""18.7%"", ""25.0%"", ""7.8%""]"
20260530,20260525,j1,2026,敵陣ポゼッション.html,敵陣ポゼッション (チームスタイル指標),リーグサマリー:2026 J1百年構想リーグ 敵陣ポゼッション (チームスタイル指標) | データによってサッカーはもっと輝く | Football LAB,敵陣ポゼッション (チームスタイル指標),3,長崎,長崎,"[""攻撃セットプレー"", ""左サイド攻撃"", ""中央攻撃"", ""右サイド攻撃"", ""ショートカウンター"", ""ロングカウンター"", ""敵陣ポゼッション"", ""自陣ポゼッション""]","[""21.5%"", ""13.9%"", ""37.6%"", ""7.6%"", ""19.8%"", ""18.0%"", ""21.6%"", ""6.4%""]"
20260530,20260525,j1,2026,敵陣ポゼッション.html,敵陣ポゼッション (チームスタイル指標),リーグサマリー:2026 J1百年構想リーグ 敵陣ポゼッション (チームスタイル指標) | データによってサッカーはもっと輝く | Football LAB,敵陣ポゼッション (チームスタイル指標),3,福岡,福岡,"[""攻撃セットプレー"", ""左サイド攻撃"", ""中央攻撃"", ""右サイド攻撃"", ""ショートカウンター"", ""ロングカウンター"", ""敵陣ポゼッション"", ""自陣ポゼッション""]","[""26.1%"", ""8.4%"", ""34.9%"", ""9.9%"", ""17.9%"", ""6.4%"", ""21.5%"", ""2.7%""]"
20260530,20260525,j1,2026,自陣ポゼッション.html,自陣ポゼッション (チームスタイル指標),リーグサマリー:2026 J1百年構想リーグ 自陣ポゼッション (チームスタイル指標) | データによってサッカーはもっと輝く | Football LAB,自陣ポゼッションのサマリー,1,柏,柏,"[""指数"", ""ゴール率"", ""シュート率"", ""ドリブル使用率"", ""ロングパス使用率"", ""空中戦使用率"", ""コンビネーション使用率"", ""20km/h以上の走行平均人数"", ""20km/h以上の走行一人当たりの平均距離""]","[""67"", ""0.4%"", ""8.4%"", ""11.3%"", ""23.9%"", ""3.8%"", ""1.7%"", ""2.8人"", ""18.6m""]"
20260530,20260525,j1,2026,自陣ポゼッション.html,自陣ポゼッション (チームスタイル指標),リーグサマリー:2026 J1百年構想リーグ 自陣ポゼッション (チームスタイル指標) | データによってサッカーはもっと輝く | Football LAB,自陣ポゼッションのサマリー,1,鹿島,鹿島,"[""指数"", ""ゴール率"", ""シュート率"", ""ドリブル使用率"", ""ロングパス使用率"", ""空中戦使用率"", ""コンビネーション使用率"", ""20km/h以上の走行平均人数"", ""20km/h以上の走行一人当たりの平均距離""]","[""66"", ""1.3%"", ""6.5%"", ""6.9%"", ""25.4%"", ""2.6%"", ""3.4%"", ""2.8人"", ""19.9m""]"
20260530,20260525,j1,2026,自陣ポゼッション.html,自陣ポゼッション (チームスタイル指標),リーグサマリー:2026 J1百年構想リーグ 自陣ポゼッション (チームスタイル指標) | データによってサッカーはもっと輝く | Football LAB,自陣ポゼッションのサマリー,1,水戸,水戸,"[""指数"", ""ゴール率"", ""シュート率"", ""ドリブル使用率"", ""ロングパス使用率"", ""空中戦使用率"", ""コンビネーション使用率"", ""20km/h以上の走行平均人数"", ""20km/h以上の走行一人当たりの平均距離""]","[""64"", ""1.4%"", ""6.4%"", ""10.5%"", ""27.3%"", ""4.1%"", ""1.4%"", ""3.1人"", ""20.8m""]"
20260530,20260525,j1,2026,自陣ポゼッション.html,自陣ポゼッション (チームスタイル指標),リーグサマリー:2026 J1百年構想リーグ 自陣ポゼッション (チームスタイル指標) | データによってサッカーはもっと輝く | Football LAB,自陣ポゼッションのサマリー,1,FC東京,FC東京,"[""指数"", ""ゴール率"", ""シュート率"", ""ドリブル使用率"", ""ロングパス使用率"", ""空中戦使用率"", ""コンビネーション使用率"", ""20km/h以上の走行平均人数"", ""20km/h以上の走行一人当たりの平均距離""]","[""64"", ""0.5%"", ""9.7%"", ""5.5%"", ""26.3%"", ""4.1%"", ""2.8%"", ""3.2人"", ""20.3m""]"
20260530,20260525,j1,2026,自陣ポゼッション.html,自陣ポゼッション (チームスタイル指標),リーグサマリー:2026 J1百年構想リーグ 自陣ポゼッション (チームスタイル指標) | データによってサッカーはもっと輝く | Football LAB,自陣ポゼッションのサマリー,1,千葉,千葉,"[""指数"", ""ゴール率"", ""シュート率"", ""ドリブル使用率"", ""ロングパス使用率"", ""空中戦使用率"", ""コンビネーション使用率"", ""20km/h以上の走行平均人数"", ""20km/h以上の走行一人当たりの平均距離""]","[""59"", ""0.5%"", ""5.2%"", ""8.3%"", ""29.7%"", ""1.6%"", ""0.0%"", ""2.7人"", ""16.9m""]"
20260530,20260525,j1,2026,自陣ポゼッション.html,自陣ポゼッション (チームスタイル指標),リーグサマリー:2026 J1百年構想リーグ 自陣ポゼッション (チームスタイル指標) | データによってサッカーはもっと輝く | Football LAB,自陣ポゼッションのサマリー,1,名古屋,名古屋,"[""指数"", ""ゴール率"", ""シュート率"", ""ドリブル使用率"", ""ロングパス使用率"", ""空中戦使用率"", ""コンビネーション使用率"", ""20km/h以上の走行平均人数"", ""20km/h以上の走行一人当たりの平均距離""]","[""53"", ""0.0%"", ""6.9%"", ""10.6%"", ""41.3%"", ""1.3%"", ""3.1%"", ""2.6人"", ""17.6m""]"
20260530,20260525,j1,2026,自陣ポゼッション.html,自陣ポゼッション (チームスタイル指標),リーグサマリー:2026 J1百年構想リーグ 自陣ポゼッション (チームスタイル指標) | データによってサッカーはもっと輝く | Football LAB,自陣ポゼッションのサマリー,1,川崎Ｆ,川崎Ｆ,"[""指数"", ""ゴール率"", ""シュート率"", ""ドリブル使用率"", ""ロングパス使用率"", ""空中戦使用率"", ""コンビネーション使用率"", ""20km/h以上の走行平均人数"", ""20km/h以上の走行一人当たりの平均距離""]","[""53"", ""1.3%"", ""8.9%"", ""5.1%"", ""28.5%"", ""1.9%"", ""3.8%"", ""2.6人"", ""20.8m""]"
20260530,20260525,j1,2026,自陣ポゼッション.html,自陣ポゼッション (チームスタイル指標),リーグサマリー:2026 J1百年構想リーグ 自陣ポゼッション (チームスタイル指標) | データによってサッカーはもっと輝く | Football LAB,自陣ポゼッションのサマリー,1,Ｃ大阪,Ｃ大阪,"[""指数"", ""ゴール率"", ""シュート率"", ""ドリブル使用率"", ""ロングパス使用率"", ""空中戦使用率"", ""コンビネーション使用率"", ""20km/h以上の走行平均人数"", ""20km/h以上の走行一人当たりの平均距離""]","[""52"", ""1.3%"", ""3.9%"", ""9.7%"", ""26.6%"", ""1.9%"", ""2.6%"", ""3.0人"", ""21.0m""]"
20260530,20260525,j1,2026,自陣ポゼッション.html,自陣ポゼッション (チームスタイル指標),リーグサマリー:2026 J1百年構想リーグ 自陣ポゼッション (チームスタイル指標) | データによってサッカーはもっと輝く | Football LAB,自陣ポゼッションのサマリー,1,浦和,浦和,"[""指数"", ""ゴール率"", ""シュート率"", ""ドリブル使用率"", ""ロングパス使用率"", ""空中戦使用率"", ""コンビネーション使用率"", ""20km/h以上の走行平均人数"", ""20km/h以上の走行一人当たりの平均距離""]","[""51"", ""0.7%"", ""11.3%"", ""10.7%"", ""34.7%"", ""3.3%"", ""2.7%"", ""3.3人"", ""21.6m""]"
20260530,20260525,j1,2026,自陣ポゼッション.html,自陣ポゼッション (チームスタイル指標),リーグサマリー:2026 J1百年構想リーグ 自陣ポゼッション (チームスタイル指標) | データによってサッカーはもっと輝く | Football LAB,自陣ポゼッションのサマリー,1,東京Ｖ,東京Ｖ,"[""指数"", ""ゴール率"", ""シュート率"", ""ドリブル使用率"", ""ロングパス使用率"", ""空中戦使用率"", ""コンビネーション使用率"", ""20km/h以上の走行平均人数"", ""20km/h以上の走行一人当たりの平均距離""]","[""51"", ""0.0%"", ""5.4%"", ""4.0%"", ""30.2%"", ""3.4%"", ""1.3%"", ""2.7人"", ""18.4m""]"
20260530,20260525,j1,2026,自陣ポゼッション.html,自陣ポゼッション (チームスタイル指標),リーグサマリー:2026 J1百年構想リーグ 自陣ポゼッション (チームスタイル指標) | データによってサッカーはもっと輝く | Football LAB,自陣ポゼッションのサマリー,1,町田,町田,"[""指数"", ""ゴール率"", ""シュート率"", ""ドリブル使用率"", ""ロングパス使用率"", ""空中戦使用率"", ""コンビネーション使用率"", ""20km/h以上の走行平均人数"", ""20km/h以上の走行一人当たりの平均距離""]","[""50"", ""0.7%"", ""7.1%"", ""6.4%"", ""34.3%"", ""6.4%"", ""0.0%"", ""2.6人"", ""20.4m""]"
20260530,20260525,j1,2026,自陣ポゼッション.html,自陣ポゼッション (チームスタイル指標),リーグサマリー:2026 J1百年構想リーグ 自陣ポゼッション (チームスタイル指標) | データによってサッカーはもっと輝く | Football LAB,自陣ポゼッションのサマリー,1,横浜FM,横浜FM,"[""指数"", ""ゴール率"", ""シュート率"", ""ドリブル使用率"", ""ロングパス使用率"", ""空中戦使用率"", ""コンビネーション使用率"", ""20km/h以上の走行平均人数"", ""20km/h以上の走行一人当たりの平均距離""]","[""48"", ""0.8%"", ""6.0%"", ""4.5%"", ""32.3%"", ""3.0%"", ""1.5%"", ""2.8人"", ""17.3m""]"
20260530,20260525,j1,2026,自陣ポゼッション.html,自陣ポゼッション (チームスタイル指標),リーグサマリー:2026 J1百年構想リーグ 自陣ポゼッション (チームスタイル指標) | データによってサッカーはもっと輝く | Football LAB,自陣ポゼッションのサマリー,1,長崎,長崎,"[""指数"", ""ゴール率"", ""シュート率"", ""ドリブル使用率"", ""ロングパス使用率"", ""空中戦使用率"", ""コンビネーション使用率"", ""20km/h以上の走行平均人数"", ""20km/h以上の走行一人当たりの平均距離""]","[""47"", ""1.6%"", ""6.4%"", ""9.6%"", ""25.6%"", ""6.4%"", ""3.2%"", ""2.3人"", ""20.2m""]"
20260530,20260525,j1,2026,自陣ポゼッション.html,自陣ポゼッション (チームスタイル指標),リーグサマリー:2026 J1百年構想リーグ 自陣ポゼッション (チームスタイル指標) | データによってサッカーはもっと輝く | Football LAB,自陣ポゼッションのサマリー,1,Ｇ大阪,Ｇ大阪,"[""指数"", ""ゴール率"", ""シュート率"", ""ドリブル使用率"", ""ロングパス使用率"", ""空中戦使用率"", ""コンビネーション使用率"", ""20km/h以上の走行平均人数"", ""20km/h以上の走行一人当たりの平均距離""]","[""43"", ""2.9%"", ""10.5%"", ""8.6%"", ""24.8%"", ""4.8%"", ""2.9%"", ""2.5人"", ""18.3m""]"
20260530,20260525,j1,2026,自陣ポゼッション.html,自陣ポゼッション (チームスタイル指標),リーグサマリー:2026 J1百年構想リーグ 自陣ポゼッション (チームスタイル指標) | データによってサッカーはもっと輝く | Football LAB,自陣ポゼッションのサマリー,1,神戸,神戸,"[""指数"", ""ゴール率"", ""シュート率"", ""ドリブル使用率"", ""ロングパス使用率"", ""空中戦使用率"", ""コンビネーション使用率"", ""20km/h以上の走行平均人数"", ""20km/h以上の走行一人当たりの平均距離""]","[""43"", ""3.9%"", ""5.8%"", ""4.9%"", ""33.0%"", ""10.7%"", ""1.9%"", ""2.9人"", ""18.4m""]"
20260530,20260525,j1,2026,自陣ポゼッション.html,自陣ポゼッション (チームスタイル指標),リーグサマリー:2026 J1百年構想リーグ 自陣ポゼッション (チームスタイル指標) | データによってサッカーはもっと輝く | Football LAB,自陣ポゼッションのサマリー,1,京都,京都,"[""指数"", ""ゴール率"", ""シュート率"", ""ドリブル使用率"", ""ロングパス使用率"", ""空中戦使用率"", ""コンビネーション使用率"", ""20km/h以上の走行平均人数"", ""20km/h以上の走行一人当たりの平均距離""]","[""41"", ""2.2%"", ""7.8%"", ""6.7%"", ""23.3%"", ""8.9%"", ""1.1%"", ""3.1人"", ""20.8m""]"
20260530,20260525,j1,2026,自陣ポゼッション.html,自陣ポゼッション (チームスタイル指標),リーグサマリー:2026 J1百年構想リーグ 自陣ポゼッション (チームスタイル指標) | データによってサッカーはもっと輝く | Football LAB,自陣ポゼッションのサマリー,1,広島,広島,"[""指数"", ""ゴール率"", ""シュート率"", ""ドリブル使用率"", ""ロングパス使用率"", ""空中戦使用率"", ""コンビネーション使用率"", ""20km/h以上の走行平均人数"", ""20km/h以上の走行一人当たりの平均距離""]","[""40"", ""1.2%"", ""7.0%"", ""7.0%"", ""30.2%"", ""5.8%"", ""1.2%"", ""2.3人"", ""20.1m""]"
20260530,20260525,j1,2026,自陣ポゼッション.html,自陣ポゼッション (チームスタイル指標),リーグサマリー:2026 J1百年構想リーグ 自陣ポゼッション (チームスタイル指標) | データによってサッカーはもっと輝く | Football LAB,自陣ポゼッションのサマリー,1,福岡,福岡,"[""指数"", ""ゴール率"", ""シュート率"", ""ドリブル使用率"", ""ロングパス使用率"", ""空中戦使用率"", ""コンビネーション使用率"", ""20km/h以上の走行平均人数"", ""20km/h以上の走行一人当たりの平均距離""]","[""38"", ""0.0%"", ""2.7%"", ""9.3%"", ""44.0%"", ""1.3%"", ""1.3%"", ""2.9人"", ""19.1m""]"
20260530,20260525,j1,2026,自陣ポゼッション.html,自陣ポゼッション (チームスタイル指標),リーグサマリー:2026 J1百年構想リーグ 自陣ポゼッション (チームスタイル指標) | データによってサッカーはもっと輝く | Football LAB,自陣ポゼッションのサマリー,1,清水,清水,"[""指数"", ""ゴール率"", ""シュート率"", ""ドリブル使用率"", ""ロングパス使用率"", ""空中戦使用率"", ""コンビネーション使用率"", ""20km/h以上の走行平均人数"", ""20km/h以上の走行一人当たりの平均距離""]","[""35"", ""1.7%"", ""5.0%"", ""5.0%"", ""45.0%"", ""10.0%"", ""1.7%"", ""2.3人"", ""17.1m""]"
20260530,20260525,j1,2026,自陣ポゼッション.html,自陣ポゼッション (チームスタイル指標),リーグサマリー:2026 J1百年構想リーグ 自陣ポゼッション (チームスタイル指標) | データによってサッカーはもっと輝く | Football LAB,自陣ポゼッションのサマリー,1,岡山,岡山,"[""指数"", ""ゴール率"", ""シュート率"", ""ドリブル使用率"", ""ロングパス使用率"", ""空中戦使用率"", ""コンビネーション使用率"", ""20km/h以上の走行平均人数"", ""20km/h以上の走行一人当たりの平均距離""]","[""33"", ""6.0%"", ""18.0%"", ""6.0%"", ""36.0%"", ""12.0%"", ""4.0%"", ""3.4人"", ""23.3m""]"
20260530,20260525,j1,2026,自陣ポゼッション.html,自陣ポゼッション (チームスタイル指標),リーグサマリー:2026 J1百年構想リーグ 自陣ポゼッション (チームスタイル指標) | データによってサッカーはもっと輝く | Football LAB,自陣ポゼッション (チームスタイル指標),2,鹿島,鹿島,"[""攻撃セットプレー"", ""左サイド攻撃"", ""中央攻撃"", ""右サイド攻撃"", ""ショートカウンター"", ""ロングカウンター"", ""敵陣ポゼッション"", ""自陣ポゼッション""]","[""52"", ""37"", ""51"", ""48"", ""35"", ""35"", ""51"", ""66""]"
20260530,20260525,j1,2026,自陣ポゼッション.html,自陣ポゼッション (チームスタイル指標),リーグサマリー:2026 J1百年構想リーグ 自陣ポゼッション (チームスタイル指標) | データによってサッカーはもっと輝く | Football LAB,自陣ポゼッション (チームスタイル指標),2,FC東京,FC東京,"[""攻撃セットプレー"", ""左サイド攻撃"", ""中央攻撃"", ""右サイド攻撃"", ""ショートカウンター"", ""ロングカウンター"", ""敵陣ポゼッション"", ""自陣ポゼッション""]","[""52"", ""55"", ""60"", ""37"", ""42"", ""55"", ""49"", ""64""]"
20260530,20260525,j1,2026,自陣ポゼッション.html,自陣ポゼッション (チームスタイル指標),リーグサマリー:2026 J1百年構想リーグ 自陣ポゼッション (チームスタイル指標) | データによってサッカーはもっと輝く | Football LAB,自陣ポゼッション (チームスタイル指標),2,町田,町田,"[""攻撃セットプレー"", ""左サイド攻撃"", ""中央攻撃"", ""右サイド攻撃"", ""ショートカウンター"", ""ロングカウンター"", ""敵陣ポゼッション"", ""自陣ポゼッション""]","[""38"", ""49"", ""39"", ""52"", ""47"", ""46"", ""54"", ""50""]"
20260530,20260525,j1,2026,自陣ポゼッション.html,自陣ポゼッション (チームスタイル指標),リーグサマリー:2026 J1百年構想リーグ 自陣ポゼッション (チームスタイル指標) | データによってサッカーはもっと輝く | Football LAB,自陣ポゼッション (チームスタイル指標),2,川崎Ｆ,川崎Ｆ,"[""攻撃セットプレー"", ""左サイド攻撃"", ""中央攻撃"", ""右サイド攻撃"", ""ショートカウンター"", ""ロングカウンター"", ""敵陣ポゼッション"", ""自陣ポゼッション""]","[""39"", ""65"", ""49"", ""39"", ""38"", ""45"", ""69"", ""53""]"
20260530,20260525,j1,2026,自陣ポゼッション.html,自陣ポゼッション (チームスタイル指標),リーグサマリー:2026 J1百年構想リーグ 自陣ポゼッション (チームスタイル指標) | データによってサッカーはもっと輝く | Football LAB,自陣ポゼッション (チームスタイル指標),2,東京Ｖ,東京Ｖ,"[""攻撃セットプレー"", ""左サイド攻撃"", ""中央攻撃"", ""右サイド攻撃"", ""ショートカウンター"", ""ロングカウンター"", ""敵陣ポゼッション"", ""自陣ポゼッション""]","[""47"", ""43"", ""50"", ""45"", ""59"", ""30"", ""36"", ""51""]"
20260530,20260525,j1,2026,自陣ポゼッション.html,自陣ポゼッション (チームスタイル指標),リーグサマリー:2026 J1百年構想リーグ 自陣ポゼッション (チームスタイル指標) | データによってサッカーはもっと輝く | Football LAB,自陣ポゼッション (チームスタイル指標),2,浦和,浦和,"[""攻撃セットプレー"", ""左サイド攻撃"", ""中央攻撃"", ""右サイド攻撃"", ""ショートカウンター"", ""ロングカウンター"", ""敵陣ポゼッション"", ""自陣ポゼッション""]","[""50"", ""37"", ""38"", ""64"", ""37"", ""47"", ""59"", ""51""]"
20260530,20260525,j1,2026,自陣ポゼッション.html,自陣ポゼッション (チームスタイル指標),リーグサマリー:2026 J1百年構想リーグ 自陣ポゼッション (チームスタイル指標) | データによってサッカーはもっと輝く | Football LAB,自陣ポゼッション (チームスタイル指標),2,横浜FM,横浜FM,"[""攻撃セットプレー"", ""左サイド攻撃"", ""中央攻撃"", ""右サイド攻撃"", ""ショートカウンター"", ""ロングカウンター"", ""敵陣ポゼッション"", ""自陣ポゼッション""]","[""55"", ""61"", ""46"", ""55"", ""57"", ""44"", ""43"", ""48""]"
20260530,20260525,j1,2026,自陣ポゼッション.html,自陣ポゼッション (チームスタイル指標),リーグサマリー:2026 J1百年構想リーグ 自陣ポゼッション (チームスタイル指標) | データによってサッカーはもっと輝く | Football LAB,自陣ポゼッション (チームスタイル指標),2,柏,柏,"[""攻撃セットプレー"", ""左サイド攻撃"", ""中央攻撃"", ""右サイド攻撃"", ""ショートカウンター"", ""ロングカウンター"", ""敵陣ポゼッション"", ""自陣ポゼッション""]","[""45"", ""43"", ""55"", ""74"", ""40"", ""45"", ""70"", ""67""]"
20260530,20260525,j1,2026,自陣ポゼッション.html,自陣ポゼッション (チームスタイル指標),リーグサマリー:2026 J1百年構想リーグ 自陣ポゼッション (チームスタイル指標) | データによってサッカーはもっと輝く | Football LAB,自陣ポゼッション (チームスタイル指標),2,水戸,水戸,"[""攻撃セットプレー"", ""左サイド攻撃"", ""中央攻撃"", ""右サイド攻撃"", ""ショートカウンター"", ""ロングカウンター"", ""敵陣ポゼッション"", ""自陣ポゼッション""]","[""38"", ""34"", ""57"", ""48"", ""54"", ""42"", ""51"", ""64""]"
20260530,20260525,j1,2026,自陣ポゼッション.html,自陣ポゼッション (チームスタイル指標),リーグサマリー:2026 J1百年構想リーグ 自陣ポゼッション (チームスタイル指標) | データによってサッカーはもっと輝く | Football LAB,自陣ポゼッション (チームスタイル指標),2,千葉,千葉,"[""攻撃セットプレー"", ""左サイド攻撃"", ""中央攻撃"", ""右サイド攻撃"", ""ショートカウンター"", ""ロングカウンター"", ""敵陣ポゼッション"", ""自陣ポゼッション""]","[""39"", ""51"", ""31"", ""40"", ""34"", ""49"", ""40"", ""59""]"
20260530,20260525,j1,2026,自陣ポゼッション.html,自陣ポゼッション (チームスタイル指標),リーグサマリー:2026 J1百年構想リーグ 自陣ポゼッション (チームスタイル指標) | データによってサッカーはもっと輝く | Football LAB,自陣ポゼッション (チームスタイル指標),2,神戸,神戸,"[""攻撃セットプレー"", ""左サイド攻撃"", ""中央攻撃"", ""右サイド攻撃"", ""ショートカウンター"", ""ロングカウンター"", ""敵陣ポゼッション"", ""自陣ポゼッション""]","[""57"", ""58"", ""57"", ""52"", ""54"", ""48"", ""55"", ""43""]"
20260530,20260525,j1,2026,自陣ポゼッション.html,自陣ポゼッション (チームスタイル指標),リーグサマリー:2026 J1百年構想リーグ 自陣ポゼッション (チームスタイル指標) | データによってサッカーはもっと輝く | Football LAB,自陣ポゼッション (チームスタイル指標),2,Ｃ大阪,Ｃ大阪,"[""攻撃セットプレー"", ""左サイド攻撃"", ""中央攻撃"", ""右サイド攻撃"", ""ショートカウンター"", ""ロングカウンター"", ""敵陣ポゼッション"", ""自陣ポゼッション""]","[""35"", ""44"", ""60"", ""51"", ""50"", ""53"", ""47"", ""52""]"
20260530,20260525,j1,2026,自陣ポゼッション.html,自陣ポゼッション (チームスタイル指標),リーグサマリー:2026 J1百年構想リーグ 自陣ポゼッション (チームスタイル指標) | データによってサッカーはもっと輝く | Football LAB,自陣ポゼッション (チームスタイル指標),2,名古屋,名古屋,"[""攻撃セットプレー"", ""左サイド攻撃"", ""中央攻撃"", ""右サイド攻撃"", ""ショートカウンター"", ""ロングカウンター"", ""敵陣ポゼッション"", ""自陣ポゼッション""]","[""49"", ""46"", ""60"", ""41"", ""57"", ""57"", ""50"", ""53""]"
20260530,20260525,j1,2026,自陣ポゼッション.html,自陣ポゼッション (チームスタイル指標),リーグサマリー:2026 J1百年構想リーグ 自陣ポゼッション (チームスタイル指標) | データによってサッカーはもっと輝く | Football LAB,自陣ポゼッション (チームスタイル指標),2,広島,広島,"[""攻撃セットプレー"", ""左サイド攻撃"", ""中央攻撃"", ""右サイド攻撃"", ""ショートカウンター"", ""ロングカウンター"", ""敵陣ポゼッション"", ""自陣ポゼッション""]","[""78"", ""50"", ""67"", ""63"", ""70"", ""70"", ""58"", ""40""]"
20260530,20260525,j1,2026,自陣ポゼッション.html,自陣ポゼッション (チームスタイル指標),リーグサマリー:2026 J1百年構想リーグ 自陣ポゼッション (チームスタイル指標) | データによってサッカーはもっと輝く | Football LAB,自陣ポゼッション (チームスタイル指標),2,Ｇ大阪,Ｇ大阪,"[""攻撃セットプレー"", ""左サイド攻撃"", ""中央攻撃"", ""右サイド攻撃"", ""ショートカウンター"", ""ロングカウンター"", ""敵陣ポゼッション"", ""自陣ポゼッション""]","[""47"", ""43"", ""60"", ""50"", ""50"", ""56"", ""64"", ""43""]"
20260530,20260525,j1,2026,自陣ポゼッション.html,自陣ポゼッション (チームスタイル指標),リーグサマリー:2026 J1百年構想リーグ 自陣ポゼッション (チームスタイル指標) | データによってサッカーはもっと輝く | Football LAB,自陣ポゼッション (チームスタイル指標),2,岡山,岡山,"[""攻撃セットプレー"", ""左サイド攻撃"", ""中央攻撃"", ""右サイド攻撃"", ""ショートカウンター"", ""ロングカウンター"", ""敵陣ポゼッション"", ""自陣ポゼッション""]","[""53"", ""66"", ""33"", ""50"", ""61"", ""76"", ""34"", ""33""]"
20260530,20260525,j1,2026,自陣ポゼッション.html,自陣ポゼッション (チームスタイル指標),リーグサマリー:2026 J1百年構想リーグ 自陣ポゼッション (チームスタイル指標) | データによってサッカーはもっと輝く | Football LAB,自陣ポゼッション (チームスタイル指標),2,清水,清水,"[""攻撃セットプレー"", ""左サイド攻撃"", ""中央攻撃"", ""右サイド攻撃"", ""ショートカウンター"", ""ロングカウンター"", ""敵陣ポゼッション"", ""自陣ポゼッション""]","[""58"", ""71"", ""51"", ""53"", ""61"", ""50"", ""46"", ""35""]"
20260530,20260525,j1,2026,自陣ポゼッション.html,自陣ポゼッション (チームスタイル指標),リーグサマリー:2026 J1百年構想リーグ 自陣ポゼッション (チームスタイル指標) | データによってサッカーはもっと輝く | Football LAB,自陣ポゼッション (チームスタイル指標),2,京都,京都,"[""攻撃セットプレー"", ""左サイド攻撃"", ""中央攻撃"", ""右サイド攻撃"", ""ショートカウンター"", ""ロングカウンター"", ""敵陣ポゼッション"", ""自陣ポゼッション""]","[""66"", ""50"", ""58"", ""64"", ""61"", ""53"", ""39"", ""41""]"
20260530,20260525,j1,2026,自陣ポゼッション.html,自陣ポゼッション (チームスタイル指標),リーグサマリー:2026 J1百年構想リーグ 自陣ポゼッション (チームスタイル指標) | データによってサッカーはもっと輝く | Football LAB,自陣ポゼッション (チームスタイル指標),2,長崎,長崎,"[""攻撃セットプレー"", ""左サイド攻撃"", ""中央攻撃"", ""右サイド攻撃"", ""ショートカウンター"", ""ロングカウンター"", ""敵陣ポゼッション"", ""自陣ポゼッション""]","[""50"", ""45"", ""42"", ""39"", ""42"", ""52"", ""43"", ""47""]"
20260530,20260525,j1,2026,自陣ポゼッション.html,自陣ポゼッション (チームスタイル指標),リーグサマリー:2026 J1百年構想リーグ 自陣ポゼッション (チームスタイル指標) | データによってサッカーはもっと輝く | Football LAB,自陣ポゼッション (チームスタイル指標),2,福岡,福岡,"[""攻撃セットプレー"", ""左サイド攻撃"", ""中央攻撃"", ""右サイド攻撃"", ""ショートカウンター"", ""ロングカウンター"", ""敵陣ポゼッション"", ""自陣ポゼッション""]","[""52"", ""53"", ""37"", ""35"", ""50"", ""45"", ""45"", ""38""]"
20260530,20260525,j1,2026,自陣ポゼッション.html,自陣ポゼッション (チームスタイル指標),リーグサマリー:2026 J1百年構想リーグ 自陣ポゼッション (チームスタイル指標) | データによってサッカーはもっと輝く | Football LAB,自陣ポゼッション (チームスタイル指標),3,鹿島,鹿島,"[""攻撃セットプレー"", ""左サイド攻撃"", ""中央攻撃"", ""右サイド攻撃"", ""ショートカウンター"", ""ロングカウンター"", ""敵陣ポゼッション"", ""自陣ポゼッション""]","[""27.3%"", ""7.0%"", ""33.9%"", ""14.5%"", ""21.3%"", ""16.4%"", ""17.7%"", ""6.5%""]"
20260530,20260525,j1,2026,自陣ポゼッション.html,自陣ポゼッション (チームスタイル指標),リーグサマリー:2026 J1百年構想リーグ 自陣ポゼッション (チームスタイル指標) | データによってサッカーはもっと輝く | Football LAB,自陣ポゼッション (チームスタイル指標),3,FC東京,FC東京,"[""攻撃セットプレー"", ""左サイド攻撃"", ""中央攻撃"", ""右サイド攻撃"", ""ショートカウンター"", ""ロングカウンター"", ""敵陣ポゼッション"", ""自陣ポゼッション""]","[""27.6%"", ""15.2%"", ""43.1%"", ""14.3%"", ""24.8%"", ""23.4%"", ""23.3%"", ""9.7%""]"
20260530,20260525,j1,2026,自陣ポゼッション.html,自陣ポゼッション (チームスタイル指標),リーグサマリー:2026 J1百年構想リーグ 自陣ポゼッション (チームスタイル指標) | データによってサッカーはもっと輝く | Football LAB,自陣ポゼッション (チームスタイル指標),3,町田,町田,"[""攻撃セットプレー"", ""左サイド攻撃"", ""中央攻撃"", ""右サイド攻撃"", ""ショートカウンター"", ""ロングカウンター"", ""敵陣ポゼッション"", ""自陣ポゼッション""]","[""29.8%"", ""14.0%"", ""29.5%"", ""11.4%"", ""16.9%"", ""12.7%"", ""24.3%"", ""7.1%""]"
20260530,20260525,j1,2026,自陣ポゼッション.html,自陣ポゼッション (チームスタイル指標),リーグサマリー:2026 J1百年構想リーグ 自陣ポゼッション (チームスタイル指標) | データによってサッカーはもっと輝く | Football LAB,自陣ポゼッション (チームスタイル指標),3,川崎Ｆ,川崎Ｆ,"[""攻撃セットプレー"", ""左サイド攻撃"", ""中央攻撃"", ""右サイド攻撃"", ""ショートカウンター"", ""ロングカウンター"", ""敵陣ポゼッション"", ""自陣ポゼッション""]","[""27.6%"", ""13.7%"", ""34.1%"", ""12.4%"", ""20.1%"", ""24.4%"", ""17.9%"", ""8.9%""]"
20260530,20260525,j1,2026,自陣ポゼッション.html,自陣ポゼッション (チームスタイル指標),リーグサマリー:2026 J1百年構想リーグ 自陣ポゼッション (チームスタイル指標) | データによってサッカーはもっと輝く | Football LAB,自陣ポゼッション (チームスタイル指標),3,東京Ｖ,東京Ｖ,"[""攻撃セットプレー"", ""左サイド攻撃"", ""中央攻撃"", ""右サイド攻撃"", ""ショートカウンター"", ""ロングカウンター"", ""敵陣ポゼッション"", ""自陣ポゼッション""]","[""19.2%"", ""11.8%"", ""31.0%"", ""11.6%"", ""20.5%"", ""24.5%"", ""16.7%"", ""5.4%""]"
20260530,20260525,j1,2026,自陣ポゼッション.html,自陣ポゼッション (チームスタイル指標),リーグサマリー:2026 J1百年構想リーグ 自陣ポゼッション (チームスタイル指標) | データによってサッカーはもっと輝く | Football LAB,自陣ポゼッション (チームスタイル指標),3,浦和,浦和,"[""攻撃セットプレー"", ""左サイド攻撃"", ""中央攻撃"", ""右サイド攻撃"", ""ショートカウンター"", ""ロングカウンター"", ""敵陣ポゼッション"", ""自陣ポゼッション""]","[""28.9%"", ""16.2%"", ""40.8%"", ""15.3%"", ""19.6%"", ""17.3%"", ""26.3%"", ""11.3%""]"
20260530,20260525,j1,2026,自陣ポゼッション.html,自陣ポゼッション (チームスタイル指標),リーグサマリー:2026 J1百年構想リーグ 自陣ポゼッション (チームスタイル指標) | データによってサッカーはもっと輝く | Football LAB,自陣ポゼッション (チームスタイル指標),3,横浜FM,横浜FM,"[""攻撃セットプレー"", ""左サイド攻撃"", ""中央攻撃"", ""右サイド攻撃"", ""ショートカウンター"", ""ロングカウンター"", ""敵陣ポゼッション"", ""自陣ポゼッション""]","[""22.1%"", ""13.6%"", ""36.7%"", ""9.9%"", ""19.4%"", ""17.1%"", ""16.4%"", ""6.0%""]"
20260530,20260525,j1,2026,自陣ポゼッション.html,自陣ポゼッション (チームスタイル指標),リーグサマリー:2026 J1百年構想リーグ 自陣ポゼッション (チームスタイル指標) | データによってサッカーはもっと輝く | Football LAB,自陣ポゼッション (チームスタイル指標),3,柏,柏,"[""攻撃セットプレー"", ""左サイド攻撃"", ""中央攻撃"", ""右サイド攻撃"", ""ショートカウンター"", ""ロングカウンター"", ""敵陣ポゼッション"", ""自陣ポゼッション""]","[""19.1%"", ""11.9%"", ""37.4%"", ""13.5%"", ""21.5%"", ""16.7%"", ""19.7%"", ""8.4%""]"
20260530,20260525,j1,2026,自陣ポゼッション.html,自陣ポゼッション (チームスタイル指標),リーグサマリー:2026 J1百年構想リーグ 自陣ポゼッション (チームスタイル指標) | データによってサッカーはもっと輝く | Football LAB,自陣ポゼッション (チームスタイル指標),3,水戸,水戸,"[""攻撃セットプレー"", ""左サイド攻撃"", ""中央攻撃"", ""右サイド攻撃"", ""ショートカウンター"", ""ロングカウンター"", ""敵陣ポゼッション"", ""自陣ポゼッション""]","[""21.5%"", ""19.4%"", ""32.1%"", ""8.1%"", ""20.8%"", ""15.3%"", ""24.2%"", ""6.4%""]"
20260530,20260525,j1,2026,自陣ポゼッション.html,自陣ポゼッション (チームスタイル指標),リーグサマリー:2026 J1百年構想リーグ 自陣ポゼッション (チームスタイル指標) | データによってサッカーはもっと輝く | Football LAB,自陣ポゼッション (チームスタイル指標),3,千葉,千葉,"[""攻撃セットプレー"", ""左サイド攻撃"", ""中央攻撃"", ""右サイド攻撃"", ""ショートカウンター"", ""ロングカウンター"", ""敵陣ポゼッション"", ""自陣ポゼッション""]","[""27.3%"", ""14.1%"", ""35.6%"", ""15.4%"", ""21.5%"", ""18.1%"", ""21.5%"", ""5.2%""]"
20260530,20260525,j1,2026,自陣ポゼッション.html,自陣ポゼッション (チームスタイル指標),リーグサマリー:2026 J1百年構想リーグ 自陣ポゼッション (チームスタイル指標) | データによってサッカーはもっと輝く | Football LAB,自陣ポゼッション (チームスタイル指標),3,神戸,神戸,"[""攻撃セットプレー"", ""左サイド攻撃"", ""中央攻撃"", ""右サイド攻撃"", ""ショートカウンター"", ""ロングカウンター"", ""敵陣ポゼッション"", ""自陣ポゼッション""]","[""30.9%"", ""12.6%"", ""25.3%"", ""10.9%"", ""15.2%"", ""14.6%"", ""18.7%"", ""5.8%""]"
20260530,20260525,j1,2026,自陣ポゼッション.html,自陣ポゼッション (チームスタイル指標),リーグサマリー:2026 J1百年構想リーグ 自陣ポゼッション (チームスタイル指標) | データによってサッカーはもっと輝く | Football LAB,自陣ポゼッション (チームスタイル指標),3,Ｃ大阪,Ｃ大阪,"[""攻撃セットプレー"", ""左サイド攻撃"", ""中央攻撃"", ""右サイド攻撃"", ""ショートカウンター"", ""ロングカウンター"", ""敵陣ポゼッション"", ""自陣ポゼッション""]","[""20.9%"", ""14.5%"", ""43.4%"", ""13.9%"", ""24.7%"", ""16.7%"", ""22.6%"", ""3.9%""]"
20260530,20260525,j1,2026,自陣ポゼッション.html,自陣ポゼッション (チームスタイル指標),リーグサマリー:2026 J1百年構想リーグ 自陣ポゼッション (チームスタイル指標) | データによってサッカーはもっと輝く | Football LAB,自陣ポゼッション (チームスタイル指標),3,名古屋,名古屋,"[""攻撃セットプレー"", ""左サイド攻撃"", ""中央攻撃"", ""右サイド攻撃"", ""ショートカウンター"", ""ロングカウンター"", ""敵陣ポゼッション"", ""自陣ポゼッション""]","[""27.9%"", ""19.3%"", ""31.5%"", ""13.8%"", ""15.6%"", ""21.6%"", ""23.4%"", ""6.9%""]"
20260530,20260525,j1,2026,自陣ポゼッション.html,自陣ポゼッション (チームスタイル指標),リーグサマリー:2026 J1百年構想リーグ 自陣ポゼッション (チームスタイル指標) | データによってサッカーはもっと輝く | Football LAB,自陣ポゼッション (チームスタイル指標),3,広島,広島,"[""攻撃セットプレー"", ""左サイド攻撃"", ""中央攻撃"", ""右サイド攻撃"", ""ショートカウンター"", ""ロングカウンター"", ""敵陣ポゼッション"", ""自陣ポゼッション""]","[""27.6%"", ""16.0%"", ""32.2%"", ""15.6%"", ""15.9%"", ""15.1%"", ""30.2%"", ""7.0%""]"
20260530,20260525,j1,2026,自陣ポゼッション.html,自陣ポゼッション (チームスタイル指標),リーグサマリー:2026 J1百年構想リーグ 自陣ポゼッション (チームスタイル指標) | データによってサッカーはもっと輝く | Football LAB,自陣ポゼッション (チームスタイル指標),3,Ｇ大阪,Ｇ大阪,"[""攻撃セットプレー"", ""左サイド攻撃"", ""中央攻撃"", ""右サイド攻撃"", ""ショートカウンター"", ""ロングカウンター"", ""敵陣ポゼッション"", ""自陣ポゼッション""]","[""23.5%"", ""17.5%"", ""33.5%"", ""10.6%"", ""18.3%"", ""17.9%"", ""25.0%"", ""10.5%""]"
20260530,20260525,j1,2026,自陣ポゼッション.html,自陣ポゼッション (チームスタイル指標),リーグサマリー:2026 J1百年構想リーグ 自陣ポゼッション (チームスタイル指標) | データによってサッカーはもっと輝く | Football LAB,自陣ポゼッション (チームスタイル指標),3,岡山,岡山,"[""攻撃セットプレー"", ""左サイド攻撃"", ""中央攻撃"", ""右サイド攻撃"", ""ショートカウンター"", ""ロングカウンター"", ""敵陣ポゼッション"", ""自陣ポゼッション""]","[""25.8%"", ""13.0%"", ""28.1%"", ""12.4%"", ""14.6%"", ""13.3%"", ""18.4%"", ""18.0%""]"
20260530,20260525,j1,2026,自陣ポゼッション.html,自陣ポゼッション (チームスタイル指標),リーグサマリー:2026 J1百年構想リーグ 自陣ポゼッション (チームスタイル指標) | データによってサッカーはもっと輝く | Football LAB,自陣ポゼッション (チームスタイル指標),3,清水,清水,"[""攻撃セットプレー"", ""左サイド攻撃"", ""中央攻撃"", ""右サイド攻撃"", ""ショートカウンター"", ""ロングカウンター"", ""敵陣ポゼッション"", ""自陣ポゼッション""]","[""19.8%"", ""9.8%"", ""32.2%"", ""5.9%"", ""12.5%"", ""7.1%"", ""19.3%"", ""5.0%""]"
20260530,20260525,j1,2026,自陣ポゼッション.html,自陣ポゼッション (チームスタイル指標),リーグサマリー:2026 J1百年構想リーグ 自陣ポゼッション (チームスタイル指標) | データによってサッカーはもっと輝く | Football LAB,自陣ポゼッション (チームスタイル指標),3,京都,京都,"[""攻撃セットプレー"", ""左サイド攻撃"", ""中央攻撃"", ""右サイド攻撃"", ""ショートカウンター"", ""ロングカウンター"", ""敵陣ポゼッション"", ""自陣ポゼッション""]","[""21.8%"", ""10.9%"", ""36.5%"", ""13.6%"", ""16.0%"", ""18.7%"", ""25.0%"", ""7.8%""]"
20260530,20260525,j1,2026,自陣ポゼッション.html,自陣ポゼッション (チームスタイル指標),リーグサマリー:2026 J1百年構想リーグ 自陣ポゼッション (チームスタイル指標) | データによってサッカーはもっと輝く | Football LAB,自陣ポゼッション (チームスタイル指標),3,長崎,長崎,"[""攻撃セットプレー"", ""左サイド攻撃"", ""中央攻撃"", ""右サイド攻撃"", ""ショートカウンター"", ""ロングカウンター"", ""敵陣ポゼッション"", ""自陣ポゼッション""]","[""21.5%"", ""13.9%"", ""37.6%"", ""7.6%"", ""19.8%"", ""18.0%"", ""21.6%"", ""6.4%""]"
20260530,20260525,j1,2026,自陣ポゼッション.html,自陣ポゼッション (チームスタイル指標),リーグサマリー:2026 J1百年構想リーグ 自陣ポゼッション (チームスタイル指標) | データによってサッカーはもっと輝く | Football LAB,自陣ポゼッション (チームスタイル指標),3,福岡,福岡,"[""攻撃セットプレー"", ""左サイド攻撃"", ""中央攻撃"", ""右サイド攻撃"", ""ショートカウンター"", ""ロングカウンター"", ""敵陣ポゼッション"", ""自陣ポゼッション""]","[""26.1%"", ""8.4%"", ""34.9%"", ""9.9%"", ""17.9%"", ""6.4%"", ""21.5%"", ""2.7%""]"
20260530,20260525,j1,2026,順位表.html,順位表,リーグサマリー:2026 J1百年構想リーグ 順位表 | データによってサッカーはもっと輝く | Football LAB,順位表,1,鹿島,鹿島,"[""順位"", ""勝点"", ""試合数"", ""勝"", ""敗"", ""得点"", ""失点"", ""得失""]","[""45"", ""18"", ""15"", ""3"", ""29"", ""9"", ""20""]"
20260530,20260525,j1,2026,順位表.html,順位表,リーグサマリー:2026 J1百年構想リーグ 順位表 | データによってサッカーはもっと輝く | Football LAB,順位表,1,FC東京,FC東京,"[""順位"", ""勝点"", ""試合数"", ""勝"", ""敗"", ""得点"", ""失点"", ""得失""]","[""37"", ""18"", ""13"", ""5"", ""28"", ""16"", ""12""]"
20260530,20260525,j1,2026,順位表.html,順位表,リーグサマリー:2026 J1百年構想リーグ 順位表 | データによってサッカーはもっと輝く | Football LAB,順位表,1,町田,町田,"[""順位"", ""勝点"", ""試合数"", ""勝"", ""敗"", ""得点"", ""失点"", ""得失""]","[""37"", ""18"", ""13"", ""5"", ""23"", ""19"", ""4""]"
20260530,20260525,j1,2026,順位表.html,順位表,リーグサマリー:2026 J1百年構想リーグ 順位表 | データによってサッカーはもっと輝く | Football LAB,順位表,1,川崎Ｆ,川崎Ｆ,"[""順位"", ""勝点"", ""試合数"", ""勝"", ""敗"", ""得点"", ""失点"", ""得失""]","[""28"", ""18"", ""10"", ""8"", ""23"", ""27"", ""-4""]"
20260530,20260525,j1,2026,順位表.html,順位表,リーグサマリー:2026 J1百年構想リーグ 順位表 | データによってサッカーはもっと輝く | Football LAB,順位表,1,東京Ｖ,東京Ｖ,"[""順位"", ""勝点"", ""試合数"", ""勝"", ""敗"", ""得点"", ""失点"", ""得失""]","[""28"", ""18"", ""10"", ""8"", ""19"", ""25"", ""-6""]"
20260530,20260525,j1,2026,順位表.html,順位表,リーグサマリー:2026 J1百年構想リーグ 順位表 | データによってサッカーはもっと輝く | Football LAB,順位表,1,浦和,浦和,"[""順位"", ""勝点"", ""試合数"", ""勝"", ""敗"", ""得点"", ""失点"", ""得失""]","[""25"", ""18"", ""7"", ""11"", ""25"", ""18"", ""7""]"
20260530,20260525,j1,2026,順位表.html,順位表,リーグサマリー:2026 J1百年構想リーグ 順位表 | データによってサッカーはもっと輝く | Football LAB,順位表,1,横浜FM,横浜FM,"[""順位"", ""勝点"", ""試合数"", ""勝"", ""敗"", ""得点"", ""失点"", ""得失""]","[""20"", ""18"", ""6"", ""12"", ""28"", ""29"", ""-1""]"
20260530,20260525,j1,2026,順位表.html,順位表,リーグサマリー:2026 J1百年構想リーグ 順位表 | データによってサッカーはもっと輝く | Football LAB,順位表,1,柏,柏,"[""順位"", ""勝点"", ""試合数"", ""勝"", ""敗"", ""得点"", ""失点"", ""得失""]","[""20"", ""18"", ""7"", ""11"", ""21"", ""24"", ""-3""]"
20260530,20260525,j1,2026,順位表.html,順位表,リーグサマリー:2026 J1百年構想リーグ 順位表 | データによってサッカーはもっと輝く | Football LAB,順位表,1,水戸,水戸,"[""順位"", ""勝点"", ""試合数"", ""勝"", ""敗"", ""得点"", ""失点"", ""得失""]","[""18"", ""18"", ""6"", ""12"", ""19"", ""35"", ""-16""]"
20260530,20260525,j1,2026,順位表.html,順位表,リーグサマリー:2026 J1百年構想リーグ 順位表 | データによってサッカーはもっと輝く | Football LAB,順位表,1,千葉,千葉,"[""順位"", ""勝点"", ""試合数"", ""勝"", ""敗"", ""得点"", ""失点"", ""得失""]","[""12"", ""18"", ""3"", ""15"", ""18"", ""31"", ""-13""]"
20260530,20260525,j1,2026,順位表.html,順位表,リーグサマリー:2026 J1百年構想リーグ 順位表 | データによってサッカーはもっと輝く | Football LAB,順位表,2,神戸,神戸,"[""順位"", ""勝点"", ""試合数"", ""勝"", ""敗"", ""得点"", ""失点"", ""得失""]","[""35"", ""18"", ""11"", ""7"", ""27"", ""21"", ""6""]"
20260530,20260525,j1,2026,順位表.html,順位表,リーグサマリー:2026 J1百年構想リーグ 順位表 | データによってサッカーはもっと輝く | Football LAB,順位表,2,Ｃ大阪,Ｃ大阪,"[""順位"", ""勝点"", ""試合数"", ""勝"", ""敗"", ""得点"", ""失点"", ""得失""]","[""31"", ""18"", ""11"", ""7"", ""26"", ""19"", ""7""]"
20260530,20260525,j1,2026,順位表.html,順位表,リーグサマリー:2026 J1百年構想リーグ 順位表 | データによってサッカーはもっと輝く | Football LAB,順位表,2,名古屋,名古屋,"[""順位"", ""勝点"", ""試合数"", ""勝"", ""敗"", ""得点"", ""失点"", ""得失""]","[""31"", ""18"", ""10"", ""8"", ""31"", ""28"", ""3""]"
20260530,20260525,j1,2026,順位表.html,順位表,リーグサマリー:2026 J1百年構想リーグ 順位表 | データによってサッカーはもっと輝く | Football LAB,順位表,2,広島,広島,"[""順位"", ""勝点"", ""試合数"", ""勝"", ""敗"", ""得点"", ""失点"", ""得失""]","[""30"", ""18"", ""10"", ""8"", ""29"", ""21"", ""8""]"
20260530,20260525,j1,2026,順位表.html,順位表,リーグサマリー:2026 J1百年構想リーグ 順位表 | データによってサッカーはもっと輝く | Football LAB,順位表,2,Ｇ大阪,Ｇ大阪,"[""順位"", ""勝点"", ""試合数"", ""勝"", ""敗"", ""得点"", ""失点"", ""得失""]","[""28"", ""18"", ""10"", ""8"", ""26"", ""22"", ""4""]"
20260530,20260525,j1,2026,順位表.html,順位表,リーグサマリー:2026 J1百年構想リーグ 順位表 | データによってサッカーはもっと輝く | Football LAB,順位表,2,岡山,岡山,"[""順位"", ""勝点"", ""試合数"", ""勝"", ""敗"", ""得点"", ""失点"", ""得失""]","[""26"", ""18"", ""8"", ""10"", ""24"", ""25"", ""-1""]"
20260530,20260525,j1,2026,順位表.html,順位表,リーグサマリー:2026 J1百年構想リーグ 順位表 | データによってサッカーはもっと輝く | Football LAB,順位表,2,清水,清水,"[""順位"", ""勝点"", ""試合数"", ""勝"", ""敗"", ""得点"", ""失点"", ""得失""]","[""24"", ""18"", ""8"", ""10"", ""19"", ""21"", ""-2""]"
20260530,20260525,j1,2026,順位表.html,順位表,リーグサマリー:2026 J1百年構想リーグ 順位表 | データによってサッカーはもっと輝く | Football LAB,順位表,2,京都,京都,"[""順位"", ""勝点"", ""試合数"", ""勝"", ""敗"", ""得点"", ""失点"", ""得失""]","[""23"", ""18"", ""8"", ""10"", ""19"", ""26"", ""-7""]"
20260530,20260525,j1,2026,順位表.html,順位表,リーグサマリー:2026 J1百年構想リーグ 順位表 | データによってサッカーはもっと輝く | Football LAB,順位表,2,長崎,長崎,"[""順位"", ""勝点"", ""試合数"", ""勝"", ""敗"", ""得点"", ""失点"", ""得失""]","[""21"", ""18"", ""7"", ""11"", ""20"", ""28"", ""-8""]"
20260530,20260525,j1,2026,順位表.html,順位表,リーグサマリー:2026 J1百年構想リーグ 順位表 | データによってサッカーはもっと輝く | Football LAB,順位表,2,福岡,福岡,"[""順位"", ""勝点"", ""試合数"", ""勝"", ""敗"", ""得点"", ""失点"", ""得失""]","[""21"", ""18"", ""7"", ""11"", ""17"", ""27"", ""-10""]"
