ticket,hits,total,hit_rate
ticket01,5,13,0.38461538461538464
ticket02,5,13,0.38461538461538464
ticket03,5,13,0.38461538461538464
ticket04,4,13,0.3076923076923077
ticket05,4,13,0.3076923076923077
ticket06,4,13,0.3076923076923077
ticket07,6,13,0.46153846153846156
ticket08,5,13,0.38461538461538464
ticket09,4,13,0.3076923076923077
ticket10,6,13,0.46153846153846156
