team,elo
FC東京,1506.79986
京都,1568.04793
名古屋,1464.98464
岡山,1457.685529
川崎Ｆ,1512.458952
広島,1570.587932
新潟,1377.908389
東京Ｖ,1455.021835
柏,1604.723048
横浜FC,1429.017875
横浜FM,1487.059009
浦和,1528.214832
清水,1456.581244
湘南,1396.48795
町田,1529.874416
神戸,1547.436134
福岡,1483.23247
鹿島,1601.566592
Ｃ大阪,1499.73227
Ｇ大阪,1522.579095
