team,elo
いわき,1538.524608
今治,1506.876686
仙台,1539.712421
千葉,1561.122643
大分,1433.487369
大宮,1535.03171
富山,1439.443386
山口,1456.019888
山形,1518.880409
徳島,1559.442592
愛媛,1378.553706
札幌,1499.416056
水戸,1570.091126
熊本,1431.019734
甲府,1456.420629
磐田,1549.375784
秋田,1469.215082
藤枝,1443.841957
長崎,1592.035502
鳥栖,1521.488712
