team,elo
いわき,1537.889103
今治,1505.804664
仙台,1539.752991
千葉,1561.245647
大分,1433.521925
大宮,1533.870489
富山,1440.870345
山口,1456.306447
山形,1520.894169
徳島,1559.805034
愛媛,1378.602232
札幌,1501.24652
水戸,1568.726109
熊本,1430.721338
甲府,1456.378303
磐田,1548.577253
秋田,1471.315933
藤枝,1443.830711
長崎,1590.647814
鳥栖,1519.99297
