match_id,datetime,home_team,away_team,home_rest_fatigue,away_rest_fatigue,home_recent_load_carry,away_recent_load_carry,home_travel_fatigue,away_travel_fatigue,home_away_condition_penalty,away_away_condition_penalty,away_travel_distance_km,travel_lookup_status,home_fatigue_score,away_fatigue_score,fatigue_measurement_version,external_schedule_coverage,travel_distance_basis,home_last_match_at,home_rest_hours,home_matches_last7d,home_matches_last14d,home_external_matches_last14d,home_external_load_unknown,home_external_events_json,away_last_match_at,away_rest_hours,away_matches_last7d,away_matches_last14d,away_external_matches_last14d,away_external_load_unknown,away_external_events_json
j1_2026_08071926_横浜FM_鹿島,2026-08-07 19:26:00,横浜FM,鹿島,0.0,0.0,0.0,0.0,0.0,0.5395,0.0,4.0,107.9,hit,0.0,4.54,conditions_v2,partial,home_base_to_opponent_base_proxy,,,0,0,0,False,[],,,0,0,0,False,[]
j1_2026_08071933_G大阪_浦和,2026-08-07 19:33:00,Ｇ大阪,浦和,0.0,0.0,0.0,0.0,0.0,1.961,0.0,4.0,392.2,hit,0.0,5.96,conditions_v2,partial,home_base_to_opponent_base_proxy,2026-05-17 12:00:00,1975.55,0,0,0,False,[],,,0,0,0,False,[]
j1_2026_08081903_C大阪_岡山,2026-08-08 19:03:00,Ｃ大阪,岡山,0.0,0.0,0.0,0.0,0.0,0.7235,0.0,4.0,144.7,hit,0.0,4.72,conditions_v2,partial,home_base_to_opponent_base_proxy,,,0,0,0,False,[],,,0,0,0,False,[]
j1_2026_08081903_名古屋_清水,2026-08-08 19:03:00,名古屋,清水,0.0,0.0,0.0,0.0,0.0,0.6855,0.0,4.0,137.1,hit,0.0,4.69,conditions_v2,partial,home_base_to_opponent_base_proxy,,,0,0,0,False,[],,,0,0,0,False,[]
j1_2026_08081904_柏_水戸,2026-08-08 19:04:00,柏,水戸,0.0,0.0,0.0,0.0,0.0,0.3385,0.0,4.0,67.7,hit,0.0,4.34,conditions_v2,partial,home_base_to_opponent_base_proxy,,,0,0,0,False,[],,,0,0,0,False,[]
j1_2026_08081904_福岡_神戸,2026-08-08 19:04:00,福岡,神戸,0.0,0.0,0.0,0.0,0.0,2.312,0.0,4.0,462.4,hit,0.0,6.31,conditions_v2,partial,home_base_to_opponent_base_proxy,,,0,0,0,False,[],2026-04-16 12:00:00,2743.0666666666666,0,0,0,False,[]
j1_2026_08081905_FC東京_町田,2026-08-08 19:05:00,FC東京,町田,0.0,0.0,0.0,0.0,0.0,0.078,0.0,4.0,15.6,hit,0.0,4.08,conditions_v2,partial,home_base_to_opponent_base_proxy,,,0,0,0,False,[],2026-04-26 12:00:00,2503.0833333333335,0,0,0,False,[]
j1_2026_08081919_広島_千葉,2026-08-08 19:19:00,広島,千葉,0.0,0.0,0.0,0.0,0.0,3.5515,0.0,4.0,710.3,hit,0.0,7.55,conditions_v2,partial,home_base_to_opponent_base_proxy,,,0,0,0,False,[],,,0,0,0,False,[]
j1_2026_08091804_東京V_川崎F,2026-08-09 18:04:00,東京Ｖ,川崎Ｆ,0.0,0.0,0.0,0.0,0.0,0.0665,0.0,4.0,13.3,hit,0.0,4.07,conditions_v2,partial,home_base_to_opponent_base_proxy,,,0,0,0,False,[],,,0,0,0,False,[]
j1_2026_08091908_長崎_京都,2026-08-09 19:08:00,長崎,京都,0.0,0.0,0.0,0.0,0.0,2.923,0.0,4.0,584.6,hit,0.0,6.92,conditions_v2,partial,home_base_to_opponent_base_proxy,,,0,0,0,False,[],,,0,0,0,False,[]
j1_2026_08141903_東京V_柏,2026-08-14 19:03:00,東京Ｖ,柏,0.0,0.0,0.0,0.0,0.0,0.2285,0.0,4.0,45.7,hit,0.0,4.23,conditions_v2,partial,home_base_to_opponent_base_proxy,2026-08-09 18:04:00,120.98333333333333,1,1,0,False,[],2026-08-08 19:04:00,143.98333333333332,1,1,0,False,[]
j1_2026_08151803_水戸_G大阪,2026-08-15 18:03:00,水戸,Ｇ大阪,0.0,0.0,1.5185,0.0,0.0,2.365,0.0,4.0,473.0,hit,1.52,6.37,conditions_v2,partial,home_base_to_opponent_base_proxy,2026-08-08 19:04:00,166.98333333333332,1,1,0,False,[],2026-08-07 19:33:00,190.5,0,1,0,False,[]
j1_2026_08151803_鹿島_名古屋,2026-08-15 18:03:00,鹿島,名古屋,0.0,0.0,1.5888,0.0,0.0,1.756,0.0,4.0,351.2,hit,1.59,5.76,conditions_v2,partial,home_base_to_opponent_base_proxy,2026-08-07 19:26:00,190.61666666666667,0,1,0,False,[],2026-08-08 19:03:00,167.0,1,1,0,False,[]
j1_2026_08151834_清水_横浜FM,2026-08-15 18:34:00,清水,横浜FM,0.0,0.0,1.6399,0.0,0.0,0.6285,0.0,4.0,125.7,hit,1.64,4.63,conditions_v2,partial,home_base_to_opponent_base_proxy,2026-08-08 19:03:00,167.51666666666668,1,1,0,False,[],2026-08-07 19:26:00,191.13333333333333,0,1,0,False,[]
j1_2026_08151900_岡山_長崎,2026-08-15 19:00:00,岡山,長崎,0.0,0.0,1.6532,0.0,0.0,2.158,0.0,4.0,431.6,hit,1.65,6.16,conditions_v2,partial,home_base_to_opponent_base_proxy,2026-08-08 19:03:00,167.95,1,1,0,False,[],2026-08-09 19:08:00,143.86666666666667,1,1,0,False,[]
j1_2026_08151903_川崎F_京都,2026-08-15 19:03:00,川崎Ｆ,京都,0.0,0.0,1.4233,2.423,0.0,1.7915,0.0,4.0,358.3,hit,1.42,8.21,conditions_v2,partial,home_base_to_opponent_base_proxy,2026-08-09 18:04:00,144.98333333333332,1,1,0,False,[],2026-08-09 19:08:00,143.91666666666666,1,1,0,False,[]
j1_2026_08151903_浦和_広島,2026-08-15 19:03:00,浦和,広島,0.0,0.0,2.0863,0.0,0.0,3.383,0.0,4.0,676.6,hit,2.09,7.38,conditions_v2,partial,home_base_to_opponent_base_proxy,2026-08-07 19:33:00,191.5,0,1,0,False,[],2026-08-08 19:19:00,167.73333333333332,1,1,0,False,[]
j1_2026_08151903_神戸_FC東京,2026-08-15 19:03:00,神戸,FC東京,0.0,0.0,2.2092,0.0,0.0,2.0455,0.0,4.0,409.1,hit,2.21,6.05,conditions_v2,partial,home_base_to_opponent_base_proxy,2026-08-08 19:04:00,167.98333333333332,1,1,0,False,[],2026-08-08 19:05:00,167.96666666666667,1,1,0,False,[]
j1_2026_08151903_福岡_C大阪,2026-08-15 19:03:00,福岡,Ｃ大阪,0.0,0.0,0.0,0.0,0.0,2.4475,0.0,4.0,489.5,hit,0.0,6.45,conditions_v2,partial,home_base_to_opponent_base_proxy,2026-08-08 19:04:00,167.98333333333332,1,1,0,False,[],2026-08-08 19:03:00,168.0,1,1,0,False,[]
j1_2026_08151904_千葉_町田,2026-08-15 19:04:00,千葉,町田,0.0,0.0,2.643,1.4273,0.0,0.3095,0.0,4.0,61.9,hit,2.64,5.74,conditions_v2,partial,home_base_to_opponent_base_proxy,2026-08-08 19:19:00,167.75,1,1,0,False,[],2026-08-08 19:05:00,167.98333333333332,1,1,0,False,[]
j1_2026_08211903_柏_長崎,2026-08-21 19:03:00,柏,長崎,0.0,0.0,1.48,2.1553,0.0,4.9485,0.0,4.0,989.7,hit,1.48,11.1,conditions_v2,partial,home_base_to_opponent_base_proxy,2026-08-14 19:03:00,168.0,1,2,0,False,[],2026-08-15 19:00:00,144.05,1,2,0,False,[]
j1_2026_08211934_FC東京_千葉,2026-08-21 19:34:00,FC東京,千葉,0.0,0.0,2.1159,2.4354,0.0,0.2735,0.0,4.0,54.7,hit,2.12,6.71,conditions_v2,partial,home_base_to_opponent_base_proxy,2026-08-15 19:03:00,144.51666666666668,1,2,0,False,[],2026-08-15 19:04:00,144.5,1,2,0,False,[]
j1_2026_08221803_鹿島_福岡,2026-08-22 18:03:00,鹿島,福岡,0.0,0.0,1.464,0.0,0.0,4.887,0.0,4.0,977.4,hit,1.46,8.89,conditions_v2,partial,home_base_to_opponent_base_proxy,2026-08-15 18:03:00,168.0,1,1,0,False,[],2026-08-15 19:03:00,167.0,1,2,0,False,[]
j1_2026_08221833_岡山_東京V,2026-08-22 18:33:00,岡山,東京Ｖ,0.0,0.0,1.5233,0.0,0.0,2.6075,0.0,4.0,521.5,hit,1.52,6.61,conditions_v2,partial,home_base_to_opponent_base_proxy,2026-08-15 19:00:00,167.55,1,2,0,False,[],2026-08-14 19:03:00,191.5,0,2,0,False,[]
j1_2026_08221903_C大阪_清水,2026-08-22 19:03:00,Ｃ大阪,清水,0.0,0.0,2.2566,1.5111,0.0,1.327,0.0,4.0,265.4,hit,2.26,6.84,conditions_v2,partial,home_base_to_opponent_base_proxy,2026-08-15 19:03:00,168.0,1,2,0,False,[],2026-08-15 18:34:00,168.48333333333332,0,2,0,False,[]
j1_2026_08221903_京都_水戸,2026-08-22 19:03:00,京都,水戸,0.0,0.0,4.2597,1.3992,0.0,2.3015,0.0,4.0,460.3,hit,4.26,7.7,conditions_v2,partial,home_base_to_opponent_base_proxy,2026-08-15 19:03:00,168.0,1,2,0,False,[],2026-08-15 18:03:00,169.0,0,2,0,False,[]
j1_2026_08221903_名古屋_G大阪,2026-08-22 19:03:00,名古屋,Ｇ大阪,0.0,0.0,2.0146,2.2277,0.0,0.6515,0.0,4.0,130.3,hit,2.01,6.88,conditions_v2,partial,home_base_to_opponent_base_proxy,2026-08-15 18:03:00,169.0,0,2,0,False,[],2026-08-15 18:03:00,169.0,0,1,0,False,[]
j1_2026_08221920_広島_川崎F,2026-08-22 19:20:00,広島,川崎Ｆ,0.0,0.0,2.584,1.3114,0.0,3.3405,0.0,4.0,668.1,hit,2.58,8.65,conditions_v2,partial,home_base_to_opponent_base_proxy,2026-08-15 19:03:00,168.28333333333333,0,1,0,False,[],2026-08-15 19:03:00,168.28333333333333,0,2,0,False,[]
j1_2026_08221933_横浜FM_神戸,2026-08-22 19:33:00,横浜FM,神戸,0.0,0.0,1.62,2.0356,0.0,2.0615,0.0,4.0,412.3,hit,1.62,8.1,conditions_v2,partial,home_base_to_opponent_base_proxy,2026-08-15 18:34:00,168.98333333333332,0,1,0,False,[],2026-08-15 19:03:00,168.5,0,1,0,False,[]
j1_2026_08231935_町田_浦和,2026-08-23 19:35:00,町田,浦和,0.0,0.0,2.8235,1.9224,0.0,0.2045,0.0,4.0,40.9,hit,2.82,6.13,conditions_v2,partial,home_base_to_opponent_base_proxy,2026-08-15 19:04:00,192.51666666666668,0,1,0,False,[],2026-08-15 19:03:00,192.53333333333333,0,1,0,False,[]
j1_2026_08291803_G大阪_広島,2026-08-29 18:03:00,Ｇ大阪,広島,0.0,0.0,3.6807,2.381,0.0,1.4345,0.0,4.0,286.9,hit,3.68,7.82,conditions_v2,partial,home_base_to_opponent_base_proxy,2026-08-22 19:03:00,167.0,1,2,0,False,[],2026-08-22 19:20:00,166.71666666666667,1,2,0,False,[]
j1_2026_08291803_水戸_町田,2026-08-29 18:03:00,水戸,町田,0.0,0.0,3.4328,2.5434,0.0,0.606,0.0,4.0,121.2,hit,3.43,7.15,conditions_v2,partial,home_base_to_opponent_base_proxy,2026-08-22 19:03:00,167.0,1,2,0,False,[],2026-08-23 19:35:00,142.46666666666667,1,2,0,False,[]
j1_2026_08291833_清水_柏,2026-08-29 18:33:00,清水,柏,0.0,0.0,3.1899,1.3637,0.0,0.87,0.0,4.0,174.0,hit,3.19,6.23,conditions_v2,partial,home_base_to_opponent_base_proxy,2026-08-22 19:03:00,167.5,1,2,0,False,[],2026-08-21 19:03:00,191.5,0,1,0,False,[]
j1_2026_08291834_長崎_FC東京,2026-08-29 18:34:00,長崎,FC東京,0.0,0.0,5.1179,1.9497,0.0,4.7245,0.0,4.0,944.9,hit,5.12,10.67,conditions_v2,partial,home_base_to_opponent_base_proxy,2026-08-21 19:03:00,191.51666666666668,0,2,0,False,[],2026-08-21 19:34:00,191.0,0,2,0,False,[]
j1_2026_08291903_神戸_C大阪,2026-08-29 19:03:00,神戸,Ｃ大阪,0.0,0.0,3.907,2.0793,0.0,0.1475,0.0,4.0,29.5,hit,3.91,6.23,conditions_v2,partial,home_base_to_opponent_base_proxy,2026-08-22 19:33:00,167.5,1,2,0,False,[],2026-08-22 19:03:00,168.0,1,2,0,False,[]
j1_2026_08291903_浦和_横浜FM,2026-08-29 19:03:00,浦和,横浜FM,0.0,0.0,3.1578,1.4927,0.0,0.199,0.0,4.0,39.8,hit,3.16,5.69,conditions_v2,partial,home_base_to_opponent_base_proxy,2026-08-23 19:35:00,143.46666666666667,1,2,0,False,[],2026-08-22 19:33:00,167.5,1,1,0,False,[]
j1_2026_08291903_名古屋_岡山,2026-08-29 19:03:00,名古屋,岡山,0.0,0.0,1.8563,1.3362,0.0,1.3835,0.0,4.0,276.7,hit,1.86,6.72,conditions_v2,partial,home_base_to_opponent_base_proxy,2026-08-22 19:03:00,168.0,1,1,0,False,[],2026-08-22 18:33:00,168.5,0,1,0,False,[]
j1_2026_08291903_川崎F_千葉,2026-08-29 19:03:00,川崎Ｆ,千葉,0.0,0.0,3.7195,3.6319,0.0,0.213,0.0,4.0,42.6,hit,3.72,7.84,conditions_v2,partial,home_base_to_opponent_base_proxy,2026-08-22 19:20:00,167.71666666666667,1,2,0,False,[],2026-08-21 19:34:00,191.48333333333332,0,2,0,False,[]
j1_2026_08291903_京都_福岡,2026-08-29 19:03:00,京都,福岡,0.0,0.0,3.8261,3.1105,0.0,2.604,0.0,4.0,520.8,hit,3.83,9.71,conditions_v2,partial,home_base_to_opponent_base_proxy,2026-08-22 19:03:00,168.0,1,2,0,False,[],2026-08-22 18:03:00,169.0,0,2,0,False,[]
j1_2026_08291903_東京V_鹿島,2026-08-29 19:03:00,東京Ｖ,鹿島,0.0,0.0,2.3126,1.2841,0.0,0.5355,0.0,4.0,107.1,hit,2.31,5.82,conditions_v2,partial,home_base_to_opponent_base_proxy,2026-08-22 18:33:00,168.5,0,1,0,False,[],2026-08-22 18:03:00,169.0,0,1,0,False,[]
j1_2026_09021903_町田_川崎F,2026-09-02 19:03:00,町田,川崎Ｆ,0.0,0.0,3.6407,3.1745,0.0,0.0855,0.0,4.0,17.1,hit,3.64,7.26,conditions_v2,partial,home_base_to_opponent_base_proxy,2026-08-29 18:03:00,97.0,1,2,0,False,[],2026-08-29 19:03:00,96.0,1,2,0,False,[]
j1_2026_09021903_清水_FC東京,2026-09-02 19:03:00,清水,FC東京,0.0,0.0,2.6481,4.7637,0.0,0.643,0.0,4.0,128.6,hit,2.65,9.41,conditions_v2,partial,home_base_to_opponent_base_proxy,2026-08-29 18:33:00,96.5,1,2,0,False,[],2026-08-29 18:34:00,96.48333333333333,1,2,0,False,[]
j1_2026_09021903_長崎_G大阪,2026-09-02 19:03:00,長崎,Ｇ大阪,0.0,0.0,4.6278,3.3006,0.0,2.857,0.0,4.0,571.4,hit,4.63,10.16,conditions_v2,partial,home_base_to_opponent_base_proxy,2026-08-29 18:34:00,96.48333333333333,1,2,0,False,[],2026-08-29 18:03:00,97.0,1,2,0,False,[]
j1_2026_09021903_水戸_鹿島,2026-09-02 19:03:00,水戸,鹿島,0.0,0.0,2.8935,2.4885,0.0,0.2215,0.0,4.0,44.3,hit,2.89,6.71,conditions_v2,partial,home_base_to_opponent_base_proxy,2026-08-29 18:03:00,97.0,1,2,0,False,[],2026-08-29 19:03:00,96.0,1,2,0,False,[]
j1_2026_09021903_福岡_浦和,2026-09-02 19:03:00,福岡,浦和,0.0,0.0,5.1775,2.5392,0.0,4.439,0.0,4.0,887.8,hit,5.18,10.98,conditions_v2,partial,home_base_to_opponent_base_proxy,2026-08-29 19:03:00,96.0,1,2,0,False,[],2026-08-29 19:03:00,96.0,1,2,0,False,[]
j1_2026_09021903_東京V_神戸,2026-09-02 19:03:00,東京Ｖ,神戸,0.0,0.0,2.1309,3.2078,0.0,2.0455,0.0,4.0,409.1,hit,2.13,9.25,conditions_v2,partial,home_base_to_opponent_base_proxy,2026-08-29 19:03:00,96.0,1,2,0,False,[],2026-08-29 19:03:00,96.0,1,2,0,False,[]
j1_2026_09021903_広島_名古屋,2026-09-02 19:03:00,広島,名古屋,0.0,0.0,3.9905,1.6282,0.0,2.08,0.0,4.0,416.0,hit,3.99,7.71,conditions_v2,partial,home_base_to_opponent_base_proxy,2026-08-29 18:03:00,97.0,1,2,0,False,[],2026-08-29 19:03:00,96.0,1,2,0,False,[]
j1_2026_09021903_千葉_岡山,2026-09-02 19:03:00,千葉,岡山,0.0,0.0,4.3518,2.8219,0.0,2.8645,0.0,4.0,572.9,hit,4.35,9.69,conditions_v2,partial,home_base_to_opponent_base_proxy,2026-08-29 19:03:00,96.0,1,2,0,False,[],2026-08-29 19:03:00,96.0,1,2,0,False,[]
j1_2026_09021903_横浜FM_京都,2026-09-02 19:03:00,横浜FM,京都,0.0,0.0,2.7789,3.0125,0.0,1.7765,0.0,4.0,355.3,hit,2.78,8.79,conditions_v2,partial,home_base_to_opponent_base_proxy,2026-08-29 19:03:00,96.0,1,2,0,False,[],2026-08-29 19:03:00,96.0,1,2,0,False,[]
j1_2026_09021903_C大阪_柏,2026-09-02 19:03:00,Ｃ大阪,柏,0.0,0.0,3.2755,2.9006,0.0,2.1375,0.0,4.0,427.5,hit,3.28,9.04,conditions_v2,partial,home_base_to_opponent_base_proxy,2026-08-29 19:03:00,96.0,1,2,0,False,[],2026-08-29 18:33:00,96.5,1,2,0,False,[]
j1_2026_09051903_福岡_水戸,2026-09-05 19:03:00,福岡,水戸,0.5,0.5,4.6437,2.4693,0.0,4.784,0.0,4.0,956.8,hit,5.14,11.75,conditions_v2,partial,home_base_to_opponent_base_proxy,2026-09-02 19:03:00,72.0,2,2,0,False,[],2026-09-02 19:03:00,72.0,1,3,0,False,[]
j1_2026_09061803_岡山_広島,2026-09-06 18:03:00,岡山,広島,0.0208,0.0208,4.8865,3.2182,0.0,0.696,0.0,4.0,139.2,hit,4.91,7.94,conditions_v2,partial,home_base_to_opponent_base_proxy,2026-09-02 19:03:00,95.0,1,2,0,False,[],2026-09-02 19:03:00,95.0,1,2,0,False,[]
j1_2026_09061803_名古屋_町田,2026-09-06 18:03:00,名古屋,町田,0.0208,0.0208,3.2706,2.9865,0.0,1.1755,0.0,4.0,235.1,hit,3.29,8.18,conditions_v2,partial,home_base_to_opponent_base_proxy,2026-09-02 19:03:00,95.0,1,2,0,False,[],2026-09-02 19:03:00,95.0,1,3,0,False,[]
j1_2026_09061803_鹿島_浦和,2026-09-06 18:03:00,鹿島,浦和,0.0208,0.0208,3.6588,5.0866,0.0,0.4495,0.0,4.0,89.9,hit,3.68,9.56,conditions_v2,partial,home_base_to_opponent_base_proxy,2026-09-02 19:03:00,95.0,1,2,0,False,[],2026-09-02 19:03:00,95.0,1,3,0,False,[]
j1_2026_09061803_千葉_G大阪,2026-09-06 18:03:00,千葉,Ｇ大阪,0.0208,0.0208,3.763,4.9792,0.0,2.127,0.0,4.0,425.4,hit,3.78,11.13,conditions_v2,partial,home_base_to_opponent_base_proxy,2026-09-02 19:03:00,95.0,1,2,0,False,[],2026-09-02 19:03:00,95.0,1,2,0,False,[]
j1_2026_09061903_C大阪_東京V,2026-09-06 19:03:00,Ｃ大阪,東京Ｖ,0.0,0.0,2.6174,1.8691,0.0,1.914,0.0,4.0,382.8,hit,2.62,7.78,conditions_v2,partial,home_base_to_opponent_base_proxy,2026-09-02 19:03:00,96.0,1,2,0,False,[],2026-09-02 19:03:00,96.0,1,2,0,False,[]
j1_2026_09061903_川崎F_清水,2026-09-06 19:03:00,川崎Ｆ,清水,0.0,0.0,4.1501,2.2486,0.0,0.6555,0.0,4.0,131.1,hit,4.15,6.9,conditions_v2,partial,home_base_to_opponent_base_proxy,2026-09-02 19:03:00,96.0,1,2,0,False,[],2026-09-02 19:03:00,96.0,1,2,0,False,[]
j1_2026_09061903_柏_横浜FM,2026-09-06 19:03:00,柏,横浜FM,0.0,0.0,4.5581,2.273,0.0,0.2545,0.0,4.0,50.9,hit,4.56,6.53,conditions_v2,partial,home_base_to_opponent_base_proxy,2026-09-02 19:03:00,96.0,1,2,0,False,[],2026-09-02 19:03:00,96.0,1,2,0,False,[]
j1_2026_09061903_神戸_長崎,2026-09-06 19:03:00,神戸,長崎,0.0,0.0,4.8298,3.7537,0.0,2.6705,0.0,4.0,534.1,hit,4.83,10.42,conditions_v2,partial,home_base_to_opponent_base_proxy,2026-09-02 19:03:00,96.0,1,2,0,False,[],2026-09-02 19:03:00,96.0,1,2,0,False,[]
j1_2026_09061933_FC東京_京都,2026-09-06 19:33:00,FC東京,京都,0.0,0.0,5.6388,4.2673,0.0,1.754,0.0,4.0,350.8,hit,5.64,10.02,conditions_v2,partial,home_base_to_opponent_base_proxy,2026-09-02 19:03:00,96.5,1,2,0,False,[],2026-09-02 19:03:00,96.5,1,2,0,False,[]
j1_2026_09111903_京都_柏,2026-09-11 19:03:00,京都,柏,0.0,0.0,5.6479,4.0263,0.0,1.973,0.0,4.0,394.6,hit,5.65,10.0,conditions_v2,partial,home_base_to_opponent_base_proxy,2026-09-06 19:33:00,119.5,1,3,0,False,[],2026-09-06 19:03:00,120.0,1,3,0,False,[]
j1_2026_09111904_神戸_鹿島,2026-09-11 19:04:00,神戸,鹿島,0.0,0.0,3.9318,3.2119,0.0,2.578,0.0,4.0,515.6,hit,3.93,9.79,conditions_v2,partial,home_base_to_opponent_base_proxy,2026-09-06 19:03:00,120.01666666666667,1,3,0,False,[],2026-09-06 18:03:00,121.01666666666667,1,3,0,False,[]
j1_2026_09121804_水戸_川崎F,2026-09-12 18:04:00,水戸,川崎Ｆ,0.0,0.0,5.0356,3.2765,0.0,0.5435,0.0,4.0,108.7,hit,5.04,7.82,conditions_v2,partial,home_base_to_opponent_base_proxy,2026-09-05 19:03:00,167.01666666666668,1,2,0,False,[],2026-09-06 19:03:00,143.01666666666668,1,3,0,False,[]
j1_2026_09121834_清水_福岡,2026-09-12 18:34:00,清水,福岡,0.0,0.0,3.265,3.8072,0.0,3.773,0.0,4.0,754.6,hit,3.27,11.58,conditions_v2,partial,home_base_to_opponent_base_proxy,2026-09-06 19:03:00,143.51666666666668,1,2,0,False,[],2026-09-05 19:03:00,167.51666666666668,1,3,0,False,[]
j1_2026_09121903_長崎_名古屋,2026-09-12 19:03:00,長崎,名古屋,0.0,0.0,5.0858,2.8793,0.0,3.609,0.0,4.0,721.8,hit,5.09,10.49,conditions_v2,partial,home_base_to_opponent_base_proxy,2026-09-06 19:03:00,144.0,1,2,0,False,[],2026-09-06 18:03:00,145.0,1,3,0,False,[]
j1_2026_09121904_G大阪_FC東京,2026-09-12 19:04:00,Ｇ大阪,FC東京,0.0,0.0,6.2941,4.9223,0.0,1.875,0.0,4.0,375.0,hit,6.29,10.8,conditions_v2,partial,home_base_to_opponent_base_proxy,2026-09-06 18:03:00,145.01666666666668,1,2,0,False,[],2026-09-06 19:33:00,143.51666666666668,1,2,0,False,[]
j1_2026_09121905_広島_C大阪,2026-09-12 19:05:00,広島,Ｃ大阪,0.0,0.0,4.3569,2.1939,0.0,1.4115,0.0,4.0,282.3,hit,4.36,7.61,conditions_v2,partial,home_base_to_opponent_base_proxy,2026-09-06 18:03:00,145.03333333333333,1,2,0,False,[],2026-09-06 19:03:00,144.03333333333333,1,2,0,False,[]
j1_2026_09121905_町田_横浜FM,2026-09-12 19:05:00,町田,横浜FM,0.0,0.0,4.307,3.4096,0.0,0.075,0.0,4.0,15.0,hit,4.31,7.48,conditions_v2,partial,home_base_to_opponent_base_proxy,2026-09-06 18:03:00,145.03333333333333,1,2,0,False,[],2026-09-06 19:03:00,144.03333333333333,1,2,0,False,[]
j1_2026_09131804_東京V_千葉,2026-09-13 18:04:00,東京Ｖ,千葉,0.0,0.0,3.3815,2.9792,0.0,0.2735,0.0,4.0,54.7,hit,3.38,7.25,conditions_v2,partial,home_base_to_opponent_base_proxy,2026-09-06 19:03:00,167.01666666666668,1,2,0,False,[],2026-09-06 18:03:00,168.01666666666668,0,2,0,False,[]
j1_2026_09131833_浦和_岡山,2026-09-13 18:33:00,浦和,岡山,0.0,0.0,5.8564,4.3268,0.0,2.688,0.0,4.0,537.6,hit,5.86,11.01,conditions_v2,partial,home_base_to_opponent_base_proxy,2026-09-06 18:03:00,168.5,0,2,0,False,[],2026-09-06 18:03:00,168.5,0,2,0,False,[]
j1_2026_09191800_福岡_広島,2026-09-19 18:00:00,福岡,広島,0.0,0.0,5.5996,3.511,0.0,1.064,0.0,4.0,212.8,hit,5.6,8.57,conditions_v2,partial,home_base_to_opponent_base_proxy,2026-09-12 18:34:00,167.43333333333334,1,2,0,False,[],2026-09-12 19:05:00,166.91666666666666,1,2,0,False,[]
j1_2026_09191800_川崎F_鹿島,2026-09-19 18:00:00,川崎Ｆ,鹿島,0.0,0.0,4.293,2.3259,0.0,0.5125,0.0,4.0,102.5,hit,4.29,6.84,conditions_v2,partial,home_base_to_opponent_base_proxy,2026-09-12 18:04:00,167.93333333333334,1,2,0,False,[],2026-09-15 12:00:00,102.0,1,3,1,False,"[{""datetime"": ""2026-09-15T12:00:00"", ""competition"": ""acl_event"", ""minutes_played"": null, ""core_usage"": null, ""source"": ""nan"", ""event_load"": 0.0, ""participation_status"": ""scheduled"", ""minutes_status"": ""unknown"", ""rotation_status"": ""unknown"", ""extra_time_minutes"": null, ""extra_time_status"": ""unknown""}]"
j1_2026_09191830_清水_千葉,2026-09-19 18:30:00,清水,千葉,0.0,0.0,2.7884,3.7304,0.0,0.8145,0.0,4.0,162.9,hit,2.79,8.54,conditions_v2,partial,home_base_to_opponent_base_proxy,2026-09-12 18:34:00,167.93333333333334,1,2,0,False,[],2026-09-13 18:04:00,144.43333333333334,1,2,0,False,[]
j1_2026_09191830_長崎_C大阪,2026-09-19 18:30:00,長崎,Ｃ大阪,0.0,0.0,4.3277,3.5129,0.0,2.8105,0.0,4.0,562.1,hit,4.33,10.32,conditions_v2,partial,home_base_to_opponent_base_proxy,2026-09-12 19:03:00,167.45,1,2,0,False,[],2026-09-12 19:05:00,167.41666666666666,1,2,0,False,[]
j1_2026_09191830_浦和_東京V,2026-09-19 18:30:00,浦和,東京Ｖ,0.0,0.0,5.0589,2.9532,0.0,0.1265,0.0,4.0,25.3,hit,5.06,7.08,conditions_v2,partial,home_base_to_opponent_base_proxy,2026-09-13 18:33:00,143.95,1,2,0,False,[],2026-09-13 18:04:00,144.43333333333334,1,2,0,False,[]
j1_2026_09191900_岡山_京都,2026-09-19 19:00:00,岡山,京都,0.0,0.0,5.8053,2.1317,0.0,0.853,0.0,4.0,170.6,hit,5.81,6.98,conditions_v2,partial,home_base_to_opponent_base_proxy,2026-09-13 18:33:00,144.45,1,2,0,False,[],2026-09-15 12:00:00,103.0,1,3,1,False,"[{""datetime"": ""2026-09-15T12:00:00"", ""competition"": ""acl_event"", ""minutes_played"": null, ""core_usage"": null, ""source"": ""nan"", ""event_load"": 0.0, ""participation_status"": ""scheduled"", ""minutes_status"": ""unknown"", ""rotation_status"": ""unknown"", ""extra_time_minutes"": null, ""extra_time_status"": ""unknown""}]"
j1_2026_09191900_FC東京_名古屋,2026-09-19 19:00:00,FC東京,名古屋,0.0,0.0,5.8475,5.1,0.0,1.2245,0.0,4.0,244.9,hit,5.85,10.32,conditions_v2,partial,home_base_to_opponent_base_proxy,2026-09-12 19:04:00,167.93333333333334,1,2,0,False,[],2026-09-12 19:03:00,167.95,1,2,0,False,[]
j1_2026_09191930_横浜FM_水戸,2026-09-19 19:30:00,横浜FM,水戸,0.0,0.0,4.203,4.4025,0.0,0.5895,0.0,4.0,117.9,hit,4.2,8.99,conditions_v2,partial,home_base_to_opponent_base_proxy,2026-09-12 19:05:00,168.41666666666666,0,2,0,False,[],2026-09-12 18:04:00,169.43333333333334,0,1,0,False,[]
j1_2026_09201700_G大阪_神戸,2026-09-20 17:00:00,Ｇ大阪,神戸,0.0,0.0,2.3715,1.2693,0.0,0.1715,0.0,4.0,34.3,hit,2.37,5.44,conditions_v2,partial,home_base_to_opponent_base_proxy,2026-09-15 12:00:00,125.0,1,3,1,False,"[{""datetime"": ""2026-09-15T12:00:00"", ""competition"": ""acl_event"", ""minutes_played"": null, ""core_usage"": null, ""source"": ""nan"", ""event_load"": 0.0, ""participation_status"": ""scheduled"", ""minutes_status"": ""unknown"", ""rotation_status"": ""unknown"", ""extra_time_minutes"": null, ""extra_time_status"": ""unknown""}]",2026-09-16 12:00:00,101.0,1,3,1,False,"[{""datetime"": ""2026-09-16T12:00:00"", ""competition"": ""acl_event"", ""minutes_played"": null, ""core_usage"": null, ""source"": ""nan"", ""event_load"": 0.0, ""participation_status"": ""scheduled"", ""minutes_status"": ""unknown"", ""rotation_status"": ""unknown"", ""extra_time_minutes"": null, ""extra_time_status"": ""unknown""}]"
j1_2026_09201700_町田_柏,2026-09-20 17:00:00,町田,柏,0.3958,0.0,1.6797,2.4557,0.0,0.2965,0.0,4.0,59.3,hit,2.08,6.75,conditions_v2,partial,home_base_to_opponent_base_proxy,2026-09-17 12:00:00,77.0,1,3,1,False,"[{""datetime"": ""2026-09-17T12:00:00"", ""competition"": ""acl_event"", ""minutes_played"": null, ""core_usage"": null, ""source"": ""nan"", ""event_load"": 0.0, ""participation_status"": ""scheduled"", ""minutes_status"": ""unknown"", ""rotation_status"": ""unknown"", ""extra_time_minutes"": null, ""extra_time_status"": ""unknown""}]",2026-09-16 12:00:00,101.0,1,3,1,False,"[{""datetime"": ""2026-09-16T12:00:00"", ""competition"": ""acl_event"", ""minutes_played"": null, ""core_usage"": null, ""source"": ""nan"", ""event_load"": 0.0, ""participation_status"": ""scheduled"", ""minutes_status"": ""unknown"", ""rotation_status"": ""unknown"", ""extra_time_minutes"": null, ""extra_time_status"": ""unknown""}]"
j1_2026_10091900_柏_神戸,2026-10-09 19:00:00,柏,神戸,0.0,0.0,0.0,0.0,0.0,2.2675,0.0,4.0,453.5,hit,0.0,6.27,conditions_v2,partial,home_base_to_opponent_base_proxy,2026-09-20 17:00:00,458.0,0,0,0,False,[],2026-09-20 17:00:00,458.0,0,0,0,False,[]
j1_2026_10091900_鹿島_G大阪,2026-10-09 19:00:00,鹿島,Ｇ大阪,0.0,0.0,0.0,0.0,0.0,2.4075,0.0,4.0,481.5,hit,0.0,6.41,conditions_v2,partial,home_base_to_opponent_base_proxy,2026-09-19 18:00:00,481.0,0,0,0,False,[],2026-09-20 17:00:00,458.0,0,0,0,False,[]
j1_2026_10101400_C大阪_横浜FM,2026-10-10 14:00:00,Ｃ大阪,横浜FM,0.0,0.0,0.0,0.0,0.0,1.927,0.0,4.0,385.4,hit,0.0,5.93,conditions_v2,partial,home_base_to_opponent_base_proxy,2026-09-19 18:30:00,499.5,0,0,0,False,[],2026-09-19 19:30:00,498.5,0,0,0,False,[]
j1_2026_10101500_FC東京_浦和,2026-10-10 15:00:00,FC東京,浦和,0.0,0.0,0.0,0.0,0.0,0.1265,0.0,4.0,25.3,hit,0.0,4.13,conditions_v2,partial,home_base_to_opponent_base_proxy,2026-09-19 19:00:00,500.0,0,0,0,False,[],2026-09-19 18:30:00,500.5,0,0,0,False,[]
j1_2026_10101500_福岡_岡山,2026-10-10 15:00:00,福岡,岡山,0.0,0.0,0.0,0.0,0.0,1.753,0.0,4.0,350.6,hit,0.0,5.75,conditions_v2,partial,home_base_to_opponent_base_proxy,2026-09-19 18:00:00,501.0,0,0,0,False,[],2026-09-19 19:00:00,500.0,0,0,0,False,[]
j1_2026_10101900_京都_町田,2026-10-10 19:00:00,京都,町田,0.0,0.0,0.0,0.0,0.0,1.7065,0.0,4.0,341.3,hit,0.0,5.71,conditions_v2,partial,home_base_to_opponent_base_proxy,2026-09-19 19:00:00,504.0,0,0,0,False,[],2026-09-20 17:00:00,482.0,0,0,0,False,[]
j1_2026_10111400_千葉_長崎,2026-10-11 14:00:00,千葉,長崎,0.0,0.0,0.0,0.0,0.0,4.9695,0.0,4.0,993.9,hit,0.0,8.97,conditions_v2,partial,home_base_to_opponent_base_proxy,2026-09-19 18:30:00,523.5,0,0,0,False,[],2026-09-19 18:30:00,523.5,0,0,0,False,[]
j1_2026_10111500_東京V_広島,2026-10-11 15:00:00,東京Ｖ,広島,0.0,0.0,0.0,0.0,0.0,3.3035,0.0,4.0,660.7,hit,0.0,7.3,conditions_v2,partial,home_base_to_opponent_base_proxy,2026-09-19 18:30:00,524.5,0,0,0,False,[],2026-09-19 18:00:00,525.0,0,0,0,False,[]
j1_2026_10111500_水戸_清水,2026-10-11 15:00:00,水戸,清水,0.0,0.0,0.0,0.0,0.0,1.1545,0.0,4.0,230.9,hit,0.0,5.15,conditions_v2,partial,home_base_to_opponent_base_proxy,2026-09-19 19:30:00,523.5,0,0,0,False,[],2026-09-19 18:30:00,524.5,0,0,0,False,[]
j1_2026_10111600_川崎F_名古屋,2026-10-11 16:00:00,川崎Ｆ,名古屋,0.0,0.0,0.0,0.0,0.0,1.261,0.0,4.0,252.2,hit,0.0,5.26,conditions_v2,partial,home_base_to_opponent_base_proxy,2026-09-19 18:00:00,526.0,0,0,0,False,[],2026-09-19 19:00:00,525.0,0,0,0,False,[]
j1_2026_10171300_清水_G大阪,2026-10-17 13:00:00,清水,Ｇ大阪,0.0,0.0,1.8041,1.2815,0.0,1.3035,0.0,4.0,260.7,hit,1.8,6.58,conditions_v2,partial,home_base_to_opponent_base_proxy,2026-10-11 15:00:00,142.0,1,1,0,False,[],2026-10-13 12:00:00,97.0,1,2,1,False,"[{""datetime"": ""2026-10-13T12:00:00"", ""competition"": ""acl_event"", ""minutes_played"": null, ""core_usage"": null, ""source"": ""nan"", ""event_load"": 0.0, ""participation_status"": ""scheduled"", ""minutes_status"": ""unknown"", ""rotation_status"": ""unknown"", ""extra_time_minutes"": null, ""extra_time_status"": ""unknown""}]"
j1_2026_10171400_千葉_横浜FM,2026-10-17 14:00:00,千葉,横浜FM,0.0,0.0,0.0,2.0744,0.0,0.2365,0.0,4.0,47.3,hit,0.0,6.31,conditions_v2,partial,home_base_to_opponent_base_proxy,2026-10-11 14:00:00,144.0,1,1,0,False,[],2026-10-10 14:00:00,168.0,1,1,0,False,[]
j1_2026_10171400_広島_京都,2026-10-17 14:00:00,広島,京都,0.0,0.0,2.5562,0.0,0.0,1.549,0.0,4.0,309.8,hit,2.56,5.55,conditions_v2,partial,home_base_to_opponent_base_proxy,2026-10-11 15:00:00,143.0,1,1,0,False,[],2026-10-13 12:00:00,98.0,2,2,1,False,"[{""datetime"": ""2026-10-13T12:00:00"", ""competition"": ""acl_event"", ""minutes_played"": null, ""core_usage"": null, ""source"": ""nan"", ""event_load"": 0.0, ""participation_status"": ""scheduled"", ""minutes_status"": ""unknown"", ""rotation_status"": ""unknown"", ""extra_time_minutes"": null, ""extra_time_status"": ""unknown""}]"
j1_2026_10171400_東京V_FC東京,2026-10-17 14:00:00,東京Ｖ,FC東京,0.0,0.0,0.0,0.0,0.0,0.0,0.0,4.0,0.0,hit,0.0,4.0,conditions_v2,partial,home_base_to_opponent_base_proxy,2026-10-11 15:00:00,143.0,1,1,0,False,[],2026-10-10 15:00:00,167.0,1,1,0,False,[]
j1_2026_10171500_C大阪_川崎F,2026-10-17 15:00:00,Ｃ大阪,川崎Ｆ,0.0,0.0,0.0,0.0,0.0,1.946,0.0,4.0,389.2,hit,0.0,5.95,conditions_v2,partial,home_base_to_opponent_base_proxy,2026-10-10 14:00:00,169.0,0,1,0,False,[],2026-10-11 16:00:00,143.0,1,1,0,False,[]
j1_2026_10171500_鹿島_長崎,2026-10-17 15:00:00,鹿島,長崎,0.0,0.0,0.0,3.1393,0.0,5.258,0.0,4.0,1051.6,hit,0.0,12.4,conditions_v2,partial,home_base_to_opponent_base_proxy,2026-10-13 12:00:00,99.0,1,2,1,False,"[{""datetime"": ""2026-10-13T12:00:00"", ""competition"": ""acl_event"", ""minutes_played"": null, ""core_usage"": null, ""source"": ""nan"", ""event_load"": 0.0, ""participation_status"": ""scheduled"", ""minutes_status"": ""unknown"", ""rotation_status"": ""unknown"", ""extra_time_minutes"": null, ""extra_time_status"": ""unknown""}]",2026-10-11 14:00:00,145.0,1,1,0,False,[]
j1_2026_10171600_水戸_浦和,2026-10-17 16:00:00,水戸,浦和,0.0,0.0,0.0,1.4443,0.0,0.397,0.0,4.0,79.4,hit,0.0,5.84,conditions_v2,partial,home_base_to_opponent_base_proxy,2026-10-11 15:00:00,145.0,1,1,0,False,[],2026-10-10 15:00:00,169.0,0,1,0,False,[]
j1_2026_10171900_柏_名古屋,2026-10-17 19:00:00,柏,名古屋,0.3542,0.0,0.0,1.8413,0.0,1.4455,0.0,4.0,289.1,hit,0.35,7.29,conditions_v2,partial,home_base_to_opponent_base_proxy,2026-10-14 12:00:00,79.0,1,2,1,False,"[{""datetime"": ""2026-10-14T12:00:00"", ""competition"": ""acl_event"", ""minutes_played"": null, ""core_usage"": null, ""source"": ""nan"", ""event_load"": 0.0, ""participation_status"": ""scheduled"", ""minutes_status"": ""unknown"", ""rotation_status"": ""unknown"", ""extra_time_minutes"": null, ""extra_time_status"": ""unknown""}]",2026-10-11 16:00:00,147.0,1,1,0,False,[]
j1_2026_10181355_岡山_神戸,2026-10-18 13:55:00,岡山,神戸,0.0,0.0,2.0135,1.2535,0.0,0.578,0.0,4.0,115.6,hit,2.01,5.83,conditions_v2,partial,home_base_to_opponent_base_proxy,2026-10-10 15:00:00,190.91666666666666,0,1,0,False,[],2026-10-14 12:00:00,97.91666666666667,1,2,1,False,"[{""datetime"": ""2026-10-14T12:00:00"", ""competition"": ""acl_event"", ""minutes_played"": null, ""core_usage"": null, ""source"": ""nan"", ""event_load"": 0.0, ""participation_status"": ""scheduled"", ""minutes_status"": ""unknown"", ""rotation_status"": ""unknown"", ""extra_time_minutes"": null, ""extra_time_status"": ""unknown""}]"
j1_2026_10181600_町田_福岡,2026-10-18 16:00:00,町田,福岡,0.4167,0.0,1.1413,0.0,0.0,4.3055,0.0,4.0,861.1,hit,1.56,8.31,conditions_v2,partial,home_base_to_opponent_base_proxy,2026-10-15 12:00:00,76.0,1,2,1,False,"[{""datetime"": ""2026-10-15T12:00:00"", ""competition"": ""acl_event"", ""minutes_played"": null, ""core_usage"": null, ""source"": ""nan"", ""event_load"": 0.0, ""participation_status"": ""scheduled"", ""minutes_status"": ""unknown"", ""rotation_status"": ""unknown"", ""extra_time_minutes"": null, ""extra_time_status"": ""unknown""}]",2026-10-10 15:00:00,193.0,0,1,0,False,[]
j1_2026_10211900_福岡_G大阪,2026-10-21 19:00:00,福岡,Ｇ大阪,0.4375,0.0,2.9069,2.9455,0.0,2.481,0.0,4.0,496.2,hit,3.34,9.43,conditions_v2,partial,home_base_to_opponent_base_proxy,2026-10-18 16:00:00,75.0,1,2,0,False,[],2026-10-17 13:00:00,102.0,1,3,1,False,"[{""datetime"": ""2026-10-13T12:00:00"", ""competition"": ""acl_event"", ""minutes_played"": null, ""core_usage"": null, ""source"": ""nan"", ""event_load"": 0.0, ""participation_status"": ""scheduled"", ""minutes_status"": ""unknown"", ""rotation_status"": ""unknown"", ""extra_time_minutes"": null, ""extra_time_status"": ""unknown""}]"
j1_2026_10211900_清水_町田,2026-10-21 19:00:00,清水,町田,0.0,0.4375,1.6623,1.1159,0.0,0.574,0.0,4.0,114.8,hit,1.66,6.13,conditions_v2,partial,home_base_to_opponent_base_proxy,2026-10-17 13:00:00,102.0,1,2,0,False,[],2026-10-18 16:00:00,75.0,2,3,1,False,"[{""datetime"": ""2026-10-15T12:00:00"", ""competition"": ""acl_event"", ""minutes_played"": null, ""core_usage"": null, ""source"": ""nan"", ""event_load"": 0.0, ""participation_status"": ""scheduled"", ""minutes_status"": ""unknown"", ""rotation_status"": ""unknown"", ""extra_time_minutes"": null, ""extra_time_status"": ""unknown""}]"
j1_2026_10211900_横浜FM_東京V,2026-10-21 19:00:00,横浜FM,東京Ｖ,0.0,0.0,3.3942,0.0,0.0,0.093,0.0,4.0,18.6,hit,3.39,4.09,conditions_v2,partial,home_base_to_opponent_base_proxy,2026-10-17 14:00:00,101.0,1,2,0,False,[],2026-10-17 14:00:00,101.0,1,2,0,False,[]
j1_2026_10211900_川崎F_神戸,2026-10-21 19:00:00,川崎Ｆ,神戸,0.0,0.3941,2.0811,2.6678,0.0,2.0795,0.0,4.0,415.9,hit,2.08,9.14,conditions_v2,partial,home_base_to_opponent_base_proxy,2026-10-17 15:00:00,100.0,1,2,0,False,[],2026-10-18 13:55:00,77.08333333333333,1,3,1,False,"[{""datetime"": ""2026-10-14T12:00:00"", ""competition"": ""acl_event"", ""minutes_played"": null, ""core_usage"": null, ""source"": ""nan"", ""event_load"": 0.0, ""participation_status"": ""scheduled"", ""minutes_status"": ""unknown"", ""rotation_status"": ""unknown"", ""extra_time_minutes"": null, ""extra_time_status"": ""unknown""}]"
j1_2026_10211900_長崎_広島,2026-10-21 19:00:00,長崎,広島,0.0,0.0,6.133,2.3554,0.0,1.5085,0.0,4.0,301.7,hit,6.13,7.86,conditions_v2,partial,home_base_to_opponent_base_proxy,2026-10-17 15:00:00,100.0,1,2,0,False,[],2026-10-17 14:00:00,101.0,1,2,0,False,[]
j1_2026_10211900_名古屋_C大阪,2026-10-21 19:00:00,名古屋,Ｃ大阪,0.0,0.0,3.6026,0.0,0.0,0.6965,0.0,4.0,139.3,hit,3.6,4.7,conditions_v2,partial,home_base_to_opponent_base_proxy,2026-10-17 19:00:00,96.0,1,2,0,False,[],2026-10-17 15:00:00,100.0,1,2,0,False,[]
j1_2026_10211900_京都_鹿島,2026-10-21 19:00:00,京都,鹿島,0.0,0.0,1.9422,0.0,0.0,2.2835,0.0,4.0,456.7,hit,1.94,6.28,conditions_v2,partial,home_base_to_opponent_base_proxy,2026-10-17 14:00:00,101.0,1,3,1,False,"[{""datetime"": ""2026-10-13T12:00:00"", ""competition"": ""acl_event"", ""minutes_played"": null, ""core_usage"": null, ""source"": ""nan"", ""event_load"": 0.0, ""participation_status"": ""scheduled"", ""minutes_status"": ""unknown"", ""rotation_status"": ""unknown"", ""extra_time_minutes"": null, ""extra_time_status"": ""unknown""}]",2026-10-17 15:00:00,100.0,1,3,1,False,"[{""datetime"": ""2026-10-13T12:00:00"", ""competition"": ""acl_event"", ""minutes_played"": null, ""core_usage"": null, ""source"": ""nan"", ""event_load"": 0.0, ""participation_status"": ""scheduled"", ""minutes_status"": ""unknown"", ""rotation_status"": ""unknown"", ""extra_time_minutes"": null, ""extra_time_status"": ""unknown""}]"
j1_2026_10211900_FC東京_柏,2026-10-21 19:00:00,FC東京,柏,0.0,0.0,1.4,0.124,0.0,0.2285,0.0,4.0,45.7,hit,1.4,4.35,conditions_v2,partial,home_base_to_opponent_base_proxy,2026-10-17 14:00:00,101.0,1,2,0,False,[],2026-10-17 19:00:00,96.0,1,3,1,False,"[{""datetime"": ""2026-10-14T12:00:00"", ""competition"": ""acl_event"", ""minutes_played"": null, ""core_usage"": null, ""source"": ""nan"", ""event_load"": 0.0, ""participation_status"": ""scheduled"", ""minutes_status"": ""unknown"", ""rotation_status"": ""unknown"", ""extra_time_minutes"": null, ""extra_time_status"": ""unknown""}]"
j1_2026_10211900_岡山_水戸,2026-10-21 19:00:00,岡山,水戸,0.3941,0.0,1.8553,0.0,0.0,3.0805,0.0,4.0,616.1,hit,2.25,7.08,conditions_v2,partial,home_base_to_opponent_base_proxy,2026-10-18 13:55:00,77.08333333333333,1,2,0,False,[],2026-10-17 16:00:00,99.0,1,2,0,False,[]
j1_2026_10211930_浦和_千葉,2026-10-21 19:30:00,浦和,千葉,0.0,0.0,2.8697,0.0,0.0,0.2575,0.0,4.0,51.5,hit,2.87,4.26,conditions_v2,partial,home_base_to_opponent_base_proxy,2026-10-17 16:00:00,99.5,1,2,0,False,[],2026-10-17 14:00:00,101.5,1,2,0,False,[]
j1_2026_10241400_広島_清水,2026-10-24 14:00:00,広島,清水,0.6042,0.6042,3.994,1.4581,0.0,2.737,0.0,4.0,547.4,hit,4.6,8.8,conditions_v2,partial,home_base_to_opponent_base_proxy,2026-10-21 19:00:00,67.0,2,3,0,False,[],2026-10-21 19:00:00,67.0,1,3,0,False,[]
j1_2026_10241500_東京V_福岡,2026-10-24 15:00:00,東京Ｖ,福岡,0.5833,0.5833,1.4325,2.8316,0.0,4.356,0.0,4.0,871.2,hit,2.02,11.77,conditions_v2,partial,home_base_to_opponent_base_proxy,2026-10-21 19:00:00,68.0,1,3,0,False,[],2026-10-21 19:00:00,68.0,2,3,0,False,[]
j1_2026_10241500_神戸_町田,2026-10-24 15:00:00,神戸,町田,0.5833,0.5833,4.3658,2.4562,0.0,1.994,0.0,4.0,398.8,hit,4.95,9.03,conditions_v2,partial,home_base_to_opponent_base_proxy,2026-10-21 19:00:00,68.0,2,3,1,False,"[{""datetime"": ""2026-10-14T12:00:00"", ""competition"": ""acl_event"", ""minutes_played"": null, ""core_usage"": null, ""source"": ""nan"", ""event_load"": 0.0, ""participation_status"": ""scheduled"", ""minutes_status"": ""unknown"", ""rotation_status"": ""unknown"", ""extra_time_minutes"": null, ""extra_time_status"": ""unknown""}]",2026-10-21 19:00:00,68.0,2,4,1,False,"[{""datetime"": ""2026-10-15T12:00:00"", ""competition"": ""acl_event"", ""minutes_played"": null, ""core_usage"": null, ""source"": ""nan"", ""event_load"": 0.0, ""participation_status"": ""scheduled"", ""minutes_status"": ""unknown"", ""rotation_status"": ""unknown"", ""extra_time_minutes"": null, ""extra_time_status"": ""unknown""}]"
j1_2026_10241500_鹿島_柏,2026-10-24 15:00:00,鹿島,柏,0.5833,0.5833,2.1992,1.5942,0.0,0.3105,0.0,4.0,62.1,hit,2.78,6.49,conditions_v2,partial,home_base_to_opponent_base_proxy,2026-10-21 19:00:00,68.0,2,3,1,False,"[{""datetime"": ""2026-10-13T12:00:00"", ""competition"": ""acl_event"", ""minutes_played"": null, ""core_usage"": null, ""source"": ""nan"", ""event_load"": 0.0, ""participation_status"": ""scheduled"", ""minutes_status"": ""unknown"", ""rotation_status"": ""unknown"", ""extra_time_minutes"": null, ""extra_time_status"": ""unknown""}]",2026-10-21 19:00:00,68.0,2,3,1,False,"[{""datetime"": ""2026-10-14T12:00:00"", ""competition"": ""acl_event"", ""minutes_played"": null, ""core_usage"": null, ""source"": ""nan"", ""event_load"": 0.0, ""participation_status"": ""scheduled"", ""minutes_status"": ""unknown"", ""rotation_status"": ""unknown"", ""extra_time_minutes"": null, ""extra_time_status"": ""unknown""}]"
j1_2026_10241600_G大阪_京都,2026-10-24 16:00:00,Ｇ大阪,京都,0.5625,0.5625,4.6163,1.7896,0.0,0.151,0.0,4.0,30.2,hit,5.18,6.5,conditions_v2,partial,home_base_to_opponent_base_proxy,2026-10-21 19:00:00,69.0,1,3,1,False,"[{""datetime"": ""2026-10-13T12:00:00"", ""competition"": ""acl_event"", ""minutes_played"": null, ""core_usage"": null, ""source"": ""nan"", ""event_load"": 0.0, ""participation_status"": ""scheduled"", ""minutes_status"": ""unknown"", ""rotation_status"": ""unknown"", ""extra_time_minutes"": null, ""extra_time_status"": ""unknown""}]",2026-10-21 19:00:00,69.0,1,4,1,False,"[{""datetime"": ""2026-10-13T12:00:00"", ""competition"": ""acl_event"", ""minutes_played"": null, ""core_usage"": null, ""source"": ""nan"", ""event_load"": 0.0, ""participation_status"": ""scheduled"", ""minutes_status"": ""unknown"", ""rotation_status"": ""unknown"", ""extra_time_minutes"": null, ""extra_time_status"": ""unknown""}]"
j1_2026_10251400_名古屋_横浜FM,2026-10-25 14:00:00,名古屋,横浜FM,0.1042,0.1042,3.2444,3.0429,0.0,1.245,0.0,4.0,249.0,hit,3.35,8.39,conditions_v2,partial,home_base_to_opponent_base_proxy,2026-10-21 19:00:00,91.0,1,3,0,False,[],2026-10-21 19:00:00,91.0,1,2,0,False,[]
j1_2026_10251500_浦和_長崎,2026-10-25 15:00:00,浦和,長崎,0.0938,0.0833,2.5853,5.523,0.0,4.847,0.0,4.0,969.4,hit,2.68,14.45,conditions_v2,partial,home_base_to_opponent_base_proxy,2026-10-21 19:30:00,91.5,1,2,0,False,[],2026-10-21 19:00:00,92.0,1,2,0,False,[]
j1_2026_10251500_C大阪_千葉,2026-10-25 15:00:00,Ｃ大阪,千葉,0.0833,0.0938,1.6438,1.4901,0.0,2.1625,0.0,4.0,432.5,hit,1.73,7.75,conditions_v2,partial,home_base_to_opponent_base_proxy,2026-10-21 19:00:00,92.0,1,2,0,False,[],2026-10-21 19:30:00,91.5,1,2,0,False,[]
j1_2026_10251600_FC東京_水戸,2026-10-25 16:00:00,FC東京,水戸,0.0625,0.0625,1.29,2.4782,0.0,0.5495,0.0,4.0,109.9,hit,1.35,7.09,conditions_v2,partial,home_base_to_opponent_base_proxy,2026-10-21 19:00:00,93.0,1,2,0,False,[],2026-10-21 19:00:00,93.0,1,2,0,False,[]
j1_2026_10251600_川崎F_岡山,2026-10-25 16:00:00,川崎Ｆ,岡山,0.0625,0.0625,1.9176,1.7653,0.0,2.6445,0.0,4.0,528.9,hit,1.98,8.47,conditions_v2,partial,home_base_to_opponent_base_proxy,2026-10-21 19:00:00,93.0,1,3,0,False,[],2026-10-21 19:00:00,93.0,1,2,0,False,[]
j1_2026_10311400_水戸_広島,2026-10-31 14:00:00,水戸,広島,0.0,0.0,3.8977,3.4377,0.0,3.7635,0.0,4.0,752.7,hit,3.9,11.2,conditions_v2,partial,home_base_to_opponent_base_proxy,2026-10-25 16:00:00,142.0,1,3,0,False,[],2026-10-24 14:00:00,168.0,1,3,0,False,[]
j1_2026_10311400_岡山_FC東京,2026-10-31 14:00:00,岡山,FC東京,0.0,0.0,3.6166,1.1534,0.0,2.6075,0.0,4.0,521.5,hit,3.62,7.76,conditions_v2,partial,home_base_to_opponent_base_proxy,2026-10-25 16:00:00,142.0,1,3,0,False,[],2026-10-25 16:00:00,142.0,1,3,0,False,[]
j1_2026_10311400_京都_清水,2026-10-31 14:00:00,京都,清水,0.0,0.0,1.4948,3.5926,0.0,1.204,0.0,4.0,240.8,hit,1.49,8.8,conditions_v2,partial,home_base_to_opponent_base_proxy,2026-10-27 12:00:00,98.0,2,4,1,False,"[{""datetime"": ""2026-10-27T12:00:00"", ""competition"": ""acl_event"", ""minutes_played"": null, ""core_usage"": null, ""source"": ""nan"", ""event_load"": 0.0, ""participation_status"": ""scheduled"", ""minutes_status"": ""unknown"", ""rotation_status"": ""unknown"", ""extra_time_minutes"": null, ""extra_time_status"": ""unknown""}]",2026-10-24 14:00:00,168.0,1,2,0,False,[]
j1_2026_10311500_神戸_名古屋,2026-10-31 15:00:00,神戸,名古屋,0.0,0.0,1.904,2.6212,0.0,0.8225,0.0,4.0,164.5,hit,1.9,7.44,conditions_v2,partial,home_base_to_opponent_base_proxy,2026-10-27 12:00:00,99.0,2,4,1,False,"[{""datetime"": ""2026-10-27T12:00:00"", ""competition"": ""acl_event"", ""minutes_played"": null, ""core_usage"": null, ""source"": ""nan"", ""event_load"": 0.0, ""participation_status"": ""scheduled"", ""minutes_status"": ""unknown"", ""rotation_status"": ""unknown"", ""extra_time_minutes"": null, ""extra_time_status"": ""unknown""}]",2026-10-25 14:00:00,145.0,1,3,0,False,[]
j1_2026_10311500_鹿島_C大阪,2026-10-31 15:00:00,鹿島,Ｃ大阪,0.4375,0.0,1.1849,1.5438,0.0,2.448,0.0,4.0,489.6,hit,1.62,7.99,conditions_v2,partial,home_base_to_opponent_base_proxy,2026-10-28 12:00:00,75.0,2,4,1,False,"[{""datetime"": ""2026-10-28T12:00:00"", ""competition"": ""acl_event"", ""minutes_played"": null, ""core_usage"": null, ""source"": ""nan"", ""event_load"": 0.0, ""participation_status"": ""scheduled"", ""minutes_status"": ""unknown"", ""rotation_status"": ""unknown"", ""extra_time_minutes"": null, ""extra_time_status"": ""unknown""}]",2026-10-25 15:00:00,144.0,1,3,0,False,[]
j1_2026_10311600_柏_浦和,2026-10-31 16:00:00,柏,浦和,0.0,0.0,1.7329,2.0957,0.0,0.1425,0.0,4.0,28.5,hit,1.73,6.24,conditions_v2,partial,home_base_to_opponent_base_proxy,2026-10-27 12:00:00,100.0,1,4,1,False,"[{""datetime"": ""2026-10-27T12:00:00"", ""competition"": ""acl_event"", ""minutes_played"": null, ""core_usage"": null, ""source"": ""nan"", ""event_load"": 0.0, ""participation_status"": ""scheduled"", ""minutes_status"": ""unknown"", ""rotation_status"": ""unknown"", ""extra_time_minutes"": null, ""extra_time_status"": ""unknown""}]",2026-10-25 15:00:00,145.0,1,3,0,False,[]
j1_2026_11011300_横浜FM_川崎F,2026-11-01 13:00:00,横浜FM,川崎Ｆ,0.0,0.0,4.2472,1.7038,0.0,0.039,0.0,4.0,7.8,hit,4.25,5.74,conditions_v2,partial,home_base_to_opponent_base_proxy,2026-10-25 14:00:00,167.0,1,2,0,False,[],2026-10-25 16:00:00,165.0,1,2,0,False,[]
j1_2026_11011400_千葉_福岡,2026-11-01 14:00:00,千葉,福岡,0.0,0.0,3.5627,5.6193,0.0,4.557,0.0,4.0,911.4,hit,3.56,14.18,conditions_v2,partial,home_base_to_opponent_base_proxy,2026-10-25 15:00:00,167.0,1,2,0,False,[],2026-10-24 15:00:00,191.0,0,3,0,False,[]
j1_2026_11011400_長崎_東京V,2026-11-01 14:00:00,長崎,東京Ｖ,0.0,0.0,7.525,1.5242,0.0,4.7245,0.0,4.0,944.9,hit,7.52,10.25,conditions_v2,partial,home_base_to_opponent_base_proxy,2026-10-25 15:00:00,167.0,1,2,0,False,[],2026-10-24 15:00:00,191.0,0,2,0,False,[]
j1_2026_11011600_町田_G大阪,2026-11-01 16:00:00,町田,Ｇ大阪,0.4167,0.0,2.4194,1.9784,0.0,1.8245,0.0,4.0,364.9,hit,2.84,7.8,conditions_v2,partial,home_base_to_opponent_base_proxy,2026-10-29 12:00:00,76.0,1,4,1,False,"[{""datetime"": ""2026-10-29T12:00:00"", ""competition"": ""acl_event"", ""minutes_played"": null, ""core_usage"": null, ""source"": ""nan"", ""event_load"": 0.0, ""participation_status"": ""scheduled"", ""minutes_status"": ""unknown"", ""rotation_status"": ""unknown"", ""extra_time_minutes"": null, ""extra_time_status"": ""unknown""}]",2026-10-28 12:00:00,100.0,1,3,1,False,"[{""datetime"": ""2026-10-28T12:00:00"", ""competition"": ""acl_event"", ""minutes_played"": null, ""core_usage"": null, ""source"": ""nan"", ""event_load"": 0.0, ""participation_status"": ""scheduled"", ""minutes_status"": ""unknown"", ""rotation_status"": ""unknown"", ""extra_time_minutes"": null, ""extra_time_status"": ""unknown""}]"
j1_2026_11071300_清水_東京V,2026-11-07 13:00:00,清水,東京Ｖ,0.0,0.0,5.0049,4.3995,0.0,0.643,0.0,4.0,128.6,hit,5.0,9.04,conditions_v2,partial,home_base_to_opponent_base_proxy,2026-10-31 14:00:00,167.0,1,2,0,False,[],2026-11-01 14:00:00,143.0,1,2,0,False,[]
j1_2026_11071400_横浜FM_岡山,2026-11-07 14:00:00,横浜FM,岡山,0.0,0.0,3.5043,3.1852,0.0,2.6285,0.0,4.0,525.7,hit,3.5,9.81,conditions_v2,partial,home_base_to_opponent_base_proxy,2026-11-01 13:00:00,145.0,1,2,0,False,[],2026-10-31 14:00:00,168.0,1,2,0,False,[]
j1_2026_11071400_名古屋_京都,2026-11-07 14:00:00,名古屋,京都,0.0,0.0,3.6353,0.299,0.0,0.5315,0.0,4.0,106.3,hit,3.64,4.83,conditions_v2,partial,home_base_to_opponent_base_proxy,2026-10-31 15:00:00,167.0,1,2,0,False,[],2026-11-03 12:00:00,98.0,2,4,2,False,"[{""datetime"": ""2026-10-27T12:00:00"", ""competition"": ""acl_event"", ""minutes_played"": null, ""core_usage"": null, ""source"": ""nan"", ""event_load"": 0.0, ""participation_status"": ""scheduled"", ""minutes_status"": ""unknown"", ""rotation_status"": ""unknown"", ""extra_time_minutes"": null, ""extra_time_status"": ""unknown""}, {""datetime"": ""2026-11-03T12:00:00"", ""competition"": ""acl_event"", ""minutes_played"": null, ""core_usage"": null, ""source"": ""nan"", ""event_load"": 0.0, ""participation_status"": ""scheduled"", ""minutes_status"": ""unknown"", ""rotation_status"": ""unknown"", ""extra_time_minutes"": null, ""extra_time_status"": ""unknown""}]"
j1_2026_11071500_FC東京_鹿島,2026-11-07 15:00:00,FC東京,鹿島,0.0,0.4375,3.1268,0.3245,0.0,0.5355,0.0,4.0,107.1,hit,3.13,5.3,conditions_v2,partial,home_base_to_opponent_base_proxy,2026-10-31 14:00:00,169.0,0,2,0,False,[],2026-11-04 12:00:00,75.0,2,4,2,False,"[{""datetime"": ""2026-10-28T12:00:00"", ""competition"": ""acl_event"", ""minutes_played"": null, ""core_usage"": null, ""source"": ""nan"", ""event_load"": 0.0, ""participation_status"": ""scheduled"", ""minutes_status"": ""unknown"", ""rotation_status"": ""unknown"", ""extra_time_minutes"": null, ""extra_time_status"": ""unknown""}, {""datetime"": ""2026-11-04T12:00:00"", ""competition"": ""acl_event"", ""minutes_played"": null, ""core_usage"": null, ""source"": ""nan"", ""event_load"": 0.0, ""participation_status"": ""scheduled"", ""minutes_status"": ""unknown"", ""rotation_status"": ""unknown"", ""extra_time_minutes"": null, ""extra_time_status"": ""unknown""}]"
j1_2026_11071500_福岡_長崎,2026-11-07 15:00:00,福岡,長崎,0.0,0.0,7.6503,6.1377,0.0,0.537,0.0,4.0,107.4,hit,7.65,10.67,conditions_v2,partial,home_base_to_opponent_base_proxy,2026-11-01 14:00:00,145.0,1,2,0,False,[],2026-11-01 14:00:00,145.0,1,2,0,False,[]
j1_2026_11071600_柏_川崎F,2026-11-07 16:00:00,柏,川崎Ｆ,0.0,0.0,0.3466,2.6141,0.0,0.2195,0.0,4.0,43.9,hit,0.35,6.83,conditions_v2,partial,home_base_to_opponent_base_proxy,2026-11-03 12:00:00,100.0,2,3,2,False,"[{""datetime"": ""2026-10-27T12:00:00"", ""competition"": ""acl_event"", ""minutes_played"": null, ""core_usage"": null, ""source"": ""nan"", ""event_load"": 0.0, ""participation_status"": ""scheduled"", ""minutes_status"": ""unknown"", ""rotation_status"": ""unknown"", ""extra_time_minutes"": null, ""extra_time_status"": ""unknown""}, {""datetime"": ""2026-11-03T12:00:00"", ""competition"": ""acl_event"", ""minutes_played"": null, ""core_usage"": null, ""source"": ""nan"", ""event_load"": 0.0, ""participation_status"": ""scheduled"", ""minutes_status"": ""unknown"", ""rotation_status"": ""unknown"", ""extra_time_minutes"": null, ""extra_time_status"": ""unknown""}]",2026-11-01 13:00:00,147.0,1,2,0,False,[]
j1_2026_11081400_町田_広島,2026-11-08 14:00:00,町田,広島,0.4583,0.0,0.5672,5.6264,0.0,3.2555,0.0,4.0,651.1,hit,1.03,12.88,conditions_v2,partial,home_base_to_opponent_base_proxy,2026-11-05 12:00:00,74.0,2,3,2,False,"[{""datetime"": ""2026-10-29T12:00:00"", ""competition"": ""acl_event"", ""minutes_played"": null, ""core_usage"": null, ""source"": ""nan"", ""event_load"": 0.0, ""participation_status"": ""scheduled"", ""minutes_status"": ""unknown"", ""rotation_status"": ""unknown"", ""extra_time_minutes"": null, ""extra_time_status"": ""unknown""}, {""datetime"": ""2026-11-05T12:00:00"", ""competition"": ""acl_event"", ""minutes_played"": null, ""core_usage"": null, ""source"": ""nan"", ""event_load"": 0.0, ""participation_status"": ""scheduled"", ""minutes_status"": ""unknown"", ""rotation_status"": ""unknown"", ""extra_time_minutes"": null, ""extra_time_status"": ""unknown""}]",2026-10-31 14:00:00,192.0,0,1,0,False,[]
j1_2026_11081400_神戸_浦和,2026-11-08 14:00:00,神戸,浦和,0.0,0.0,0.3808,3.0062,0.0,2.132,0.0,4.0,426.4,hit,0.38,9.14,conditions_v2,partial,home_base_to_opponent_base_proxy,2026-11-03 12:00:00,122.0,1,3,2,False,"[{""datetime"": ""2026-10-27T12:00:00"", ""competition"": ""acl_event"", ""minutes_played"": null, ""core_usage"": null, ""source"": ""nan"", ""event_load"": 0.0, ""participation_status"": ""scheduled"", ""minutes_status"": ""unknown"", ""rotation_status"": ""unknown"", ""extra_time_minutes"": null, ""extra_time_status"": ""unknown""}, {""datetime"": ""2026-11-03T12:00:00"", ""competition"": ""acl_event"", ""minutes_played"": null, ""core_usage"": null, ""source"": ""nan"", ""event_load"": 0.0, ""participation_status"": ""scheduled"", ""minutes_status"": ""unknown"", ""rotation_status"": ""unknown"", ""extra_time_minutes"": null, ""extra_time_status"": ""unknown""}]",2026-10-31 16:00:00,190.0,0,2,0,False,[]
j1_2026_11081500_G大阪_C大阪,2026-11-08 15:00:00,Ｇ大阪,Ｃ大阪,0.0,0.0,1.5606,3.6122,0.0,0.092,0.0,4.0,18.4,hit,1.56,7.7,conditions_v2,partial,home_base_to_opponent_base_proxy,2026-11-04 12:00:00,99.0,2,3,2,False,"[{""datetime"": ""2026-10-28T12:00:00"", ""competition"": ""acl_event"", ""minutes_played"": null, ""core_usage"": null, ""source"": ""nan"", ""event_load"": 0.0, ""participation_status"": ""scheduled"", ""minutes_status"": ""unknown"", ""rotation_status"": ""unknown"", ""extra_time_minutes"": null, ""extra_time_status"": ""unknown""}, {""datetime"": ""2026-11-04T12:00:00"", ""competition"": ""acl_event"", ""minutes_played"": null, ""core_usage"": null, ""source"": ""nan"", ""event_load"": 0.0, ""participation_status"": ""scheduled"", ""minutes_status"": ""unknown"", ""rotation_status"": ""unknown"", ""extra_time_minutes"": null, ""extra_time_status"": ""unknown""}]",2026-10-31 15:00:00,192.0,0,2,0,False,[]
j1_2026_11081700_千葉_水戸,2026-11-08 17:00:00,千葉,水戸,0.0,0.0,3.222,3.4903,0.0,0.4465,0.0,4.0,89.3,hit,3.22,7.94,conditions_v2,partial,home_base_to_opponent_base_proxy,2026-11-01 14:00:00,171.0,0,1,0,False,[],2026-10-31 14:00:00,195.0,0,1,0,False,[]
j1_2026_11201900_柏_千葉,2026-11-20 19:00:00,柏,千葉,0.0,0.0,0.2946,2.6149,0.0,0.165,0.0,4.0,33.0,hit,0.29,6.78,conditions_v2,partial,home_base_to_opponent_base_proxy,2026-11-07 16:00:00,315.0,0,1,0,False,[],2026-11-08 17:00:00,290.0,0,1,0,False,[]
j1_2026_11201900_神戸_水戸,2026-11-20 19:00:00,神戸,水戸,0.0,0.0,0.3237,4.2664,0.0,2.5515,0.0,4.0,510.3,hit,0.32,10.82,conditions_v2,partial,home_base_to_opponent_base_proxy,2026-11-08 14:00:00,293.0,0,1,0,False,[],2026-11-08 17:00:00,290.0,0,1,0,False,[]
j1_2026_11201900_鹿島_清水,2026-11-20 19:00:00,鹿島,清水,0.0,0.0,2.0164,4.391,0.0,1.1675,0.0,4.0,233.5,hit,2.02,9.56,conditions_v2,partial,home_base_to_opponent_base_proxy,2026-11-07 15:00:00,316.0,0,1,0,False,[],2026-11-07 13:00:00,318.0,0,1,0,False,[]
j1_2026_11211400_町田_長崎,2026-11-21 14:00:00,町田,長崎,0.0,0.0,0.6426,6.6865,0.0,4.675,0.0,4.0,935.0,hit,0.64,15.36,conditions_v2,partial,home_base_to_opponent_base_proxy,2026-11-08 14:00:00,312.0,0,1,0,False,[],2026-11-07 15:00:00,335.0,0,1,0,False,[]
j1_2026_11211400_東京V_名古屋,2026-11-21 14:00:00,東京Ｖ,名古屋,0.0,0.0,0.0,3.0959,0.0,1.2245,0.0,4.0,244.9,hit,0.0,8.32,conditions_v2,partial,home_base_to_opponent_base_proxy,2026-11-07 13:00:00,337.0,0,0,0,False,[],2026-11-07 14:00:00,336.0,0,1,0,False,[]
j1_2026_11211400_広島_横浜FM,2026-11-21 14:00:00,広島,横浜FM,0.0,0.0,7.2087,2.9152,0.0,3.3245,0.0,4.0,664.9,hit,7.21,10.24,conditions_v2,partial,home_base_to_opponent_base_proxy,2026-11-08 14:00:00,312.0,0,1,0,False,[],2026-11-07 14:00:00,336.0,0,1,0,False,[]
j1_2026_11211400_京都_浦和,2026-11-21 14:00:00,京都,浦和,0.0,0.0,1.8401,4.7139,0.0,1.8355,0.0,4.0,367.1,hit,1.84,10.55,conditions_v2,partial,home_base_to_opponent_base_proxy,2026-11-07 14:00:00,336.0,0,1,0,False,[],2026-11-08 14:00:00,312.0,0,1,0,False,[]
j1_2026_11211500_川崎F_福岡,2026-11-21 15:00:00,川崎Ｆ,福岡,0.0,0.0,3.7383,6.69,0.0,4.391,0.0,4.0,878.2,hit,3.74,15.08,conditions_v2,partial,home_base_to_opponent_base_proxy,2026-11-07 16:00:00,335.0,0,1,0,False,[],2026-11-07 15:00:00,336.0,0,1,0,False,[]
j1_2026_11211500_C大阪_FC東京,2026-11-21 15:00:00,Ｃ大阪,FC東京,0.0,0.0,4.4675,2.7818,0.0,1.914,0.0,4.0,382.8,hit,4.47,8.7,conditions_v2,partial,home_base_to_opponent_base_proxy,2026-11-08 15:00:00,312.0,0,1,0,False,[],2026-11-07 15:00:00,336.0,0,1,0,False,[]
j1_2026_11211600_G大阪_岡山,2026-11-21 16:00:00,Ｇ大阪,岡山,0.0,0.0,1.3265,0.0,0.0,0.74,0.0,4.0,148.0,hit,1.33,4.74,conditions_v2,partial,home_base_to_opponent_base_proxy,2026-11-08 15:00:00,313.0,0,1,0,False,[],2026-11-07 14:00:00,338.0,0,0,0,False,[]
j1_2026_11251900_FC東京_広島,2026-11-25 19:00:00,FC東京,広島,0.0,0.0,4.445,6.2196,0.0,3.3035,0.0,4.0,660.7,hit,4.44,13.52,conditions_v2,partial,home_base_to_opponent_base_proxy,2026-11-21 15:00:00,100.0,1,1,0,False,[],2026-11-21 14:00:00,101.0,1,1,0,False,[]
j1_2026_11251900_千葉_名古屋,2026-11-25 19:00:00,千葉,名古屋,0.0,0.0,3.3736,4.3836,0.0,1.367,0.0,4.0,273.4,hit,3.37,9.75,conditions_v2,partial,home_base_to_opponent_base_proxy,2026-11-20 19:00:00,120.0,1,1,0,False,[],2026-11-21 14:00:00,101.0,1,1,0,False,[]
j1_2026_11251900_岡山_清水,2026-11-25 19:00:00,岡山,清水,0.0,0.0,1.659,5.2261,0.0,2.0435,0.0,4.0,408.7,hit,1.66,11.27,conditions_v2,partial,home_base_to_opponent_base_proxy,2026-11-21 16:00:00,99.0,1,1,0,False,[],2026-11-20 19:00:00,120.0,1,1,0,False,[]
j1_2026_11251900_水戸_東京V,2026-11-25 19:00:00,水戸,東京Ｖ,0.0,0.0,5.7634,0.0,0.0,0.5495,0.0,4.0,109.9,hit,5.76,4.55,conditions_v2,partial,home_base_to_opponent_base_proxy,2026-11-20 19:00:00,120.0,1,1,0,False,[],2026-11-21 14:00:00,101.0,1,1,0,False,[]
j1_2026_11251900_福岡_横浜FM,2026-11-25 19:00:00,福岡,横浜FM,0.0,0.0,8.226,4.7095,0.0,4.3735,0.0,4.0,874.7,hit,8.23,13.08,conditions_v2,partial,home_base_to_opponent_base_proxy,2026-11-21 15:00:00,100.0,1,1,0,False,[],2026-11-21 14:00:00,101.0,1,1,0,False,[]
j1_2026_11251900_長崎_川崎F,2026-11-25 19:00:00,長崎,川崎Ｆ,0.0,0.0,8.2639,3.2494,0.0,4.766,0.0,4.0,953.2,hit,8.26,12.02,conditions_v2,partial,home_base_to_opponent_base_proxy,2026-11-21 14:00:00,101.0,1,1,0,False,[],2026-11-21 15:00:00,100.0,1,1,0,False,[]
j1_2026_11251930_浦和_C大阪,2026-11-25 19:30:00,浦和,Ｃ大阪,0.0,0.0,6.1438,3.9037,0.0,2.0035,0.0,4.0,400.7,hit,6.14,9.91,conditions_v2,partial,home_base_to_opponent_base_proxy,2026-11-21 14:00:00,101.5,1,1,0,False,[],2026-11-21 15:00:00,100.5,1,1,0,False,[]
j1_2026_11281400_清水_浦和,2026-11-28 14:00:00,清水,浦和,0.6042,0.6146,6.3565,5.174,0.0,0.7585,0.0,4.0,151.7,hit,6.96,10.55,conditions_v2,partial,home_base_to_opponent_base_proxy,2026-11-25 19:00:00,67.0,1,2,0,False,[],2026-11-25 19:30:00,66.5,2,2,0,False,[]
j1_2026_11281400_京都_C大阪,2026-11-28 14:00:00,京都,Ｃ大阪,0.0,0.6146,0.8511,5.1314,0.0,0.235,0.0,4.0,47.0,hit,0.85,9.98,conditions_v2,partial,home_base_to_opponent_base_proxy,2026-11-24 12:00:00,98.0,2,2,1,False,"[{""datetime"": ""2026-11-24T12:00:00"", ""competition"": ""acl_event"", ""minutes_played"": null, ""core_usage"": null, ""source"": ""nan"", ""event_load"": 0.0, ""participation_status"": ""scheduled"", ""minutes_status"": ""unknown"", ""rotation_status"": ""unknown"", ""extra_time_minutes"": null, ""extra_time_status"": ""unknown""}]",2026-11-25 19:30:00,66.5,2,2,0,False,[]
j1_2026_11281500_神戸_千葉,2026-11-28 15:00:00,神戸,千葉,0.0,0.5833,0.1028,2.8589,0.0,2.31,0.0,4.0,462.0,hit,0.1,9.75,conditions_v2,partial,home_base_to_opponent_base_proxy,2026-11-24 12:00:00,99.0,1,2,1,False,"[{""datetime"": ""2026-11-24T12:00:00"", ""competition"": ""acl_event"", ""minutes_played"": null, ""core_usage"": null, ""source"": ""nan"", ""event_load"": 0.0, ""participation_status"": ""scheduled"", ""minutes_status"": ""unknown"", ""rotation_status"": ""unknown"", ""extra_time_minutes"": null, ""extra_time_status"": ""unknown""}]",2026-11-25 19:00:00,68.0,1,2,0,False,[]
j1_2026_11281500_鹿島_岡山,2026-11-28 15:00:00,鹿島,岡山,0.4375,0.5833,0.933,1.5287,0.0,3.1365,0.0,4.0,627.3,hit,1.37,9.25,conditions_v2,partial,home_base_to_opponent_base_proxy,2026-11-25 12:00:00,75.0,1,2,1,False,"[{""datetime"": ""2026-11-25T12:00:00"", ""competition"": ""acl_event"", ""minutes_played"": null, ""core_usage"": null, ""source"": ""nan"", ""event_load"": 0.0, ""participation_status"": ""scheduled"", ""minutes_status"": ""unknown"", ""rotation_status"": ""unknown"", ""extra_time_minutes"": null, ""extra_time_status"": ""unknown""}]",2026-11-25 19:00:00,68.0,2,2,0,False,[]
j1_2026_11281600_柏_広島,2026-11-28 16:00:00,柏,広島,0.0,0.5625,0.0936,7.463,0.0,3.5215,0.0,4.0,704.3,hit,0.09,15.55,conditions_v2,partial,home_base_to_opponent_base_proxy,2026-11-24 12:00:00,100.0,1,2,1,False,"[{""datetime"": ""2026-11-24T12:00:00"", ""competition"": ""acl_event"", ""minutes_played"": null, ""core_usage"": null, ""source"": ""nan"", ""event_load"": 0.0, ""participation_status"": ""scheduled"", ""minutes_status"": ""unknown"", ""rotation_status"": ""unknown"", ""extra_time_minutes"": null, ""extra_time_status"": ""unknown""}]",2026-11-25 19:00:00,69.0,1,2,0,False,[]
j1_2026_11291400_横浜FM_FC東京,2026-11-29 14:00:00,横浜FM,FC東京,0.1042,0.1042,6.9774,3.6076,0.0,0.093,0.0,4.0,18.6,hit,7.08,7.8,conditions_v2,partial,home_base_to_opponent_base_proxy,2026-11-25 19:00:00,91.0,1,2,0,False,[],2026-11-25 19:00:00,91.0,1,2,0,False,[]
j1_2026_11291400_水戸_長崎,2026-11-29 14:00:00,水戸,長崎,0.1042,0.1042,4.9744,7.0321,0.0,5.222,0.0,4.0,1044.4,hit,5.08,16.36,conditions_v2,partial,home_base_to_opponent_base_proxy,2026-11-25 19:00:00,91.0,1,2,0,False,[],2026-11-25 19:00:00,91.0,1,2,0,False,[]
j1_2026_11291500_名古屋_福岡,2026-11-29 15:00:00,名古屋,福岡,0.0833,0.0833,5.4403,6.6603,0.0,3.1315,0.0,4.0,626.3,hit,5.52,13.88,conditions_v2,partial,home_base_to_opponent_base_proxy,2026-11-25 19:00:00,92.0,1,2,0,False,[],2026-11-25 19:00:00,92.0,1,2,0,False,[]
j1_2026_11291500_川崎F_G大阪,2026-11-29 15:00:00,川崎Ｆ,Ｇ大阪,0.0833,0.0,5.6364,0.4214,0.0,1.9095,0.0,4.0,381.9,hit,5.72,6.33,conditions_v2,partial,home_base_to_opponent_base_proxy,2026-11-25 19:00:00,92.0,1,2,0,False,[],2026-11-25 12:00:00,99.0,1,2,1,False,"[{""datetime"": ""2026-11-25T12:00:00"", ""competition"": ""acl_event"", ""minutes_played"": null, ""core_usage"": null, ""source"": ""nan"", ""event_load"": 0.0, ""participation_status"": ""scheduled"", ""minutes_status"": ""unknown"", ""rotation_status"": ""unknown"", ""extra_time_minutes"": null, ""extra_time_status"": ""unknown""}]"
j1_2026_11291600_町田_東京V,2026-11-29 16:00:00,町田,東京Ｖ,0.4167,0.0625,0.2311,1.5923,0.0,0.078,0.0,4.0,15.6,hit,0.65,5.73,conditions_v2,partial,home_base_to_opponent_base_proxy,2026-11-26 12:00:00,76.0,1,2,1,False,"[{""datetime"": ""2026-11-26T12:00:00"", ""competition"": ""acl_event"", ""minutes_played"": null, ""core_usage"": null, ""source"": ""nan"", ""event_load"": 0.0, ""participation_status"": ""scheduled"", ""minutes_status"": ""unknown"", ""rotation_status"": ""unknown"", ""extra_time_minutes"": null, ""extra_time_status"": ""unknown""}]",2026-11-25 19:00:00,93.0,1,2,0,False,[]
j1_2026_12041830_FC東京_川崎F,2026-12-04 18:30:00,FC東京,川崎Ｆ,0.0,0.0,4.4902,4.7788,0.0,0.0665,0.0,4.0,13.3,hit,4.49,8.85,conditions_v2,partial,home_base_to_opponent_base_proxy,2026-11-29 14:00:00,124.5,1,3,0,False,[],2026-11-29 15:00:00,123.5,1,3,0,False,[]
j1_2026_12051300_千葉_鹿島,2026-12-05 13:00:00,千葉,鹿島,0.0,0.4792,4.766,0.2741,0.0,0.328,0.0,4.0,65.6,hit,4.77,5.08,conditions_v2,partial,home_base_to_opponent_base_proxy,2026-11-28 15:00:00,166.0,1,2,0,False,[],2026-12-02 12:00:00,73.0,2,3,2,False,"[{""datetime"": ""2026-11-25T12:00:00"", ""competition"": ""acl_event"", ""minutes_played"": null, ""core_usage"": null, ""source"": ""nan"", ""event_load"": 0.0, ""participation_status"": ""scheduled"", ""minutes_status"": ""unknown"", ""rotation_status"": ""unknown"", ""extra_time_minutes"": null, ""extra_time_status"": ""unknown""}, {""datetime"": ""2026-12-02T12:00:00"", ""competition"": ""acl_event"", ""minutes_played"": null, ""core_usage"": null, ""source"": ""nan"", ""event_load"": 0.0, ""participation_status"": ""scheduled"", ""minutes_status"": ""unknown"", ""rotation_status"": ""unknown"", ""extra_time_minutes"": null, ""extra_time_status"": ""unknown""}]"
j1_2026_12051400_東京V_京都,2026-12-05 14:00:00,東京Ｖ,京都,0.0,0.0,2.9164,0.1702,0.0,1.754,0.0,4.0,350.8,hit,2.92,5.92,conditions_v2,partial,home_base_to_opponent_base_proxy,2026-11-29 16:00:00,142.0,1,3,0,False,[],2026-12-01 12:00:00,98.0,2,4,2,False,"[{""datetime"": ""2026-11-24T12:00:00"", ""competition"": ""acl_event"", ""minutes_played"": null, ""core_usage"": null, ""source"": ""nan"", ""event_load"": 0.0, ""participation_status"": ""scheduled"", ""minutes_status"": ""unknown"", ""rotation_status"": ""unknown"", ""extra_time_minutes"": null, ""extra_time_status"": ""unknown""}, {""datetime"": ""2026-12-01T12:00:00"", ""competition"": ""acl_event"", ""minutes_played"": null, ""core_usage"": null, ""source"": ""nan"", ""event_load"": 0.0, ""participation_status"": ""scheduled"", ""minutes_status"": ""unknown"", ""rotation_status"": ""unknown"", ""extra_time_minutes"": null, ""extra_time_status"": ""unknown""}]"
j1_2026_12051400_浦和_名古屋,2026-12-05 14:00:00,浦和,名古屋,0.0,0.0,5.9752,4.7154,0.0,1.3095,0.0,4.0,261.9,hit,5.98,10.02,conditions_v2,partial,home_base_to_opponent_base_proxy,2026-11-28 14:00:00,168.0,1,3,0,False,[],2026-11-29 15:00:00,143.0,1,3,0,False,[]
j1_2026_12051500_長崎_清水,2026-12-05 15:00:00,長崎,清水,0.0,0.0,8.9143,5.646,0.0,4.164,0.0,4.0,832.8,hit,8.91,13.81,conditions_v2,partial,home_base_to_opponent_base_proxy,2026-11-29 14:00:00,145.0,1,2,0,False,[],2026-11-28 14:00:00,169.0,0,2,0,False,[]
j1_2026_12051500_C大阪_水戸,2026-12-05 15:00:00,Ｃ大阪,水戸,0.0,0.0,5.9215,4.012,0.0,2.416,0.0,4.0,483.2,hit,5.92,10.43,conditions_v2,partial,home_base_to_opponent_base_proxy,2026-11-28 14:00:00,169.0,0,3,0,False,[],2026-11-29 14:00:00,145.0,1,2,0,False,[]
j1_2026_12061400_広島_神戸,2026-12-06 14:00:00,広島,神戸,0.0,0.0,8.8669,0.0206,0.0,1.269,0.0,4.0,253.8,hit,8.87,5.29,conditions_v2,partial,home_base_to_opponent_base_proxy,2026-11-28 16:00:00,190.0,0,2,0,False,[],2026-12-01 12:00:00,122.0,1,3,2,False,"[{""datetime"": ""2026-11-24T12:00:00"", ""competition"": ""acl_event"", ""minutes_played"": null, ""core_usage"": null, ""source"": ""nan"", ""event_load"": 0.0, ""participation_status"": ""scheduled"", ""minutes_status"": ""unknown"", ""rotation_status"": ""unknown"", ""extra_time_minutes"": null, ""extra_time_status"": ""unknown""}, {""datetime"": ""2026-12-01T12:00:00"", ""competition"": ""acl_event"", ""minutes_played"": null, ""core_usage"": null, ""source"": ""nan"", ""event_load"": 0.0, ""participation_status"": ""scheduled"", ""minutes_status"": ""unknown"", ""rotation_status"": ""unknown"", ""extra_time_minutes"": null, ""extra_time_status"": ""unknown""}]"
j1_2026_12061500_G大阪_横浜FM,2026-12-06 15:00:00,Ｇ大阪,横浜FM,0.0,0.0,1.2662,6.1191,0.0,1.8925,0.0,4.0,378.5,hit,1.27,12.01,conditions_v2,partial,home_base_to_opponent_base_proxy,2026-12-02 12:00:00,99.0,2,3,2,False,"[{""datetime"": ""2026-11-25T12:00:00"", ""competition"": ""acl_event"", ""minutes_played"": null, ""core_usage"": null, ""source"": ""nan"", ""event_load"": 0.0, ""participation_status"": ""scheduled"", ""minutes_status"": ""unknown"", ""rotation_status"": ""unknown"", ""extra_time_minutes"": null, ""extra_time_status"": ""unknown""}, {""datetime"": ""2026-12-02T12:00:00"", ""competition"": ""acl_event"", ""minutes_played"": null, ""core_usage"": null, ""source"": ""nan"", ""event_load"": 0.0, ""participation_status"": ""scheduled"", ""minutes_status"": ""unknown"", ""rotation_status"": ""unknown"", ""extra_time_minutes"": null, ""extra_time_status"": ""unknown""}]",2026-11-29 14:00:00,169.0,0,2,0,False,[]
j1_2026_12061600_柏_福岡,2026-12-06 16:00:00,柏,福岡,0.0,0.0,0.0187,8.0096,0.0,4.5765,0.0,4.0,915.3,hit,0.02,16.59,conditions_v2,partial,home_base_to_opponent_base_proxy,2026-12-01 12:00:00,124.0,1,3,2,False,"[{""datetime"": ""2026-11-24T12:00:00"", ""competition"": ""acl_event"", ""minutes_played"": null, ""core_usage"": null, ""source"": ""nan"", ""event_load"": 0.0, ""participation_status"": ""scheduled"", ""minutes_status"": ""unknown"", ""rotation_status"": ""unknown"", ""extra_time_minutes"": null, ""extra_time_status"": ""unknown""}, {""datetime"": ""2026-12-01T12:00:00"", ""competition"": ""acl_event"", ""minutes_played"": null, ""core_usage"": null, ""source"": ""nan"", ""event_load"": 0.0, ""participation_status"": ""scheduled"", ""minutes_status"": ""unknown"", ""rotation_status"": ""unknown"", ""extra_time_minutes"": null, ""extra_time_status"": ""unknown""}]",2026-11-29 15:00:00,169.0,0,2,0,False,[]
j1_2026_12061600_町田_岡山,2026-12-06 16:00:00,町田,岡山,0.4167,0.0,0.1295,4.0428,0.0,2.559,0.0,4.0,511.8,hit,0.55,10.6,conditions_v2,partial,home_base_to_opponent_base_proxy,2026-12-03 12:00:00,76.0,2,3,2,False,"[{""datetime"": ""2026-11-26T12:00:00"", ""competition"": ""acl_event"", ""minutes_played"": null, ""core_usage"": null, ""source"": ""nan"", ""event_load"": 0.0, ""participation_status"": ""scheduled"", ""minutes_status"": ""unknown"", ""rotation_status"": ""unknown"", ""extra_time_minutes"": null, ""extra_time_status"": ""unknown""}, {""datetime"": ""2026-12-03T12:00:00"", ""competition"": ""acl_event"", ""minutes_played"": null, ""core_usage"": null, ""source"": ""nan"", ""event_load"": 0.0, ""participation_status"": ""scheduled"", ""minutes_status"": ""unknown"", ""rotation_status"": ""unknown"", ""extra_time_minutes"": null, ""extra_time_status"": ""unknown""}]",2026-11-28 15:00:00,193.0,0,2,0,False,[]
j1_2026_12121400_C大阪_町田,2026-12-12 14:00:00,Ｃ大阪,町田,0.0,0.0,5.0595,0.2559,0.0,1.8605,0.0,4.0,372.1,hit,5.06,6.12,conditions_v2,partial,home_base_to_opponent_base_proxy,2026-12-05 15:00:00,167.0,1,2,0,False,[],2026-12-06 16:00:00,142.0,1,3,1,False,"[{""datetime"": ""2026-12-03T12:00:00"", ""competition"": ""acl_event"", ""minutes_played"": null, ""core_usage"": null, ""source"": ""nan"", ""event_load"": 0.0, ""participation_status"": ""scheduled"", ""minutes_status"": ""unknown"", ""rotation_status"": ""unknown"", ""extra_time_minutes"": null, ""extra_time_status"": ""unknown""}]"
j1_2026_12121400_清水_神戸,2026-12-12 14:00:00,清水,神戸,0.0,0.0,7.3526,1.8616,0.0,1.468,0.0,4.0,293.6,hit,7.35,7.33,conditions_v2,partial,home_base_to_opponent_base_proxy,2026-12-05 15:00:00,167.0,1,2,0,False,[],2026-12-06 14:00:00,144.0,1,3,1,False,"[{""datetime"": ""2026-12-01T12:00:00"", ""competition"": ""acl_event"", ""minutes_played"": null, ""core_usage"": null, ""source"": ""nan"", ""event_load"": 0.0, ""participation_status"": ""scheduled"", ""minutes_status"": ""unknown"", ""rotation_status"": ""unknown"", ""extra_time_minutes"": null, ""extra_time_status"": ""unknown""}]"
j1_2026_12121600_G大阪_東京V,2026-12-12 16:00:00,Ｇ大阪,東京Ｖ,0.0,0.0,1.0762,2.6223,0.0,1.875,0.0,4.0,375.0,hit,1.08,8.5,conditions_v2,partial,home_base_to_opponent_base_proxy,2026-12-06 15:00:00,145.0,1,3,1,False,"[{""datetime"": ""2026-12-02T12:00:00"", ""competition"": ""acl_event"", ""minutes_played"": null, ""core_usage"": null, ""source"": ""nan"", ""event_load"": 0.0, ""participation_status"": ""scheduled"", ""minutes_status"": ""unknown"", ""rotation_status"": ""unknown"", ""extra_time_minutes"": null, ""extra_time_status"": ""unknown""}]",2026-12-05 14:00:00,170.0,0,2,0,False,[]
j1_2026_12131300_横浜FM_長崎,2026-12-13 13:00:00,横浜FM,長崎,0.0,0.0,6.9287,7.2181,0.0,4.7345,0.0,4.0,946.9,hit,6.93,15.95,conditions_v2,partial,home_base_to_opponent_base_proxy,2026-12-06 15:00:00,166.0,1,2,0,False,[],2026-12-05 15:00:00,190.0,0,2,0,False,[]
j1_2026_12131400_広島_鹿島,2026-12-13 14:00:00,広島,鹿島,0.0,0.0,7.5651,1.9155,0.0,3.8315,0.0,4.0,766.3,hit,7.57,9.75,conditions_v2,partial,home_base_to_opponent_base_proxy,2026-12-06 14:00:00,168.0,1,1,0,False,[],2026-12-05 13:00:00,193.0,0,2,1,False,"[{""datetime"": ""2026-12-02T12:00:00"", ""competition"": ""acl_event"", ""minutes_played"": null, ""core_usage"": null, ""source"": ""nan"", ""event_load"": 0.0, ""participation_status"": ""scheduled"", ""minutes_status"": ""unknown"", ""rotation_status"": ""unknown"", ""extra_time_minutes"": null, ""extra_time_status"": ""unknown""}]"
j1_2026_12131400_京都_千葉,2026-12-13 14:00:00,京都,千葉,0.0,0.0,2.1586,3.9559,0.0,2.0825,0.0,4.0,416.5,hit,2.16,10.04,conditions_v2,partial,home_base_to_opponent_base_proxy,2026-12-05 14:00:00,192.0,0,2,1,False,"[{""datetime"": ""2026-12-01T12:00:00"", ""competition"": ""acl_event"", ""minutes_played"": null, ""core_usage"": null, ""source"": ""nan"", ""event_load"": 0.0, ""participation_status"": ""scheduled"", ""minutes_status"": ""unknown"", ""rotation_status"": ""unknown"", ""extra_time_minutes"": null, ""extra_time_status"": ""unknown""}]",2026-12-05 13:00:00,193.0,0,1,0,False,[]
j1_2026_12131400_岡山_柏,2026-12-13 14:00:00,岡山,柏,0.0,0.0,5.7262,0.0159,0.0,2.826,0.0,4.0,565.2,hit,5.73,6.84,conditions_v2,partial,home_base_to_opponent_base_proxy,2026-12-06 16:00:00,166.0,1,1,0,False,[],2026-12-06 16:00:00,166.0,1,2,1,False,"[{""datetime"": ""2026-12-01T12:00:00"", ""competition"": ""acl_event"", ""minutes_played"": null, ""core_usage"": null, ""source"": ""nan"", ""event_load"": 0.0, ""participation_status"": ""scheduled"", ""minutes_status"": ""unknown"", ""rotation_status"": ""unknown"", ""extra_time_minutes"": null, ""extra_time_status"": ""unknown""}]"
j1_2026_12131500_福岡_FC東京,2026-12-13 15:00:00,福岡,FC東京,0.0,0.0,9.4028,3.577,0.0,4.356,0.0,4.0,871.2,hit,9.4,11.93,conditions_v2,partial,home_base_to_opponent_base_proxy,2026-12-06 16:00:00,167.0,1,2,0,False,[],2026-12-04 18:30:00,212.5,0,1,0,False,[]
j1_2026_12131500_名古屋_水戸,2026-12-13 15:00:00,名古屋,水戸,0.0,0.0,5.5885,5.2419,0.0,1.6225,0.0,4.0,324.5,hit,5.59,10.86,conditions_v2,partial,home_base_to_opponent_base_proxy,2026-12-05 14:00:00,193.0,0,2,0,False,[],2026-12-05 15:00:00,192.0,0,1,0,False,[]
j1_2026_12131500_浦和_川崎F,2026-12-13 15:00:00,浦和,川崎Ｆ,0.0,0.0,4.8151,5.4414,0.0,0.16,0.0,4.0,32.0,hit,4.82,9.6,conditions_v2,partial,home_base_to_opponent_base_proxy,2026-12-05 14:00:00,193.0,0,1,0,False,[],2026-12-04 18:30:00,212.5,0,2,0,False,[]
j1_2026_12161900_G大阪_柏,2026-12-16 19:00:00,Ｇ大阪,柏,0.0,0.3958,0.6299,2.3984,0.0,2.097,0.0,4.0,419.4,hit,0.63,8.89,conditions_v2,partial,home_base_to_opponent_base_proxy,2026-12-12 16:00:00,99.0,1,2,0,False,[],2026-12-13 14:00:00,77.0,1,2,0,False,[]
j1_2026_12161900_鹿島_町田,2026-12-16 19:00:00,鹿島,町田,0.3958,0.0,4.4277,2.25,0.0,0.596,0.0,4.0,119.2,hit,4.82,6.85,conditions_v2,partial,home_base_to_opponent_base_proxy,2026-12-13 14:00:00,77.0,1,2,0,False,[],2026-12-12 14:00:00,101.0,1,3,1,False,"[{""datetime"": ""2026-12-03T12:00:00"", ""competition"": ""acl_event"", ""minutes_played"": null, ""core_usage"": null, ""source"": ""nan"", ""event_load"": 0.0, ""participation_status"": ""scheduled"", ""minutes_status"": ""unknown"", ""rotation_status"": ""unknown"", ""extra_time_minutes"": null, ""extra_time_status"": ""unknown""}]"
j1_2026_12191300_千葉_C大阪,2026-12-19 13:00:00,千葉,Ｃ大阪,0.0,0.0,5.4419,3.9532,0.0,2.1625,0.0,4.0,432.5,hit,5.44,10.12,conditions_v2,partial,home_base_to_opponent_base_proxy,2026-12-13 14:00:00,143.0,1,2,0,False,[],2026-12-12 14:00:00,167.0,1,2,0,False,[]
j1_2026_12191300_京都_岡山,2026-12-19 13:00:00,京都,岡山,0.0,0.0,1.9403,5.0494,0.0,0.853,0.0,4.0,170.6,hit,1.94,9.9,conditions_v2,partial,home_base_to_opponent_base_proxy,2026-12-13 14:00:00,143.0,1,2,0,False,[],2026-12-13 14:00:00,143.0,1,2,0,False,[]
j1_2026_12191400_水戸_FC東京,2026-12-19 14:00:00,水戸,FC東京,0.0,0.0,6.396,5.8551,0.0,0.5495,0.0,4.0,109.9,hit,6.4,10.4,conditions_v2,partial,home_base_to_opponent_base_proxy,2026-12-13 15:00:00,143.0,1,2,0,False,[],2026-12-13 15:00:00,143.0,1,1,0,False,[]
j1_2026_12191400_名古屋_広島,2026-12-19 14:00:00,名古屋,広島,0.0,0.0,4.5133,5.9759,0.0,2.08,0.0,4.0,416.0,hit,4.51,12.06,conditions_v2,partial,home_base_to_opponent_base_proxy,2026-12-13 15:00:00,143.0,1,2,0,False,[],2026-12-13 14:00:00,144.0,1,2,0,False,[]
j1_2026_12191430_福岡_清水,2026-12-19 14:30:00,福岡,清水,0.0,0.0,7.9957,6.0315,0.0,3.773,0.0,4.0,754.6,hit,8.0,13.8,conditions_v2,partial,home_base_to_opponent_base_proxy,2026-12-13 15:00:00,143.5,1,2,0,False,[],2026-12-12 14:00:00,168.5,0,2,0,False,[]
j1_2026_12191430_長崎_浦和,2026-12-19 14:30:00,長崎,浦和,0.0,0.0,9.0021,3.935,0.0,4.847,0.0,4.0,969.4,hit,9.0,12.78,conditions_v2,partial,home_base_to_opponent_base_proxy,2026-12-13 13:00:00,145.5,1,2,0,False,[],2026-12-13 15:00:00,143.5,1,1,0,False,[]
j1_2026_12191500_鹿島_東京V,2026-12-19 15:00:00,鹿島,東京Ｖ,0.5833,0.0,4.1458,4.1306,0.0,0.5355,0.0,4.0,107.1,hit,4.73,8.67,conditions_v2,partial,home_base_to_opponent_base_proxy,2026-12-16 19:00:00,68.0,2,2,0,False,[],2026-12-12 16:00:00,167.0,1,1,0,False,[]
j1_2026_12191500_神戸_横浜FM,2026-12-19 15:00:00,神戸,横浜FM,0.0,0.0,3.6233,5.5355,0.0,2.0615,0.0,4.0,412.3,hit,3.62,11.6,conditions_v2,partial,home_base_to_opponent_base_proxy,2026-12-12 14:00:00,169.0,0,2,0,False,[],2026-12-13 13:00:00,146.0,1,2,0,False,[]
j1_2026_12191600_G大阪_町田,2026-12-19 16:00:00,Ｇ大阪,町田,0.5625,0.5625,0.5623,3.674,0.0,1.8245,0.0,4.0,364.9,hit,1.12,10.06,conditions_v2,partial,home_base_to_opponent_base_proxy,2026-12-16 19:00:00,69.0,2,3,0,False,[],2026-12-16 19:00:00,69.0,1,3,0,False,[]
j1_2026_12191600_川崎F_柏,2026-12-19 16:00:00,川崎Ｆ,柏,0.0,0.5625,5.7015,4.4822,0.0,0.2195,0.0,4.0,43.9,hit,5.7,9.26,conditions_v2,partial,home_base_to_opponent_base_proxy,2026-12-13 15:00:00,145.0,1,1,0,False,[],2026-12-16 19:00:00,69.0,2,3,0,False,[]
j1_2026_02130000_C大阪_G大阪,2027-02-13 00:00:00,Ｃ大阪,Ｇ大阪,0.0,0.25,0.0,0.288,0.0,0.092,0.0,4.0,18.4,hit,0.0,4.63,conditions_v2,partial,home_base_to_opponent_base_proxy,2026-12-19 13:00:00,1331.0,0,0,0,False,[],2027-02-09 12:00:00,84.0,1,1,1,False,"[{""datetime"": ""2027-02-09T12:00:00"", ""competition"": ""acl_event"", ""minutes_played"": null, ""core_usage"": null, ""source"": ""nan"", ""event_load"": 0.0, ""participation_status"": ""scheduled"", ""minutes_status"": ""unknown"", ""rotation_status"": ""unknown"", ""extra_time_minutes"": null, ""extra_time_status"": ""unknown""}]"
j1_2026_02130000_京都_横浜FM,2027-02-13 00:00:00,京都,横浜FM,0.25,0.0,0.6039,0.0,0.0,1.7765,0.0,4.0,355.3,hit,0.85,5.78,conditions_v2,partial,home_base_to_opponent_base_proxy,2027-02-09 12:00:00,84.0,1,1,1,False,"[{""datetime"": ""2027-02-09T12:00:00"", ""competition"": ""acl_event"", ""minutes_played"": null, ""core_usage"": null, ""source"": ""nan"", ""event_load"": 0.0, ""participation_status"": ""scheduled"", ""minutes_status"": ""unknown"", ""rotation_status"": ""unknown"", ""extra_time_minutes"": null, ""extra_time_status"": ""unknown""}]",2026-12-19 15:00:00,1329.0,0,0,0,False,[]
j1_2026_02130000_名古屋_FC東京,2027-02-13 00:00:00,名古屋,FC東京,0.0,0.0,0.0,0.0,0.0,1.2245,0.0,4.0,244.9,hit,0.0,5.22,conditions_v2,partial,home_base_to_opponent_base_proxy,2026-12-19 14:00:00,1330.0,0,0,0,False,[],2026-12-19 14:00:00,1330.0,0,0,0,False,[]
j1_2026_02130000_広島_岡山,2027-02-13 00:00:00,広島,岡山,0.0,0.0,0.0,0.0,0.0,0.696,0.0,4.0,139.2,hit,0.0,4.7,conditions_v2,partial,home_base_to_opponent_base_proxy,2026-12-19 14:00:00,1330.0,0,0,0,False,[],2026-12-19 13:00:00,1331.0,0,0,0,False,[]
j1_2026_02130000_柏_清水,2027-02-13 00:00:00,柏,清水,0.75,0.0,2.742,0.0,0.0,0.87,0.0,4.0,174.0,hit,3.49,4.87,conditions_v2,partial,home_base_to_opponent_base_proxy,2027-02-10 12:00:00,60.0,1,1,1,False,"[{""datetime"": ""2027-02-10T12:00:00"", ""competition"": ""acl_event"", ""minutes_played"": null, ""core_usage"": null, ""source"": ""nan"", ""event_load"": 0.0, ""participation_status"": ""scheduled"", ""minutes_status"": ""unknown"", ""rotation_status"": ""unknown"", ""extra_time_minutes"": null, ""extra_time_status"": ""unknown""}]",2026-12-19 14:30:00,1329.5,0,0,0,False,[]
j1_2026_02130000_町田_千葉,2027-02-13 00:00:00,町田,千葉,0.0,0.0,0.0,0.0,0.0,0.3095,0.0,4.0,61.9,hit,0.0,4.31,conditions_v2,partial,home_base_to_opponent_base_proxy,2026-12-19 16:00:00,1328.0,0,0,0,False,[],2026-12-19 13:00:00,1331.0,0,0,0,False,[]
j1_2026_02130000_神戸_川崎F,2027-02-13 00:00:00,神戸,川崎Ｆ,0.75,0.0,1.4576,0.0,0.0,2.0795,0.0,4.0,415.9,hit,2.21,6.08,conditions_v2,partial,home_base_to_opponent_base_proxy,2027-02-10 12:00:00,60.0,1,1,1,False,"[{""datetime"": ""2027-02-10T12:00:00"", ""competition"": ""acl_event"", ""minutes_played"": null, ""core_usage"": null, ""source"": ""nan"", ""event_load"": 0.0, ""participation_status"": ""scheduled"", ""minutes_status"": ""unknown"", ""rotation_status"": ""unknown"", ""extra_time_minutes"": null, ""extra_time_status"": ""unknown""}]",2026-12-19 16:00:00,1328.0,0,0,0,False,[]
j1_2026_02130000_長崎_福岡,2027-02-13 00:00:00,長崎,福岡,0.0,0.0,0.0,0.0,0.0,0.537,0.0,4.0,107.4,hit,0.0,4.54,conditions_v2,partial,home_base_to_opponent_base_proxy,2026-12-19 14:30:00,1329.5,0,0,0,False,[],2026-12-19 14:30:00,1329.5,0,0,0,False,[]
j1_2026_02130000_鹿島_水戸,2027-02-13 00:00:00,鹿島,水戸,0.25,0.0,1.4282,0.0,0.0,0.2215,0.0,4.0,44.3,hit,1.68,4.22,conditions_v2,partial,home_base_to_opponent_base_proxy,2027-02-09 12:00:00,84.0,1,1,1,False,"[{""datetime"": ""2027-02-09T12:00:00"", ""competition"": ""acl_event"", ""minutes_played"": null, ""core_usage"": null, ""source"": ""nan"", ""event_load"": 0.0, ""participation_status"": ""scheduled"", ""minutes_status"": ""unknown"", ""rotation_status"": ""unknown"", ""extra_time_minutes"": null, ""extra_time_status"": ""unknown""}]",2026-12-19 14:00:00,1330.0,0,0,0,False,[]
j1_2026_02140000_東京V_浦和,2027-02-14 00:00:00,東京Ｖ,浦和,0.0,0.0,0.0,0.0,0.0,0.1265,0.0,4.0,25.3,hit,0.0,4.13,conditions_v2,partial,home_base_to_opponent_base_proxy,2026-12-19 15:00:00,1353.0,0,0,0,False,[],2026-12-19 14:30:00,1353.5,0,0,0,False,[]
j1_2026_02200000_福岡_名古屋,2027-02-20 00:00:00,福岡,名古屋,0.0,0.0,1.5879,0.0,0.0,3.1315,0.0,4.0,626.3,hit,1.59,7.13,conditions_v2,partial,home_base_to_opponent_base_proxy,2027-02-13 00:00:00,168.0,1,1,0,False,[],2027-02-13 00:00:00,168.0,1,1,0,False,[]
j1_2026_02200000_清水_京都,2027-02-20 00:00:00,清水,京都,0.0,0.25,1.7045,0.1708,0.0,1.204,0.0,4.0,240.8,hit,1.7,5.62,conditions_v2,partial,home_base_to_opponent_base_proxy,2027-02-13 00:00:00,168.0,1,1,0,False,[],2027-02-16 12:00:00,84.0,2,3,2,False,"[{""datetime"": ""2027-02-09T12:00:00"", ""competition"": ""acl_event"", ""minutes_played"": null, ""core_usage"": null, ""source"": ""nan"", ""event_load"": 0.0, ""participation_status"": ""scheduled"", ""minutes_status"": ""unknown"", ""rotation_status"": ""unknown"", ""extra_time_minutes"": null, ""extra_time_status"": ""unknown""}, {""datetime"": ""2027-02-16T12:00:00"", ""competition"": ""acl_event"", ""minutes_played"": null, ""core_usage"": null, ""source"": ""nan"", ""event_load"": 0.0, ""participation_status"": ""scheduled"", ""minutes_status"": ""unknown"", ""rotation_status"": ""unknown"", ""extra_time_minutes"": null, ""extra_time_status"": ""unknown""}]"
j1_2026_02200000_浦和_鹿島,2027-02-20 00:00:00,浦和,鹿島,0.0,0.25,1.4443,0.3356,0.0,0.4495,0.0,4.0,89.9,hit,1.44,5.04,conditions_v2,partial,home_base_to_opponent_base_proxy,2027-02-14 00:00:00,144.0,1,1,0,False,[],2027-02-16 12:00:00,84.0,2,3,2,False,"[{""datetime"": ""2027-02-09T12:00:00"", ""competition"": ""acl_event"", ""minutes_played"": null, ""core_usage"": null, ""source"": ""nan"", ""event_load"": 0.0, ""participation_status"": ""scheduled"", ""minutes_status"": ""unknown"", ""rotation_status"": ""unknown"", ""extra_time_minutes"": null, ""extra_time_status"": ""unknown""}, {""datetime"": ""2027-02-16T12:00:00"", ""competition"": ""acl_event"", ""minutes_played"": null, ""core_usage"": null, ""source"": ""nan"", ""event_load"": 0.0, ""participation_status"": ""scheduled"", ""minutes_status"": ""unknown"", ""rotation_status"": ""unknown"", ""extra_time_minutes"": null, ""extra_time_status"": ""unknown""}]"
j1_2026_02200000_水戸_柏,2027-02-20 00:00:00,水戸,柏,0.0,0.25,1.4775,0.6984,0.0,0.3385,0.0,4.0,67.7,hit,1.48,5.29,conditions_v2,partial,home_base_to_opponent_base_proxy,2027-02-13 00:00:00,168.0,1,1,0,False,[],2027-02-16 12:00:00,84.0,2,3,2,False,"[{""datetime"": ""2027-02-10T12:00:00"", ""competition"": ""acl_event"", ""minutes_played"": null, ""core_usage"": null, ""source"": ""nan"", ""event_load"": 0.0, ""participation_status"": ""scheduled"", ""minutes_status"": ""unknown"", ""rotation_status"": ""unknown"", ""extra_time_minutes"": null, ""extra_time_status"": ""unknown""}, {""datetime"": ""2027-02-16T12:00:00"", ""competition"": ""acl_event"", ""minutes_played"": null, ""core_usage"": null, ""source"": ""nan"", ""event_load"": 0.0, ""participation_status"": ""scheduled"", ""minutes_status"": ""unknown"", ""rotation_status"": ""unknown"", ""extra_time_minutes"": null, ""extra_time_status"": ""unknown""}]"
j1_2026_02200000_横浜FM_町田,2027-02-20 00:00:00,横浜FM,町田,0.0,0.0,2.0218,0.0,0.0,0.075,0.0,4.0,15.0,hit,2.02,4.08,conditions_v2,partial,home_base_to_opponent_base_proxy,2027-02-13 00:00:00,168.0,1,1,0,False,[],2027-02-13 00:00:00,168.0,1,1,0,False,[]
j1_2026_02200000_FC東京_長崎,2027-02-20 00:00:00,FC東京,長崎,0.0,0.0,1.8286,0.0,0.0,4.7245,0.0,4.0,944.9,hit,1.83,8.72,conditions_v2,partial,home_base_to_opponent_base_proxy,2027-02-13 00:00:00,168.0,1,1,0,False,[],2027-02-13 00:00:00,168.0,1,1,0,False,[]
j1_2026_02200000_岡山_G大阪,2027-02-20 00:00:00,岡山,Ｇ大阪,0.0,0.25,1.6436,0.926,0.0,0.74,0.0,4.0,148.0,hit,1.64,5.92,conditions_v2,partial,home_base_to_opponent_base_proxy,2027-02-13 00:00:00,168.0,1,1,0,False,[],2027-02-16 12:00:00,84.0,2,3,2,False,"[{""datetime"": ""2027-02-09T12:00:00"", ""competition"": ""acl_event"", ""minutes_played"": null, ""core_usage"": null, ""source"": ""nan"", ""event_load"": 0.0, ""participation_status"": ""scheduled"", ""minutes_status"": ""unknown"", ""rotation_status"": ""unknown"", ""extra_time_minutes"": null, ""extra_time_status"": ""unknown""}, {""datetime"": ""2027-02-16T12:00:00"", ""competition"": ""acl_event"", ""minutes_played"": null, ""core_usage"": null, ""source"": ""nan"", ""event_load"": 0.0, ""participation_status"": ""scheduled"", ""minutes_status"": ""unknown"", ""rotation_status"": ""unknown"", ""extra_time_minutes"": null, ""extra_time_status"": ""unknown""}]"
j1_2026_02200000_千葉_川崎F,2027-02-20 00:00:00,千葉,川崎Ｆ,0.0,0.0,1.5083,2.1278,0.0,0.213,0.0,4.0,42.6,hit,1.51,6.34,conditions_v2,partial,home_base_to_opponent_base_proxy,2027-02-13 00:00:00,168.0,1,1,0,False,[],2027-02-13 00:00:00,168.0,1,1,0,False,[]
j1_2026_02200000_C大阪_神戸,2027-02-20 00:00:00,Ｃ大阪,神戸,0.0,0.25,0.0,0.4415,0.0,0.1475,0.0,4.0,29.5,hit,0.0,4.84,conditions_v2,partial,home_base_to_opponent_base_proxy,2027-02-13 00:00:00,168.0,1,1,0,False,[],2027-02-16 12:00:00,84.0,2,3,2,False,"[{""datetime"": ""2027-02-10T12:00:00"", ""competition"": ""acl_event"", ""minutes_played"": null, ""core_usage"": null, ""source"": ""nan"", ""event_load"": 0.0, ""participation_status"": ""scheduled"", ""minutes_status"": ""unknown"", ""rotation_status"": ""unknown"", ""extra_time_minutes"": null, ""extra_time_status"": ""unknown""}, {""datetime"": ""2027-02-16T12:00:00"", ""competition"": ""acl_event"", ""minutes_played"": null, ""core_usage"": null, ""source"": ""nan"", ""event_load"": 0.0, ""participation_status"": ""scheduled"", ""minutes_status"": ""unknown"", ""rotation_status"": ""unknown"", ""extra_time_minutes"": null, ""extra_time_status"": ""unknown""}]"
j1_2026_02200000_広島_東京V,2027-02-20 00:00:00,広島,東京Ｖ,0.0,0.0,0.0,0.0,0.0,3.3035,0.0,4.0,660.7,hit,0.0,7.3,conditions_v2,partial,home_base_to_opponent_base_proxy,2027-02-13 00:00:00,168.0,1,1,0,False,[],2027-02-14 00:00:00,144.0,1,1,0,False,[]
j1_2026_02270000_横浜FM_C大阪,2027-02-27 00:00:00,横浜FM,Ｃ大阪,0.0,0.0,1.8629,0.0,0.0,1.927,0.0,4.0,385.4,hit,1.86,5.93,conditions_v2,partial,home_base_to_opponent_base_proxy,2027-02-20 00:00:00,168.0,1,2,0,False,[],2027-02-20 00:00:00,168.0,1,2,0,False,[]
j1_2026_02270000_長崎_柏,2027-02-27 00:00:00,長崎,柏,0.0,0.0,3.0536,2.1996,0.0,4.9485,0.0,4.0,989.7,hit,3.05,11.15,conditions_v2,partial,home_base_to_opponent_base_proxy,2027-02-20 00:00:00,168.0,1,2,0,False,[],2027-02-20 00:00:00,168.0,1,3,1,False,"[{""datetime"": ""2027-02-16T12:00:00"", ""competition"": ""acl_event"", ""minutes_played"": null, ""core_usage"": null, ""source"": ""nan"", ""event_load"": 0.0, ""participation_status"": ""scheduled"", ""minutes_status"": ""unknown"", ""rotation_status"": ""unknown"", ""extra_time_minutes"": null, ""extra_time_status"": ""unknown""}]"
j1_2026_02270000_清水_広島,2027-02-27 00:00:00,清水,広島,0.0,0.0,1.5706,0.0,0.0,2.737,0.0,4.0,547.4,hit,1.57,6.74,conditions_v2,partial,home_base_to_opponent_base_proxy,2027-02-20 00:00:00,168.0,1,2,0,False,[],2027-02-20 00:00:00,168.0,1,2,0,False,[]
j1_2026_02270000_水戸_神戸,2027-02-27 00:00:00,水戸,神戸,0.0,0.0,1.3614,1.9144,0.0,2.5515,0.0,4.0,510.3,hit,1.36,8.47,conditions_v2,partial,home_base_to_opponent_base_proxy,2027-02-20 00:00:00,168.0,1,2,0,False,[],2027-02-20 00:00:00,168.0,1,3,1,False,"[{""datetime"": ""2027-02-16T12:00:00"", ""competition"": ""acl_event"", ""minutes_played"": null, ""core_usage"": null, ""source"": ""nan"", ""event_load"": 0.0, ""participation_status"": ""scheduled"", ""minutes_status"": ""unknown"", ""rotation_status"": ""unknown"", ""extra_time_minutes"": null, ""extra_time_status"": ""unknown""}]"
j1_2026_02270000_川崎F_町田,2027-02-27 00:00:00,川崎Ｆ,町田,0.0,0.0,3.4352,1.4263,0.0,0.0855,0.0,4.0,17.1,hit,3.44,5.51,conditions_v2,partial,home_base_to_opponent_base_proxy,2027-02-20 00:00:00,168.0,1,2,0,False,[],2027-02-20 00:00:00,168.0,1,2,0,False,[]
j1_2026_02270000_京都_東京V,2027-02-27 00:00:00,京都,東京Ｖ,0.0,0.0,2.0541,2.5562,0.0,1.754,0.0,4.0,350.8,hit,2.05,8.31,conditions_v2,partial,home_base_to_opponent_base_proxy,2027-02-20 00:00:00,168.0,1,3,1,False,"[{""datetime"": ""2027-02-16T12:00:00"", ""competition"": ""acl_event"", ""minutes_played"": null, ""core_usage"": null, ""source"": ""nan"", ""event_load"": 0.0, ""participation_status"": ""scheduled"", ""minutes_status"": ""unknown"", ""rotation_status"": ""unknown"", ""extra_time_minutes"": null, ""extra_time_status"": ""unknown""}]",2027-02-20 00:00:00,168.0,1,2,0,False,[]
j1_2026_02270000_名古屋_浦和,2027-02-27 00:00:00,名古屋,浦和,0.0,0.0,2.496,1.3308,0.0,1.3095,0.0,4.0,261.9,hit,2.5,6.64,conditions_v2,partial,home_base_to_opponent_base_proxy,2027-02-20 00:00:00,168.0,1,2,0,False,[],2027-02-20 00:00:00,168.0,1,2,0,False,[]
j1_2026_02270000_千葉_FC東京,2027-02-27 00:00:00,千葉,FC東京,0.0,0.0,1.3898,1.6849,0.0,0.2735,0.0,4.0,54.7,hit,1.39,5.96,conditions_v2,partial,home_base_to_opponent_base_proxy,2027-02-20 00:00:00,168.0,1,2,0,False,[],2027-02-20 00:00:00,168.0,1,2,0,False,[]
j1_2026_02270000_G大阪_福岡,2027-02-27 00:00:00,Ｇ大阪,福岡,0.0,0.0,2.5336,1.4632,0.0,2.481,0.0,4.0,496.2,hit,2.53,7.94,conditions_v2,partial,home_base_to_opponent_base_proxy,2027-02-20 00:00:00,168.0,1,3,1,False,"[{""datetime"": ""2027-02-16T12:00:00"", ""competition"": ""acl_event"", ""minutes_played"": null, ""core_usage"": null, ""source"": ""nan"", ""event_load"": 0.0, ""participation_status"": ""scheduled"", ""minutes_status"": ""unknown"", ""rotation_status"": ""unknown"", ""extra_time_minutes"": null, ""extra_time_status"": ""unknown""}]",2027-02-20 00:00:00,168.0,1,2,0,False,[]
j1_2026_02270000_岡山_鹿島,2027-02-27 00:00:00,岡山,鹿島,0.0,0.0,1.5145,1.9301,0.0,3.1365,0.0,4.0,627.3,hit,1.51,9.07,conditions_v2,partial,home_base_to_opponent_base_proxy,2027-02-20 00:00:00,168.0,1,2,0,False,[],2027-02-20 00:00:00,168.0,1,3,1,False,"[{""datetime"": ""2027-02-16T12:00:00"", ""competition"": ""acl_event"", ""minutes_played"": null, ""core_usage"": null, ""source"": ""nan"", ""event_load"": 0.0, ""participation_status"": ""scheduled"", ""minutes_status"": ""unknown"", ""rotation_status"": ""unknown"", ""extra_time_minutes"": null, ""extra_time_status"": ""unknown""}]"
j1_2026_03060000_鹿島_千葉,2027-03-06 00:00:00,鹿島,千葉,0.0,0.0,4.1803,1.219,0.0,0.328,0.0,4.0,65.6,hit,4.18,5.55,conditions_v2,partial,home_base_to_opponent_base_proxy,2027-02-27 00:00:00,168.0,1,2,0,False,[],2027-02-27 00:00:00,168.0,1,2,0,False,[]
j1_2026_03060000_長崎_水戸,2027-03-06 00:00:00,長崎,水戸,0.0,0.0,2.8137,1.1942,0.0,5.222,0.0,4.0,1044.4,hit,2.81,10.42,conditions_v2,partial,home_base_to_opponent_base_proxy,2027-02-27 00:00:00,168.0,1,2,0,False,[],2027-02-27 00:00:00,168.0,1,2,0,False,[]
j1_2026_03060000_福岡_柏,2027-03-06 00:00:00,福岡,柏,0.0,0.0,3.5518,4.9592,0.0,4.5765,0.0,4.0,915.3,hit,3.55,13.54,conditions_v2,partial,home_base_to_opponent_base_proxy,2027-02-27 00:00:00,168.0,1,2,0,False,[],2027-02-27 00:00:00,168.0,1,2,0,False,[]
j1_2026_03060000_神戸_岡山,2027-03-06 00:00:00,神戸,岡山,0.0,0.0,3.9309,1.3284,0.0,0.578,0.0,4.0,115.6,hit,3.93,5.91,conditions_v2,partial,home_base_to_opponent_base_proxy,2027-02-27 00:00:00,168.0,1,2,0,False,[],2027-02-27 00:00:00,168.0,1,2,0,False,[]
j1_2026_03060000_町田_清水,2027-03-06 00:00:00,町田,清水,0.0,0.0,2.7441,1.3776,0.0,0.574,0.0,4.0,114.8,hit,2.74,5.95,conditions_v2,partial,home_base_to_opponent_base_proxy,2027-02-27 00:00:00,168.0,1,2,0,False,[],2027-02-27 00:00:00,168.0,1,2,0,False,[]
j1_2026_03060000_川崎F_浦和,2027-03-06 00:00:00,川崎Ｆ,浦和,0.0,0.0,3.0784,3.0256,0.0,0.16,0.0,4.0,32.0,hit,3.08,7.19,conditions_v2,partial,home_base_to_opponent_base_proxy,2027-02-27 00:00:00,168.0,1,2,0,False,[],2027-02-27 00:00:00,168.0,1,2,0,False,[]
j1_2026_03060000_京都_FC東京,2027-03-06 00:00:00,京都,FC東京,0.0,0.0,1.8439,2.9736,0.0,1.754,0.0,4.0,350.8,hit,1.84,8.73,conditions_v2,partial,home_base_to_opponent_base_proxy,2027-02-27 00:00:00,168.0,1,2,0,False,[],2027-02-27 00:00:00,168.0,1,2,0,False,[]
j1_2026_03060000_G大阪_名古屋,2027-03-06 00:00:00,Ｇ大阪,名古屋,0.0,0.0,2.07,2.2999,0.0,0.6515,0.0,4.0,130.3,hit,2.07,6.95,conditions_v2,partial,home_base_to_opponent_base_proxy,2027-02-27 00:00:00,168.0,1,2,0,False,[],2027-02-27 00:00:00,168.0,1,2,0,False,[]
j1_2026_03060000_C大阪_広島,2027-03-06 00:00:00,Ｃ大阪,広島,0.0,0.0,2.0744,2.3579,0.0,1.4115,0.0,4.0,282.3,hit,2.07,7.77,conditions_v2,partial,home_base_to_opponent_base_proxy,2027-02-27 00:00:00,168.0,1,2,0,False,[],2027-02-27 00:00:00,168.0,1,2,0,False,[]
j1_2026_03060000_東京V_横浜FM,2027-03-06 00:00:00,東京Ｖ,横浜FM,0.0,0.0,4.3693,1.634,0.0,0.093,0.0,4.0,18.6,hit,4.37,5.73,conditions_v2,partial,home_base_to_opponent_base_proxy,2027-02-27 00:00:00,168.0,1,2,0,False,[],2027-02-27 00:00:00,168.0,1,2,0,False,[]
j1_2026_03100000_浦和_FC東京,2027-03-10 00:00:00,浦和,FC東京,0.0,0.0,3.9874,4.4292,0.0,0.1265,0.0,4.0,25.3,hit,3.99,8.56,conditions_v2,partial,home_base_to_opponent_base_proxy,2027-03-06 00:00:00,96.0,1,2,0,False,[],2027-03-06 00:00:00,96.0,1,2,0,False,[]
j1_2026_03100000_神戸_G大阪,2027-03-10 00:00:00,神戸,Ｇ大阪,0.0,0.0,3.5529,1.8228,0.0,0.1715,0.0,4.0,34.3,hit,3.55,5.99,conditions_v2,partial,home_base_to_opponent_base_proxy,2027-03-06 00:00:00,96.0,1,2,0,False,[],2027-03-06 00:00:00,96.0,1,2,0,False,[]
j1_2026_03100000_町田_鹿島,2027-03-10 00:00:00,町田,鹿島,0.0,0.0,2.4703,3.78,0.0,0.596,0.0,4.0,119.2,hit,2.47,8.38,conditions_v2,partial,home_base_to_opponent_base_proxy,2027-03-06 00:00:00,96.0,1,2,0,False,[],2027-03-06 00:00:00,96.0,1,2,0,False,[]
j1_2026_03100000_清水_川崎F,2027-03-10 00:00:00,清水,川崎Ｆ,0.0,0.0,2.5676,2.3986,0.0,0.6555,0.0,4.0,131.1,hit,2.57,7.05,conditions_v2,partial,home_base_to_opponent_base_proxy,2027-03-06 00:00:00,96.0,1,2,0,False,[],2027-03-06 00:00:00,96.0,1,2,0,False,[]
j1_2026_03100000_水戸_C大阪,2027-03-10 00:00:00,水戸,Ｃ大阪,0.0,0.0,4.0657,1.9115,0.0,2.416,0.0,4.0,483.2,hit,4.07,8.33,conditions_v2,partial,home_base_to_opponent_base_proxy,2027-03-06 00:00:00,96.0,1,2,0,False,[],2027-03-06 00:00:00,96.0,1,2,0,False,[]
j1_2026_03100000_名古屋_長崎,2027-03-10 00:00:00,名古屋,長崎,0.0,0.0,3.6453,2.4679,0.0,3.609,0.0,4.0,721.8,hit,3.65,10.08,conditions_v2,partial,home_base_to_opponent_base_proxy,2027-03-06 00:00:00,96.0,1,2,0,False,[],2027-03-06 00:00:00,96.0,1,2,0,False,[]
j1_2026_03100000_広島_福岡,2027-03-10 00:00:00,広島,福岡,0.0,0.0,4.0667,2.9907,0.0,1.064,0.0,4.0,212.8,hit,4.07,8.05,conditions_v2,partial,home_base_to_opponent_base_proxy,2027-03-06 00:00:00,96.0,1,2,0,False,[],2027-03-06 00:00:00,96.0,1,2,0,False,[]
j1_2026_03100000_柏_京都,2027-03-10 00:00:00,柏,京都,0.0,0.0,7.4958,1.6187,0.0,1.973,0.0,4.0,394.6,hit,7.5,7.59,conditions_v2,partial,home_base_to_opponent_base_proxy,2027-03-06 00:00:00,96.0,1,2,0,False,[],2027-03-06 00:00:00,96.0,1,2,0,False,[]
j1_2026_03100000_千葉_東京V,2027-03-10 00:00:00,千葉,東京Ｖ,0.0,0.0,2.3703,3.9216,0.0,0.2735,0.0,4.0,54.7,hit,2.37,8.2,conditions_v2,partial,home_base_to_opponent_base_proxy,2027-03-06 00:00:00,96.0,1,2,0,False,[],2027-03-06 00:00:00,96.0,1,2,0,False,[]
j1_2026_03100000_岡山_横浜FM,2027-03-10 00:00:00,岡山,横浜FM,0.0,0.0,2.5345,2.5792,0.0,2.6285,0.0,4.0,525.7,hit,2.53,9.21,conditions_v2,partial,home_base_to_opponent_base_proxy,2027-03-06 00:00:00,96.0,1,2,0,False,[],2027-03-06 00:00:00,96.0,1,2,0,False,[]
j1_2026_03130000_FC東京_C大阪,2027-03-13 00:00:00,FC東京,Ｃ大阪,0.5,0.5,5.3359,3.9222,0.0,1.914,0.0,4.0,382.8,hit,5.84,10.34,conditions_v2,partial,home_base_to_opponent_base_proxy,2027-03-10 00:00:00,72.0,2,3,0,False,[],2027-03-10 00:00:00,72.0,2,3,0,False,[]
j1_2026_03130000_G大阪_長崎,2027-03-13 00:00:00,Ｇ大阪,長崎,0.5,0.5,2.7654,4.395,0.0,2.857,0.0,4.0,571.4,hit,3.27,11.75,conditions_v2,partial,home_base_to_opponent_base_proxy,2027-03-10 00:00:00,72.0,2,3,0,False,[],2027-03-10 00:00:00,72.0,2,3,0,False,[]
j1_2026_03130000_京都_川崎F,2027-03-13 00:00:00,京都,川崎Ｆ,0.5,0.5,3.2313,3.4281,0.0,1.7915,0.0,4.0,358.3,hit,3.73,9.72,conditions_v2,partial,home_base_to_opponent_base_proxy,2027-03-10 00:00:00,72.0,2,3,0,False,[],2027-03-10 00:00:00,72.0,2,3,0,False,[]
j1_2026_03130000_東京V_水戸,2027-03-13 00:00:00,東京Ｖ,水戸,0.5,0.5,4.5732,3.6424,0.0,0.5495,0.0,4.0,109.9,hit,5.07,8.69,conditions_v2,partial,home_base_to_opponent_base_proxy,2027-03-10 00:00:00,72.0,2,3,0,False,[],2027-03-10 00:00:00,72.0,2,3,0,False,[]
j1_2026_03130000_柏_岡山,2027-03-13 00:00:00,柏,岡山,0.5,0.5,6.4455,2.2198,0.0,2.826,0.0,4.0,565.2,hit,6.95,9.55,conditions_v2,partial,home_base_to_opponent_base_proxy,2027-03-10 00:00:00,72.0,2,3,0,False,[],2027-03-10 00:00:00,72.0,2,3,0,False,[]
j1_2026_03130000_横浜FM_福岡,2027-03-13 00:00:00,横浜FM,福岡,0.5,0.5,4.5544,4.3239,0.0,4.3735,0.0,4.0,874.7,hit,5.05,13.2,conditions_v2,partial,home_base_to_opponent_base_proxy,2027-03-10 00:00:00,72.0,2,3,0,False,[],2027-03-10 00:00:00,72.0,2,3,0,False,[]
j1_2026_03130000_町田_名古屋,2027-03-13 00:00:00,町田,名古屋,0.5,0.5,1.9646,2.9158,0.0,1.1755,0.0,4.0,235.1,hit,2.46,8.59,conditions_v2,partial,home_base_to_opponent_base_proxy,2027-03-10 00:00:00,72.0,2,3,0,False,[],2027-03-10 00:00:00,72.0,2,3,0,False,[]
j1_2026_03130000_神戸_清水,2027-03-13 00:00:00,神戸,清水,0.5,0.5,2.8763,2.246,0.0,1.468,0.0,4.0,293.6,hit,3.38,8.21,conditions_v2,partial,home_base_to_opponent_base_proxy,2027-03-10 00:00:00,72.0,2,3,0,False,[],2027-03-10 00:00:00,72.0,2,3,0,False,[]
j1_2026_03130000_鹿島_広島,2027-03-13 00:00:00,鹿島,広島,0.5,0.5,4.6743,3.6509,0.0,3.8315,0.0,4.0,766.3,hit,5.17,11.98,conditions_v2,partial,home_base_to_opponent_base_proxy,2027-03-10 00:00:00,72.0,2,3,0,False,[],2027-03-10 00:00:00,72.0,2,3,0,False,[]
j1_2026_03140000_千葉_浦和,2027-03-14 00:00:00,千葉,浦和,0.0,0.0,2.078,3.4968,0.0,0.2575,0.0,4.0,51.5,hit,2.08,7.75,conditions_v2,partial,home_base_to_opponent_base_proxy,2027-03-10 00:00:00,96.0,1,2,0,False,[],2027-03-10 00:00:00,96.0,1,2,0,False,[]
j1_2026_03200000_横浜FM_浦和,2027-03-20 00:00:00,横浜FM,浦和,0.0,0.0,4.1833,4.23,0.0,0.199,0.0,4.0,39.8,hit,4.18,8.43,conditions_v2,partial,home_base_to_opponent_base_proxy,2027-03-13 00:00:00,168.0,1,3,0,False,[],2027-03-14 00:00:00,144.0,1,3,0,False,[]
j1_2026_03200000_長崎_岡山,2027-03-20 00:00:00,長崎,岡山,0.0,0.0,6.41,4.4386,0.0,2.158,0.0,4.0,431.6,hit,6.41,10.6,conditions_v2,partial,home_base_to_opponent_base_proxy,2027-03-13 00:00:00,168.0,1,3,0,False,[],2027-03-13 00:00:00,168.0,1,3,0,False,[]
j1_2026_03200000_福岡_千葉,2027-03-20 00:00:00,福岡,千葉,0.0,0.0,6.5852,1.7561,0.0,4.557,0.0,4.0,911.4,hit,6.59,10.31,conditions_v2,partial,home_base_to_opponent_base_proxy,2027-03-13 00:00:00,168.0,1,3,0,False,[],2027-03-14 00:00:00,144.0,1,3,0,False,[]
j1_2026_03200000_町田_水戸,2027-03-20 00:00:00,町田,水戸,0.0,0.0,1.6311,4.8969,0.0,0.606,0.0,4.0,121.2,hit,1.63,9.5,conditions_v2,partial,home_base_to_opponent_base_proxy,2027-03-13 00:00:00,168.0,1,3,0,False,[],2027-03-13 00:00:00,168.0,1,3,0,False,[]
j1_2026_03200000_広島_G大阪,2027-03-20 00:00:00,広島,Ｇ大阪,0.0,0.0,5.7841,2.5487,0.0,1.4345,0.0,4.0,286.9,hit,5.78,7.98,conditions_v2,partial,home_base_to_opponent_base_proxy,2027-03-13 00:00:00,168.0,1,3,0,False,[],2027-03-13 00:00:00,168.0,1,3,0,False,[]
j1_2026_03200000_川崎F_FC東京,2027-03-20 00:00:00,川崎Ｆ,FC東京,0.0,0.0,5.1205,4.6265,0.0,0.0665,0.0,4.0,13.3,hit,5.12,8.69,conditions_v2,partial,home_base_to_opponent_base_proxy,2027-03-13 00:00:00,168.0,1,3,0,False,[],2027-03-13 00:00:00,168.0,1,3,0,False,[]
j1_2026_03200000_名古屋_神戸,2027-03-20 00:00:00,名古屋,神戸,0.0,0.0,4.4312,2.2854,0.0,0.8225,0.0,4.0,164.5,hit,4.43,7.11,conditions_v2,partial,home_base_to_opponent_base_proxy,2027-03-13 00:00:00,168.0,1,3,0,False,[],2027-03-13 00:00:00,168.0,1,3,0,False,[]
j1_2026_03200000_C大阪_京都,2027-03-20 00:00:00,Ｃ大阪,京都,0.0,0.0,5.4906,3.0087,0.0,0.235,0.0,4.0,47.0,hit,5.49,7.24,conditions_v2,partial,home_base_to_opponent_base_proxy,2027-03-13 00:00:00,168.0,1,3,0,False,[],2027-03-13 00:00:00,168.0,1,3,0,False,[]
j1_2026_03200000_柏_東京V,2027-03-20 00:00:00,柏,東京Ｖ,0.0,0.0,5.2837,3.8516,0.0,0.2285,0.0,4.0,45.7,hit,5.28,8.08,conditions_v2,partial,home_base_to_opponent_base_proxy,2027-03-13 00:00:00,168.0,1,3,0,False,[],2027-03-13 00:00:00,168.0,1,3,0,False,[]
j1_2026_03210000_清水_鹿島,2027-03-21 00:00:00,清水,鹿島,0.0,0.0,3.9836,3.9042,0.0,1.1675,0.0,4.0,233.5,hit,3.98,9.07,conditions_v2,partial,home_base_to_opponent_base_proxy,2027-03-13 00:00:00,192.0,0,2,0,False,[],2027-03-13 00:00:00,192.0,0,2,0,False,[]
j1_2026_04030000_岡山_名古屋,2027-04-03 00:00:00,岡山,名古屋,0.0,0.0,5.8714,3.6337,0.0,1.3835,0.0,4.0,276.7,hit,5.87,9.02,conditions_v2,partial,home_base_to_opponent_base_proxy,2027-03-20 00:00:00,336.0,0,1,0,False,[],2027-03-20 00:00:00,336.0,0,1,0,False,[]
j1_2026_04030000_FC東京_福岡,2027-04-03 00:00:00,FC東京,福岡,0.0,0.0,5.0653,5.7498,0.0,4.356,0.0,4.0,871.2,hit,5.07,14.11,conditions_v2,partial,home_base_to_opponent_base_proxy,2027-03-20 00:00:00,336.0,0,1,0,False,[],2027-03-20 00:00:00,336.0,0,1,0,False,[]
j1_2026_04030000_G大阪_川崎F,2027-04-03 00:00:00,Ｇ大阪,川崎Ｆ,0.0,0.0,4.0466,4.4415,0.0,1.9095,0.0,4.0,381.9,hit,4.05,10.35,conditions_v2,partial,home_base_to_opponent_base_proxy,2027-03-20 00:00:00,336.0,0,1,0,False,[],2027-03-20 00:00:00,336.0,0,1,0,False,[]
j1_2026_04030000_京都_長崎,2027-04-03 00:00:00,京都,長崎,0.0,0.0,4.0407,5.6016,0.0,2.923,0.0,4.0,584.6,hit,4.04,12.52,conditions_v2,partial,home_base_to_opponent_base_proxy,2027-03-20 00:00:00,336.0,0,1,0,False,[],2027-03-20 00:00:00,336.0,0,1,0,False,[]
j1_2026_04030000_東京V_町田,2027-04-03 00:00:00,東京Ｖ,町田,0.0,0.0,4.6622,1.3108,0.0,0.078,0.0,4.0,15.6,hit,4.66,5.39,conditions_v2,partial,home_base_to_opponent_base_proxy,2027-03-20 00:00:00,336.0,0,1,0,False,[],2027-03-20 00:00:00,336.0,0,1,0,False,[]
j1_2026_04030000_柏_C大阪,2027-04-03 00:00:00,柏,Ｃ大阪,0.0,0.0,3.988,4.8217,0.0,2.1375,0.0,4.0,427.5,hit,3.99,10.96,conditions_v2,partial,home_base_to_opponent_base_proxy,2027-03-20 00:00:00,336.0,0,1,0,False,[],2027-03-20 00:00:00,336.0,0,1,0,False,[]
j1_2026_04030000_水戸_千葉,2027-04-03 00:00:00,水戸,千葉,0.0,0.0,5.471,4.2622,0.0,0.4465,0.0,4.0,89.3,hit,5.47,8.71,conditions_v2,partial,home_base_to_opponent_base_proxy,2027-03-20 00:00:00,336.0,0,1,0,False,[],2027-03-20 00:00:00,336.0,0,1,0,False,[]
j1_2026_04030000_浦和_清水,2027-04-03 00:00:00,浦和,清水,0.0,0.0,4.8998,3.2938,0.0,0.7585,0.0,4.0,151.7,hit,4.9,8.05,conditions_v2,partial,home_base_to_opponent_base_proxy,2027-03-20 00:00:00,336.0,0,1,0,False,[],2027-03-21 00:00:00,312.0,0,1,0,False,[]
j1_2026_04030000_神戸_広島,2027-04-03 00:00:00,神戸,広島,0.0,0.0,3.5183,4.8276,0.0,1.269,0.0,4.0,253.8,hit,3.52,10.1,conditions_v2,partial,home_base_to_opponent_base_proxy,2027-03-20 00:00:00,336.0,0,1,0,False,[],2027-03-20 00:00:00,336.0,0,1,0,False,[]
j1_2026_04030000_鹿島_横浜FM,2027-04-03 00:00:00,鹿島,横浜FM,0.0,0.0,5.0476,3.3958,0.0,0.5395,0.0,4.0,107.9,hit,5.05,7.94,conditions_v2,partial,home_base_to_opponent_base_proxy,2027-03-21 00:00:00,312.0,0,1,0,False,[],2027-03-20 00:00:00,336.0,0,1,0,False,[]
j1_2026_04090000_C大阪_福岡,2027-04-09 00:00:00,Ｃ大阪,福岡,0.0,0.0,5.9675,7.5738,0.0,2.4475,0.0,4.0,489.5,hit,5.97,14.02,conditions_v2,partial,home_base_to_opponent_base_proxy,2027-04-03 00:00:00,144.0,1,1,0,False,[],2027-04-03 00:00:00,144.0,1,1,0,False,[]
j1_2026_04100000_清水_水戸,2027-04-10 00:00:00,清水,水戸,0.0,0.0,4.4364,4.6846,0.0,1.1545,0.0,4.0,230.9,hit,4.44,9.84,conditions_v2,partial,home_base_to_opponent_base_proxy,2027-04-03 00:00:00,168.0,1,1,0,False,[],2027-04-03 00:00:00,168.0,1,1,0,False,[]
j1_2026_04100000_町田_神戸,2027-04-10 00:00:00,町田,神戸,0.0,0.0,2.4588,2.9906,0.0,1.994,0.0,4.0,398.8,hit,2.46,8.98,conditions_v2,partial,home_base_to_opponent_base_proxy,2027-04-03 00:00:00,168.0,1,1,0,False,[],2027-04-03 00:00:00,168.0,1,1,0,False,[]
j1_2026_04100000_浦和_柏,2027-04-10 00:00:00,浦和,柏,0.0,0.0,4.1762,3.1471,0.0,0.1425,0.0,4.0,28.5,hit,4.18,7.29,conditions_v2,partial,home_base_to_opponent_base_proxy,2027-04-03 00:00:00,168.0,1,1,0,False,[],2027-04-03 00:00:00,168.0,1,1,0,False,[]
j1_2026_04100000_東京V_G大阪,2027-04-10 00:00:00,東京Ｖ,Ｇ大阪,0.0,0.0,3.7551,3.3395,0.0,1.875,0.0,4.0,375.0,hit,3.76,9.21,conditions_v2,partial,home_base_to_opponent_base_proxy,2027-04-03 00:00:00,168.0,1,1,0,False,[],2027-04-03 00:00:00,168.0,1,1,0,False,[]
j1_2026_04100000_横浜FM_広島,2027-04-10 00:00:00,横浜FM,広島,0.0,0.0,4.1195,5.8889,0.0,3.3245,0.0,4.0,664.9,hit,4.12,13.21,conditions_v2,partial,home_base_to_opponent_base_proxy,2027-04-03 00:00:00,168.0,1,1,0,False,[],2027-04-03 00:00:00,168.0,1,1,0,False,[]
j1_2026_04100000_川崎F_長崎,2027-04-10 00:00:00,川崎Ｆ,長崎,0.0,0.0,5.6189,6.8408,0.0,4.766,0.0,4.0,953.2,hit,5.62,15.61,conditions_v2,partial,home_base_to_opponent_base_proxy,2027-04-03 00:00:00,168.0,1,1,0,False,[],2027-04-03 00:00:00,168.0,1,1,0,False,[]
j1_2026_04100000_名古屋_鹿島,2027-04-10 00:00:00,名古屋,鹿島,0.0,0.0,4.9014,4.0984,0.0,1.756,0.0,4.0,351.2,hit,4.9,9.85,conditions_v2,partial,home_base_to_opponent_base_proxy,2027-04-03 00:00:00,168.0,1,1,0,False,[],2027-04-03 00:00:00,168.0,1,1,0,False,[]
j1_2026_04100000_千葉_京都,2027-04-10 00:00:00,千葉,京都,0.0,0.0,5.3185,3.2361,0.0,2.0825,0.0,4.0,416.5,hit,5.32,9.32,conditions_v2,partial,home_base_to_opponent_base_proxy,2027-04-03 00:00:00,168.0,1,1,0,False,[],2027-04-03 00:00:00,168.0,1,1,0,False,[]
j1_2026_04100000_FC東京_岡山,2027-04-10 00:00:00,FC東京,岡山,0.0,0.0,4.095,5.1289,0.0,2.6075,0.0,4.0,521.5,hit,4.1,11.74,conditions_v2,partial,home_base_to_opponent_base_proxy,2027-04-03 00:00:00,168.0,1,1,0,False,[],2027-04-03 00:00:00,168.0,1,1,0,False,[]
j1_2026_04141900_京都_神戸,2027-04-14 19:00:00,京都,神戸,0.0,0.0,4.794,4.5591,0.0,0.3125,0.0,4.0,62.5,hit,4.79,8.87,conditions_v2,partial,home_base_to_opponent_base_proxy,2027-04-10 00:00:00,115.0,1,2,0,False,[],2027-04-10 00:00:00,115.0,1,2,0,False,[]
j1_2026_04160000_広島_FC東京,2027-04-16 00:00:00,広島,FC東京,0.0,0.0,7.2224,3.3156,0.0,3.3035,0.0,4.0,660.7,hit,7.22,10.62,conditions_v2,partial,home_base_to_opponent_base_proxy,2027-04-10 00:00:00,144.0,1,2,0,False,[],2027-04-10 00:00:00,144.0,1,2,0,False,[]
j1_2026_04170000_長崎_神戸,2027-04-17 00:00:00,長崎,神戸,0.0,0.8958,8.6083,5.2538,0.0,2.6705,0.0,4.0,534.1,hit,8.61,12.82,conditions_v2,partial,home_base_to_opponent_base_proxy,2027-04-10 00:00:00,168.0,1,2,0,False,[],2027-04-14 19:00:00,53.0,2,3,0,False,[]
j1_2026_04170000_福岡_町田,2027-04-17 00:00:00,福岡,町田,0.0,0.0,8.3871,2.1014,0.0,4.3055,0.0,4.0,861.1,hit,8.39,10.41,conditions_v2,partial,home_base_to_opponent_base_proxy,2027-04-09 00:00:00,192.0,0,2,0,False,[],2027-04-10 00:00:00,168.0,1,2,0,False,[]
j1_2026_04170000_清水_名古屋,2027-04-17 00:00:00,清水,名古屋,0.0,0.0,3.5616,3.962,0.0,0.6855,0.0,4.0,137.1,hit,3.56,8.65,conditions_v2,partial,home_base_to_opponent_base_proxy,2027-04-10 00:00:00,168.0,1,2,0,False,[],2027-04-10 00:00:00,168.0,1,2,0,False,[]
j1_2026_04170000_水戸_京都,2027-04-17 00:00:00,水戸,京都,0.0,0.8958,5.4882,3.9457,0.0,2.3015,0.0,4.0,460.3,hit,5.49,11.14,conditions_v2,partial,home_base_to_opponent_base_proxy,2027-04-10 00:00:00,168.0,1,2,0,False,[],2027-04-14 19:00:00,53.0,2,3,0,False,[]
j1_2026_04170000_川崎F_東京V,2027-04-17 00:00:00,川崎Ｆ,東京Ｖ,0.0,0.0,4.5489,3.0547,0.0,0.0665,0.0,4.0,13.3,hit,4.55,7.12,conditions_v2,partial,home_base_to_opponent_base_proxy,2027-04-10 00:00:00,168.0,1,2,0,False,[],2027-04-10 00:00:00,168.0,1,2,0,False,[]
j1_2026_04170000_岡山_浦和,2027-04-17 00:00:00,岡山,浦和,0.0,0.0,6.3417,3.2845,0.0,2.688,0.0,4.0,537.6,hit,6.34,9.97,conditions_v2,partial,home_base_to_opponent_base_proxy,2027-04-10 00:00:00,168.0,1,2,0,False,[],2027-04-10 00:00:00,168.0,1,2,0,False,[]
j1_2026_04170000_G大阪_千葉,2027-04-17 00:00:00,Ｇ大阪,千葉,0.0,0.0,4.8327,4.6345,0.0,2.127,0.0,4.0,425.4,hit,4.83,10.76,conditions_v2,partial,home_base_to_opponent_base_proxy,2027-04-10 00:00:00,168.0,1,2,0,False,[],2027-04-10 00:00:00,168.0,1,2,0,False,[]
j1_2026_04170000_C大阪_鹿島,2027-04-17 00:00:00,Ｃ大阪,鹿島,0.0,0.0,4.8295,5.3657,0.0,2.448,0.0,4.0,489.6,hit,4.83,11.81,conditions_v2,partial,home_base_to_opponent_base_proxy,2027-04-09 00:00:00,192.0,0,2,0,False,[],2027-04-10 00:00:00,168.0,1,2,0,False,[]
j1_2026_04170000_横浜FM_柏,2027-04-17 00:00:00,横浜FM,柏,0.0,0.0,3.4472,3.8773,0.0,0.2545,0.0,4.0,50.9,hit,3.45,8.13,conditions_v2,partial,home_base_to_opponent_base_proxy,2027-04-10 00:00:00,168.0,1,2,0,False,[],2027-04-10 00:00:00,168.0,1,2,0,False,[]
j1_2026_04240000_浦和_水戸,2027-04-24 00:00:00,浦和,水戸,0.0,0.0,4.8156,4.4358,0.0,0.397,0.0,4.0,79.4,hit,4.82,8.83,conditions_v2,partial,home_base_to_opponent_base_proxy,2027-04-17 00:00:00,168.0,1,2,0,False,[],2027-04-17 00:00:00,168.0,1,2,0,False,[]
j1_2026_04240000_鹿島_京都,2027-04-24 00:00:00,鹿島,京都,0.0,0.0,6.6104,5.7907,0.0,2.2835,0.0,4.0,456.7,hit,6.61,12.07,conditions_v2,partial,home_base_to_opponent_base_proxy,2027-04-17 00:00:00,168.0,1,2,0,False,[],2027-04-17 00:00:00,168.0,1,3,0,False,[]
j1_2026_04240000_長崎_千葉,2027-04-24 00:00:00,長崎,千葉,0.0,0.0,7.3867,5.7011,0.0,4.9695,0.0,4.0,993.9,hit,7.39,14.67,conditions_v2,partial,home_base_to_opponent_base_proxy,2027-04-17 00:00:00,168.0,1,2,0,False,[],2027-04-17 00:00:00,168.0,1,2,0,False,[]
j1_2026_04240000_神戸_福岡,2027-04-24 00:00:00,神戸,福岡,0.0,0.0,7.1598,7.1503,0.0,2.312,0.0,4.0,462.4,hit,7.16,13.46,conditions_v2,partial,home_base_to_opponent_base_proxy,2027-04-17 00:00:00,168.0,1,3,0,False,[],2027-04-17 00:00:00,168.0,1,1,0,False,[]
j1_2026_04240000_柏_G大阪,2027-04-24 00:00:00,柏,Ｇ大阪,0.0,0.0,4.7028,3.939,0.0,2.097,0.0,4.0,419.4,hit,4.7,10.04,conditions_v2,partial,home_base_to_opponent_base_proxy,2027-04-17 00:00:00,168.0,1,2,0,False,[],2027-04-17 00:00:00,168.0,1,2,0,False,[]
j1_2026_04240000_東京V_清水,2027-04-24 00:00:00,東京Ｖ,清水,0.0,0.0,3.7097,2.9391,0.0,0.643,0.0,4.0,128.6,hit,3.71,7.58,conditions_v2,partial,home_base_to_opponent_base_proxy,2027-04-17 00:00:00,168.0,1,2,0,False,[],2027-04-17 00:00:00,168.0,1,2,0,False,[]
j1_2026_04240000_広島_町田,2027-04-24 00:00:00,広島,町田,0.0,0.0,6.1802,4.6731,0.0,3.2555,0.0,4.0,651.1,hit,6.18,11.93,conditions_v2,partial,home_base_to_opponent_base_proxy,2027-04-16 00:00:00,192.0,0,2,0,False,[],2027-04-17 00:00:00,168.0,1,2,0,False,[]
j1_2026_04240000_名古屋_川崎F,2027-04-24 00:00:00,名古屋,川崎Ｆ,0.0,0.0,4.9086,3.751,0.0,1.261,0.0,4.0,252.2,hit,4.91,9.01,conditions_v2,partial,home_base_to_opponent_base_proxy,2027-04-17 00:00:00,168.0,1,2,0,False,[],2027-04-17 00:00:00,168.0,1,2,0,False,[]
j1_2026_04240000_FC東京_横浜FM,2027-04-24 00:00:00,FC東京,横浜FM,0.0,0.0,5.0422,2.8239,0.0,0.093,0.0,4.0,18.6,hit,5.04,6.92,conditions_v2,partial,home_base_to_opponent_base_proxy,2027-04-16 00:00:00,192.0,0,2,0,False,[],2027-04-17 00:00:00,168.0,1,2,0,False,[]
j1_2026_04240000_岡山_C大阪,2027-04-24 00:00:00,岡山,Ｃ大阪,0.0,0.0,5.154,3.9797,0.0,0.7235,0.0,4.0,144.7,hit,5.15,8.7,conditions_v2,partial,home_base_to_opponent_base_proxy,2027-04-17 00:00:00,168.0,1,2,0,False,[],2027-04-17 00:00:00,168.0,1,1,0,False,[]
j1_2026_04290000_鹿島_神戸,2027-04-29 00:00:00,鹿島,神戸,0.0,0.0,5.6618,5.9571,0.0,2.578,0.0,4.0,515.6,hit,5.66,12.54,conditions_v2,partial,home_base_to_opponent_base_proxy,2027-04-24 00:00:00,120.0,1,2,0,False,[],2027-04-24 00:00:00,120.0,1,2,0,False,[]
j1_2026_04290000_C大阪_長崎,2027-04-29 00:00:00,Ｃ大阪,長崎,0.0,0.0,4.6088,5.8677,0.0,2.8105,0.0,4.0,562.1,hit,4.61,12.68,conditions_v2,partial,home_base_to_opponent_base_proxy,2027-04-24 00:00:00,120.0,1,2,0,False,[],2027-04-24 00:00:00,120.0,1,2,0,False,[]
j1_2026_04290000_京都_G大阪,2027-04-29 00:00:00,京都,Ｇ大阪,0.0,0.0,6.934,5.4006,0.0,0.151,0.0,4.0,30.2,hit,6.93,9.55,conditions_v2,partial,home_base_to_opponent_base_proxy,2027-04-24 00:00:00,120.0,1,2,0,False,[],2027-04-24 00:00:00,120.0,1,2,0,False,[]
j1_2026_04290000_千葉_広島,2027-04-29 00:00:00,千葉,広島,0.0,0.0,7.8188,4.9289,0.0,3.5515,0.0,4.0,710.3,hit,7.82,12.48,conditions_v2,partial,home_base_to_opponent_base_proxy,2027-04-24 00:00:00,120.0,1,2,0,False,[],2027-04-24 00:00:00,120.0,1,2,0,False,[]
j1_2026_04290000_川崎F_水戸,2027-04-29 00:00:00,川崎Ｆ,水戸,0.0,0.0,4.6259,5.173,0.0,0.5435,0.0,4.0,108.7,hit,4.63,9.72,conditions_v2,partial,home_base_to_opponent_base_proxy,2027-04-24 00:00:00,120.0,1,2,0,False,[],2027-04-24 00:00:00,120.0,1,2,0,False,[]
j1_2026_04290000_柏_FC東京,2027-04-29 00:00:00,柏,FC東京,0.0,0.0,4.0013,4.2981,0.0,0.2285,0.0,4.0,45.7,hit,4.0,8.53,conditions_v2,partial,home_base_to_opponent_base_proxy,2027-04-24 00:00:00,120.0,1,2,0,False,[],2027-04-24 00:00:00,120.0,1,2,0,False,[]
j1_2026_04290000_横浜FM_名古屋,2027-04-29 00:00:00,横浜FM,名古屋,0.0,0.0,3.5223,3.9377,0.0,1.245,0.0,4.0,249.0,hit,3.52,9.18,conditions_v2,partial,home_base_to_opponent_base_proxy,2027-04-24 00:00:00,120.0,1,2,0,False,[],2027-04-24 00:00:00,120.0,1,2,0,False,[]
j1_2026_04290000_浦和_町田,2027-04-29 00:00:00,浦和,町田,0.0,0.0,4.0976,6.5023,0.0,0.2045,0.0,4.0,40.9,hit,4.1,10.71,conditions_v2,partial,home_base_to_opponent_base_proxy,2027-04-24 00:00:00,120.0,1,2,0,False,[],2027-04-24 00:00:00,120.0,1,2,0,False,[]
j1_2026_04290000_清水_岡山,2027-04-29 00:00:00,清水,岡山,0.0,0.0,3.8097,4.2459,0.0,2.0435,0.0,4.0,408.7,hit,3.81,10.29,conditions_v2,partial,home_base_to_opponent_base_proxy,2027-04-24 00:00:00,120.0,1,2,0,False,[],2027-04-24 00:00:00,120.0,1,2,0,False,[]
j1_2026_04290000_福岡_東京V,2027-04-29 00:00:00,福岡,東京Ｖ,0.0,0.0,7.7914,3.0981,0.0,4.356,0.0,4.0,871.2,hit,7.79,11.45,conditions_v2,partial,home_base_to_opponent_base_proxy,2027-04-24 00:00:00,120.0,1,2,0,False,[],2027-04-24 00:00:00,120.0,1,2,0,False,[]
j1_2026_05030000_神戸_柏,2027-05-03 00:00:00,神戸,柏,0.0,0.0,7.1013,3.1542,0.0,2.2675,0.0,4.0,453.5,hit,7.1,9.42,conditions_v2,partial,home_base_to_opponent_base_proxy,2027-04-29 00:00:00,96.0,1,2,0,False,[],2027-04-29 00:00:00,96.0,1,2,0,False,[]
j1_2026_05030000_長崎_横浜FM,2027-05-03 00:00:00,長崎,横浜FM,0.0,0.0,6.7755,2.9609,0.0,4.7345,0.0,4.0,946.9,hit,6.78,11.7,conditions_v2,partial,home_base_to_opponent_base_proxy,2027-04-29 00:00:00,96.0,1,2,0,False,[],2027-04-29 00:00:00,96.0,1,2,0,False,[]
j1_2026_05030000_水戸_福岡,2027-05-03 00:00:00,水戸,福岡,0.0,0.0,5.7162,6.2582,0.0,4.784,0.0,4.0,956.8,hit,5.72,15.04,conditions_v2,partial,home_base_to_opponent_base_proxy,2027-04-29 00:00:00,96.0,1,2,0,False,[],2027-04-29 00:00:00,96.0,1,2,0,False,[]
j1_2026_05030000_東京V_C大阪,2027-05-03 00:00:00,東京Ｖ,Ｃ大阪,0.0,0.0,5.463,3.8367,0.0,1.914,0.0,4.0,382.8,hit,5.46,9.75,conditions_v2,partial,home_base_to_opponent_base_proxy,2027-04-29 00:00:00,96.0,1,2,0,False,[],2027-04-29 00:00:00,96.0,1,2,0,False,[]
j1_2026_05030000_町田_京都,2027-05-03 00:00:00,町田,京都,0.0,0.0,7.1738,5.956,0.0,1.7065,0.0,4.0,341.3,hit,7.17,11.66,conditions_v2,partial,home_base_to_opponent_base_proxy,2027-04-29 00:00:00,96.0,1,2,0,False,[],2027-04-29 00:00:00,96.0,1,2,0,False,[]
j1_2026_05030000_岡山_川崎F,2027-05-03 00:00:00,岡山,川崎Ｆ,0.0,0.0,5.2662,3.8763,0.0,2.6445,0.0,4.0,528.9,hit,5.27,10.52,conditions_v2,partial,home_base_to_opponent_base_proxy,2027-04-29 00:00:00,96.0,1,2,0,False,[],2027-04-29 00:00:00,96.0,1,2,0,False,[]
j1_2026_05030000_名古屋_千葉,2027-05-03 00:00:00,名古屋,千葉,0.0,0.0,5.0604,6.7469,0.0,1.367,0.0,4.0,273.4,hit,5.06,12.11,conditions_v2,partial,home_base_to_opponent_base_proxy,2027-04-29 00:00:00,96.0,1,2,0,False,[],2027-04-29 00:00:00,96.0,1,2,0,False,[]
j1_2026_05030000_広島_浦和,2027-05-03 00:00:00,広島,浦和,0.0,0.0,6.3264,3.3945,0.0,3.383,0.0,4.0,676.6,hit,6.33,10.78,conditions_v2,partial,home_base_to_opponent_base_proxy,2027-04-29 00:00:00,96.0,1,2,0,False,[],2027-04-29 00:00:00,96.0,1,2,0,False,[]
j1_2026_05030000_G大阪_鹿島,2027-05-03 00:00:00,Ｇ大阪,鹿島,0.0,0.0,5.8335,4.4851,0.0,2.4075,0.0,4.0,481.5,hit,5.83,10.89,conditions_v2,partial,home_base_to_opponent_base_proxy,2027-04-29 00:00:00,96.0,1,2,0,False,[],2027-04-29 00:00:00,96.0,1,2,0,False,[]
j1_2026_05030000_FC東京_清水,2027-05-03 00:00:00,FC東京,清水,0.0,0.0,5.0547,3.206,0.0,0.643,0.0,4.0,128.6,hit,5.05,7.85,conditions_v2,partial,home_base_to_opponent_base_proxy,2027-04-29 00:00:00,96.0,1,2,0,False,[],2027-04-29 00:00:00,96.0,1,2,0,False,[]
j1_2026_05090000_鹿島_川崎F,2027-05-09 00:00:00,鹿島,川崎Ｆ,0.0,0.0,5.6058,5.5087,0.0,0.5125,0.0,4.0,102.5,hit,5.61,10.02,conditions_v2,partial,home_base_to_opponent_base_proxy,2027-05-03 00:00:00,144.0,1,2,0,False,[],2027-05-03 00:00:00,144.0,1,2,0,False,[]
j1_2026_05090000_福岡_京都,2027-05-09 00:00:00,福岡,京都,0.0,0.0,8.1693,6.6761,0.0,2.604,0.0,4.0,520.8,hit,8.17,13.28,conditions_v2,partial,home_base_to_opponent_base_proxy,2027-05-03 00:00:00,144.0,1,2,0,False,[],2027-05-03 00:00:00,144.0,1,2,0,False,[]
j1_2026_05090000_浦和_神戸,2027-05-09 00:00:00,浦和,神戸,0.0,0.0,5.0732,5.7084,0.0,2.132,0.0,4.0,426.4,hit,5.07,11.84,conditions_v2,partial,home_base_to_opponent_base_proxy,2027-05-03 00:00:00,144.0,1,2,0,False,[],2027-05-03 00:00:00,144.0,1,2,0,False,[]
j1_2026_05090000_水戸_岡山,2027-05-09 00:00:00,水戸,岡山,0.0,0.0,4.8272,4.4165,0.0,3.0805,0.0,4.0,616.1,hit,4.83,11.5,conditions_v2,partial,home_base_to_opponent_base_proxy,2027-05-03 00:00:00,144.0,1,2,0,False,[],2027-05-03 00:00:00,144.0,1,2,0,False,[]
j1_2026_05090000_横浜FM_G大阪,2027-05-09 00:00:00,横浜FM,Ｇ大阪,0.0,0.0,5.4896,4.9557,0.0,1.8925,0.0,4.0,378.5,hit,5.49,10.85,conditions_v2,partial,home_base_to_opponent_base_proxy,2027-05-03 00:00:00,144.0,1,2,0,False,[],2027-05-03 00:00:00,144.0,1,2,0,False,[]
j1_2026_05090000_柏_町田,2027-05-09 00:00:00,柏,町田,0.0,0.0,4.5681,5.845,0.0,0.2965,0.0,4.0,59.3,hit,4.57,10.14,conditions_v2,partial,home_base_to_opponent_base_proxy,2027-05-03 00:00:00,144.0,1,2,0,False,[],2027-05-03 00:00:00,144.0,1,2,0,False,[]
j1_2026_05090000_広島_長崎,2027-05-09 00:00:00,広島,長崎,0.0,0.0,5.3283,5.6457,0.0,1.5085,0.0,4.0,301.7,hit,5.33,11.15,conditions_v2,partial,home_base_to_opponent_base_proxy,2027-05-03 00:00:00,144.0,1,2,0,False,[],2027-05-03 00:00:00,144.0,1,2,0,False,[]
j1_2026_05090000_千葉_清水,2027-05-09 00:00:00,千葉,清水,0.0,0.0,7.2707,4.2673,0.0,0.8145,0.0,4.0,162.9,hit,7.27,9.08,conditions_v2,partial,home_base_to_opponent_base_proxy,2027-05-03 00:00:00,144.0,1,2,0,False,[],2027-05-03 00:00:00,144.0,1,2,0,False,[]
j1_2026_05090000_FC東京_東京V,2027-05-09 00:00:00,FC東京,東京Ｖ,0.0,0.0,3.9787,4.5738,0.0,0.0,0.0,4.0,0.0,hit,3.98,8.57,conditions_v2,partial,home_base_to_opponent_base_proxy,2027-05-03 00:00:00,144.0,1,2,0,False,[],2027-05-03 00:00:00,144.0,1,2,0,False,[]
j1_2026_05090000_C大阪_名古屋,2027-05-09 00:00:00,Ｃ大阪,名古屋,0.0,0.0,5.2048,4.0985,0.0,0.6965,0.0,4.0,139.3,hit,5.2,8.8,conditions_v2,partial,home_base_to_opponent_base_proxy,2027-05-03 00:00:00,144.0,1,2,0,False,[],2027-05-03 00:00:00,144.0,1,2,0,False,[]
j1_2026_05150000_神戸_東京V,2027-05-15 00:00:00,神戸,東京Ｖ,0.0,0.0,6.8179,5.2389,0.0,2.0455,0.0,4.0,409.1,hit,6.82,11.28,conditions_v2,partial,home_base_to_opponent_base_proxy,2027-05-09 00:00:00,144.0,1,2,0,False,[],2027-05-09 00:00:00,144.0,1,2,0,False,[]
j1_2026_05150000_長崎_鹿島,2027-05-15 00:00:00,長崎,鹿島,0.0,0.0,6.5269,4.7067,0.0,5.258,0.0,4.0,1051.6,hit,6.53,13.96,conditions_v2,partial,home_base_to_opponent_base_proxy,2027-05-09 00:00:00,144.0,1,2,0,False,[],2027-05-09 00:00:00,144.0,1,2,0,False,[]
j1_2026_05150000_清水_C大阪,2027-05-15 00:00:00,清水,Ｃ大阪,0.0,0.0,5.1294,4.2327,0.0,1.327,0.0,4.0,265.4,hit,5.13,9.56,conditions_v2,partial,home_base_to_opponent_base_proxy,2027-05-09 00:00:00,144.0,1,2,0,False,[],2027-05-09 00:00:00,144.0,1,2,0,False,[]
j1_2026_05150000_浦和_福岡,2027-05-15 00:00:00,浦和,福岡,0.0,0.0,4.3409,6.6468,0.0,4.439,0.0,4.0,887.8,hit,4.34,15.09,conditions_v2,partial,home_base_to_opponent_base_proxy,2027-05-09 00:00:00,144.0,1,2,0,False,[],2027-05-09 00:00:00,144.0,1,2,0,False,[]
j1_2026_05150000_町田_FC東京,2027-05-15 00:00:00,町田,FC東京,0.0,0.0,6.055,3.2561,0.0,0.078,0.0,4.0,15.6,hit,6.05,7.33,conditions_v2,partial,home_base_to_opponent_base_proxy,2027-05-09 00:00:00,144.0,1,2,0,False,[],2027-05-09 00:00:00,144.0,1,2,0,False,[]
j1_2026_05150000_岡山_千葉,2027-05-15 00:00:00,岡山,千葉,0.0,0.0,6.1061,5.7494,0.0,2.8645,0.0,4.0,572.9,hit,6.11,12.61,conditions_v2,partial,home_base_to_opponent_base_proxy,2027-05-09 00:00:00,144.0,1,2,0,False,[],2027-05-09 00:00:00,144.0,1,2,0,False,[]
j1_2026_05150000_名古屋_柏,2027-05-15 00:00:00,名古屋,柏,0.0,0.0,5.0086,3.8833,0.0,1.4455,0.0,4.0,289.1,hit,5.01,9.33,conditions_v2,partial,home_base_to_opponent_base_proxy,2027-05-09 00:00:00,144.0,1,2,0,False,[],2027-05-09 00:00:00,144.0,1,2,0,False,[]
j1_2026_05150000_京都_広島,2027-05-15 00:00:00,京都,広島,0.0,0.0,7.6739,4.3782,0.0,1.549,0.0,4.0,309.8,hit,7.67,9.93,conditions_v2,partial,home_base_to_opponent_base_proxy,2027-05-09 00:00:00,144.0,1,2,0,False,[],2027-05-09 00:00:00,144.0,1,2,0,False,[]
j1_2026_05150000_G大阪_水戸,2027-05-15 00:00:00,Ｇ大阪,水戸,0.0,0.0,5.9187,3.8044,0.0,2.365,0.0,4.0,473.0,hit,5.92,10.17,conditions_v2,partial,home_base_to_opponent_base_proxy,2027-05-09 00:00:00,144.0,1,2,0,False,[],2027-05-09 00:00:00,144.0,1,2,0,False,[]
j1_2026_05150000_川崎F_横浜FM,2027-05-15 00:00:00,川崎Ｆ,横浜FM,0.0,0.0,6.0742,4.6127,0.0,0.039,0.0,4.0,7.8,hit,6.07,8.65,conditions_v2,partial,home_base_to_opponent_base_proxy,2027-05-09 00:00:00,144.0,1,2,0,False,[],2027-05-09 00:00:00,144.0,1,2,0,False,[]
j1_2026_05220000_福岡_鹿島,2027-05-22 00:00:00,福岡,鹿島,0.0,0.0,8.4181,7.0981,0.0,4.887,0.0,4.0,977.4,hit,8.42,15.99,conditions_v2,partial,home_base_to_opponent_base_proxy,2027-05-15 00:00:00,168.0,1,2,0,False,[],2027-05-15 00:00:00,168.0,1,2,0,False,[]
j1_2026_05220000_浦和_京都,2027-05-22 00:00:00,浦和,京都,0.0,0.0,3.6117,6.5082,0.0,1.8355,0.0,4.0,367.1,hit,3.61,12.34,conditions_v2,partial,home_base_to_opponent_base_proxy,2027-05-15 00:00:00,168.0,1,2,0,False,[],2027-05-15 00:00:00,168.0,1,2,0,False,[]
j1_2026_05220000_横浜FM_清水,2027-05-22 00:00:00,横浜FM,清水,0.0,0.0,5.2955,4.3965,0.0,0.6285,0.0,4.0,125.7,hit,5.3,9.03,conditions_v2,partial,home_base_to_opponent_base_proxy,2027-05-15 00:00:00,168.0,1,2,0,False,[],2027-05-15 00:00:00,168.0,1,2,0,False,[]
j1_2026_05220000_東京V_長崎,2027-05-22 00:00:00,東京Ｖ,長崎,0.0,0.0,6.2106,5.1928,0.0,4.7245,0.0,4.0,944.9,hit,6.21,13.92,conditions_v2,partial,home_base_to_opponent_base_proxy,2027-05-15 00:00:00,168.0,1,2,0,False,[],2027-05-15 00:00:00,168.0,1,2,0,False,[]
j1_2026_05220000_水戸_名古屋,2027-05-22 00:00:00,水戸,名古屋,0.0,0.0,5.0964,4.0181,0.0,1.6225,0.0,4.0,324.5,hit,5.1,9.64,conditions_v2,partial,home_base_to_opponent_base_proxy,2027-05-15 00:00:00,168.0,1,2,0,False,[],2027-05-15 00:00:00,168.0,1,2,0,False,[]
j1_2026_05220000_川崎F_C大阪,2027-05-22 00:00:00,川崎Ｆ,Ｃ大阪,0.0,0.0,5.1823,5.3619,0.0,1.946,0.0,4.0,389.2,hit,5.18,11.31,conditions_v2,partial,home_base_to_opponent_base_proxy,2027-05-15 00:00:00,168.0,1,2,0,False,[],2027-05-15 00:00:00,168.0,1,2,0,False,[]
j1_2026_05220000_岡山_町田,2027-05-22 00:00:00,岡山,町田,0.0,0.0,4.9632,4.8649,0.0,2.559,0.0,4.0,511.8,hit,4.96,11.42,conditions_v2,partial,home_base_to_opponent_base_proxy,2027-05-15 00:00:00,168.0,1,2,0,False,[],2027-05-15 00:00:00,168.0,1,2,0,False,[]
j1_2026_05220000_千葉_神戸,2027-05-22 00:00:00,千葉,神戸,0.0,0.0,7.0804,5.4645,0.0,2.31,0.0,4.0,462.0,hit,7.08,11.77,conditions_v2,partial,home_base_to_opponent_base_proxy,2027-05-15 00:00:00,168.0,1,2,0,False,[],2027-05-15 00:00:00,168.0,1,2,0,False,[]
j1_2026_05220000_FC東京_G大阪,2027-05-22 00:00:00,FC東京,Ｇ大阪,0.0,0.0,3.8681,4.8245,0.0,1.875,0.0,4.0,375.0,hit,3.87,10.7,conditions_v2,partial,home_base_to_opponent_base_proxy,2027-05-15 00:00:00,168.0,1,2,0,False,[],2027-05-15 00:00:00,168.0,1,2,0,False,[]
j1_2026_05220000_広島_柏,2027-05-22 00:00:00,広島,柏,0.0,0.0,5.1728,5.1209,0.0,3.5215,0.0,4.0,704.3,hit,5.17,12.64,conditions_v2,partial,home_base_to_opponent_base_proxy,2027-05-15 00:00:00,168.0,1,2,0,False,[],2027-05-15 00:00:00,168.0,1,2,0,False,[]
j1_2026_05290000_長崎_町田,2027-05-29 00:00:00,長崎,町田,0.0,0.0,7.2919,6.2235,0.0,4.675,0.0,4.0,935.0,hit,7.29,14.9,conditions_v2,partial,home_base_to_opponent_base_proxy,2027-05-22 00:00:00,168.0,1,2,0,False,[],2027-05-22 00:00:00,168.0,1,2,0,False,[]
j1_2026_05290000_C大阪_浦和,2027-05-29 00:00:00,Ｃ大阪,浦和,0.0,0.0,6.3902,2.6396,0.0,2.0035,0.0,4.0,400.7,hit,6.39,8.64,conditions_v2,partial,home_base_to_opponent_base_proxy,2027-05-22 00:00:00,168.0,1,2,0,False,[],2027-05-22 00:00:00,168.0,1,2,0,False,[]
j1_2026_05290000_FC東京_神戸,2027-05-29 00:00:00,FC東京,神戸,0.0,0.0,3.2185,6.6687,0.0,2.0455,0.0,4.0,409.1,hit,3.22,12.71,conditions_v2,partial,home_base_to_opponent_base_proxy,2027-05-22 00:00:00,168.0,1,2,0,False,[],2027-05-22 00:00:00,168.0,1,2,0,False,[]
j1_2026_05290000_G大阪_清水,2027-05-29 00:00:00,Ｇ大阪,清水,0.0,0.0,6.0134,5.0928,0.0,1.3035,0.0,4.0,260.7,hit,6.01,10.4,conditions_v2,partial,home_base_to_opponent_base_proxy,2027-05-22 00:00:00,168.0,1,2,0,False,[],2027-05-22 00:00:00,168.0,1,2,0,False,[]
j1_2026_05290000_京都_名古屋,2027-05-29 00:00:00,京都,名古屋,0.0,0.0,7.1831,5.2554,0.0,0.5315,0.0,4.0,106.3,hit,7.18,9.79,conditions_v2,partial,home_base_to_opponent_base_proxy,2027-05-22 00:00:00,168.0,1,2,0,False,[],2027-05-22 00:00:00,168.0,1,2,0,False,[]
j1_2026_05290000_広島_水戸,2027-05-29 00:00:00,広島,水戸,0.0,0.0,4.3288,4.3003,0.0,3.7635,0.0,4.0,752.7,hit,4.33,12.06,conditions_v2,partial,home_base_to_opponent_base_proxy,2027-05-22 00:00:00,168.0,1,2,0,False,[],2027-05-22 00:00:00,168.0,1,2,0,False,[]
j1_2026_05290000_東京V_岡山,2027-05-29 00:00:00,東京Ｖ,岡山,0.0,0.0,5.288,4.108,0.0,2.6075,0.0,4.0,521.5,hit,5.29,10.72,conditions_v2,partial,home_base_to_opponent_base_proxy,2027-05-22 00:00:00,168.0,1,2,0,False,[],2027-05-22 00:00:00,168.0,1,2,0,False,[]
j1_2026_05290000_柏_鹿島,2027-05-29 00:00:00,柏,鹿島,0.0,0.0,6.7474,8.9483,0.0,0.3105,0.0,4.0,62.1,hit,6.75,13.26,conditions_v2,partial,home_base_to_opponent_base_proxy,2027-05-22 00:00:00,168.0,1,2,0,False,[],2027-05-22 00:00:00,168.0,1,2,0,False,[]
j1_2026_05290000_横浜FM_千葉,2027-05-29 00:00:00,横浜FM,千葉,0.0,0.0,4.1327,5.728,0.0,0.2365,0.0,4.0,47.3,hit,4.13,9.96,conditions_v2,partial,home_base_to_opponent_base_proxy,2027-05-22 00:00:00,168.0,1,2,0,False,[],2027-05-22 00:00:00,168.0,1,2,0,False,[]
j1_2026_05290000_福岡_川崎F,2027-05-29 00:00:00,福岡,川崎Ｆ,0.0,0.0,6.7804,4.0307,0.0,4.391,0.0,4.0,878.2,hit,6.78,12.42,conditions_v2,partial,home_base_to_opponent_base_proxy,2027-05-22 00:00:00,168.0,1,2,0,False,[],2027-05-22 00:00:00,168.0,1,2,0,False,[]
j1_2026_06060000_清水_長崎,2027-06-06 00:00:00,清水,長崎,0.0,0.0,5.9567,5.9883,0.0,4.164,0.0,4.0,832.8,hit,5.96,14.15,conditions_v2,partial,home_base_to_opponent_base_proxy,2027-05-29 00:00:00,192.0,0,1,0,False,[],2027-05-29 00:00:00,192.0,0,1,0,False,[]
j1_2026_06060000_浦和_G大阪,2027-06-06 00:00:00,浦和,Ｇ大阪,0.0,0.0,4.1815,4.8365,0.0,1.961,0.0,4.0,392.2,hit,4.18,10.8,conditions_v2,partial,home_base_to_opponent_base_proxy,2027-05-29 00:00:00,192.0,0,1,0,False,[],2027-05-29 00:00:00,192.0,0,1,0,False,[]
j1_2026_06060000_町田_C大阪,2027-06-06 00:00:00,町田,Ｃ大阪,0.0,0.0,8.1048,5.4541,0.0,1.8605,0.0,4.0,372.1,hit,8.1,11.31,conditions_v2,partial,home_base_to_opponent_base_proxy,2027-05-29 00:00:00,192.0,0,1,0,False,[],2027-05-29 00:00:00,192.0,0,1,0,False,[]
j1_2026_06060000_水戸_横浜FM,2027-06-06 00:00:00,水戸,横浜FM,0.0,0.0,6.2586,3.3707,0.0,0.5895,0.0,4.0,117.9,hit,6.26,7.96,conditions_v2,partial,home_base_to_opponent_base_proxy,2027-05-29 00:00:00,192.0,0,1,0,False,[],2027-05-29 00:00:00,192.0,0,1,0,False,[]
j1_2026_06060000_神戸_京都,2027-06-06 00:00:00,神戸,京都,0.0,0.0,7.4867,5.7502,0.0,0.3125,0.0,4.0,62.5,hit,7.49,10.06,conditions_v2,partial,home_base_to_opponent_base_proxy,2027-05-29 00:00:00,192.0,0,1,0,False,[],2027-05-29 00:00:00,192.0,0,1,0,False,[]
j1_2026_06060000_岡山_福岡,2027-06-06 00:00:00,岡山,福岡,0.0,0.0,5.3537,5.5654,0.0,1.753,0.0,4.0,350.6,hit,5.35,11.32,conditions_v2,partial,home_base_to_opponent_base_proxy,2027-05-29 00:00:00,192.0,0,1,0,False,[],2027-05-29 00:00:00,192.0,0,1,0,False,[]
j1_2026_06060000_名古屋_東京V,2027-06-06 00:00:00,名古屋,東京Ｖ,0.0,0.0,5.8544,4.2213,0.0,1.2245,0.0,4.0,244.9,hit,5.85,9.45,conditions_v2,partial,home_base_to_opponent_base_proxy,2027-05-29 00:00:00,192.0,0,1,0,False,[],2027-05-29 00:00:00,192.0,0,1,0,False,[]
j1_2026_06060000_千葉_柏,2027-06-06 00:00:00,千葉,柏,0.0,0.0,6.165,5.823,0.0,0.165,0.0,4.0,33.0,hit,6.17,9.99,conditions_v2,partial,home_base_to_opponent_base_proxy,2027-05-29 00:00:00,192.0,0,1,0,False,[],2027-05-29 00:00:00,192.0,0,1,0,False,[]
j1_2026_06060000_川崎F_広島,2027-06-06 00:00:00,川崎Ｆ,広島,0.0,0.0,5.9915,3.5424,0.0,3.3405,0.0,4.0,668.1,hit,5.99,10.88,conditions_v2,partial,home_base_to_opponent_base_proxy,2027-05-29 00:00:00,192.0,0,1,0,False,[],2027-05-29 00:00:00,192.0,0,1,0,False,[]
j1_2026_06060000_鹿島_FC東京,2027-06-06 00:00:00,鹿島,FC東京,0.0,0.0,9.2341,2.6335,0.0,0.5355,0.0,4.0,107.1,hit,9.23,7.17,conditions_v2,partial,home_base_to_opponent_base_proxy,2027-05-29 00:00:00,192.0,0,1,0,False,[],2027-05-29 00:00:00,192.0,0,1,0,False,[]
