metric_key,metric_label,mean_correct,mean_wrong,mean_abs_correct,mean_abs_wrong
flab_expected_for_xg_diff,攻撃xG差,-0.18525000000000003,0.015166666666666698,0.4322499999999999,0.2645
flab_expected_against_xg_diff,被xG差,-0.12975000000000003,0.09733333333333329,0.41975000000000007,0.34366666666666673
flab_chance_build_rate_diff,チャンス構築率差,-1.9199999999999995,-0.1799999999999994,2.5900000000000003,2.023333333333334
flab_chance_allowed_build_rate_diff,被チャンス構築率差,-2.1325,1.7816666666666665,2.3375,2.9616666666666673
flab_chance_shot_conversion_diff,シュート成功率差,3.4274999999999998,-2.02,5.7225,2.023333333333333
flab_chance_allowed_shot_conversion_diff,被シュート成功率差,-1.3074999999999997,-1.3399999999999999,3.4675,3.4933333333333336
flab_possession_rate_diff,保持率差,0.8748000000000005,-1.7401833333333319,3.8125999999999998,5.164016666666666
flab_possession_attack_cbp_diff,攻撃CBP差,-1.375,0.2833333333333335,2.4750000000000005,3.0499999999999994
