metric_key,metric_label,mean_correct,mean_wrong,mean_abs_correct,mean_abs_wrong
flab_expected_for_xg_diff,攻撃xG差,0.04466666666666669,-0.07150000000000001,0.39899999999999997,0.07850000000000001
flab_expected_against_xg_diff,被xG差,0.11033333333333332,-0.3407500000000001,0.24433333333333337,0.3622500000000002
flab_chance_build_rate_diff,チャンス構築率差,0.7983333333333338,-0.6324999999999994,2.5583333333333336,0.9424999999999999
flab_chance_allowed_build_rate_diff,被チャンス構築率差,1.5216666666666665,-0.9275000000000002,2.655,2.3925
flab_chance_shot_conversion_diff,シュート成功率差,-1.1916666666666662,0.575,1.9149999999999998,1.5450000000000002
flab_chance_allowed_shot_conversion_diff,被シュート成功率差,-3.9083333333333328,-0.6500000000000001,6.591666666666666,2.8200000000000003
flab_possession_rate_diff,保持率差,0.23886666666666775,-2.5015750000000008,6.652933333333333,3.812125
flab_possession_attack_cbp_diff,攻撃CBP差,-0.4500000000000002,-0.7249999999999996,3.9166666666666665,1.8250000000000002
