metric,value
alpha,0.45
accuracy,0.4868421052631579
log_loss_3class,1.0667720150246258
brier_score_3class,0.6442535042006994
