metric,value
alpha,0.3
d_th,0.27
ha_gap_th,0.05
accuracy,0.5
pred_H,0.49473684210526314
pred_D,0.17894736842105263
pred_A,0.3263157894736842
