{
  "league": "J1",
  "season_year": 2026,
  "temperature_train": 1.89,
  "temperature_final": 2.0,
  "rows_total": 159,
  "rows_train": 127,
  "rows_val": 32,
  "validation_sample_warning": 0,
  "validation_ok": 1,
  "deployed_temperature": 2.0,
  "logloss_before": 1.1019382044874706,
  "logloss_after": 1.0962379784956773,
  "brier_before": 0.6702775804685173,
  "brier_after": 0.6655933504554618,
  "ece_before": 0.05367087678839437,
  "ece_after": 0.028944666615107657,
  "overall_logloss_before": 1.0986253377836346,
  "overall_logloss_after": 1.0947725790954366,
  "overall_brier_before": 0.6679124532028786,
  "overall_brier_after": 0.6644217754290296,
  "overall_ece_before": 0.08751598804383987,
  "overall_ece_after": 0.04463630747171129
}