{
  "league": "J1",
  "season_year": 2025,
  "temperature_train": 0.61,
  "temperature_final": 0.63,
  "rows_total": 380,
  "rows_train": 304,
  "rows_val": 76,
  "validation_sample_warning": 0,
  "validation_ok": 1,
  "deployed_temperature": 0.63,
  "logloss_before": 1.0049261987690892,
  "logloss_after": 1.004472362806785,
  "brier_before": 0.5967204356025008,
  "brier_after": 0.5834527683783916,
  "ece_before": 0.12789178975828383,
  "ece_after": 0.11631340752178246,
  "overall_logloss_before": 1.00346261905508,
  "overall_logloss_after": 0.9902933513432934,
  "overall_brier_before": 0.5989462140189029,
  "overall_brier_after": 0.5872623238232475,
  "overall_ece_before": 0.08063817607461324,
  "overall_ece_after": 0.054009697387321094
}