{
  "league": "J2",
  "season_year": 2026,
  "temperature_train": 2.5,
  "temperature_final": 2.5,
  "rows_total": 74,
  "rows_train": 60,
  "rows_val": 14,
  "validation_sample_warning": 0,
  "validation_ok": 1,
  "deployed_temperature": 2.5,
  "logloss_before": 1.1688955763271731,
  "logloss_after": 1.1237937249129273,
  "brier_before": 0.7083286593430661,
  "brier_after": 0.682697529679685,
  "ece_before": 0.02560958090667384,
  "ece_after": 0.004209037558666084,
  "overall_logloss_before": 1.1404600074089806,
  "overall_logloss_after": 1.1120667371638446,
  "overall_brier_before": 0.690545536187199,
  "overall_brier_after": 0.6750671021140418,
  "overall_ece_before": 0.06307052812007968,
  "overall_ece_after": 0.061828539613120716
}